2,4,1,7,1781,1782,3,10
4,3,1782,0,9,1781,1840,2
0,7,4,10,1781,1,11,1782
1,9,1782,4,1840,16,1781,0
1,0,1782,1781,3,2,7,9
6,11,1686,8,10,1685,19,7
5,8,1686,11,19,21,10,17
10,2,0,1685,11,1781,1745,4
6,19,1686,21,5,17,11,1659
16,3,1840,1782,1,20,1860,4
7,11,1685,2,5,1686,1745,6
5,10,1686,1685,6,7,8,2018
14,15,1710,1563,13,17,1537,18
18,15,1537,12,22,1563,1538,1710
1710,12,17,15,1563,21,1660,19
12,13,1537,1563,18,1710,14,22
9,20,1860,1840,3,23,1782,1805
14,21,1710,19,12,8,1660,1563
13,22,1537,15,26,1563,1538,27
21,8,1686,17,1659,6,2018,5
16,23,1860,9,29,1840,1757,1805
19,17,1659,8,14,1710,1660,1686
26,18,1537,27,1538,13,15,24
29,20,1860,1757,40,16,1760,1805
27,25,1367,1447,26,28,22,33
28,24,1367,27,33,1447,1369,41
22,27,24,18,1538,1447,1537,1448
24,26,1447,22,25,1367,1448,18
25,33,1367,24,41,1369,1447,42
40,23,1760,1757,58,20,1860,63
39,31,779,55,32,819,60,37
32,30,779,39,819,37,55,731
37,31,48,30,819,731,779,56
41,28,1367,1368,42,25,1369,24
43,35,36,42,1200,1063,1296,45
34,36,1063,1200,45,43,46,42
1063,45,35,46,1200,34,47,43
48,32,731,56,31,819,57,30
49,52,61,57,691,56,64,48
30,55,779,31,60,819,818,54
29,58,1760,23,63,1757,1758,20
33,42,1368,28,43,1296,1367,1369
41,43,1296,1368,34,33,28,35
34,42,1296,35,41,1200,1368,36
47,50,46,53,1201,1071,45,59
1063,36,46,1200,35,47,1201,34
45,47,1063,1201,36,44,1200,35
44,46,1201,50,45,1063,36,53
56,37,731,57,32,52,696,691
38,52,61,57,64,691,56,66
53,44,47,1071,59,1201,51,46
54,59,861,62,53,60,50,55
61,49,57,38,691,56,64,48
59,50,1071,51,44,861,54,47
51,62,60,59,861,55,818,53
60,39,779,818,62,30,870,54
48,57,691,52,696,731,37,61
52,56,691,61,49,48,38,64
40,63,1760,1758,29,65,1757,23
53,51,861,54,1071,50,62,60
62,818,55,54,39,870,869,779
52,49,64,57,691,38,56,66
60,54,818,861,51,55,869,59
65,58,1758,67,40,1760,1759,29
66,61,691,680,52,57,49,69
67,63,1758,68,58,1759,1775,70
64,69,680,691,71,61,696,681
68,65,1775,63,70,1759,1758,1731
67,70,1775,65,73,1731,1759,75
71,66,680,681,72,64,691,730
68,73,1775,67,75,1731,76,65
69,72,681,66,74,680,763,730
71,74,681,69,763,943,78,80
75,70,76,68,1731,1775,1730,77
72,78,943,763,71,80,681,944
76,73,77,1730,70,1731,79,1775
77,75,1730,79,73,1731,81,1732
76,79,1730,75,1732,81,1731,73
943,80,74,83,944,763,72,88
81,77,1732,1730,76,82,75,1683
78,83,943,944,88,74,763,813
82,79,1732,84,77,1683,1730,76
84,81,1732,1683,79,85,77,86
88,80,944,78,91,943,813,739
82,85,1683,81,86,1732,1601,79
86,84,1683,87,82,1601,1600,1732
87,85,1600,89,84,1601,1683,90
86,89,1600,85,90,1593,1601,92
83,91,944,80,739,93,813,78
87,90,1593,1600,92,86,94,1475
92,89,1593,94,87,1475,1600,96
93,88,739,83,95,689,944,80
90,94,1475,89,96,1593,1415,87
91,95,689,739,98,88,102,83
96,92,1415,90,1475,97,1414,101
98,93,689,102,91,739,103,737
94,97,1415,1414,101,92,100,90
101,96,1414,100,94,1473,1415,1591
95,102,689,103,93,737,108,106
100,104,1622,1591,101,105,97,109
101,99,1591,97,104,1622,1473,96
100,97,1591,99,96,1473,1414,94
103,98,689,95,106,107,108,737
102,106,107,108,98,724,737,689
105,99,1622,100,109,1591,111,113
104,109,1622,111,99,113,1591,100
107,103,725,108,724,102,720,690
106,108,725,103,690,110,102,695
107,110,690,106,103,112,725,102
111,105,1622,104,113,99,114,1591
108,112,690,107,685,115,103,106
109,113,1622,105,114,104,1591,116
110,115,685,690,108,117,107,695
111,114,1622,116,109,1471,1591,105
116,113,1471,1503,118,111,1622,120
112,117,685,110,119,690,686,108
114,118,1503,113,120,1471,111,127
115,119,685,686,112,121,122,690
116,120,1503,114,127,113,128,131
121,117,122,686,699,115,685,123
127,118,1503,116,133,114,131,1472
122,119,699,682,123,117,686,130
121,123,119,682,130,699,117,132
122,130,682,121,132,683,119,135
129,125,1698,126,134,1623,1664,128
126,124,1698,129,128,1623,1699,134
125,128,1699,124,131,1623,1698,129
133,120,1502,137,118,1503,1472,131
126,131,1699,125,136,1623,1841,124
124,134,1698,125,138,1664,126,1623
132,123,683,682,122,135,140,121
128,136,1699,126,139,1841,1623,133
130,135,683,140,123,682,706,143
137,127,1502,1560,141,120,139,136
129,138,1698,1664,124,142,125,1623
132,140,683,130,143,706,146,123
139,131,1841,1699,141,128,137,133
133,141,1560,139,1502,127,136,1390
134,142,1664,1698,129,144,1665,124
141,136,1841,137,131,1544,133,1699
143,135,706,683,146,132,147,130
139,137,1560,136,133,1729,1544,1390
144,138,1664,134,152,1665,1698,154
146,140,706,147,704,135,683,705
142,152,1664,1665,161,165,162,138
150,151,688,149,155,832,709,148
147,143,705,704,148,140,706,149
146,148,705,143,149,704,709,140
147,149,705,146,709,150,143,145
150,148,709,145,147,688,705,151
145,149,688,151,148,709,155,147
145,155,688,150,163,832,149,169
162,144,1624,165,167,1665,161,142
158,159,1784,156,168,1791,160,170
157,161,164,166,160,165,144,1652
163,151,832,688,145,169,744,150
160,159,1791,166,157,153,164,1784
164,154,160,166,161,156,1652,1791
153,168,159,1784,170,156,1791,1783
156,153,1791,1784,158,160,166,168
166,156,157,164,1791,154,159,1652
165,154,164,157,1631,152,144,167
167,152,1624,165,1592,1546,144,1665
155,169,832,151,171,744,688,173
166,157,154,160,1652,161,1631,1791
167,161,162,152,1631,154,1592,144
164,160,157,1652,1791,156,154,1851
162,165,1592,152,161,1631,1624,144
158,170,1784,153,172,1783,159,174
163,171,832,744,155,173,175,151
172,168,1783,1784,174,158,1728,176
173,169,744,175,163,832,177,736
174,170,1783,1728,176,168,1784,1727
171,175,744,177,736,169,179,832
172,176,170,1728,1783,181,168,1809
173,177,736,179,745,744,171,178
181,174,1728,172,183,1809,1783,170
179,175,745,178,173,754,736,735
180,179,754,182,177,766,184,745
177,178,754,745,180,175,173,766
178,182,754,179,184,766,186,177
183,176,1809,1728,185,174,1705,172
184,180,766,754,186,178,187,179
181,185,1809,1705,176,188,1728,1795
182,766,186,187,180,754,755,178
188,183,1705,1795,181,191,1809,194
184,187,766,767,182,189,755,754
189,186,184,767,190,766,182,840
185,191,1795,194,183,1705,1788,181
187,190,186,840,193,767,184,766
189,193,840,187,198,839,199,767
194,188,1795,1788,185,203,1704,1705
195,197,768,196,202,815,204,205
190,198,839,199,840,189,200,1017
191,203,1788,188,211,1795,1787,185
196,192,768,197,204,815,202,201
195,204,768,201,192,876,197,815
192,202,195,768,815,205,196,814
199,193,839,1017,200,190,208,840
200,198,1017,193,208,839,209,190
199,208,1017,198,209,892,193,207
204,207,196,876,209,930,768,195
205,197,815,814,206,192,768,195
194,211,1788,1787,191,213,215,188
201,196,876,768,207,195,815,930
202,206,210,814,212,197,815,214
205,210,212,202,814,214,197,815
201,209,204,930,208,876,196,892
209,200,892,1017,199,207,198,845
207,208,892,200,930,201,199,204
212,206,205,214,814,202,216,218
213,203,1787,215,194,1825,1788,217
210,214,206,814,205,216,218,202
215,211,1825,1787,217,203,1826,1885
216,212,814,218,210,939,219,205
213,217,1825,211,223,1885,1787,203
218,214,939,814,219,1044,212,222
215,223,1825,213,227,1885,211,1922
216,219,214,939,1044,222,600,212
222,218,985,220,216,605,1044,611
221,222,882,224,219,985,218,225
220,224,882,222,225,226,219,908
220,219,882,985,221,218,224,616
227,217,1922,230,215,1885,1825,232
225,221,882,226,220,222,908,228
224,226,228,221,884,882,908,220
225,228,224,229,884,221,231,882
230,223,1922,232,217,236,1885,235
229,226,884,225,231,906,224,234
228,231,906,226,234,884,225,238
227,232,1922,236,223,235,217,1885
234,229,906,238,228,242,240,244
236,230,1922,235,227,233,223,1820
235,237,1820,236,239,1922,232,241
238,231,240,242,906,229,244,243
233,236,1922,232,237,1820,230,239
235,232,1922,233,230,237,227,1820
233,239,235,1820,241,1736,1767,236
234,240,242,231,244,906,229,243
237,241,1736,233,245,1767,1820,235
242,238,234,244,231,906,243,229
239,245,1736,237,248,1738,1767,233
244,240,243,906,234,238,231,246
244,246,906,242,247,231,240,907
242,243,906,240,246,234,231,238
241,248,1736,239,1713,255,1737,1738
243,247,907,244,906,249,242,884
246,249,907,252,243,1096,909,257
245,255,1737,261,241,1713,258,1888
252,247,1096,907,257,246,259,909
251,253,1894,254,260,1965,256,1859
254,250,1894,256,253,1859,1965,258
249,257,1096,247,259,907,246,262
250,260,1894,1965,251,264,254,266
251,256,1859,1894,250,258,253,1886
261,248,1737,258,1888,245,256,1739
258,254,1859,251,261,1886,1894,255
259,252,1096,249,262,247,263,267
261,256,255,1859,1886,254,248,1888
262,257,1096,263,252,265,249,1034
253,264,1965,250,1894,266,1966,251
258,255,1888,256,1886,1798,248,1737
259,263,265,257,1194,267,1157,1096
262,265,1194,267,259,1157,1406,1405
266,260,1965,1966,253,268,1894,1964
267,263,1194,1404,262,1406,269,259
268,264,1966,1965,270,2008,260,272
265,269,1404,263,271,262,1194,1406
270,266,2008,1966,272,264,2103,274
267,271,1404,265,273,263,275,1406
268,272,2008,2103,266,274,1966,276
273,269,1404,275,267,1512,1548,265
274,270,2103,2008,276,268,1981,278
275,271,1512,1404,1548,269,277,1517
276,272,2103,278,270,2008,1981,2007
273,1512,277,271,1517,279,1548,1404
274,278,2103,1981,272,2007,280,2008
279,275,1512,1517,281,273,283,271
276,280,2007,274,282,2103,1981,272
277,281,1517,1512,275,283,1547,273
282,278,2007,284,276,2009,286,1981
279,283,1547,1517,277,285,1549,1512
280,284,2007,2009,278,286,1943,276
281,285,1549,1547,279,287,1517,277
282,286,280,1943,289,2009,2007,278
287,283,1549,1604,288,281,1547,1655
289,284,1943,294,282,1945,280,297
1604,288,285,1549,1655,292,283,291
1604,292,287,1655,291,285,1549,1671
286,294,297,1945,1943,284,298,282
293,291,1671,295,292,1485,1700,1655
290,292,1671,293,288,1604,1655,1485
288,291,1604,1655,1671,287,290,293
290,295,1700,291,296,1485,1671,292
297,289,1945,298,286,1943,301,284
293,296,1700,290,299,1485,1690,291
295,299,1700,293,300,1690,290,302
298,294,1945,301,289,1946,303,286
297,301,1946,1945,294,303,2072,289
296,300,1690,295,302,1700,1689,293
299,302,1689,1690,296,304,1519,295
298,303,2072,1946,297,305,1945,2073
304,300,1689,299,306,1748,1690,1688
305,301,2072,307,298,2073,1946,297
306,302,1748,1689,308,300,1688,299
307,303,2072,309,301,2073,2133,314
308,304,1748,312,302,1688,1747,1689
305,309,303,2133,314,2072,2073,2104
306,312,1748,1747,304,320,1774,1688
307,314,2133,316,305,315,2104,303
313,311,2140,315,317,2145,318,2133
315,310,2140,2133,313,316,2104,314
308,320,1774,1747,306,323,1748,1908
310,317,2145,2140,318,311,319,315
316,309,2133,315,307,311,2104,305
316,311,2133,314,310,309,2104,313
315,314,2133,311,309,310,307,2104
318,313,2145,319,310,321,2140,311
317,319,2145,321,313,2155,322,310
318,321,317,2155,2145,322,313,324
323,312,1774,1908,308,325,1842,1915
322,319,318,324,2155,317,2145,326
324,321,319,326,2035,2155,318,2096
325,320,1908,1948,327,1774,312,1915
322,326,2096,2035,321,328,319,2095
323,327,1948,1908,331,320,1953,1915
324,328,2096,322,333,2035,2095,339
325,331,1948,323,340,1953,1908,1947
326,333,2096,339,324,2113,347,322
330,332,2267,334,338,2266,2242,346
334,329,2267,2266,332,346,2242,338
327,340,1953,352,1948,325,1947,354
329,338,2267,330,337,2297,334,2244
339,328,2114,347,326,2136,2113,2096
2266,330,346,329,2267,2242,348,347
336,343,2340,337,345,2297,2298,342
337,335,2297,2340,338,343,332,345
336,338,2297,335,332,2340,343,2267
337,332,2297,2267,336,329,2244,330
333,347,2114,328,348,2136,346,326
331,352,1947,354,327,1953,1948,325
349,350,353,351,2240,344,355,2239
345,344,2298,343,351,2320,335,350
345,335,2340,2298,342,336,337,344
342,351,345,350,2320,2298,2240,341
343,342,2298,344,335,2340,2320,351
2266,348,334,2242,347,2205,330,2267
348,339,2114,346,333,2266,2205,328
346,347,2266,2205,334,339,2242,2114
341,353,350,355,2240,351,356,2239
351,341,2240,353,349,344,2320,2239
350,344,2240,2320,341,342,353,349
354,340,1947,331,357,1953,327,1991
349,355,350,341,2240,356,2239,351
352,357,1947,340,359,1991,1990,331
356,353,349,2250,358,360,2239,2240
358,355,360,2250,361,353,349,363
359,354,1990,362,352,1991,1947,364
360,356,361,355,2250,363,365,353
362,357,1990,364,354,1991,366,352
361,358,363,356,2250,365,2251,355
360,363,2250,2251,358,356,365,2239
359,364,1990,357,366,1997,1998,1991
361,365,2251,360,2250,367,2261,358
362,366,1990,1998,359,368,1997,357
363,367,2261,2251,361,369,360,2260
368,364,1998,370,362,2048,1990,372
369,2261,365,371,363,2260,2500,2351
366,370,2048,1998,372,364,373,2107
371,367,2261,2500,374,365,2351,376
372,368,2048,373,366,2107,1998,375
369,374,2500,376,367,2261,2351,378
370,373,2107,368,375,2048,2177,366
375,372,2177,2107,370,377,2148,368
376,371,2500,378,369,2416,2351,380
2177,373,377,2148,372,379,2107,2146
378,374,2500,2416,380,371,369,383
379,375,2177,2146,381,373,2148,2238
376,380,2416,374,383,2500,2507,2418
381,377,2146,2238,382,375,2177,385
383,378,2507,2416,376,384,2418,374
382,379,2238,2146,385,377,2135,2147
381,385,2238,2135,379,387,2146,2147
384,380,2507,386,378,2418,2440,2416
383,386,2507,2440,380,388,2418,2487
382,387,2135,2238,381,389,379,2147
384,388,2440,383,390,2487,2507,392
389,385,2135,391,382,2238,2154,381
390,386,2487,392,384,2440,393,383
387,391,2135,2154,394,385,2174,2238
392,388,2487,393,386,2502,395,384
394,389,2174,387,396,2154,2135,398
390,393,2487,395,388,2502,397,386
392,395,2502,390,397,2487,2504,388
391,396,2174,398,389,2154,2334,401
393,397,2502,2504,392,399,390,2488
398,394,401,391,2174,2334,407,2289
395,399,2504,393,400,2488,2502,392
396,401,407,394,2334,2289,2174,410
400,397,2488,2504,402,395,411,404
402,399,2488,411,404,397,415,2504
407,398,2289,410,2334,396,408,2174
404,400,411,415,2488,409,399,417
405,406,2288,414,2311,408,420,2289
402,409,415,411,417,400,412,2511
403,414,2311,406,2309,420,2288,408
408,403,2288,405,410,2289,414,2334
410,401,2289,408,398,2334,406,2288
406,410,2289,2288,407,403,2334,401
412,404,415,2489,411,2511,417,402
408,407,2289,406,401,2334,2288,403
415,404,402,417,421,409,400,427
409,413,2489,416,404,2511,422,415
416,412,2489,422,418,409,2474,2496
405,420,2309,403,426,2311,406,2310
411,417,404,421,409,402,427,412
413,418,422,2496,419,2489,2474,412
421,415,411,427,404,409,402,412
422,416,419,2496,413,423,2430,2474
418,423,2496,422,416,431,2430,2423
414,426,2310,2309,405,438,403,447
417,427,415,411,409,404,402,412
418,416,413,419,2496,412,2489,423
431,419,418,439,2423,2496,422,2425
425,429,2438,2455,428,437,2434,443
428,424,2438,429,443,2455,2386,437
438,420,2310,447,414,2309,437,2434
421,417,415,411,409,404,412,402
425,443,2438,2386,442,424,429,2421
437,424,2434,425,447,2455,2310,2438
433,432,451,2377,441,2390,2445,2378
439,423,444,419,2425,2423,440,418
441,430,433,2377,448,2378,451,450
430,451,2445,432,456,2390,2377,441
446,435,2382,2384,453,436,2457,454
434,436,2384,446,442,2382,2386,453
442,435,2384,2386,443,434,428,446
429,447,2434,438,2310,424,426,425
447,426,2310,437,420,2434,429,2309
431,444,2425,440,423,2423,445,419
444,445,2425,439,449,2426,431,455
432,448,2378,430,450,2377,2376,433
436,443,2386,428,435,2384,425,434
442,428,2386,425,436,2438,424,435
440,439,2425,445,431,449,423,2426
440,449,2426,444,455,2425,2472,439
434,453,2382,454,435,2457,2384,457
438,437,2310,429,426,2434,424,420
441,450,2376,2378,452,432,458,430
445,455,440,2472,459,2426,2490,444
452,448,2376,458,441,2378,2391,460
456,433,2445,430,457,432,454,2390
450,458,2376,2391,448,460,2459,2354
454,446,457,434,2457,2445,2382,456
453,457,2445,456,446,2457,451,434
449,459,2490,2472,445,461,2510,440
457,451,2445,454,433,430,453,2457
456,454,2445,453,451,2457,433,446
460,452,450,2459,2391,466,2376,448
455,461,2490,2510,449,467,2472,2460
458,466,2459,469,452,464,2391,450
467,459,2510,473,455,2490,474,2460
463,471,2499,2483,476,464,2410,2498
462,464,2499,469,471,2410,2459,2483
469,463,2459,466,462,2410,2499,460
470,468,2503,2493,472,478,2509,2494
469,460,2459,464,458,463,452,2391
473,461,2510,474,459,2506,475,2490
465,478,2509,470,2494,2493,483,2503
466,464,2459,463,460,458,462,2410
465,472,2503,468,2498,479,2493,478
476,462,2483,479,463,2498,2499,472
470,479,2498,2503,476,465,2483,471
474,467,2510,475,2506,461,477,459
473,475,2506,467,477,2510,485,2442
477,474,2506,485,2442,473,2444,2510
471,479,2498,2483,472,462,470,2499
475,485,2442,2444,474,487,2506,489
483,468,2509,2508,484,465,2494,470
472,476,2498,470,471,2483,2503,465
481,482,2432,484,486,2495,2508,483
480,486,2495,482,2432,488,484,2431
484,480,2508,483,481,2432,478,2509
484,478,2508,2509,482,468,480,465
482,483,2508,480,478,2509,481,2432
487,477,2444,489,475,2442,474,490
481,488,2495,480,491,2452,2451,2432
489,485,2444,490,477,494,2450,475
491,486,2451,493,481,2495,2452,492
487,490,2444,485,494,2450,495,2456
489,494,487,495,2456,2444,492,2450
493,488,2451,492,486,2452,495,2456
495,493,2451,2456,494,491,490,488
491,492,2451,495,488,2456,494,2452
495,490,492,2456,489,493,487,2444
494,492,493,2456,490,2451,491,489
497,501,500,503,499,498,502,505
496,501,503,500,505,499,502,504
499,500,502,504,496,506,497,501
498,500,502,504,496,497,506,501
499,498,496,502,497,504,501,503
497,503,496,505,500,504,499,502
504,499,506,498,500,508,496,501
501,505,497,496,507,500,504,506
502,506,508,500,499,498,509,505
503,507,501,510,497,508,506,504
508,504,502,509,511,505,500,499
510,505,512,513,503,511,509,508
506,509,511,504,502,514,505,507
511,508,514,506,518,504,507,505
512,507,513,515,505,514,511,516
509,514,518,508,506,521,507,510
513,510,515,507,516,517,514,518
512,515,510,516,517,507,519,505
511,518,521,509,508,522,507,510
516,513,517,512,519,510,520,507
515,517,513,519,512,520,510,523
516,519,515,520,513,523,512,510
521,514,522,511,525,509,510,512
520,517,523,516,515,524,513,512
519,523,517,524,516,515,526,513
518,522,514,525,511,527,529,509
525,521,518,527,529,514,511,530
520,524,519,526,517,516,515,528
526,523,520,528,519,531,517,516
522,527,529,521,518,530,514,532
524,528,523,531,520,519,533,517
525,529,530,522,521,532,518,534
531,526,533,524,536,523,538,520
530,527,525,532,522,534,521,535
529,532,527,534,525,535,522,537
528,533,536,526,524,538,540,523
530,534,529,535,527,537,525,539
536,531,528,538,540,526,542,524
532,535,530,537,539,529,541,527
534,537,539,532,541,530,529,543
533,538,531,540,528,542,544,526
539,535,541,534,532,543,530,546
540,536,542,533,544,545,531,547
537,541,535,534,543,546,532,548
542,538,544,545,536,533,547,550
539,537,543,535,546,534,548,549
540,544,545,538,547,536,550,533
546,548,541,549,539,551,537,552
545,542,540,547,538,550,553,904
544,547,542,550,540,553,538,904
543,548,549,551,541,552,539,554
550,545,544,553,542,555,540,557
549,546,551,543,552,554,541,556
548,551,546,552,543,554,556,712
547,553,545,555,544,557,542,559
552,549,554,548,556,546,558,543
551,554,556,549,548,558,546,560
555,550,557,547,559,545,544,562
556,552,558,551,560,549,561,548
557,553,559,550,562,547,564,545
554,558,552,560,551,561,549,563
559,555,553,562,564,550,566,547
556,560,554,561,552,563,551,565
557,562,555,564,553,566,568,550
561,558,556,563,565,554,567,552
560,563,565,558,556,567,569,554
559,564,557,566,555,568,572,553
565,561,567,560,569,558,570,556
562,566,559,568,572,557,571,555
563,567,561,569,560,570,558,573
568,564,572,562,571,559,574,557
569,565,570,563,573,561,560,575
572,566,571,564,574,562,576,573
567,570,565,573,563,575,571,577
573,569,567,575,577,565,571,574
572,574,568,576,573,578,566,575
571,568,574,566,576,564,573,570
570,575,569,577,576,574,571,578
576,571,578,572,573,575,580,568
577,573,578,579,570,576,574,580
574,578,575,571,580,573,577,572
575,579,581,578,573,582,580,576
576,580,575,574,582,577,579,573
581,577,575,582,580,578,584,583
582,578,576,577,579,575,585,581
579,583,577,584,582,585,575,580
580,585,578,579,584,581,577,583
584,585,581,579,582,577,580,578
583,585,581,582,579,580,577,578
584,582,583,581,580,579,577,578
587,599,588,603,589,602,590,610
586,588,589,599,590,603,591,602
589,587,586,590,599,591,603,592
588,590,587,591,586,592,599,593
591,589,588,592,587,593,586,594
590,592,593,589,594,588,587,595
593,591,594,590,595,589,588,596
594,592,595,591,596,590,597,589
593,595,592,596,591,597,590,615
594,596,597,593,592,598,591,615
597,595,594,598,593,600,592,1044
596,598,595,600,594,601,593,1044
600,597,601,596,604,595,605,594
603,586,587,602,588,610,589,609
598,601,604,597,605,596,611,595
604,600,605,598,611,597,616,596
610,603,609,599,608,586,631,632
599,602,610,586,609,587,608,588
605,601,611,600,598,616,597,623
604,611,601,616,600,598,623,638
607,612,608,618,609,626,617,627
608,606,609,612,610,618,629,627
607,609,606,610,602,612,629,630
610,608,602,607,606,603,630,629
602,609,603,608,607,599,630,631
616,605,604,601,623,600,638,598
606,618,607,617,625,626,627,608
614,620,615,619,636,621,635,622
613,615,620,621,619,622,636,593
614,621,613,620,622,619,637,594
611,623,605,604,638,601,642,600
624,618,640,625,639,612,626,627
612,617,625,626,640,606,624,639
620,636,613,635,614,634,615,633
619,613,614,636,615,635,634,621
622,615,637,614,641,613,643,620
621,637,641,615,643,614,645,613
638,616,642,611,644,646,605,604
639,617,640,625,618,626,612,627
640,626,617,618,624,639,627,612
625,627,640,628,618,617,612,624
628,626,629,625,618,630,612,640
629,627,630,626,631,625,612,606
630,628,627,631,626,632,609,608
629,631,628,632,627,633,610,609
632,630,629,633,628,634,610,602
631,633,630,634,629,635,602,610
634,632,635,631,630,636,602,629
635,633,632,636,631,619,630,602
634,636,633,619,632,620,631,613
619,635,620,634,613,633,614,632
641,622,621,643,645,615,647,614
642,623,644,646,616,648,611,650
624,640,617,625,618,626,627,612
639,625,624,617,626,618,627,612
643,637,622,645,621,647,649,1056
644,638,646,623,648,650,616,652
645,641,637,647,622,649,621,651
646,642,638,648,650,623,652,616
647,643,641,649,637,651,622,653
644,648,642,650,638,652,623,654
645,649,643,651,641,653,637,655
650,646,652,644,654,642,638,656
647,651,645,653,655,643,657,641
648,652,654,646,644,656,642,658
653,649,655,647,657,645,659,643
654,650,648,656,658,646,644,660
655,651,657,649,659,647,661,645
652,656,650,658,648,660,646,662
653,657,651,659,649,661,663,647
658,654,660,652,650,662,648,664
659,655,653,661,651,663,649,665
656,660,654,662,652,664,650,668
661,657,663,655,653,665,651,666
658,662,656,664,654,668,652,1035
659,663,665,657,666,655,667,653
664,660,658,668,656,670,1035,654
665,661,666,659,667,657,669,655
668,662,670,660,672,658,656,675
666,663,667,661,659,669,657,671
667,665,663,661,669,659,671,657
666,669,665,663,671,661,673,659
664,670,672,662,675,660,677,658
671,667,673,666,674,665,663,676
672,668,675,664,677,662,679,676
673,669,674,667,676,666,1068,678
675,670,677,668,679,678,664,676
671,674,669,676,678,1068,677,675
673,676,671,678,677,679,669,675
677,672,679,670,678,676,668,674
678,674,679,677,673,675,671,672
675,679,678,676,672,674,670,673
679,676,677,674,675,673,672,671
678,677,676,675,674,672,673,670
66,69,696,691,64,730,681,71
71,730,72,69,680,763,764,66
123,122,121,130,683,684,699,698
132,706,135,130,140,682,698,143
682,697,699,700,698,694,121,904
117,115,690,112,695,686,110,119
119,117,685,687,695,692,699,121
699,686,692,693,694,701,119,121
151,145,150,832,155,726,709,149
95,98,93,737,102,739,91,103
108,110,685,107,695,112,725,115
57,64,61,696,52,56,680,66
695,687,686,702,703,693,685,725
701,497,496,501,503,500,687,505
700,701,524,526,523,520,687,528
690,685,692,725,686,702,107,117
691,680,56,732,731,57,730,64
904,684,698,707,700,728,545,547
706,683,697,707,684,682,704,143
121,687,119,684,686,682,122,694
533,536,531,538,528,540,542,526
513,516,510,515,512,507,503,505
725,695,703,692,717,720,690,107
702,713,692,717,693,719,496,497
146,706,143,715,705,707,147,698
147,146,708,148,709,704,149,143
143,140,683,698,704,146,135,132
697,715,698,704,729,728,706,904
705,710,714,715,716,709,147,704
149,148,710,150,705,688,147,726
709,714,726,727,708,705,688,733
518,521,514,522,511,525,509,527
551,554,552,556,549,548,558,560
498,499,500,496,497,502,718,501
710,733,738,708,716,727,709,757
704,716,707,708,729,705,146,740
715,740,738,708,714,729,704,-1
722,702,703,721,719,720,725,742
796,713,746,758,719,498,499,500
718,796,717,703,741,721,713,-1
725,724,722,702,717,106,723,107
722,741,742,717,719,743,852,-1
717,723,742,721,720,875,702,724
722,816,798,875,720,724,742,830
106,798,737,720,103,723,107,102
107,106,690,702,695,108,720,103
744,832,710,688,736,709,727,173
736,733,710,735,734,726,714,175
559,562,557,564,555,566,553,568
715,707,762,740,747,716,728,572
732,681,680,696,764,783,71,69
819,48,56,37,696,32,732,780
780,730,696,731,783,680,819,691
759,757,714,734,727,738,735,710
759,735,733,760,774,727,753,756
734,745,753,736,774,727,177,175
175,744,173,177,727,726,735,745
689,724,798,103,102,739,98,799
714,757,716,733,748,740,759,749
91,93,689,88,799,737,813,95
749,716,738,729,748,747,715,-1
852,721,796,820,719,743,718,835
875,722,721,848,743,723,717,-1
852,848,741,721,742,834,821,-1
173,832,171,169,736,175,726,163
177,179,735,753,175,754,736,178
498,502,499,504,506,500,508,509
749,804,762,750,740,729,752,585
776,749,757,751,738,761,740,-1
740,751,750,747,748,777,776,738
749,777,752,751,770,747,806,804
777,776,749,750,748,775,811,761
806,750,771,804,769,770,747,585
774,755,745,735,765,754,177,766
766,179,178,180,182,755,184,177
766,754,753,186,184,767,765,745
759,822,761,1802,760,757,734,778
759,761,733,756,738,748,776,734
797,865,746,718,781,796,782,498
734,756,757,760,733,761,1802,774
774,1802,759,756,734,785,822,735
776,756,757,778,822,748,759,751
574,576,580,578,572,571,582,568
943,764,74,944,78,681,72,80
763,681,812,783,730,943,813,944
755,753,773,774,767,785,772,766
184,754,186,182,755,180,187,178
186,187,840,189,755,773,766,184
195,196,815,204,876,197,192,202
805,806,807,771,827,752,857,809
806,777,810,750,808,811,752,751
804,857,769,807,583,584,585,752
784,871,787,773,785,765,786,-1
846,784,840,767,772,765,839,-1
753,760,734,735,765,785,745,759
776,811,778,777,855,751,853,854
761,751,775,778,748,777,757,749
751,811,770,750,775,776,749,810
776,761,822,853,912,775,756,855
39,30,55,819,31,870,60,818
732,870,1049,819,731,783,779,696
711,746,791,782,758,790,518,522
865,781,864,866,791,789,758,-1
764,837,730,732,1049,780,831,812
846,794,772,773,786,883,787,898
1802,871,760,774,765,772,872,-1
859,787,784,883,795,794,772,792
871,795,786,772,800,803,784,872
712,857,791,905,790,856,554,551
880,791,856,866,782,842,788,-1
534,532,535,530,537,539,529,541
788,781,789,782,790,856,712,711
859,795,802,1385,860,858,803,786
859,903,902,883,858,911,792,917
883,784,893,898,846,917,786,839
803,787,792,802,800,786,859,801
718,797,820,741,719,758,852,713
865,820,796,878,758,718,835,864
830,724,737,816,723,799,817,829
830,739,817,813,798,737,812,689
803,1134,801,795,871,872,787,918
803,1048,802,918,919,800,1134,1098
803,860,801,792,795,919,1385,800
801,802,800,795,787,792,918,1134
585,584,583,582,580,581,771,579
809,769,806,808,827,826,807,825
805,769,808,770,752,771,750,809
857,769,827,771,856,805,788,583
826,806,805,935,770,810,809,769
805,824,826,823,825,827,808,769
935,811,854,770,868,808,777,867
777,854,810,775,855,770,751,868
831,813,817,764,799,783,944,763
944,812,80,763,943,739,88,799
214,815,212,205,216,202,939,938
768,814,202,876,197,195,938,204
844,830,723,798,875,829,-1,-1
828,830,799,812,831,829,838,863
60,870,62,55,869,54,779,861
779,731,31,870,32,30,780,37
835,797,796,852,741,878,821,865
852,836,1182,835,833,834,743,820
912,756,1802,778,761,872,760,1134
980,826,952,824,1010,981,809,941
980,809,825,823,843,826,941,841
824,827,841,809,843,842,980,805
1010,808,823,935,809,805,867,952
807,825,805,769,842,809,856,824
817,863,838,829,831,830,812,1095
828,830,844,863,816,817,862,838
798,817,816,829,799,828,844,737
812,828,838,837,817,783,863,764
744,163,155,688,169,726,151,171
835,1182,1020,973,1143,821,852,836
836,851,847,848,849,821,743,1182
833,820,852,973,878,821,1182,797
1182,849,821,834,947,833,1020,847
1049,1627,838,831,1053,783,1095,828
828,1627,863,1095,837,831,1568,1053
198,193,898,840,846,1017,199,190
190,839,193,189,767,846,773,198
951,942,825,843,842,940,925,824
880,942,856,827,825,841,789,807
980,824,841,1307,941,940,825,951
816,875,874,829,862,897,830,863
893,892,1017,898,894,895,208,200
839,898,784,773,840,794,198,193
851,849,888,850,873,834,836,891
851,742,875,743,874,834,-1,-1
836,850,847,947,890,834,1182,821
849,891,847,890,888,889,914,-1
847,848,873,874,834,897,888,-1
821,741,820,835,743,796,833,1182
855,999,778,912,775,1000,934,1134
811,868,855,934,810,933,775,777
853,934,854,775,811,1000,778,999
807,857,789,788,842,791,827,880
905,807,771,788,583,581,584,856
1385,793,902,859,1025,792,937,860
793,792,883,786,858,795,903,1385
1385,802,1376,979,919,792,803,1025
59,62,54,51,1052,53,1071,869
897,844,863,1568,829,874,896,900
1568,828,838,862,1095,829,1627,896
865,877,879,866,878,782,797,881
864,797,758,878,782,879,796,866
880,864,877,929,782,881,789,865
924,935,1010,885,887,868,886,826
924,854,886,933,810,867,935,934
818,62,1053,861,60,870,1049,1052
818,779,780,55,819,60,869,1049
787,872,785,772,800,1802,795,1134
1802,871,1134,822,912,800,785,787
900,897,851,888,847,901,874,-1
897,844,851,875,848,862,873,900
844,742,816,848,874,723,722,-1
204,768,201,938,815,930,196,207
881,864,879,928,866,929,926,865
797,973,865,879,820,864,835,877
877,928,950,973,878,864,865,881
789,942,929,866,842,925,856,881
877,929,928,926,927,866,925,864
220,222,224,221,908,985,225,219
793,794,859,903,917,786,893,784
228,225,906,226,907,229,909,246
922,924,921,867,887,923,886,920
924,923,933,868,1036,885,867,922
952,920,1010,885,867,983,921,924
891,901,847,1205,873,850,900,851
914,916,890,891,850,915,913,-1
947,889,945,850,849,913,946,916
914,888,850,1205,957,889,915,901
208,209,845,895,1017,930,200,207
917,898,845,894,794,1017,883,846
971,845,893,895,917,910,932,892
892,1024,845,894,930,932,209,208
1568,900,899,897,1014,1012,862,1095
900,862,874,873,896,1568,844,851
893,839,1017,846,845,794,198,199
1011,900,1012,901,896,1013,1014,897
897,901,899,896,873,862,888,1568
900,1205,899,888,1013,873,897,1011
911,793,937,903,858,936,859,972
793,911,917,902,883,910,859,858
545,547,544,542,550,540,553,538
567,565,570,569,563,561,577,579
243,231,244,242,229,234,246,884
247,909,246,249,1096,884,252,243
882,1035,654,650,985,652,909,646
907,1035,1096,908,1034,884,664,662
971,911,903,917,1073,894,972,1021
902,972,903,910,936,793,1073,937
822,1134,999,778,853,872,1802,918
916,945,953,1224,890,954,889,915
915,891,957,889,956,916,1205,850
914,916,956,1037,1038,889,1224,957
915,1224,913,1037,889,914,953,967
893,903,883,910,894,794,898,845
999,801,1134,1098,1048,1000,800,803
1048,1376,860,802,801,978,1074,803
921,887,983,982,984,885,922,952
922,920,1144,984,885,966,887,923
966,921,923,885,1144,886,962,920
886,966,922,962,1036,885,924,933
867,886,868,885,923,935,933,922
969,929,951,942,927,881,968,880
928,2033,948,881,927,949,877,-1
969,2033,925,926,968,881,929,1070
926,877,879,950,881,949,864,948
925,881,880,942,866,927,877,969
207,876,209,201,892,1024,204,938
599,603,586,609,602,610,608,587
612,618,606,617,624,607,639,640
934,886,1036,1097,868,854,924,923
933,855,854,1097,1000,868,1036,886
867,810,826,1010,808,868,924,-1
911,937,902,972,995,993,1169,903
1169,902,1025,936,858,993,911,1385
876,939,815,814,1024,930,1022,216
216,218,1044,938,214,1022,814,597
951,1307,989,987,843,986,841,969
980,1490,1307,981,843,1222,1129,824
925,880,841,929,951,842,969,-1
78,80,763,74,944,83,72,813
80,813,943,83,88,78,763,74
946,913,890,974,954,947,1020,953
945,1020,1184,974,947,1182,1143,954
1182,946,890,836,1020,849,945,833
2033,959,970,926,949,977,1070,928
948,950,960,959,928,926,958,-1
879,928,960,1143,973,949,877,1184
969,925,940,841,942,989,968,929
981,887,1010,823,983,980,826,920
1224,1551,954,1141,913,1139,916,967
1139,953,974,1551,945,1171,913,1268
966,1043,962,963,961,1144,922,1370
915,1016,914,957,1038,1075,1037,1015
914,1205,1015,956,891,1016,915,1013
959,1191,1001,960,1138,949,1009,1184
958,1001,977,948,1009,949,1138,970
958,1184,950,1143,1191,949,959,-1
963,1050,955,965,1039,1043,1060,-1
966,1370,955,923,1036,963,922,1142
1370,1132,961,962,955,1060,966,1142
1058,1116,1144,1041,1043,984,921,1109
1043,1040,1041,1039,1042,961,955,-1
922,962,923,955,1144,921,1043,885
1120,1037,1224,1141,1076,953,916,1122
1070,969,989,988,927,2033,925,986
968,925,989,951,927,1070,942,929
1070,2033,977,976,948,975,968,959
1021,894,910,932,1073,624,639,617
911,1073,994,936,995,910,1072,902
1143,878,879,833,835,950,1020,820
946,954,1184,1191,945,1171,1139,1020
976,970,1070,988,992,1004,968,-1
1006,977,970,975,992,990,1002,1009
1009,959,976,970,948,990,1001,1006
1376,1093,1114,1112,919,1124,1074,1115
1376,1385,1025,1124,860,1045,1169,858
824,941,823,981,843,952,1307,809
952,941,980,983,823,1222,1490,824
1158,1108,984,920,1057,983,1058,921
952,1158,920,981,982,887,1222,-1
1058,921,982,964,920,1144,1057,922
638,623,616,642,611,644,605,646
989,987,1123,1019,988,940,968,1307
1129,1123,986,1307,940,1091,1490,989
1019,968,1070,975,986,989,1004,969
986,969,968,951,940,988,925,1070
1009,1006,991,1008,977,976,1007,1001
1002,1008,1006,1069,1033,990,1294,1005
1003,1006,1002,976,975,1005,1004,-1
1047,1169,936,995,937,997,996,998
1072,1064,972,995,1073,1081,1065,997
997,994,936,972,1064,993,1047,911
1169,998,1264,1046,1047,993,1045,-1
1107,995,1047,1064,1177,993,1106,1411
1265,1047,996,1106,1264,1371,993,1107
1134,918,912,853,1000,1098,778,855
999,1097,1098,853,934,1094,918,855
1009,1138,958,959,1007,977,1191,1137
1005,1006,991,1069,992,1003,1059,976
1027,992,1059,1005,1018,1004,1002,1026
1019,1018,975,1003,988,992,1029,-1
1059,1002,1069,1003,1145,992,1027,1006
1002,976,990,991,992,1005,977,1008
1009,1001,1136,1137,1135,1008,1138,990
991,1294,1136,990,1033,1007,1006,1243
1001,990,977,959,1007,1138,958,976
826,867,952,887,935,823,924,808
1338,1012,899,1337,1013,1336,1062,1152
1011,1014,899,1152,1337,896,1568,1338
1011,1062,1015,1338,899,1205,901,1012
1012,1095,1568,1151,1152,896,1627,899
1062,957,1016,1013,1256,1205,1338,956
956,1256,1015,1090,957,1075,1062,914
199,200,198,208,845,839,898,892
1026,1004,1028,1003,1027,1029,-1,-1
1123,1029,988,986,1004,987,989,1091
946,1182,833,1143,1184,947,836,945
639,624,640,617,625,971,618,626
590,589,591,588,592,587,593,586
628,629,631,630,632,627,633,634
931,895,930,1022,938,932,586,587
1385,1169,979,937,858,1045,860,902
1080,1018,1027,1030,1082,1028,1085,1003
1082,1059,1003,1026,1084,1018,1005,1080
1032,1030,1026,1029,1031,1018,1080,-1
1019,1032,1123,1028,1018,1091,1004,-1
1079,1080,1026,1028,1031,1078,1088,-1
1162,1032,1088,1028,1079,1030,1128,1240
1128,1028,1029,1031,1091,1123,1162,-1
1294,1069,1203,1204,991,1202,1008,1243
679,677,675,672,670,678,668,676
662,660,664,658,668,670,656,654
933,1370,962,1097,923,886,1142,966
967,1038,915,1224,916,1076,956,1120
1037,1322,956,915,1075,1076,967,1077
1050,1040,965,1785,961,1051,1060,1061
1039,1889,1131,965,1042,1051,1516,1130
1116,1042,964,965,1043,1119,1058,1130
1041,1130,1889,965,1040,1119,1116,1043
955,965,964,1041,1144,961,966,1116
597,596,595,598,594,600,593,601
1046,979,1169,1025,1124,996,1181,1170
1045,1170,1378,1264,1181,996,1509,1169
998,1106,997,993,1107,996,1265,995
1098,801,1074,919,918,1094,802,803
837,780,870,1053,869,783,818,1627
1060,1039,1785,1061,961,1104,963,-1
1105,1785,1179,1131,1040,1039,1178,1489
861,1151,1071,869,1053,1314,59,62
1627,869,1049,1052,837,1151,1095,818
1023,1067,1056,655,657,665,659,1065
639,1065,1021,640,624,1072,1023,625
641,645,643,647,649,637,622,651
1058,1110,1108,1109,982,1111,984,1116
1116,964,1057,1109,984,1041,982,1111
1005,1084,1027,1145,1003,1082,1069,1002
1050,1132,1104,1133,963,1061,961,1785
1104,1785,1050,1103,1102,1060,1105,1115
1338,1015,1256,1401,1013,1336,1011,1016
45,36,46,35,1200,47,34,1201
994,1177,997,1081,995,1172,1072,1107
1066,1072,1055,1081,1054,1173,1023,1067
1065,1173,1183,1067,1054,1081,1195,1072
1068,665,1183,666,1054,667,663,669
673,674,671,676,669,678,667,666
1002,1005,1033,991,1202,1145,1059,1006
968,2033,970,988,975,927,969,989
53,59,50,861,1314,1052,1201,44
994,1065,1055,1073,1081,1021,972,1064
1021,1072,972,971,1055,994,910,639
1114,1048,1098,1092,1094,919,978,1093
1077,1089,1016,1038,1090,956,1322,-1
967,1322,1155,1120,1121,1037,1122,1038
1089,1215,1322,1075,1214,1121,1090,1038
1080,1087,1079,1085,1099,1163,1030,1086
1030,1088,1086,1078,1031,1080,1087,1159
1085,1026,1030,1082,1078,1079,1099,1027
1072,1065,1172,1173,1064,994,1066,1055
1027,1085,1080,1083,1084,1026,1059,1101
1101,1084,1126,1082,1085,1146,1099,1100
1059,1083,1082,1145,1146,1027,1005,1085
1080,1101,1099,1082,1083,1078,1026,1100
1087,1079,1161,1088,1159,1160,1078,-1
1163,1299,1086,1160,1078,1483,1079,1161
1240,1079,1159,1031,1162,1086,1242,1030
1077,1090,1214,1257,1075,1215,1322,1360
1089,1256,1258,1016,1075,1257,1077,1255
1123,1129,1032,1128,987,1127,1029,1019
1114,1132,1142,1094,1074,1133,1370,1093
1114,1115,1112,978,1133,1113,1104,1092
1098,1142,1097,1092,1074,1000,1048,1114
1627,1568,1014,838,863,1151,1053,896
249,252,257,259,1034,907,247,909
933,1142,1094,1036,934,1000,1370,1098
1094,1048,918,1074,1000,999,801,1097
1101,1085,1163,1125,1100,1078,1080,1083
1101,1125,1126,1168,1099,1167,1083,1085
1083,1099,1100,1085,1126,1125,1082,1168
1115,1387,1104,1113,1103,1061,1180,1388
1786,1105,1388,1061,1102,1387,1785,1104
1061,1115,1133,1102,1060,1093,1050,1113
1786,1785,1178,1103,1051,1388,1061,1179
1265,1107,1373,998,1047,1237,1372,1411
1411,1106,997,1237,1047,1177,1197,1373
1110,1158,1165,982,1057,1164,1166,1111
1116,1058,1111,1117,1057,1119,1110,964
1111,1165,1108,1148,1057,1109,1118,1251
1110,1118,1109,1117,1148,1057,1058,1228
1093,1113,1124,1115,1181,978,1114,1376
1180,1112,1115,1102,1181,1170,1093,1377
1093,1092,1074,1133,978,1115,1112,1132
1093,1104,1113,1112,1102,1133,1114,1061
1058,1041,1109,964,1119,1042,1057,984
1227,1109,1118,1111,1186,1119,1147,1116
1147,1111,1228,1117,1148,1186,1185,1110
1130,1116,1227,1109,1117,1263,1042,1041
967,1153,1122,1141,1223,1076,1156,1224
1155,1215,1322,1189,1217,1076,1077,1122
1155,1153,1120,1156,1076,1154,1189,1121
1019,1091,987,986,1029,1129,1032,988
1376,1112,1181,979,978,1045,1093,860
1100,1099,1163,1276,1167,1101,1175,1299
1101,1149,1100,1083,1168,1146,1239,1233
1129,1490,1192,1164,1091,1128,1222,1166
1192,1032,1162,1091,1031,1127,1193,1166
1490,987,1127,1307,1091,1123,941,1222
1889,1263,1042,1226,1119,1516,1227,1041
1179,1516,1889,1040,1051,1225,1226,1303
1370,1092,963,1142,1060,1133,1114,962
1104,1114,1093,1132,1092,1115,1060,1061
912,999,800,918,872,801,803,822
1295,1136,1137,1254,1253,1007,1268,1243
1295,1294,1008,1135,1243,1007,1332,-1
1268,1135,1138,1254,1171,1007,1139,1001
1001,1137,1171,1191,958,1007,1009,959
1551,1171,1268,954,953,974,1140,1137
1551,1223,1268,1287,1254,1141,1139,953
953,1551,967,1120,1223,1224,1140,1153
1370,1094,1092,1097,1132,1036,962,963
973,1020,1184,950,960,833,946,1182
966,922,964,921,1043,955,984,923
1059,1084,1069,1202,1150,1005,1146,-1
1239,1083,1084,1126,1149,1150,1145,1101
1209,1185,1118,1186,1228,1187,1210,1274
1110,1228,1251,1165,1241,1111,1118,1166
1239,1126,1233,1232,1168,1146,1230,1100
1239,1202,1230,1206,1146,1145,1204,-1
1052,1152,1627,1014,1053,1095,1314,1012
1313,1012,1337,1151,1314,1014,1011,1052
1156,1223,1120,1122,1262,1141,1155,1154
1156,1219,1189,1155,1122,1188,1190,1347
1122,1121,1189,1076,1154,1156,1120,1219
1153,1154,1122,1347,1262,1155,1223,1120
679,678,1068,676,677,1194,674,263
1108,1222,982,1164,983,1165,-1,-1
1240,1161,1088,1250,1242,1086,1252,1079
1483,1161,1087,1323,1299,1086,1275,-1
1159,1250,1160,1275,1086,1273,1087,1088
1240,1193,1128,1031,1088,1192,1242,1032
1099,1125,1299,1087,1276,1078,1100,1085
1166,1158,1127,1108,1165,1192,1222,-1
1166,1110,1108,1251,1148,1164,1193,1192
1165,1192,1251,1193,1164,1108,1162,1148
1175,1125,1176,1100,1168,1174,1276,-1
1233,1100,1176,1126,1149,1216,1167,1101
996,1025,937,993,1045,979,1046,936
1181,1377,1378,1046,1180,1113,1714,1509
1139,1138,1268,1191,974,1137,954,1551
1199,1081,1173,1177,1196,1064,1197,-1
1066,1195,1196,1172,1183,1081,1065,1199
1176,1175,1393,1350,1316,1167,1216,-1
1393,1167,1174,1298,1276,1176,1125,1446
1216,1174,1167,1168,1316,1315,1233,1175
1197,1411,1064,1107,1172,1199,997,1234
1489,1786,1105,1481,1179,1051,1464,1590
1489,1131,1225,1303,1051,1178,1516,1590
1113,1377,1170,1421,1387,1102,1181,1115
1170,1124,1112,1113,1046,1180,1045,1377
836,833,1020,821,947,835,849,946
1195,1067,1405,1066,1173,1157,1194,1068
946,1143,1020,960,1191,974,958,945
1209,1274,1228,1147,1269,1210,2134,1241
1227,1147,1318,1117,1187,1118,1267,1209
1318,1209,1210,1212,1147,1186,1211,1185
1219,1190,1221,1278,1277,1154,1220,1285
1155,1219,1217,1220,1121,1154,1122,1215
1188,1408,1285,1347,1277,1154,1219,1156
958,1184,974,1171,960,1138,1001,946
1166,1128,1193,1127,1162,1164,1251,1165
1162,1251,1166,1240,1192,1242,1241,1128
263,1405,265,1406,262,1157,267,1404
1405,1196,1183,1173,1454,1406,1194,1066
1195,1466,1173,1199,1172,1454,1810,1183
1411,1234,1199,1177,1198,1484,1172,1237
1484,1238,1411,1197,1235,1237,1234,1236
1234,1197,1172,1196,1466,1177,1474,1411
1063,35,45,36,34,1296,43,1312
46,47,1312,45,44,1063,50,1071
1204,1150,1069,1145,1033,1206,1203,-1
1204,1294,1208,1243,1033,1207,1202,1246
1203,1202,1207,1206,1033,1294,1150,1229
957,901,891,1015,1013,888,914,899
1229,1204,1230,1150,1207,1231,1202,1352
1204,1352,1229,1245,1203,1208,1206,1246
1246,1203,1244,1243,1207,1245,1332,1259
1185,1210,1147,1187,1269,1274,1228,1212
1209,1212,1270,1187,1269,1185,1147,1211
1212,1281,1356,1308,1318,1311,1187,1210
1210,1281,1211,1270,1279,1187,1209,1290
1217,1271,1215,1272,1214,1218,1077,1220
1089,1077,1271,1215,1360,1213,1257,1595
1077,1121,1217,1213,1322,1214,1089,1189
1315,1176,1233,1168,1317,1316,1349,1174
1189,1213,1220,1215,1121,1218,1219,1155
1220,1292,1272,1305,1306,1217,1213,1221
1220,1189,1188,1221,1154,1292,1278,1155
1219,1292,1217,1221,1189,1218,1188,1306
1292,1278,1219,1220,1188,1293,1306,1218
1490,1158,981,941,983,1164,1127,1129
1153,1140,1141,1120,1287,1262,1156,1551
953,916,967,1037,1141,913,915,1551
1516,1303,1179,1304,1131,1302,1489,1226
1516,1130,1266,1263,1889,1304,1225,1131
1263,1117,1186,1267,1119,1130,1318,1118
1185,1274,1241,1148,1118,1147,1209,1252
1352,1231,1206,1249,1207,1230,1245,1351
1239,1232,1231,1206,1150,1248,1229,1149
1229,1230,1248,1247,1249,1206,1352,1327
1233,1239,1230,1149,1248,1317,1328,1231
1149,1232,1216,1317,1168,1239,1315,1176
1484,1197,1474,1199,1466,1198,1486,1411
1484,1375,1238,1486,1485,1198,1700,1474
1238,1958,1237,1373,1420,1374,1198,1518
1411,1373,1106,1107,1236,1198,1197,1238
1235,1374,1375,1236,1198,1484,1958,1237
1149,1150,1232,1230,1146,1233,1126,1206
1242,1162,1088,1159,1193,1031,1252,1250
1251,1252,1228,1274,1242,1148,1185,1193
1240,1252,1193,1241,1159,1251,1250,1162
1294,1295,1332,1203,1208,1136,1244,1246
1246,1332,1260,1259,1261,1208,1245,1243
1246,1352,1259,1351,1207,1208,1435,1244
1208,1245,1259,1244,1207,1332,1435,1260
1327,1249,1231,1329,1326,1248,1328,1229
1328,1327,1231,1232,1230,1247,1317,-1
1352,1383,1247,1229,1351,1231,1329,-1
1252,1159,1161,1273,2134,1242,1275,1240
1241,1166,1193,1165,1148,1242,1192,1252
1242,1274,2134,1241,1250,1159,1251,1273
1295,1254,1261,1330,1332,1287,1135,1331
1268,1135,1287,1253,1140,1137,1295,1551
1394,1258,1396,1257,1395,1397,1090,1360
1062,1258,1016,1090,1401,1015,1338,-1
1255,1089,1360,1090,1258,1214,1396,1077
1255,1256,1090,1401,1395,1257,1394,1089
1246,1357,1435,1244,1245,1260,1208,1358
1358,1244,1331,1359,1259,1261,1357,1246
1331,1332,1244,1330,1260,1253,1359,1295
1153,1156,1223,1286,1287,1330,1347,-1
1227,1130,1226,1267,1266,1119,1889,1186
998,1371,1265,1378,1509,1046,996,1419
998,1372,1371,1106,1373,1264,1047,1420
1226,1309,1477,1263,1267,1304,1516,1451
1318,1263,1266,1227,1308,1309,1186,1187
1139,1254,1551,1137,1140,1171,954,1135
1386,1210,1209,1185,2134,1270,1274,1280
1210,1290,1212,1280,1279,1269,1209,1386
1595,1213,1361,1272,1214,1360,1461,-1
1361,1305,1271,1218,1213,1528,1595,-1
1386,2134,1275,1250,1289,1161,1252,1300
1185,1252,2134,1228,1241,1269,1209,1147
1273,1161,1323,1300,1160,1289,1250,1386
1125,1175,1297,1299,1163,1167,1298,-1
1285,1278,1282,1188,1190,1284,1283,1408
1221,1284,1188,1277,1293,1292,1219,1407
1281,1290,1403,1212,1270,1310,1288,1311
1386,1290,1270,1291,1289,1288,1269,1210
1279,1311,1212,1211,1310,1356,1270,1403
1427,1414,1284,1277,1283,1473,1415,1285
1285,1427,1444,1443,1282,1501,1277,1408
1278,1407,1415,1414,1282,1277,1293,96
1408,1283,1277,1190,1443,1478,1282,1188
1478,1331,1330,1359,1347,1262,1408,1261
1330,1140,1254,1223,1262,1253,1268,1153
1290,1320,1291,1403,1402,1280,1279,1270
1300,1291,1386,1273,1280,1275,1301,-1
1288,1279,1270,1280,1403,1291,1212,1281
1288,1320,1280,1301,1289,1290,1319,1300
1306,1221,1220,1218,1293,1324,1219,1305
1407,1324,1292,1278,1221,1306,1335,1284
1243,1033,1136,1203,1008,1295,991,1204
1332,1135,1243,1136,1253,1294,1261,1254
43,42,1368,1426,1389,1200,34,41
1483,1432,1299,1346,1276,1298,1365,-1
1446,1175,1297,1432,1393,2396,1276,-1
1483,1163,1087,1297,1276,1160,1125,1346
1323,1289,1345,1301,1275,1291,1273,1321
1291,1319,1321,1300,1364,1320,1345,1289
1380,1497,1303,1225,1304,1381,1379,1554
1225,1590,1489,1302,1381,1179,1481,1131
1516,1477,1380,1225,1226,1266,1302,-1
1306,1334,1528,1272,1325,1218,1292,1324
1292,1324,1305,1325,1218,1293,1334,1221
941,987,1490,1129,940,843,980,986
1309,1318,1356,1211,1354,1267,1451,1187
1308,1451,1477,1266,1354,1267,1356,1318
1281,1355,1403,1311,1279,1422,1493,1423
1356,1281,1355,1310,1353,1211,1354,1279
1201,1491,1313,1200,1389,1314,45,46
1491,1337,1314,1312,1152,1336,1201,1012
1313,1071,1152,1052,1201,1312,1151,53
1349,1216,1317,1409,1316,1233,1328,1176
1349,1315,1413,1176,1174,1216,1350,1348
1328,1233,1315,1232,1216,1248,1409,1327
1187,1308,1267,1211,1186,1212,1309,1227
1320,1364,1366,1416,1301,1321,1417,1291
1319,1288,1291,1416,1402,1301,1366,1598
1364,1345,1363,1362,1301,1365,1319,2211
1077,1121,1038,1215,1075,1076,1089,1155
1483,1300,1346,1275,1160,1345,1365,-1
1335,1325,1306,1333,1293,1407,1292,1305
1334,1324,1306,1333,1305,1566,1335,1528
1450,1327,1329,1342,1410,1247,1340,-1
1247,1328,1410,1326,1248,1450,1231,1329
1327,1317,1410,1409,1248,1315,1247,1232
1383,1326,1247,1339,1249,1340,1327,-1
1331,1287,1286,1261,1253,1262,1359,-1
1359,1261,1330,1286,1260,1478,1358,1244
1295,1244,1243,1261,1253,1208,1246,1260
1324,1335,1325,1476,1566,1541,1334,1475
1325,1453,1528,1305,1566,1526,1306,1333
1407,1324,1333,1475,1476,1293,1415,1325
1338,1400,1491,1401,1337,1062,1011,1313
1011,1313,1336,1338,1152,1491,1012,1400
1336,1062,1011,1337,1013,1401,1400,1491
1383,1344,1329,1382,1384,1340,1351,-1
1344,1342,1339,1343,1329,1341,1326,-1
1539,1344,1343,1392,1545,1458,1340,1543
1450,1459,1343,1326,1442,1340,1410,-1
1458,1459,1342,1341,1460,1340,1539,1479
1339,1341,1392,1382,1340,1729,1545,1343
1321,1365,1300,1346,1323,1363,1301,1364
1365,1483,1432,1323,1297,1345,1363,1299
1408,1156,1190,1286,1262,1478,1154,1285
1413,1457,1530,1440,1350,1597,1316,1349
1413,1315,1409,1412,1316,1216,1440,1348
1457,1455,1393,1174,1456,1348,1316,-1
1383,1352,1435,1245,1249,1384,1229,1339
1229,1351,1245,1249,1207,1383,1231,1246
1425,1356,1354,1311,1452,1355,1429,1658
1451,1356,1309,1308,1353,1452,1477,1311
1423,1311,1425,1422,1310,1353,1424,1281
1311,1354,1308,1211,1353,1281,1309,1355
1358,1259,1522,1435,1531,1260,1583,1244
1583,1522,1357,1260,1359,1523,1331,1259
1331,1583,1358,1478,1260,1286,1261,1443
1595,1257,1399,1271,1214,1396,1255,1089
1595,1528,1527,1272,1271,1461,1305,1360
1363,1535,2211,1321,1364,1433,1434,1534
1362,1365,1434,1321,1345,1433,1364,1535
1321,1319,1366,2211,1362,1301,1363,1535
1363,1346,1434,1432,1345,1321,2396,1362
1417,1319,1364,2211,1569,1416,1611,1320
25,28,1369,24,1447,33,27,41
41,33,42,1369,1296,1426,1397,43
1367,1397,1368,1447,33,1398,28,41
1142,962,963,1132,1036,1092,1097,955
1419,1372,1265,1509,1264,1418,1540,998
1371,1418,1265,1373,1420,1419,1106,1430
1372,1420,1237,1106,1265,1236,1371,1418
1518,1238,1375,1958,1519,1690,1236,1235
1235,1700,1690,1238,1374,1485,296,295
979,860,1124,978,919,1385,1112,802
1170,1714,1180,1378,1421,1509,1181,1113
1509,1170,1377,1046,1264,1714,1540,1371
1497,1380,1793,1495,1496,1302,1554,1477
1477,1302,1379,1793,1304,1497,1451,1225
1590,1554,1497,1589,1303,1302,1488,1558
1391,1344,1390,1729,1392,1339,1384,1524
1351,1339,1329,1249,1384,1352,1435,1247
1391,1435,1383,1351,1339,1382,1531,-1
860,858,1025,979,792,802,1376,859
1273,2134,1269,1280,1289,1270,1274,1291
1388,1421,1102,1465,1103,1180,1786,1507
1786,1465,1387,1103,1464,1105,1421,1482
1400,1296,1491,1426,1200,1312,1395,1336
1729,1560,1391,1524,1382,141,137,1392
1531,1390,1382,1524,1384,1560,1729,1435
1729,1545,1344,1382,1341,1544,1390,1539
1446,1175,1456,1174,1350,1298,1455,-1
1397,1255,1395,1426,1396,1258,1398,1368
1400,1394,1426,1255,1401,1258,1389,1336
1255,1394,1399,1360,1397,1398,1257,1595
1394,1369,1398,1426,1368,1396,1255,1367
1448,1397,1369,1449,1447,1399,1396,1367
1595,1449,1396,1461,1360,1398,1448,1361
1336,1395,1389,1491,1401,1426,1338,1337
1336,1062,1400,1256,1338,1258,1395,1491
1598,1403,1416,1493,1288,1320,1594,1599
1279,1290,1402,1288,1493,1310,1281,-1
271,269,267,265,273,1406,1548,1512
1194,1195,1406,1183,1454,263,1157,265
1194,1404,265,1405,1548,1454,263,267
1415,1335,1284,1293,1475,94,1324,92
1285,1478,1190,1347,1443,1286,1283,1277
1349,1328,1315,1410,1436,1412,1317,1327
1450,1327,1328,1436,1409,1326,1442,1247
1197,1237,1107,1177,1198,1234,1106,1199
1437,1349,1413,1436,1440,1409,1438,1439
1349,1348,1440,1412,1316,1315,1437,1409
96,1415,97,1282,1473,1284,94,101
94,96,1407,1414,1475,1284,92,97
1598,1417,1319,1320,1366,1599,1402,1364
1366,1611,1416,1569,1599,1598,1319,2211
1372,1818,1419,1420,1430,1615,1371,1614
1540,1371,1509,1615,1418,1372,1818,1714
1372,1430,1373,1958,1418,1236,1818,1431
1387,1377,1507,1714,1180,1465,1388,1605
1423,1494,1493,1355,1310,1492,1424,1425
1424,1422,1355,1425,1492,1658,1656,1428
1423,1428,1656,1658,1425,1492,1355,1422
1658,1355,1353,1424,1423,1429,1428,1311
1394,1368,1296,1397,1395,1389,1400,1369
1444,1282,1445,1473,1283,1414,1471,1501
1658,1657,1424,1656,1653,1735,1425,1667
1658,1452,1578,1425,1653,1353,1496,1428
1818,1431,1420,1958,1418,1790,1518,1372
1518,1811,1430,1691,1958,1790,1519,1818
1365,2396,1346,1297,1434,1298,1446,1363
1535,1534,1536,1434,1362,1532,1363,1533
1536,1363,1365,2396,1432,1433,1362,1346
1259,1351,1357,1384,1245,1531,1246,1391
1450,1410,1442,1438,1412,1409,1437,1328
1439,1440,1412,1596,1438,1670,1413,1436
1439,1437,1436,1442,1470,1441,1412,-1
1437,1670,1438,1441,1596,1469,1647,1440
1437,1413,1597,1348,1412,1596,1530,1349
1439,1469,1470,1467,1670,1468,1438,1479
1450,1470,1459,1436,1342,1438,1410,1479
1583,1285,1501,1478,1408,1523,1283,1444
1501,1445,1427,1283,1472,1503,1443,1523
1444,1471,1427,1503,1473,1472,114,116
2396,1456,1393,1298,1510,1432,1536,1175
1448,1367,27,24,1369,26,25,1398
1447,1462,1449,1398,26,27,24,1369
1448,1462,1399,1461,1398,1463,1447,1692
1410,1442,1342,1436,1326,1327,1459,-1
1354,1793,1477,1452,1309,1380,1308,1356
1451,1429,1793,1354,1353,1496,1578,1477
1334,1581,1528,1525,1526,1527,1566,1693
1810,1195,1406,1405,1548,1550,1196,1466
1457,1456,1511,1529,1350,1530,1393,1348
1455,1446,1393,1511,1510,1350,1457,2396
1455,1530,1348,1350,1529,1456,1597,1511
1539,1460,1542,1343,1498,1341,1543,1459
1479,1460,1442,1342,1343,1470,1450,1458
1479,1458,1498,1459,1343,1499,1542,1468
1595,1463,1449,1361,1399,1527,1360,1271
1448,1692,1538,1449,1463,26,22,1447
1692,1461,1580,1449,1462,1525,1527,1538
1786,1388,1480,1481,1482,1465,1178,1105
1388,1507,1482,1387,1421,1464,1505,1786
1810,1196,1474,1564,1199,1234,1454,1195
1469,1468,1500,1619,1441,1620,1670,1470
1467,1479,1470,1500,1499,1441,1469,1460
1467,1620,1670,1441,1619,1468,1439,1647
1479,1442,1441,1468,1459,1438,1467,1460
114,1445,1591,113,1503,1473,116,1622
1503,1501,1444,1502,127,1445,1504,120
1427,101,97,1414,1591,1471,1445,1282
1234,1486,1484,1564,1466,1914,1810,1199
92,94,90,1476,1415,1335,1593,1407
1593,1541,1475,1333,1335,1567,90,92
1451,1380,1309,1304,1266,1793,1354,1379
1408,1359,1286,1443,1583,1347,1285,1331
1460,1468,1459,1470,1499,1498,1467,1442
1487,1481,1506,1464,1488,1482,-1,-1
1489,1590,1480,1178,1464,1488,1786,1487
1505,1465,1508,1464,1506,1480,1507,1388
1299,1346,1323,1297,1160,1087,1432,-1
1235,1234,1474,1486,1198,1197,1238,1485
1700,1671,293,1486,290,1914,295,1235
1914,1474,1484,1485,1235,1564,1671,1234
1480,1552,1506,1553,1488,1481,1513,-1
1590,1487,1589,1481,1552,1480,1381,1489
1590,1179,1178,1481,1303,1225,1488,1381
1129,1222,941,1307,1127,987,981,1091
1336,1400,1313,1312,1389,1337,1338,1401
1494,1423,1656,1777,1422,1424,1734,1644
1494,1422,1403,1594,1402,1310,1598,1644
1644,1422,1493,1594,1492,1423,1777,1618
1555,1556,1379,1497,1554,1558,1496,1557
1578,1793,1452,1379,1557,1429,1495,-1
1554,1379,1302,1381,1495,1380,1558,1589
1542,1460,1570,1521,1499,1458,1708,1479
1498,1521,1479,1500,1468,1460,1520,1467
1467,1499,1468,1573,1619,1520,1521,1469
1444,1523,1472,1443,1504,1283,1583,1445
133,1560,127,137,1524,1504,1472,141
116,120,118,114,1472,1445,1471,127
1523,1524,1502,1522,1472,1501,1531,1560
1507,1514,1508,1605,1482,1515,1465,1606
1487,1513,1480,1508,1482,1553,1579,-1
1505,1465,1421,1605,1714,1482,1514,1387
1579,1505,1515,1514,1506,1513,1482,-1
1378,1419,1540,1371,1264,1714,1377,1615
1921,1536,1446,2396,1456,1511,1532,1633
1633,1455,1921,1456,1719,1510,1529,1725
275,1517,273,277,1548,279,271,1404
1579,1561,1506,1553,1588,1508,1515,1586
1515,1606,1505,1605,1587,1508,1579,1507
1579,1514,1587,1586,1508,1606,1505,1513
1226,1225,1889,1131,1304,1130,1179,1266
1512,1547,279,281,277,275,1548,1550
1519,1431,1958,1374,1691,1811,1430,1689
1689,1518,1691,1690,1374,1688,300,302
1521,1571,1574,1573,1500,1499,1572,1570
1570,1520,1498,1499,1572,1571,1542,1500
1358,1523,1504,1357,1531,1583,1524,1501
1501,1583,1522,1504,1443,1358,1472,1444
1560,1390,1391,1504,1502,1531,137,1522
1693,1527,1580,1581,1453,1463,1582,1692
1673,1566,2074,1581,1453,1565,1334,1675
1525,1361,1528,1461,1463,1453,1595,1580
1334,1361,1305,1527,1272,1453,1325,1525
1530,1457,1455,1719,1677,1511,1672,-1
1457,1597,1672,1529,1348,1455,1440,-1
1391,1522,1357,1524,1435,1384,1504,1390
1921,1536,1533,1433,1510,1650,1534,1633
1721,1534,1608,1532,1650,1433,1740,1535
1535,1608,1533,1433,1610,1532,2211,1362
1534,1362,2211,1610,1433,1608,1363,1569
1434,1532,1510,2396,1433,1921,1446,1363
18,13,15,22,1563,1538,12,26
1537,1563,1692,22,1462,26,18,1660
1543,1458,1545,1542,1341,1708,1546,1343
1419,1714,1509,1605,1615,1371,1606,1378
1476,1565,1333,1603,1567,1566,1733,1593
1708,1498,1458,1543,1539,1570,1592,1460
1539,1592,1708,1542,1546,1545,167,162
1729,139,1841,1559,141,1545,1392,1546
1539,1392,1546,1543,1544,1341,1729,1559
1624,162,1543,1559,1545,1592,167,1544
1549,1517,281,283,1621,1550,285,279
1512,1404,1406,273,1517,1550,275,1454
285,1547,287,1655,283,1621,1604,288
1810,1547,1548,1517,1621,1564,1454,1512
1139,953,1140,1268,1141,954,1171,1224
1487,1709,1562,1589,1488,1553,-1,-1
1487,1561,1513,1681,1552,1506,1562,-1
1558,1497,1589,1381,1495,1555,1379,1709
1556,1558,1715,1584,1495,1554,1585,1576
1555,1576,1557,1495,1584,1616,1715,1558
1556,1578,1576,1577,1496,1575,1495,1555
1554,1555,1715,1589,1709,1495,1497,1556
1841,1624,1665,1546,1544,1623,1699,162
137,1390,141,1502,1524,133,1729,139
1681,1588,1513,1626,1553,1579,1635,-1
1680,1679,1552,1709,1682,1681,1553,-1
1710,1537,15,1538,12,14,1660,13
1474,1621,1810,1914,1466,1486,1550,1547
2074,1541,1733,1526,1603,1643,1566,1673
1526,1333,1334,1325,1565,1541,1453,2074
1600,1603,1593,1601,1602,1476,1541,87
896,863,1095,1014,862,897,838,1012
2211,1417,1609,1366,1611,1610,1612,1535
1708,1521,1632,1498,1542,1572,1592,1499
1640,1572,1574,1520,1703,1704,1521,1705
1571,1521,1570,1632,1651,1703,1520,1640
1654,1574,1500,1520,1619,1639,1704,1824
1704,1571,1640,1573,1639,1520,1795,1654
1577,1576,1857,1617,1763,1557,1667,1616
1616,1556,1575,1584,1557,1617,1555,1577
1667,1575,1578,1653,1557,1763,1576,-1
1557,1653,1577,1429,1496,1658,1667,1452
1515,1513,1586,1588,1508,1561,1514,1587
1692,1582,1693,1525,1463,1660,1659,1462
1693,1673,1525,1453,1526,1661,1582,2074
1659,1693,1580,1660,1661,21,2018,19
1523,1358,1359,1443,1522,1478,1501,1260
1616,1585,1555,1556,1715,1576,1702,1701
1715,1682,1717,1584,1702,1616,1680,1555
1853,1579,1515,1588,1587,1625,1513,1514
1515,1606,1789,1514,1614,1853,1586,1579
1579,1561,1586,1626,1513,1625,1515,1742
1554,1709,1558,1381,1488,1552,1590,1497
1489,1303,1488,1381,1481,1589,1179,1178
1622,100,1471,101,99,104,1473,113
167,1708,162,1543,165,1631,1546,1632
90,89,1600,1476,87,1567,92,1475
1598,1618,1494,1493,1644,1599,1402,1416
1461,1360,1361,1271,1399,1449,1527,1272
1437,1439,1647,1666,1670,1597,1440,-1
1530,1440,1672,1596,1666,1348,1457,1437
1599,1402,1594,1416,1618,1417,1493,1320
1598,1638,1417,1618,1416,1611,1594,1637
87,86,1593,1601,89,1567,85,90
1600,1683,86,85,1602,1629,87,1567
1601,1603,1630,1629,1567,1628,1600,1733
1733,1567,1602,1541,1565,1628,1643,-1
288,287,292,1655,285,291,1549,1671
1540,1606,1507,1505,1514,1714,1615,1419
1514,1615,1614,1605,1587,1515,1540,1818
1766,1609,1608,1610,1740,1613,1612,1534
1534,1607,1740,1610,1533,1535,1721,1766
1612,1569,1607,1610,1611,1613,1662,1766
1535,1534,1608,1609,1569,2211,1607,1362
1612,1417,1569,1662,1638,1609,1599,1366
1609,1662,1611,1613,1569,1638,1607,1827
1612,1662,1766,1609,1828,1827,1837,1607
1818,1606,1789,1615,1790,1587,1418,1430
1419,1606,1540,1818,1614,1418,1605,1371
1701,1584,1576,1617,1702,1585,1856,1556
1857,1616,1701,1856,1575,1576,1854,1763
1637,1594,1645,1638,1599,1644,1598,1663
1467,1648,1469,1500,1654,1573,1620,1649
1469,1646,1649,1670,1648,1647,1619,1467
1549,1564,1547,1914,1655,1550,285,1810
104,111,105,1591,109,113,99,100
1699,1698,1665,1664,1841,125,126,1559
162,1665,152,1559,1546,167,144,1664
1742,1932,1879,1586,1588,1853,1865,1626
1742,1635,1588,1561,1634,1681,1625,1636
1095,1053,838,837,1151,1014,1049,863
1733,1641,1602,1603,1642,1643,1697,1630
1732,1683,1630,1730,1601,1602,1731,79
1629,1759,1642,1602,1731,1628,1758,1775
165,1652,161,1632,167,164,1592,154
1631,1708,1570,1651,1572,1592,1652,167
1921,1725,1719,1511,1650,1532,1724,1510
1636,1742,1744,1743,1741,1635,1626,1932
1636,1706,1681,1626,1679,1634,1561,1742
1706,1743,1635,1634,1707,1772,1741,1679
1663,1618,1645,1638,1830,1874,1662,1599
1637,1599,1662,1663,1611,1618,1612,1417
1704,1824,1574,1788,1654,1573,1787,1795
1705,1704,1571,1795,1574,1703,1809,185
1805,1697,1757,1642,1628,1760,1860,1771
1758,1641,1760,1630,1757,1759,1628,58
1733,2074,1697,1687,1675,1565,1628,1603
1494,1777,1645,1618,1594,1492,1637,1804
1637,1804,1644,1618,1830,1777,1829,1663
1649,1694,1620,1647,1712,1670,1676,1648
1670,1646,1694,1596,1666,1620,1676,1439
1649,1654,1619,1776,1768,1620,1646,1469
1646,1648,1768,1620,1712,1694,1776,1619
1633,1721,1725,1921,1723,1532,1533,1724
1652,1851,1632,1727,1572,1631,1703,166
164,166,1851,1631,1651,157,160,1791
1658,1428,1578,1667,1577,1657,1429,1424
1573,1824,1648,1776,1639,1619,1574,-1
1604,288,292,1671,1549,287,291,1914
1735,1424,1428,1734,1657,1492,1423,1658
1428,1667,1668,1735,1669,1656,1653,1658
1428,1425,1653,1429,1424,1423,1578,1657
1582,21,19,2018,1660,1661,1686,17
1710,1563,21,17,1582,1692,1659,1580
1693,1673,2018,1582,1674,1659,1581,1675
1612,1663,1827,1638,1611,1613,1609,1637
1637,1874,1662,1827,1638,1830,1618,1836
1665,142,1698,144,138,1623,134,152
1624,1664,152,144,1559,1623,162,142
1987,1676,1647,1596,1597,1694,1672,-1
1577,1669,1657,1653,1763,1428,1668,1575
1735,1669,1780,1657,1761,1667,1762,1656
1668,1667,1762,1763,1657,1761,1735,1780
1439,1469,1647,1441,1620,1596,1467,1437
291,290,1655,1914,292,1485,293,288
1530,1987,1678,1597,1677,1529,1666,-1
1581,1675,2074,1526,1661,1693,1674,1565
1745,1685,1675,2018,1687,1661,1684,1673
1673,1687,2074,1674,1643,1661,1526,1745
1694,1987,1696,1666,1695,1678,1647,1646
1719,1678,1718,1529,1672,1720,1835,1987
1987,1835,1718,1677,1672,1696,1676,1769
1680,1706,1681,1716,1635,1562,1772,1636
1682,1716,1679,1562,1717,1585,1706,1709
1561,1679,1635,1553,1562,1626,1706,1513
1680,1585,1715,1709,1717,1562,1716,1679
84,1732,85,82,1601,1629,81,86
1771,1745,1687,1781,1697,1840,1805,1674
10,11,1745,1686,7,2018,1674,5
11,5,6,8,19,2018,1685,10
1684,1675,1674,1697,1745,1643,1771,2074
1748,1691,1689,304,306,1519,1746,1747
302,300,1519,304,1688,1690,299,1748
299,300,1700,296,1375,1689,1519,1374
1811,1688,1518,1431,1519,1746,1689,1748
1580,1538,1462,1463,1660,1563,1582,1710
1582,1581,1525,1580,1661,1659,1673,1660
1676,1646,1647,1695,1712,1666,1987,1649
1711,1738,1676,1696,1694,1712,1713,1769
1835,1676,1769,1987,1678,1711,1695,1694
1641,1805,1684,1687,1771,1643,1628,1733
129,134,1664,124,1623,125,138,142
131,128,1623,136,126,1841,125,139
295,296,1485,293,1375,1690,299,290
1856,1616,1702,1617,1855,1854,1909,1584
1701,1585,1616,1909,1717,1584,1855,1856
1809,1705,1727,1640,1571,1651,1728,1572
1795,1640,1639,1788,1574,191,1705,1571
1809,183,185,1795,1640,1703,188,181
1772,1636,1716,1679,1635,1707,1680,2363
1772,1636,1743,1706,1752,1773,1716,2363
1592,1542,1570,1632,1543,167,1631,1498
1682,1589,1715,1552,1558,1562,1680,1554
14,1563,17,12,1660,15,21,1537
1769,1713,1739,1770,1695,1696,1737,1835
1649,1646,1738,1768,1695,1694,1767,1736
1737,1738,1711,248,245,1739,1736,1695
1540,1377,1421,1509,1605,1378,1507,1419
1555,1585,1558,1682,1709,1584,1556,1554
1680,1772,2363,1706,1679,1717,1682,1707
1585,1680,1716,2363,1909,1682,1702,1772
1835,1750,1678,1720,1677,1794,1769,1696
1633,1725,1677,1529,1511,1720,1921,1724
1725,1750,1718,1724,1719,1677,1749,1633
1722,1533,1723,1650,1740,1608,1792,1532
1721,1792,1723,1764,1740,1756,1815,-1
1756,1721,1722,1724,1792,1650,1725,1755
1725,1756,1723,1720,1749,1650,1633,1750
1633,1724,1719,1720,1650,1921,1723,1511
2363,1891,1962,1773,1909,1772,1893,1959
1783,1851,1728,1651,1784,1703,1791,172
1809,1783,172,176,174,181,1727,183
1390,1392,1544,141,1382,1560,139,137
77,1731,79,76,1732,75,1629,81
1775,1730,1759,70,73,75,77,68
79,81,1683,82,1730,1629,77,84
1603,1643,1628,1565,2074,1541,1602,1697
1735,1779,1656,1778,1777,1780,1492,1668
1668,1656,1780,1734,1657,1428,1669,1778
241,239,1738,245,1767,237,1713,248
255,248,1739,1888,1713,261,245,258
1736,1713,1712,1695,241,1767,245,239
1737,1770,1888,1806,1713,1711,255,248
1608,1722,1721,1766,1607,1765,1764,1533
1897,1744,1743,1751,1896,1634,1636,1742
1932,1634,1744,1626,1625,1865,1741,1588
1636,1741,1707,1751,1634,1752,1706,1744
1932,1897,1741,1742,1920,1634,1865,1896
1684,1685,1781,1674,1687,7,10,1771
1811,1747,1813,1812,1688,1691,1814,1748
1748,1774,308,312,1813,1746,306,1688
306,1688,308,304,1747,312,302,1689
1750,1756,1754,1753,1755,1724,1797,1720
1718,1749,1794,1753,1720,1835,1724,-1
1743,1741,1895,1896,1901,1752,1897,1707
1707,1960,1895,1751,1743,1959,1773,1898
1797,1796,1750,1794,1749,1807,1754,1770
1797,1755,1799,1801,1749,1756,1753,1815
1754,1756,1799,1792,1815,1749,1797,1801
1755,1724,1723,1792,1749,1754,1722,1815
1760,1860,1805,23,29,1641,40,1642
63,58,1760,1759,65,1642,40,67
1775,1758,65,67,1731,1630,63,1642
40,58,1757,1758,29,1642,63,23
1668,1848,1762,1669,1780,1849,1847,1904
1669,1849,1858,1763,1761,1857,1668,1667
1857,1667,1669,1762,1575,1577,1858,1617
1722,1817,1792,1765,1816,1815,1740,-1
1766,1834,1816,1764,1828,1740,1607,-1
1607,1765,1828,1613,1740,1834,1609,1608
1736,239,237,1819,1820,1768,1738,241
1649,1776,1819,1648,1767,1712,1646,-1
1835,1711,1770,1794,1696,1739,1718,1678
1739,1769,1796,1711,1794,1806,1737,1888
1684,1840,1805,1781,1697,1782,1860,1745
2363,1706,1707,1716,1773,1726,1636,1679
1772,1726,1707,1959,2363,1752,1962,1960
312,320,1842,1908,1747,323,308,1915
68,67,1731,70,1759,65,73,1730
1824,1826,1768,1654,1648,1819,1649,1639
1779,1644,1804,1645,1492,1734,1494,1803
1780,1779,1862,1803,1734,1847,1735,1884
1777,1803,1734,1778,1804,1645,-1,-1
1668,1735,1778,1847,1761,1734,1669,1657
4,1782,1745,0,7,2,1684,1771
3,1,4,1840,1781,9,0,1771
172,170,1727,1784,1728,174,168,1851
159,1783,1791,168,170,158,153,1851
1105,1061,1050,1051,1039,1103,1786,1104
1388,1105,1178,1464,1103,1465,1481,1785
211,213,1824,1788,203,1825,1826,1639
194,191,1704,203,1787,1795,1639,188
1852,1614,1587,1812,1790,1853,1818,1811
1811,1818,1431,1614,1789,1430,1812,1691
156,159,160,1851,166,1784,164,157
1815,1722,1756,1755,1723,1764,1817,1721
1451,1379,1380,1452,1477,1496,1354,1309
1769,1835,1750,1753,1770,1796,1718,1711
188,191,1705,1704,185,1640,1788,194
1770,1808,1753,1807,1806,1794,1797,1739
1754,1807,1753,1801,1800,1749,1755,1799
1822,1888,1886,261,1821,1806,1887,258
1801,1754,1755,1815,1831,1839,1797,1817
1801,1807,1843,1823,1797,1882,1808,1754
1800,1799,1754,1797,1839,1882,1807,1755
760,872,822,756,785,871,759,774
1779,1873,1884,1804,1778,1862,1829,1777
1645,1829,1779,1777,1803,1830,1873,1637
1860,1771,1757,1840,1641,1697,1684,20
1888,1808,1821,1739,1796,1770,1798,1737
1808,1797,1796,1800,1753,1823,1801,1821
1807,1821,1806,1796,1823,1845,1800,1770
1728,183,1705,181,1703,176,185,1727
1550,1454,1466,1564,1621,1474,1196,1548
1691,1812,1431,1790,1746,1518,1688,1430
1811,1852,1789,1746,1790,1814,1691,1431
1747,1814,1842,1878,1746,1774,1906,312
1813,1906,1852,1812,1879,1746,1878,1865
1817,1792,1831,1799,1755,1764,1756,1754
1832,1817,1834,1765,1850,1867,1764,1986
1815,1831,1816,1850,1764,1832,1833,1792
1614,1430,1418,1790,1615,1419,1606,1420
1826,1820,1776,1768,1885,1767,1825,1824
233,237,235,1922,1885,1819,1767,239
1845,1808,1822,1806,1798,1823,1888,1880
1798,1880,1845,1821,1887,1886,1844,1888
1845,1843,1808,1821,1800,1844,1807,1846
1639,1776,1826,1787,1654,1788,1825,1819
213,215,1885,1826,217,1787,211,223
1825,1824,1819,1776,1787,1885,213,215
1837,1662,1663,1874,1836,1613,1612,1911
1834,1868,1766,1935,1837,1613,1765,-1
1873,1804,1830,1871,1872,1803,1884,1874
1637,1874,1829,1663,1645,1804,1872,-1
1833,1817,1839,1815,1799,1850,1838,1801
1850,1867,1986,1816,1817,1834,1925,1864
1831,1838,1850,1839,1864,1817,2102,1986
1935,1816,1867,1765,1828,1832,1868,1766
1769,1718,1678,1696,1794,1987,1750,1711
1911,1874,1872,1837,1827,1913,1868,1663
1868,1827,1911,1836,1828,1613,1935,1874
1833,1973,2102,1839,2012,1864,1882,1933
1882,1831,1799,1833,1801,1838,1815,1933
1782,9,1771,1860,16,3,1805,1781
136,1559,1699,139,1623,131,1544,141
1774,1915,1813,1908,1878,1912,1747,320
1929,1933,1800,1823,1882,1846,1926,1801
1845,1846,1881,1880,1927,1823,1822,1821
1822,1844,1821,1880,1823,1808,1798,1881
1844,1929,1926,1927,1843,1928,1823,1845
1848,1780,1862,1863,1861,1778,1761,-1
1904,1870,1761,1861,1847,1849,1903,-1
1904,1762,1905,1848,1858,1903,1761,1870
1832,1833,1817,1986,1831,1816,1864,1867
1791,1652,1727,166,1784,1651,160,156
1812,1879,1853,1789,1814,1906,1587,1790
1586,1852,1879,1789,1587,1625,1515,1812
1856,1857,1902,1858,1617,1892,1701,-1
1701,1856,1891,1890,1909,1702,1892,-1
1701,1854,1855,1892,1617,1857,1616,1902
1617,1763,1854,1858,1575,1856,1762,1576
1762,1857,1854,1849,1905,1902,1763,-1
256,254,1886,1894,258,1964,251,261
20,16,23,1805,1840,1757,9,29
1870,1863,1848,1869,1939,1847,1904,1974
1884,1778,1863,1847,1883,1803,1873,-1
1974,1861,1862,1883,1847,1939,1884,-1
2102,1986,1833,1850,1983,2120,1838,1832
1932,1906,1879,1920,1907,1625,1744,1742
1924,1923,1925,1935,1917,1867,1868,1985
1832,1834,1935,1986,1866,1925,1816,1850
1935,1837,1923,1911,1828,1866,1834,1836
1942,1939,1870,1941,1861,1940,2010,1996
1904,1942,1861,1848,1869,1903,1849,1969
1877,1873,1872,1829,1875,1876,2265,1884
1874,1871,1836,1875,1829,1830,1913,1877
1884,1829,1871,1803,1876,1804,1877,1883
1663,1836,1830,1827,1872,1637,1837,1662
1877,1913,1871,1938,1918,1872,2265,-1
1877,1873,1884,2265,1955,1871,1883,1975
2265,1875,1871,1876,1938,1955,1873,1918
1906,1842,1907,1813,1912,1979,1814,1915
1852,1865,1906,1853,1814,1625,1932,1812
1822,1881,1845,1887,1844,1982,1821,1798
1880,1927,1982,2009,1844,1845,2007,1943
1933,1839,1843,1801,1973,1800,1838,1929
1884,1974,1975,1876,1863,1862,1955,1873
1873,1862,1803,1883,1876,1871,1778,1829
1825,1922,1820,223,217,1826,1819,215
1859,258,261,1887,1798,256,1964,254
1886,1822,1880,1964,1992,1982,1798,1859
255,261,1737,1798,1739,1806,258,248
1130,1516,1131,1042,1226,1040,1225,1263
1961,1893,1891,1892,2037,1855,2068,1856
1726,1893,1890,1909,1855,1962,1961,2363
1856,1890,1902,1971,1854,2037,1855,1961
1961,2068,1891,1963,1962,1890,1726,2005
254,1965,251,250,1859,253,1964,256
1898,1960,1901,1751,1752,1899,2017,1900
1897,1919,1901,1741,1751,1930,1744,1900
1919,1744,1896,1741,1920,1932,1931,1751
2017,1960,1895,1899,1967,2016,1959,1752
2028,1898,1900,2017,1895,1901,2016,1934
1901,2052,1934,1930,1899,2028,1896,2066
1900,1896,1895,1751,1930,1899,1898,2052
1905,1854,1970,1892,1971,1858,1856,-1
1904,1972,1942,1870,1905,1969,1849,1848
1903,1849,1870,1848,1942,1905,1861,1761
1902,1903,1970,1849,1972,1858,1904,-1
1865,1814,1878,1907,1879,1813,1852,1932
1906,1920,1878,1931,1979,1865,1932,1912
323,1915,320,1774,325,1948,1842,312
2363,1726,1891,1702,1717,1855,1701,1585
1917,1923,1911,1916,1913,1868,1918,2002
1836,1868,1910,1923,1913,1837,1917,1935
1915,1979,1978,1842,1980,1878,1908,1948
1910,1875,1911,1918,1836,1872,1916,1923
1671,1486,1621,1655,1564,1485,291,1474
1908,1978,1912,1948,1842,323,1774,325
1910,1936,1917,1918,2002,2097,1913,1923
1924,2002,1910,1923,1866,1916,1911,1985
1938,1936,1916,1875,1913,1937,1910,1877
1897,2051,1931,1896,1930,1920,1741,1744
1897,1907,1932,1744,1919,1865,1931,1906
1633,1532,1510,1511,1650,1536,1725,1719
227,230,232,235,236,1885,223,1820
1868,1917,1910,1866,1911,1935,1924,1837
1985,1866,1917,1925,2002,2036,1923,1983
1983,1924,1866,1986,1867,1985,1832,1984
1929,1928,1944,2106,1846,1933,1946,1927
1881,1928,1844,2009,1943,1846,1926,1880
1926,1945,1927,1946,1943,1944,1846,298
1933,1926,1843,1846,2106,1973,1882,1944
2051,1900,1919,1896,2052,1901,2050,1897
1979,2051,1919,1907,1920,2070,1897,1980
1865,1744,1742,1920,1625,1897,1879,1634
1929,1882,1973,2106,1843,1926,1838,1846
2028,1900,2064,2066,2052,2065,1899,2027
1868,1834,1866,1923,1867,1828,1837,1911
1949,1916,1918,1937,2097,1952,2002,-1
1936,1950,1938,1918,1952,1949,1951,-1
2265,1877,1918,1951,1875,1937,1955,-1
1974,1869,1996,1995,1861,1940,1863,-1
2010,1996,2057,1869,2063,1941,1939,1995
1942,2010,1968,1869,2011,1940,1969,-1
1870,1969,1869,1941,1903,1904,1968,1972
286,1945,284,289,2009,1927,1928,294
1946,1926,2106,2073,2013,1928,2072,1929
297,294,298,1943,289,1946,1928,286
2072,298,1944,301,1945,2073,297,1928
352,1953,354,340,1954,331,1991,357
1953,325,327,1978,1908,1915,323,331
2117,1952,1936,2097,2113,1937,2095,-1
2094,1957,1937,1952,2024,1951,2025,2092
2265,1956,1938,1957,1950,1955,1937,1877
2094,2117,1949,1950,1937,2118,2092,1936
1948,1947,1954,1978,331,327,340,352
1953,2071,1978,1947,1991,1980,1948,1999
2265,1975,1956,1876,1883,1951,1877,1989
1989,1955,1957,1951,1975,1988,2265,1995
2025,1950,1956,1988,1951,2024,2086,1989
1518,1420,1430,1431,1236,1374,1238,1519
1960,2005,1962,1773,1752,1967,1898,1963
1898,1959,1895,1752,1967,2005,2017,1773
2068,2037,1893,1890,2004,1963,1891,2034
1726,1893,2005,1959,1891,1963,1773,2068
2068,2005,2006,1893,1962,2003,1961,2004
1859,1965,1894,1992,1966,1886,1887,254
264,260,1894,253,1966,1964,266,250
266,264,1965,2008,268,1992,1964,260
2005,2017,1898,2081,1960,2006,1959,2029
2000,1969,2011,1941,2001,1976,1942,2010
1942,1972,1968,1976,1903,1941,1870,2000
2019,1972,1971,1905,1902,1977,2020,1903
2037,2019,1970,1902,1892,2034,1961,2020
1970,1969,1903,1977,1905,1976,2019,1942
1933,2106,2012,1838,1882,2013,1929,2102
1975,1995,1863,1939,1883,1996,1989,1861
1955,1974,1989,1995,1956,1883,2265,1876
2000,1977,1968,1969,2014,1972,2015,2020
2019,2020,1976,1972,1970,2014,1971,2034
1915,1980,1953,1948,1954,1912,1908,1947
1912,1931,1907,1980,2070,1878,2051,1978
1978,2070,2071,1912,1954,1979,1915,1953
2103,2007,2008,1992,276,1982,278,274
1881,1981,1992,2007,1880,1887,2009,2103
1925,2120,1984,1986,1864,1985,1924,2102
2155,1985,1983,2120,2035,1925,319,2036
1924,1984,2036,1925,2035,2002,1983,1866
1832,1983,1925,1864,1867,1850,1816,1833
1678,1676,1666,1672,1696,1835,1694,1677
1989,1994,2025,2086,1956,1957,1993,2085
1956,1995,1993,1975,1988,1996,1994,1955
362,359,364,1991,357,1997,354,366
1990,1954,1999,1947,354,357,2071,1997
1981,1966,1964,2008,1982,1887,2103,1965
1994,1989,2057,1996,1995,1988,2056,2063
2086,2085,1993,1988,2056,2058,2025,1989
1996,1989,1974,1975,1939,1993,2057,1940
1995,2057,1940,1993,1939,1989,2063,1974
1990,1999,1998,364,2046,2047,1991,362
366,368,364,2048,2047,1997,370,362
2071,1997,2046,2049,1991,1990,1954,2116
1968,2023,2015,2001,1976,2011,2014,2043
2011,2000,2023,2160,1968,2021,2022,2161
2036,1917,1924,2097,1916,1985,2095,1910
2068,2006,2004,2031,1963,2032,2030,1961
2068,1961,2034,2032,2037,2003,1963,1893
1963,1959,1967,2006,1962,1960,1893,2081
2081,1963,2005,2003,2030,1967,2068,2040
280,278,1981,282,276,2009,1982,2103
2103,268,270,1966,272,1981,1992,266
282,2007,1881,1943,284,1927,280,1982
2011,1940,2161,2063,1941,2057,2160,1996
2010,2001,2160,1968,2161,1941,2000,1940
2102,2105,1973,2013,1838,2119,2140,2106
2105,2106,2073,1944,2012,2104,1973,-1
2020,2015,1977,2067,1976,2101,2019,2000
2000,2014,2023,2043,2101,1976,2022,-1
2017,2028,2027,2029,2026,1899,1898,2064
1898,2016,2029,1967,1899,2028,1960,2081
1686,1659,1685,1674,1661,19,11,21
2020,1971,1977,1970,2034,2037,1972,2014
2019,2014,2034,1977,2067,1971,1970,2032
2182,2022,2160,2001,2023,2088,2044,-1
2023,2042,2044,2043,2021,2045,2182,2001
2022,2000,2001,2043,2015,2021,2042,1968
2025,2094,2092,2053,2054,1950,1957,2086
2086,1957,2024,2053,1988,2055,1994,1950
2027,2079,2112,2082,2016,2083,2029,2069
2069,2028,2064,2016,2082,2026,2151,2083
2016,2064,1934,2027,1899,2017,1900,2069
2081,2017,2040,2016,2079,2026,1967,-1
2040,2031,2081,2041,2006,2003,2076,-1
2038,2030,2039,2032,2076,2003,-1,-1
2004,2039,2031,2034,2003,2067,2068,2038
1070,926,948,927,970,968,969,977
2020,2019,2004,2037,2032,1971,2067,1961
324,2096,2036,1984,322,2095,326,1985
2095,2002,2035,1985,2097,2096,1924,2113
1961,1971,1890,2004,2034,1892,2019,2068
2098,2188,2076,2039,2031,2077,2121,2180
2038,2121,2032,2098,2031,2067,2180,2188
2081,2041,2079,2030,2029,2006,2078,-1
2040,2075,2078,2076,2079,2030,2159,2077
2045,2022,2043,2080,2061,2044,2059,2023
2022,2042,2023,2015,2080,2101,2000,-1
2022,2182,2045,2090,2042,2021,2060,-1
2042,2060,2059,2061,2044,2062,2022,2080
1999,2131,2116,2049,1997,2047,2071,1998
1998,2132,2130,2046,1997,2131,2048,366
368,370,2132,1998,2178,372,2107,366
2071,1999,2116,2050,2046,2070,2051,1980
2051,2052,2049,2116,2070,1930,2066,1919
1919,2050,1931,2070,1930,2052,1979,1896
2066,1900,2050,1934,1930,2116,2051,2065
2055,2054,2025,2086,2024,2084,2087,2092
2087,2092,2053,2024,2093,2084,2109,2094
2053,2108,2086,2085,2084,2025,2058,2110
2300,1994,2057,2058,2085,2063,2144,1993
2063,1996,1993,2056,1940,2010,1995,1994
2300,2085,2122,2212,2108,2056,1994,2055
2062,2061,2045,2127,2115,2060,2171,2091
2045,2062,2091,2044,2089,2090,2059,-1
2059,2080,2045,2099,2042,2115,2100,2062
2059,2171,2091,2127,2060,2045,2170,2331
2057,2161,2010,2144,2056,1940,1996,2300
2069,2028,2065,2027,2151,1934,2066,2082
2066,2151,2064,2137,2131,1934,2069,2116
2065,2116,2052,1934,2131,2064,2050,1900
2020,2039,2121,2014,2032,2034,2101,-1
1963,1961,2004,1893,2003,2037,2006,1890
2082,2151,2064,2027,2149,2150,2065,2208
2051,1980,2050,2049,2071,1931,1979,1912
1954,1999,2049,1980,2070,1991,1978,1953
303,301,2073,305,1946,298,307,1944
2072,305,2104,307,1944,1946,303,2013
1673,1565,1675,1526,1643,1733,1687,1581
2077,2159,2041,2078,2221,2076,2166,2188
2038,2077,2075,2041,2031,2188,2030,2098
2221,2188,2075,2222,2076,2038,2159,2399
2159,2112,2075,2079,2041,2158,2040,2167
2040,2078,2112,2026,2041,2029,2081,2075
2100,2061,2042,2043,2099,2101,2180,2045
2040,2006,2029,2030,1967,2005,2079,2017
2069,2083,2027,2150,2149,2026,2064,2151
2082,2167,2112,2150,2264,2026,2069,2027
2110,2055,2087,2109,2053,2054,2108,2204
2058,1994,2086,2055,2108,2056,2300,2122
2025,1994,2055,2085,2053,1988,2108,1957
2109,2054,2093,2202,2084,2092,2053,2201
2162,2182,2153,2160,2181,2021,2161,2144
2142,2141,2090,2152,2060,2143,2091,-1
2182,2152,2044,2089,2153,2060,2141,-1
2331,2062,2142,2171,2060,2170,2089,2059
2094,2054,2093,2024,2118,2087,1952,2053
2087,2092,2157,2202,2156,2054,2118,2109
1952,2092,2024,1950,2118,2117,2054,-1
2096,2036,2113,2097,2035,326,328,324
326,2095,328,324,2035,2113,333,2036
2095,2036,1949,1936,2002,2113,1916,2096
2180,2188,2038,2121,2039,2179,2100,2222
2100,2061,2128,2115,2080,2179,2180,-1
2180,2080,2099,2121,2179,2101,2098,2061
2121,2043,2015,2014,2080,2100,2067,2180
2012,1864,2120,2119,1838,1833,2105,1973
274,276,272,2008,1981,270,278,268
2133,2105,2073,311,2140,315,2013,309
2140,2012,2104,2013,2119,310,311,313
1929,1933,1926,1944,1973,2013,2012,1843
372,373,2177,2178,2148,2164,370,375
2055,2122,2110,2111,2085,2058,2084,2086
2087,2204,2202,2201,2084,2110,2203,2054
2111,2204,2084,2108,2124,2109,2055,2345
2110,2122,2125,2123,2108,2124,2217,2058
2078,2083,2167,2079,2026,2158,2159,2082
2095,2096,2136,2117,333,328,1949,2097
339,333,347,2136,2402,2190,348,328
2127,2129,2099,2128,2059,2061,2126,-1
2066,2049,2050,2052,2046,2131,2065,1999
2136,1952,1949,2118,2113,2094,2190,-1
2117,2092,2094,2190,2136,2093,2157,1952
2145,2120,2102,2140,2105,2012,313,2155
1983,2119,1984,2102,1864,2155,2145,1986
2180,2098,2039,2101,2100,2067,2038,2080
2058,2123,2111,2108,2212,2300,2085,2110
2122,2217,2218,2111,2125,2212,2058,2108
2345,2110,2111,2224,2125,2219,2204,2481
2217,2224,2111,2123,2124,2223,2299,2122
2129,2185,2196,2187,2186,2128,2115,-1
2171,2129,2062,2059,2115,2189,2170,-1
2216,2185,2099,2115,2126,2179,-1,-1
2127,2187,2126,2115,2189,2171,2196,-1
2132,2138,2137,2047,2131,2139,2208,2048
2137,2046,2066,2116,2065,2130,2047,-1
2130,2048,2178,2139,2047,1998,2138,2107
314,315,309,316,2104,311,307,310
1274,1252,1273,1386,1250,1269,1185,1241
387,2238,385,389,2147,382,2154,381
2114,2117,2190,2113,333,2118,339,328
2208,2151,2130,2131,2065,2138,2214,2066
2208,2214,2130,2213,2139,2137,2132,2330
2178,2213,2132,2176,2138,2130,2294,2164
310,313,2105,311,2145,2119,2104,317
2152,2143,2184,2192,2089,2209,2183,2090
2175,2331,2089,2172,2091,2143,2141,2225
2141,2175,2209,2142,2192,2210,2089,2184
2300,2162,2063,2161,2212,2056,2181,2058
317,318,313,319,2119,2155,2140,310
379,377,2238,381,2148,2177,2258,2147
2238,2135,2165,2146,2258,2154,381,382
2177,2164,2258,2146,2107,375,377,373
2150,2208,2069,2151,2230,2214,2082,2220
2220,2149,2264,2083,2082,2230,2069,2167
2069,2208,2065,2137,2064,2149,2082,2027
2141,2184,2153,2090,2183,2089,2182,2192
2152,2088,2182,2183,2181,2090,2184,2162
2135,389,2173,2147,391,2174,2165,387
319,1984,2145,321,318,322,2035,2120
2202,2157,2206,2093,2207,2401,2201,2087
2401,2156,2190,2093,2206,2118,2202,2233
2159,2167,2078,2168,2166,2112,2169,2075
2075,2078,2158,2221,2166,2077,2168,2041
2161,2088,2162,2011,2001,2021,2010,2182
2063,2162,2010,2160,2011,2144,2088,2057
2088,2144,2161,2160,2181,2063,2300,2153
2258,2273,2164,2176,2165,2294,2257,2148
2148,2176,2107,2258,2178,2177,2163,2146
2147,2173,2258,2257,2154,2163,2238,2135
2168,2159,2221,2399,2199,2158,2075,2197
2264,2083,2158,2112,2169,2150,2078,-1
2200,2166,2197,2158,2199,2169,2198,2159
2198,2167,2264,2263,2200,2158,2168,2229
2171,2331,2280,2447,2189,2091,2062,2127
2170,2127,2062,2091,2189,2331,2059,2129
2331,2225,2280,2175,2142,2281,2227,2170
2275,2154,2165,2257,2174,2147,2334,2288
2334,394,391,396,2154,398,2173,2289
2142,2225,2172,2143,2210,2331,2226,-1
2164,2294,2178,2139,2163,2148,2107,2258
375,2148,373,377,2107,2146,372,379
2107,2132,2176,2048,2164,2139,372,2148
2180,2098,2216,2222,2188,2099,2100,2128
2100,2098,2179,2121,2188,2099,2039,2038
2162,2212,2183,2218,2088,2153,2144,2300
2088,2090,2153,2021,2044,2152,2160,2022
2184,2218,2153,2152,2181,2191,2141,2192
2183,2192,2141,2152,2191,2153,2218,2143
2215,2216,2126,2186,2128,2195,2196,-1
2196,2195,2194,2185,2193,2126,2468,2215
2196,2129,2306,2392,2126,2189,2186,-1
2077,2098,2038,2222,2076,2179,2180,2221
2171,2170,2491,2129,2392,2187,2127,2447
2401,2114,2136,2157,2402,2118,339,2233
2217,2184,2237,2218,2192,2183,2223,2123
2184,2209,2141,2237,2191,2143,2270,2152
2194,2196,2307,2357,2306,2186,2375,2404
2468,2404,2193,2186,2375,2195,2296,2196
2215,2468,2296,2186,2185,2194,2199,2404
2186,2187,2306,2193,2126,2194,2129,2185
2296,2200,2236,2199,2168,2295,2468,2235
2263,2200,2235,2169,2247,2168,2229,2236
2296,2399,2215,2197,2166,2168,2195,2468
2198,2168,2235,2197,2236,2169,2263,2247
2203,2202,2109,2259,2204,2207,2156,2345
2156,2201,2109,2087,2093,2207,2157,2204
2345,2481,2201,2259,2291,2204,2219,2109
2109,2345,2110,2203,2201,2124,2084,2087
348,346,2242,2402,2241,347,2266,2243
2156,2233,2401,2232,2234,2157,2207,2365
2259,2232,2156,2201,2206,2202,2292,2303
2214,2137,2151,2138,2149,2230,2069,2130
2192,2270,2254,2143,2210,2237,2141,2269
2175,2254,2228,2209,2226,2225,2143,-1
1535,1362,1569,1366,1364,1610,1321,1417
2300,2122,2058,2218,2123,2181,2144,2162
2387,2330,2138,2139,2214,2294,2279,2176
2208,2230,2330,2138,2213,2149,2231,2137
2399,2195,2185,2216,2199,2296,2222,2186
2222,2215,2185,2128,2399,2179,-1,-1
2123,2125,2223,2191,2218,2111,2224,2183
2183,2217,2123,2212,2181,2191,2122,2184
2345,2481,2389,2224,2344,2124,2299,2203
2230,2264,2231,2150,2229,2330,2149,2083
2077,2159,2166,2399,2075,2222,2188,2078
2077,2188,2399,2216,2221,2179,2215,2098
2217,2299,2463,2125,2224,2237,2191,2123
2299,2219,2125,2389,2124,2223,2345,2463
2172,2227,2175,2226,2210,2281,2280,2142
2225,2228,2227,2278,2314,2210,2255,2175
2225,2314,2226,2388,2281,2172,2453,2278
2255,2254,2226,2278,2256,2210,2269,2312
2263,2220,2231,2262,2264,2319,2169,2198
2220,2214,2330,2231,2150,2149,2208,2279
2279,2220,2230,2330,2319,2229,2214,2333
2339,2234,2303,2206,2207,2233,2365,2366
2365,2401,2241,2234,2206,2402,2271,2232
2365,2339,2232,2233,2366,2271,2206,2241
2198,2247,2249,2200,2236,2263,2317,2169
2235,2197,2249,2248,2200,2295,2198,2247
2270,2283,2191,2463,2192,2223,2209,2217
381,2135,382,2147,2146,379,385,387
2240,2250,2320,353,350,2252,355,361
350,351,2239,2320,353,341,344,349
2365,2233,2205,2271,2243,2402,2234,2401
346,2267,2266,334,2205,2244,348,330
2241,2246,2271,2242,2244,2205,2245,2365
2267,2316,2297,2242,2246,338,2243,332
2271,2374,2364,2246,2373,2366,2243,2365
2315,2373,2316,2243,2244,2245,2297,2271
2317,2235,2262,2249,2263,2198,2341,2318
2335,2249,2236,2341,2342,2295,2235,2336
2247,2235,2341,2248,2317,2236,2263,2380
361,2239,360,2251,356,355,363,358
363,361,2252,2260,365,2250,360,2261
2251,2253,2260,2239,2286,2250,2287,361
2285,2252,2320,2287,2239,2321,2298,2308
2270,2228,2269,2209,2210,2256,2283,2255
2278,2312,2256,2277,2228,2226,2313,2254
2255,2268,2269,2228,2277,2254,2276,2282
2165,2274,2272,2173,2273,2275,2163,-1
2148,2146,2147,2163,2165,2164,2177,2238
2203,2291,2201,2207,2292,2302,2481,2202
2261,2251,2347,2252,2351,2286,365,367
367,369,2260,365,2351,2500,363,2251
2247,2319,2263,2318,2317,2229,2482,2235
2198,2247,2229,2235,2262,2169,2200,2317
2220,2167,2150,2169,2083,2229,2230,2263
1877,1955,1938,1951,1876,1956,1875,1871
346,334,348,2242,330,347,2267,2205
332,329,2242,330,338,334,2244,2266
2282,2276,2269,2256,2284,2283,2277,2290
2283,2268,2270,2254,2256,2282,2290,2276
2283,2209,2269,2254,2237,2192,2463,2282
2365,2366,2245,2241,2234,2243,2233,2364
2274,2358,2311,2257,2400,2275,405,2309
2505,2274,2163,2293,2257,2294,2387,2176
2272,2293,2273,2400,2257,2358,2505,2471
2173,2288,2311,2334,2272,2257,2174,403
2268,2277,2329,2403,2256,2284,2282,2255
2255,2312,2276,2329,2256,2328,2480,2268
2255,2314,2226,2312,2313,2228,2405,2227
2333,2330,2231,2387,2319,2482,2505,2230
2331,2447,2172,2170,2281,2225,2171,2091
2280,2227,2453,2172,2447,2225,2388,2446
2290,2268,2283,2269,2284,2323,2322,2463
2463,2270,2290,2269,2282,2237,2268,2322
2326,2282,2268,2403,2276,2323,2324,2290
2253,2308,2298,2320,2321,2287,345,2340
2287,2347,2260,2353,2346,2252,2253,2351
2286,2321,2253,2346,2348,2252,2285,2353
406,403,408,2334,2289,2275,405,2311
410,407,2334,408,401,2288,406,398
2282,2322,2283,2463,2323,2299,2269,2268
2302,2481,2259,2473,2203,2344,2292,2305
2302,2304,2259,2303,2291,2305,2301,2207
2332,2274,2505,2471,2333,2273,2400,2482
2176,2505,2387,2213,2273,2163,2139,2164
2404,2468,2236,2296,2335,2336,2248,2197
2468,2197,2199,2195,2295,2404,2215,2194
337,338,2316,2340,336,2244,335,332
345,343,342,2285,2320,2340,344,2308
2463,2224,2322,2389,2223,2290,2219,2125
2058,2144,2056,2212,2122,2085,2063,2181
2305,2304,2337,2360,2379,2292,2302,2303
2305,2292,2291,2473,2301,2259,2304,2397
2304,2339,2232,2292,2337,2338,2207,2301
2303,2301,2292,2337,2305,2302,2338,2339
2302,2301,2473,2397,2379,2292,2304,2291
2196,2307,2187,2355,2392,2193,-1,-1
2354,2306,2357,2355,2356,2193,2376,2391
2285,2340,2315,2316,2321,2298,2297,343
414,2358,2310,420,405,2362,2311,426
426,438,2434,447,437,420,2309,429
405,403,2272,2358,2275,2288,414,2309
2480,2255,2277,2278,2313,2328,2406,2256
2406,2405,2480,2312,2278,2407,2314,2255
2405,2278,2227,2226,2388,2313,2225,2407
2316,2373,2308,2321,2246,2348,2340,2285
2297,2315,2308,2244,2340,2246,337,338
2247,2380,2249,2318,2341,2262,2235,2263
2482,2458,2317,2262,2383,2380,2319,2247
2482,2279,2262,2231,2333,2318,2229,2332
2240,351,2298,344,2239,2285,2253,350
2287,2315,2308,2285,2348,2253,2373,2316
2290,2299,2389,2325,2323,2463,2282,2283
2290,2322,2324,2282,2327,2325,2284,2326
2326,2327,2349,2323,2284,2350,2412,-1
2389,2327,2322,2343,2344,2323,2412,2299
2428,2324,2403,2349,2284,2427,2436,2323
2412,2325,2324,2343,2323,2350,2398,2322
2480,2462,2312,2414,2277,2329,2415,2406
2414,2276,2277,2403,2436,2328,-1,-1
2279,2214,2387,2230,2231,2213,2220,2333
2091,2280,2172,2170,2142,2171,2175,2447
2471,2482,2333,2458,2293,2505,2400,2422
2279,2332,2482,2505,2387,2293,2319,2471
2289,2174,2288,401,398,407,408,410
2248,2336,2390,2342,2295,2377,2404,2236
2335,2404,2377,2375,2390,2295,2378,430
2304,2469,2301,2338,2361,2303,2360,2359
2339,2469,2366,2364,2367,2337,2303,2359
2338,2232,2234,2366,2303,2364,2365,2271
343,335,2297,336,2308,337,2316,2298
2381,2249,2317,2380,2248,2342,2247,2382
2382,2335,2341,2457,2248,2381,2390,2445
2412,2473,2344,2325,2327,2397,2398,2389
2481,2343,2473,2389,2219,2325,2291,2345
2481,2203,2219,2124,2204,2224,2201,2110
2348,2353,2372,2287,2286,2371,2321,2347
2286,2351,2353,2352,2260,2261,2416,2346
2346,2373,2321,2371,2374,2287,2315,2372
2326,2427,2324,2413,2428,2350,-1,-1
2398,2412,2349,2411,2409,2327,2413,2324
2500,2261,2347,2416,2260,369,2352,367
2418,2347,2353,2416,2417,2351,2395,2507
2346,2347,2395,2352,2286,2372,2287,2417
2376,2391,2307,2356,2357,452,450,2378
2356,2465,2392,2307,2306,2464,2354,2491
2354,2391,2465,2355,2410,2307,2376,2459
2354,2376,2375,2378,2307,2193,448,450
2309,2272,2362,2400,2311,405,414,2274
2469,2470,2393,2367,2361,2338,2369,2337
2361,2301,2368,2379,2370,2337,2305,2369
2369,2360,2359,2469,2470,2337,2370,-1
2434,2358,2455,2400,2309,2422,2310,2471
1772,1726,1716,1909,1717,1773,1706,1891
2366,2367,2374,2245,2338,2271,2339,2371
2271,2233,2234,2241,2366,2243,2206,2401
2364,2339,2271,2234,2338,2245,2365,2367
2364,2393,2359,2469,2374,2338,2371,2366
2379,2429,2408,2370,2360,2409,-1,-1
2476,2470,2361,2370,2478,2359,2449,2360
2368,2449,2369,2476,2429,2360,2361,2448
2374,2372,2393,2348,2346,2367,2364,2373
2371,2395,2346,2394,2393,2353,2348,2441
2315,2348,2246,2374,2245,2321,2316,2371
2371,2364,2373,2245,2348,2367,2366,2393
2404,2357,2378,2336,2377,2194,2193,2468
450,452,448,2354,2378,2357,2391,441
432,430,2378,2336,2390,441,2375,433
441,448,2377,432,2376,2357,2375,450
2368,2397,2305,2360,2409,2301,2408,2398
2317,2385,2383,2381,2341,2318,2249,2384
2341,2382,2384,2385,2380,2342,434,435
434,2457,446,2384,2381,2342,435,453
2458,2421,2385,2380,2318,2422,2482,2471
435,436,434,2382,2381,2385,2386,442
2380,2386,2384,2383,2421,2381,2438,436
442,443,428,436,2438,2385,2384,2421
2505,2279,2330,2213,2333,2294,2231,2214
2453,2405,2227,2454,2314,2433,2281,-1
2219,2299,2322,2325,2224,2344,2481,2463
433,430,2445,2335,2377,2457,2336,2342
452,2354,2459,458,2376,2356,2410,450
2491,2355,2306,2187,2464,2189,-1,-1
2394,2359,2367,2371,2470,2372,2469,2374
2441,2393,2372,2470,2478,2395,2501,2359
2417,2372,2353,2441,2394,2352,2346,2418
1446,1432,1434,1536,1510,1298,1365,1456
2398,2412,2473,2379,2409,2343,2305,2302
2409,2412,2397,2350,2343,2411,2327,2408
2215,2221,2222,2199,2166,2216,2077,2159
2471,2358,2362,2274,2293,2272,2422,2332
2233,2157,2190,2402,2206,2156,2365,2241
2114,2205,2401,2241,2190,2233,347,348
2326,2436,2276,2329,2428,2284,2268,-1
2468,2336,2375,2194,2295,2296,2377,2335
2407,2314,2433,2313,2388,2406,2454,2278
2480,2431,2407,2415,2313,2312,2495,2405
2406,2405,2431,2432,2313,2433,2495,2480
2409,2429,2368,2411,2420,2379,2398,2424
2398,2408,2411,2397,2379,2350,2412,2368
2499,2459,463,464,2356,2391,2466,462
2409,2420,2413,2408,2419,2350,2398,-1
2398,2343,2327,2397,2350,2409,2325,2473
2411,2427,2349,2419,2426,2350,2472,-1
2435,2329,2462,2436,2328,2437,2442,-1
2443,2406,2480,2462,2431,2452,2328,2495
378,2500,376,2418,380,2351,2507,2352
2440,2395,2418,2441,2439,2352,2507,384
2507,2416,2352,2417,2440,380,383,384
2420,2426,2425,2411,2413,2423,2424,440
2424,2419,2411,2408,2429,2423,2430,2448
2438,2383,2455,2386,2385,2422,428,425
2471,2455,2458,2421,2362,2383,2400,2438
2425,2430,423,2424,419,431,2496,2419
2430,2420,2448,2429,2423,2496,2474,2419
444,440,439,2423,431,2419,445,2426
445,2472,449,440,2419,2425,2427,2413
2472,2349,2413,2428,2461,2426,2490,2326
2326,2461,2427,2403,2436,2349,2472,-1
2448,2408,2424,2368,2420,2370,2449,2430
2496,2424,2423,2474,419,418,416,2448
2495,2406,2407,2452,2415,2432,481,486
480,2495,481,482,2407,2508,2431,2433
2405,2494,2407,2454,2508,2432,2509,2388
2310,429,437,2455,2362,424,447,2309
2442,2414,2462,2450,2437,2444,477,2443
2403,2437,2414,2428,2329,2461,2460,2435
2460,2435,2442,2436,2506,2414,2461,475
425,428,2421,424,2455,2386,443,429
2501,2440,2441,2487,2417,2479,386,2502
384,2507,386,2439,2417,2418,2487,383
2501,2394,2439,2417,2395,2478,2440,2372
477,2435,475,2444,2506,485,2437,2450
2415,2456,2450,2462,2452,2451,2435,2431
485,487,2450,489,477,2442,490,475
456,451,433,2457,457,454,2390,453
2453,2491,2447,2492,2467,2464,2281,-1
2280,2491,2170,2446,2281,2189,2331,2171
2449,2429,2424,2475,2430,2474,2370,2496
2476,2475,2448,2477,2370,2429,2369,2484
2444,2443,2435,2456,2462,2442,490,489
491,493,2452,492,488,2456,495,486
2451,2495,2431,2443,488,486,491,2415
2388,2454,2492,2446,2281,2227,2493,-1
2494,2453,2493,2492,2388,2433,2509,2405
2438,424,2434,2362,2422,2421,425,429
492,494,2451,495,2443,490,2450,493
2445,2382,446,453,454,2342,2390,457
2332,2482,2471,2383,2422,2318,2421,2333
460,466,469,464,458,2391,2410,463
2506,2510,2490,2461,2437,459,461,467
2460,2490,2428,2472,2436,2427,2437,2510
2435,2443,2415,2414,2328,2450,2480,2442
2299,2283,2290,2223,2322,2237,2270,2282
2491,2467,2465,2355,2392,2446,2466,2447
2466,2356,2355,2464,2467,2410,2499,2483
2499,2465,2483,2497,2467,2410,462,2498
2464,2497,2466,2492,2465,2446,2483,2491
2296,2404,2194,2195,2295,2197,2375,2186
2359,2338,2337,2361,2367,2470,2393,2364
2359,2369,2478,2393,2394,2361,2469,2476
2332,2400,2458,2422,2293,2482,2362,2333
2490,455,449,2427,2426,2461,459,445
2302,2343,2305,2291,2397,2344,2481,2412
2489,2496,416,413,2430,2511,2475,418
2477,2511,2474,2449,2486,2448,2489,2485
2369,2449,2477,2484,2478,2370,2470,2475
2475,2485,2484,2449,2476,2486,2511,2488
2501,2470,2484,2476,2369,2394,2441,-1
2502,2501,2485,2484,2504,2487,2439,393
2406,2312,2415,2328,2313,2431,2462,2407
2345,2203,2219,2344,2291,2389,2259,2473
2332,2319,2458,2318,2333,2279,2471,2262
2498,471,462,2499,476,2466,2497,479
2501,2477,2485,2479,2476,2478,2449,2504
2504,2488,2477,2486,2484,2479,2502,397
2511,2488,2485,404,402,2475,2477,2489
390,388,392,2502,393,386,2439,2479
400,399,2486,2504,402,2485,397,404
412,2511,413,409,2474,416,404,422
459,2472,2460,2510,455,2461,461,449
2447,2464,2392,2446,2189,2170,2355,2467
2493,2453,2467,2454,2497,2446,2503,2494
2503,465,2494,468,2492,2454,470,2497
2509,468,2493,2508,2454,2433,478,465
481,486,2431,2452,2432,480,488,2451
416,418,2430,419,2474,422,413,423
2503,2498,2467,2483,2466,2493,2492,470
479,472,2483,2503,476,470,2497,471
462,2410,463,2483,2466,471,464,476
374,371,376,2351,369,2416,378,2261
2484,2441,2439,2479,2478,2394,2485,2487
393,395,2504,2479,2487,392,397,390
470,465,2498,472,2497,2493,479,468
397,2502,395,2488,2485,399,393,2479
2387,2273,2293,2333,2294,2332,2279,2274
474,475,2460,2510,473,2442,477,2437
383,384,2418,380,2440,386,2416,378
2509,484,482,483,478,2494,2432,480
478,468,2494,2508,483,465,484,2493
461,467,2460,2506,459,2490,473,474
2489,2486,409,2475,412,404,2474,413
