1,10,2,9,3,18,843,4,22,5,839,6
2,0,3,10,4,9,843,5,18,6,839,22
3,1,0,4,10,5,6,9,843,839,7,18
2,4,1,5,0,6,10,7,843,839,8,9
5,3,6,2,7,1,8,0,839,11,10,842
4,6,7,3,8,2,11,1,842,0,12,839
7,5,8,4,11,3,842,2,12,1,13,839
6,8,5,11,4,12,842,3,13,2,14,1
11,7,6,12,842,5,13,4,14,3,15,2
10,18,0,22,1,843,2,24,3,4,839,5
0,9,1,18,2,843,22,3,4,24,5,839
8,12,7,13,842,6,14,5,15,4,16,3
13,11,8,14,7,15,842,6,16,5,17,844
12,14,11,15,8,16,842,7,17,6,19,844
13,15,12,16,11,17,8,19,842,844,7,20
16,14,17,13,19,12,844,20,11,8,21,842
15,17,19,14,20,13,844,12,21,11,23,842
19,16,15,20,14,21,844,13,23,12,25,11
9,22,10,843,0,24,1,2,3,27,839,4
17,20,16,21,15,23,844,14,25,13,12,26
19,21,17,23,16,25,15,844,14,26,13,12
23,20,19,25,17,16,844,26,15,14,13,28
18,24,9,843,10,0,27,1,2,839,3,29
21,25,20,19,26,17,844,16,15,28,14,30
22,27,18,843,9,10,29,0,839,1,2,32
23,26,21,20,19,844,28,17,16,30,15,845
25,28,30,23,21,844,845,20,31,19,17,33
29,24,32,22,843,18,838,34,9,839,10,0
30,26,31,845,33,25,35,23,844,21,37,20
32,27,34,24,838,36,837,22,38,843,839,18
28,31,26,33,845,35,25,37,23,844,21,835
33,30,35,28,37,845,26,39,835,25,43,23
34,29,36,837,27,38,838,24,40,41,42,22
35,31,37,30,28,39,845,835,43,26,833,45
36,32,29,38,837,40,27,41,838,42,831,44
33,37,31,39,30,28,43,835,845,833,45,26
34,38,32,837,40,41,29,42,831,44,838,27
35,39,33,43,31,833,835,30,45,28,845,829
40,36,41,42,34,837,44,831,32,823,46,29
37,43,35,833,45,33,835,47,829,31,49,30
41,38,42,44,36,823,46,831,34,837,48,32
42,40,44,38,46,823,36,48,831,34,837,50
41,44,40,46,38,823,48,36,50,831,34,52
45,39,833,47,37,829,49,35,51,835,828,33
42,46,41,40,48,823,38,50,36,52,831,54
47,43,829,49,833,51,39,53,828,37,55,835
48,44,42,50,823,41,40,52,54,38,56,831
49,45,829,51,53,43,833,55,828,39,57,59
50,46,52,44,823,42,54,41,56,40,818,812
51,47,829,53,45,55,43,57,828,833,59,825
52,48,54,46,56,823,44,812,58,42,818,41
49,53,47,829,55,45,57,828,833,825,59,43
54,50,56,48,812,58,46,60,818,823,44,62
51,55,49,57,47,829,825,59,828,45,61,834
52,56,50,58,812,48,60,46,62,818,63,823
57,53,59,51,825,49,61,47,829,819,64,45
54,58,52,60,812,50,62,63,48,811,818,65
59,55,61,53,825,819,51,49,64,47,829,826
60,56,62,812,54,63,52,811,65,50,66,808
57,61,55,819,64,825,53,51,68,49,826,47
58,62,63,56,812,65,811,54,66,52,67,50
59,64,819,57,55,68,825,826,53,70,51,71
63,60,65,58,811,66,56,67,812,813,54,69
62,65,60,66,811,67,58,813,69,56,812,54
61,68,819,59,70,57,71,826,825,55,805,73
66,63,62,67,811,60,69,813,58,72,56,812
65,67,63,69,62,813,811,72,60,58,74,56
66,69,65,813,72,63,62,811,74,60,816,58
70,64,71,819,61,73,805,826,59,75,794,57
67,72,66,813,65,74,63,76,816,62,811,78
71,68,73,64,75,805,794,819,77,61,826,79
70,73,68,75,77,794,64,805,79,819,61,781
69,74,813,67,76,66,816,78,65,63,80,811
75,71,70,77,794,68,79,781,805,81,64,82
76,72,78,816,69,813,80,67,66,817,83,65
73,77,71,79,794,70,781,81,68,82,805,795
78,74,816,80,72,83,69,817,813,84,814,67
79,75,81,781,73,82,794,71,795,85,70,792
76,80,74,83,816,84,814,72,817,86,88,69
77,81,781,82,75,85,73,795,794,87,71,792
83,78,84,76,814,86,74,88,816,89,817,824
79,82,77,781,85,795,75,87,73,90,794,792
85,81,795,87,79,781,77,90,782,92,792,75
84,80,86,814,78,88,89,76,824,91,816,817
86,83,88,80,89,814,824,91,78,93,76,95
82,87,795,90,81,781,92,79,782,94,792,77
88,84,89,83,824,91,80,93,814,95,78,815
85,90,795,92,82,782,94,81,96,781,792,79
86,89,84,91,824,93,83,95,80,815,97,814
88,91,86,93,84,824,95,97,83,815,98,80
92,87,94,782,85,795,96,82,99,81,792,101
93,89,95,88,86,97,815,824,84,98,100,83
94,90,96,782,87,99,85,795,101,82,103,785
95,91,97,89,815,88,98,86,100,824,102,84
92,96,90,99,782,87,101,103,85,795,785,104
93,97,91,98,815,100,89,88,102,824,86,105
94,99,92,101,782,90,103,87,104,784,785,795
95,98,93,100,815,91,102,89,105,88,106,803
100,97,95,102,815,93,105,91,106,109,803,108
101,96,103,94,104,92,784,782,107,90,110,785
98,102,97,105,815,95,106,109,803,93,108,91
103,99,104,96,107,94,784,110,92,112,90,782
105,100,106,98,109,803,815,108,97,95,111,762
101,104,99,107,110,96,784,94,112,92,113,773
103,107,101,110,99,112,784,773,96,113,94,92
106,102,109,100,108,803,98,111,762,815,97,95
109,105,108,102,111,803,762,100,114,98,815,97
110,104,112,103,113,101,773,784,99,116,119,96
109,111,106,105,114,102,762,100,115,803,98,117
106,108,105,111,102,762,100,114,803,98,115,783
107,112,113,104,773,103,116,101,119,784,99,122
108,109,114,106,115,105,762,117,102,783,118,120
110,113,107,116,773,104,119,103,122,101,124,784
112,116,110,119,773,107,122,104,124,126,772,103
115,111,117,118,783,108,120,109,762,106,121,123
117,114,118,120,783,121,111,763,123,108,762,125
119,113,122,124,112,126,773,110,128,772,131,107
118,115,120,114,121,123,763,783,125,111,756,127
120,117,121,115,123,763,114,125,783,127,111,130
116,122,124,113,126,128,772,112,773,131,132,771
121,118,123,117,125,763,115,127,114,130,783,129
120,123,118,125,117,763,127,115,130,129,114,133
119,124,126,116,128,772,131,113,771,132,773,112
121,125,120,127,118,763,130,117,129,115,133,780
122,126,128,119,131,771,116,132,772,134,113,136
123,127,121,130,120,129,763,118,133,117,780,135
128,124,131,122,771,132,119,134,116,136,772,137
130,125,129,123,133,780,121,135,763,778,120,138
131,126,132,124,771,134,122,136,119,137,770,116
130,133,127,135,780,125,138,140,123,778,142,121
129,127,133,125,780,135,123,778,138,140,121,763
132,128,126,134,136,124,771,137,122,770,119,139
131,134,128,136,126,137,770,124,139,771,122,141
135,129,780,130,138,127,140,142,125,778,123,144
136,132,137,131,770,139,128,141,126,771,143,124
133,138,129,780,140,130,142,127,144,125,778,123
134,137,132,139,131,770,141,128,143,126,771,145
136,139,134,141,132,770,143,131,128,145,126,147
140,135,142,780,133,129,144,130,127,778,146,148
141,137,136,143,134,770,145,132,131,147,128,150
138,142,780,135,144,133,129,130,146,778,148,127
139,143,137,145,136,770,134,147,132,150,131,797
140,144,138,780,146,135,148,133,778,129,130,149
141,145,139,147,770,137,150,136,134,797,153,132
146,142,148,140,149,138,780,747,151,778,135,133
147,143,150,141,153,139,797,770,137,155,765,136
148,144,149,142,151,747,152,140,138,780,778,154
145,150,143,153,141,155,797,156,765,139,157,770
146,149,144,151,747,152,142,154,140,778,780,158
151,148,152,146,747,154,144,158,142,140,160,778
147,153,145,155,156,765,143,157,797,141,159,139
152,149,154,148,146,747,158,144,160,740,142,778
151,154,149,158,148,747,146,160,740,144,165,142
155,150,156,765,147,157,145,159,797,161,143,745
152,158,151,160,149,148,747,740,165,146,733,167
156,153,157,150,765,159,147,161,745,162,145,163
155,157,153,159,150,161,765,162,147,745,163,145
156,159,155,161,162,153,163,150,745,765,164,147
154,160,152,151,165,149,740,733,167,148,747,169
161,157,162,156,163,155,164,745,153,166,150,168
158,165,154,167,152,169,151,733,732,171,149,740
162,159,163,157,164,156,166,155,168,745,170,153
161,163,159,164,157,166,156,168,155,170,745,153
162,164,161,166,159,168,157,170,156,155,172,745
163,166,162,161,168,159,170,157,172,156,173,155
167,160,169,171,732,158,154,174,701,733,152,175
168,164,163,170,162,172,161,159,173,157,176,156
169,165,171,160,732,174,701,175,158,154,733,178
170,166,172,164,163,173,162,161,176,159,177,744
167,171,165,174,701,732,175,160,178,158,181,691
172,168,173,166,176,164,177,163,744,162,179,161
169,174,167,175,701,165,178,732,160,181,183,158
173,170,168,176,177,166,179,744,180,164,163,182
172,176,177,170,179,168,180,744,182,166,786,184
175,171,169,701,178,167,181,183,165,732,185,696
174,178,701,181,171,183,169,167,185,696,732,188
177,173,179,180,172,182,170,786,184,168,744,186
179,176,180,173,182,786,172,184,170,744,186,746
181,175,183,174,701,185,696,188,171,189,169,191
180,177,176,182,786,173,184,172,186,170,187,746
179,182,177,184,176,786,186,173,187,172,746,190
183,178,175,185,188,189,174,701,191,696,688,192
184,180,786,179,186,177,187,176,190,173,722,746
181,185,178,188,189,175,191,174,192,688,701,696
182,186,180,187,786,179,190,177,176,722,193,173
188,183,189,191,181,192,178,688,194,175,195,696
187,184,190,182,786,193,722,180,179,198,177,176
186,190,184,193,182,722,198,786,180,179,203,723
189,185,191,192,183,181,194,688,178,195,196,696
188,191,192,185,194,688,183,181,195,196,178,197
187,193,186,198,184,722,182,203,723,786,180,204
189,192,188,194,688,185,195,196,183,181,197,199
191,194,189,688,195,188,196,197,185,199,183,200
190,198,187,203,186,722,723,204,184,206,182,786
192,195,196,191,197,688,189,199,188,200,185,201
196,194,197,192,199,200,191,688,201,189,686,202
197,195,199,194,200,192,201,688,191,202,686,189
196,199,195,200,201,194,202,192,686,688,205,191
203,193,723,204,190,206,187,722,186,208,210,184
200,197,196,201,195,202,686,194,205,192,688,207
199,201,197,202,196,686,195,205,194,207,688,192
200,202,199,197,205,686,196,195,207,194,683,209
201,200,205,199,197,686,207,196,683,195,209,687
204,198,206,723,193,208,190,210,722,721,187,211
206,203,723,208,198,210,211,193,721,718,190,213
207,202,201,209,200,683,199,197,212,196,214,686
204,208,203,723,210,211,198,718,721,213,193,722
209,205,683,212,202,201,214,200,215,199,658,197
210,206,211,204,718,213,203,723,216,721,198,218
207,212,205,214,683,215,658,217,202,201,200,219
211,208,213,206,718,204,216,203,218,723,721,220
210,213,208,216,718,206,218,204,220,716,203,225
214,209,215,207,217,658,219,205,683,223,222,221
216,211,210,218,718,208,220,716,225,206,228,204
215,212,217,209,219,658,223,207,222,221,205,661
217,214,219,212,223,222,209,658,221,661,207,224
218,213,220,211,225,210,716,228,718,208,230,206
215,219,214,223,222,212,221,661,224,658,209,226
220,216,225,213,228,716,211,230,210,718,232,704
223,217,222,215,221,661,214,224,226,212,227,658
218,225,216,228,213,230,716,211,232,704,210,718
222,224,223,226,219,227,217,661,229,215,231,214
223,221,219,224,226,217,661,227,215,229,214,231
222,219,221,217,224,661,215,226,214,227,229,212
221,226,222,227,223,229,219,661,217,231,215,234
220,228,218,230,216,716,232,213,704,233,211,718
224,227,221,229,222,223,231,219,661,234,217,235
226,229,224,231,221,222,223,234,219,661,235,217
225,230,220,232,218,704,716,216,233,213,236,211
227,231,226,224,234,221,222,235,223,237,661,219
232,228,225,233,704,220,218,236,716,216,239,669
234,229,227,235,226,237,224,221,238,652,222,661
230,233,228,704,236,225,239,220,669,218,240,716
232,236,230,239,704,228,669,240,225,243,220,692
235,231,237,238,229,652,227,241,226,242,224,221
237,234,238,231,652,241,242,229,227,244,226,224
239,233,240,232,669,243,692,230,245,704,246,228
238,235,234,241,652,242,231,244,229,247,650,227
237,241,235,242,652,244,234,231,650,247,653,229
240,236,243,233,245,692,669,246,232,248,230,704
239,243,236,245,246,692,233,248,669,232,249,230
242,238,244,237,235,247,652,650,234,250,231,653
241,244,238,247,237,650,235,250,652,234,252,231
245,240,246,239,248,692,236,249,251,233,669,253
242,247,241,238,650,250,237,252,235,652,234,653
246,243,248,240,692,249,239,251,236,253,669,233
248,245,243,249,692,251,240,239,253,236,665,254
244,250,242,650,252,241,238,255,648,237,258,235
246,249,245,692,251,243,253,240,665,239,254,236
251,248,246,253,245,692,665,254,243,256,240,257
252,247,255,244,648,650,242,258,241,261,238,636
249,253,248,254,665,246,256,245,692,257,243,259
250,255,648,258,247,261,244,650,636,242,264,241
251,254,256,249,665,257,248,259,246,260,692,245
256,253,257,251,259,665,249,260,248,262,646,263
258,252,250,261,648,636,264,247,266,244,650,642
257,254,259,253,260,665,251,262,263,646,249,265
259,256,260,254,262,253,263,646,665,251,265,249
261,255,252,264,636,648,250,266,268,247,270,642
257,260,262,256,263,254,646,265,253,665,267,251
262,259,263,257,256,646,265,254,645,267,253,665
258,264,636,255,266,268,252,270,648,250,272,637
260,263,259,265,257,646,645,267,256,269,254,253
262,265,260,259,267,645,257,269,646,256,271,254
266,261,268,636,258,270,255,272,624,637,252,274
267,263,262,269,645,260,271,259,273,257,646,256
268,264,270,261,272,636,624,258,274,637,623,255
269,265,271,263,645,273,262,260,275,259,599,257
266,270,272,264,274,624,261,636,623,276,258,637
267,271,265,273,645,263,275,599,262,277,260,632
268,272,266,274,264,624,623,276,261,278,636,280
273,269,275,267,599,277,265,645,279,263,262,281
270,274,268,276,623,266,624,278,264,280,261,282
271,275,269,277,599,267,279,645,265,281,263,283
272,276,623,270,278,268,280,624,282,266,621,285
277,273,271,279,599,281,269,267,283,596,645,265
278,274,623,280,272,282,270,285,284,621,624,268
279,275,281,273,283,271,599,596,286,269,267,289
276,280,282,274,623,285,284,272,621,287,270,288
281,277,283,275,286,273,596,599,271,289,269,595
282,278,285,284,276,623,287,621,274,288,609,272
279,283,277,286,275,596,289,599,273,595,291,271
285,280,284,278,287,276,621,288,623,609,290,274
281,286,279,289,277,596,595,291,275,293,599,273
285,282,287,280,288,278,290,609,621,276,292,623
284,282,287,280,288,278,609,621,290,276,623,292
283,289,281,291,595,279,293,596,277,295,275,297
288,284,285,290,282,292,609,280,611,294,278,621
287,290,284,292,285,282,294,611,609,280,296,278
291,286,293,595,283,295,281,297,279,596,302,592
288,292,287,294,611,284,296,285,298,609,282,301
293,289,295,286,595,297,283,302,281,304,592,606
294,290,296,288,611,298,287,301,300,299,284,285
291,295,289,297,595,286,302,304,283,606,592,306
296,292,298,301,300,290,611,299,288,303,287,552
297,293,302,291,304,289,606,595,306,286,592,312
298,294,301,300,299,292,611,303,290,552,305,288
295,302,304,293,606,306,291,312,289,315,595,592
301,296,300,294,299,552,303,611,292,305,290,310
300,303,301,298,305,296,294,310,309,552,308,292
301,299,298,303,296,294,305,552,310,292,309,611
300,298,299,296,303,294,552,305,292,611,310,309
304,297,306,295,606,312,293,315,291,318,289,592
299,305,300,310,301,309,308,298,296,307,294,552
302,306,312,297,606,315,295,318,293,601,324,291
310,303,309,308,299,307,300,528,301,311,298,553
312,304,315,302,606,318,297,601,295,324,293,328
308,311,309,314,528,310,313,305,316,303,317,530
309,307,310,311,528,305,314,303,313,316,299,530
310,308,307,305,528,311,303,314,313,299,553,300
309,305,308,307,528,303,311,299,314,553,300,313
307,314,308,313,309,528,316,310,317,305,530,321
315,306,318,304,302,606,601,324,297,328,295,608
314,316,311,317,307,321,320,308,528,530,309,319
313,311,316,307,308,528,317,309,321,530,310,320
312,318,306,304,324,601,302,606,328,297,331,608
313,317,314,321,320,311,319,572,307,530,528,322
321,316,320,313,319,572,314,322,311,530,323,307
315,324,312,306,328,601,304,331,608,302,606,337
320,322,321,323,317,572,326,316,325,313,327,519
321,319,317,322,572,316,323,313,326,314,325,519
320,317,319,316,572,322,313,323,314,326,530,311
323,319,320,326,321,325,572,317,327,519,316,329
326,322,325,319,320,327,572,321,519,329,317,330
318,328,331,315,608,312,337,601,342,306,304,347
326,327,323,329,322,330,319,519,320,572,338,321
325,323,322,327,319,329,320,519,572,330,321,317
329,325,326,330,323,519,338,322,319,343,517,572
331,324,337,608,342,318,347,601,315,607,312,352
330,327,338,325,326,343,519,323,517,346,322,350
329,338,327,343,325,346,326,517,519,323,350,322
328,337,342,608,324,347,607,318,352,355,601,315
333,339,340,336,334,344,335,341,572,519,520,348
332,336,340,339,334,335,344,341,345,348,572,530
335,336,333,340,341,332,339,345,344,530,349,348
334,341,336,333,340,332,345,339,344,530,349,529
334,340,333,335,339,332,341,344,345,348,349,530
342,331,328,347,608,607,352,324,355,318,364,577
330,343,329,346,327,517,350,353,325,519,326,356
340,332,333,344,336,334,348,335,520,341,345,351
339,336,333,332,344,334,335,341,345,348,520,349
335,345,334,336,340,333,349,344,339,332,348,529
337,347,331,352,328,607,355,608,324,364,612,365
346,338,350,330,517,353,329,356,327,359,519,360
339,340,348,336,332,333,345,351,520,334,341,349
349,341,344,336,340,334,335,358,348,339,333,521
343,350,353,517,338,356,359,330,360,329,361,327
352,342,355,337,607,364,331,612,365,328,608,366
351,344,354,520,357,339,349,340,345,358,362,336
345,358,341,348,344,521,363,351,340,336,334,335
353,346,356,343,517,359,360,338,361,362,330,520
354,348,357,520,344,362,361,349,358,339,345,340
355,347,364,342,365,612,337,607,366,331,368,598
356,350,359,346,360,517,361,343,362,357,338,520
351,357,362,348,520,361,360,344,359,339,358,349
352,364,347,365,612,366,342,368,607,598,337,372
359,353,360,350,361,517,346,362,357,343,520,354
362,354,361,351,360,520,348,359,356,344,517,353
349,363,345,521,348,367,351,344,354,341,370,369
360,356,361,353,362,350,357,517,346,354,520,351
361,359,362,356,357,353,354,350,517,520,351,346
360,362,359,357,356,354,353,351,520,517,350,348
361,357,360,354,359,351,520,356,348,353,517,350
367,358,370,369,349,371,526,521,351,348,345,354
365,355,366,352,612,368,598,347,372,373,375,342
366,364,368,355,598,372,612,352,373,375,347,377
368,365,372,364,598,373,355,375,612,377,352,380
370,369,363,371,358,526,374,504,349,381,521,351
366,372,365,373,598,375,364,377,380,355,612,376
370,371,367,374,363,381,504,358,526,383,351,354
369,367,371,374,363,504,526,381,358,383,384,349
369,370,374,367,381,504,363,383,384,526,358,386
373,368,375,366,598,377,365,380,376,364,379,612
375,372,377,368,598,380,366,376,365,379,378,364
381,371,383,369,370,504,384,367,386,363,526,388
377,373,380,372,598,376,368,379,366,378,365,382
380,379,378,377,382,375,598,373,385,372,387,579
380,375,376,373,379,598,372,378,368,382,366,385
379,382,376,380,385,377,579,387,598,375,389,373
378,376,382,380,377,385,375,598,387,579,373,389
376,377,379,375,378,373,598,382,372,385,368,387
383,374,384,504,386,371,369,370,388,367,391,503
378,379,385,376,387,579,380,389,377,375,598,395
384,381,386,504,374,388,371,391,503,370,369,396
386,383,388,381,504,391,374,503,396,371,399,370
387,382,389,378,379,579,395,376,380,377,404,375
384,388,383,391,504,381,503,396,374,399,400,371
385,389,382,395,579,378,379,404,376,380,406,539
391,386,384,396,383,399,503,400,504,381,401,374
387,395,385,579,382,404,406,539,378,379,411,376
392,393,397,394,398,402,566,516,407,403,408,512
396,388,399,386,400,384,503,401,383,405,504,381
390,397,393,394,402,398,407,566,403,516,512,408
390,394,392,397,398,402,566,403,407,516,408,409
398,393,397,390,392,402,403,566,407,408,409,412
389,404,387,406,385,411,539,579,382,419,378,379
399,391,400,388,401,405,386,503,384,410,505,383
392,393,402,394,390,398,407,403,566,408,412,512
394,403,397,393,402,407,408,390,392,566,409,412
396,400,401,391,405,388,410,386,503,505,420,384
401,399,405,396,391,410,388,505,420,422,425,503
405,400,399,410,396,420,391,505,422,425,507,388
407,397,394,398,392,403,393,390,412,408,512,409
398,408,409,394,407,402,397,393,413,412,392,390
406,395,411,419,389,387,429,539,548,385,438,579
401,400,410,399,420,396,422,505,507,425,391,430
404,411,419,395,429,548,389,539,387,438,385,579
402,412,403,397,408,398,394,392,423,393,409,512
409,403,413,407,398,412,402,424,423,568,394,397
408,413,403,424,568,416,412,398,407,414,423,427
420,405,422,401,425,430,400,507,433,399,436,437
419,406,404,429,548,395,438,389,539,445,387,564
423,407,408,431,402,409,403,413,512,513,397,398
409,424,568,408,416,427,414,403,423,417,434,432
417,416,568,415,418,424,413,432,421,427,434,409
417,418,414,421,416,426,568,428,541,432,424,434
568,414,417,424,415,427,432,413,434,418,409,421
415,414,416,418,568,421,432,426,424,427,434,413
415,421,417,426,414,428,416,541,568,435,432,434
411,429,406,404,438,548,395,445,389,564,448,539
422,410,425,430,433,436,405,437,507,401,400,441
418,426,415,428,417,435,414,541,416,531,432,440
425,420,430,410,433,436,437,405,401,507,441,400
431,412,439,407,408,413,409,513,424,402,427,403
568,427,413,416,434,432,409,414,408,417,431,423
422,430,420,433,410,436,437,405,401,441,400,443
428,421,418,435,415,417,440,531,414,432,416,541
434,432,424,568,416,413,414,417,431,409,439,415
426,435,421,440,418,531,415,442,417,541,414,432
419,438,411,445,548,406,404,448,564,453,395,456
433,425,422,420,436,437,410,441,443,405,446,507
423,439,412,444,424,513,427,413,447,409,408,434
434,427,416,568,424,414,417,415,413,418,426,421
436,430,437,422,425,420,441,443,410,446,449,507
432,427,424,568,416,414,417,413,415,439,431,418
428,440,426,442,531,421,418,450,415,417,432,846
437,433,430,441,443,422,420,425,446,410,449,507
436,441,433,443,430,446,420,422,425,449,410,507
445,429,448,419,564,411,453,548,406,456,404,460
444,431,447,423,451,427,513,518,434,424,454,412
442,435,428,426,531,450,421,846,847,850,854,848
443,437,436,446,433,449,430,506,452,420,422,425
440,450,435,428,846,847,850,854,857,859,848,861
441,446,437,436,449,433,452,506,430,457,422,425
447,439,451,431,454,518,455,427,434,423,458,513
448,438,453,564,429,456,460,419,548,411,465,549
449,443,441,452,506,437,436,457,433,430,462,425
444,451,439,454,455,518,431,458,434,427,432,461
453,445,456,564,438,460,429,465,466,549,469,872
452,446,443,457,506,441,462,437,436,433,467,430
442,459,440,879,863,877,880,861,859,865,857,875
454,447,455,444,458,518,439,461,463,431,470,434
449,457,446,462,506,443,441,467,437,436,433,482
456,448,460,445,564,465,466,438,469,549,468,872
455,451,458,447,518,461,444,463,439,470,472,534
454,458,451,461,518,463,447,444,470,534,472,439
460,453,465,448,466,469,564,445,549,468,471,438
452,462,449,467,446,506,482,443,522,484,441,515
455,461,454,463,518,451,470,534,472,447,444,483
464,450,473,879,880,474,877,881,882,442,875,565
456,465,466,453,469,468,448,549,471,564,478,445
463,458,455,470,534,454,472,518,451,483,447,523
467,457,452,482,484,449,522,506,446,515,485,443
461,470,472,458,534,455,483,454,523,518,487,488
473,459,474,475,476,479,565,450,480,481,879,880
466,460,469,468,456,471,453,478,549,477,448,481
469,465,468,460,471,456,478,477,549,453,481,565
462,482,484,457,522,485,452,449,515,494,489,502
471,469,466,478,477,465,481,460,565,549,480,456
466,468,471,465,478,460,477,549,456,481,565,480
472,463,483,461,458,487,488,534,486,455,523,493
468,478,477,469,466,481,565,480,465,479,549,460
470,483,463,488,487,461,486,458,493,523,492,455
474,475,464,476,479,480,459,565,481,477,478,450
475,473,476,479,464,480,481,565,459,477,478,471
474,476,479,473,480,464,481,565,477,478,459,471
475,479,474,480,473,481,565,477,464,478,471,459
478,481,480,471,479,468,565,476,469,475,466,474
477,471,481,468,480,469,565,479,466,476,465,549
480,476,475,481,474,477,565,473,478,471,464,468
481,479,476,477,475,478,565,474,471,473,468,464
480,477,479,478,476,471,565,475,468,474,469,473
484,467,485,462,522,494,489,502,457,490,491,515
472,488,470,487,486,463,493,492,461,523,501,458
482,485,494,522,467,489,502,490,462,491,495,457
484,494,502,489,482,490,522,491,467,495,496,462
493,487,492,488,501,483,500,523,472,470,499,498
488,486,493,483,492,472,501,470,523,500,499,463
487,486,483,493,472,492,470,501,523,500,463,499
490,502,494,491,485,495,522,484,496,497,482,498
489,491,495,502,494,496,485,522,497,484,498,482
490,495,496,489,502,497,494,522,498,485,499,484
493,501,500,486,499,487,523,498,488,497,483,472
492,486,501,487,500,488,523,499,483,498,472,470
502,489,485,490,484,491,522,495,482,496,497,467
496,491,490,497,498,489,502,499,522,494,500,485
497,495,498,491,499,490,500,489,502,523,501,522
496,498,499,495,500,491,490,501,523,492,489,502
499,497,496,500,495,501,523,492,491,493,490,486
500,498,497,501,492,496,523,493,495,486,491,487
499,501,492,498,523,493,497,486,496,487,495,488
500,492,499,493,498,486,523,497,487,496,488,495
494,489,490,485,491,484,495,522,496,482,497,498
388,386,391,504,384,396,505,399,383,510,400,401
383,381,374,384,386,503,371,370,388,526,369,367
405,401,400,503,399,507,396,410,391,510,388,509
449,446,452,457,443,441,514,462,437,515,508,436
410,420,405,422,401,437,505,508,436,430,433,425
507,441,437,514,506,513,436,443,512,446,511,433
525,511,510,535,516,505,392,503,390,507,527,512
503,535,509,526,527,505,504,386,388,525,391,524
512,509,507,392,516,505,508,390,397,402,393,407
407,402,412,397,513,392,511,423,390,393,394,398
423,431,412,439,512,518,444,514,407,508,447,402
506,518,534,513,508,515,461,458,455,463,449,454
522,534,523,491,495,496,462,490,497,467,489,498
390,392,393,566,525,397,394,509,533,398,402,511
350,346,353,356,343,520,359,519,360,338,361,362
455,458,454,451,461,444,447,439,513,514,463,534
327,572,326,323,517,332,329,325,520,339,322,330
354,351,348,357,344,362,339,517,361,340,332,360
349,358,345,341,363,529,527,526,536,367,335,334
484,489,485,490,491,515,482,467,494,502,495,462
500,499,501,492,498,493,486,497,487,496,534,470
535,536,557,527,570,525,551,510,521,550,526,509
535,533,516,509,570,524,510,390,392,566,532,511
367,370,504,363,369,527,371,510,374,521,358,503
524,526,536,535,521,510,367,363,358,349,370,504
309,308,307,310,311,314,530,313,305,316,553,303
335,341,334,553,521,536,345,530,336,551,349,333
528,335,334,316,313,317,314,572,333,336,311,321
435,428,440,426,421,442,538,541,418,846,537,847
566,567,544,533,543,516,542,393,390,394,398,392
525,544,532,570,554,516,566,535,390,393,542,392
463,461,458,470,523,515,518,455,514,472,483,454
525,524,527,510,509,570,536,533,516,526,557,505
524,551,527,529,521,557,535,341,345,349,553,526
531,541,539,548,540,546,538,428,421,435,426,418
846,849,853,852,848,851,847,856,855,850,858,854
395,389,579,406,404,387,411,546,537,585,548,385
541,567,546,547,543,537,415,418,421,417,531,414
418,421,415,426,417,428,531,414,540,543,435,416
544,561,567,547,571,560,532,554,545,533,540,-1
403,398,566,414,409,408,417,415,394,541,413,416
554,542,533,532,571,567,570,560,558,566,550,547
561,585,547,576,546,573,584,560,542,540,579,-1
585,540,547,539,545,537,579,567,561,541,389,584
561,567,545,546,542,540,585,560,532,544,573,-1
411,419,429,406,438,404,564,538,445,537,539,395
890,878,889,876,888,887,895,874,872,886,885,897
554,557,555,556,570,558,571,563,524,544,533,-1
559,536,557,553,529,556,524,552,562,521,527,528
301,298,300,296,299,559,303,611,305,294,553,562
310,528,309,305,529,308,559,303,552,551,307,530
544,550,571,533,570,558,542,557,532,555,525,-1
563,580,558,550,556,581,562,574,554,597,-1,-1
559,557,563,562,550,555,551,552,-1,-1,-1,-1
524,551,570,556,550,536,559,535,527,554,-1,-1
571,580,555,643,554,550,574,560,544,-1,-1,-1
551,552,562,556,553,301,298,557,300,305,303,299
561,643,575,571,573,542,545,547,558,588,544,574
560,545,547,542,573,575,571,576,567,546,643,585
563,569,559,556,552,597,611,298,301,551,555,296
555,562,597,581,556,580,569,617,559,550,-1,-1
448,445,453,438,872,456,870,866,874,868,876,878
476,477,480,481,479,478,471,475,549,468,474,464
393,394,390,398,392,397,403,532,516,402,543,407
532,547,540,542,543,566,544,541,561,546,398,394
416,424,414,413,427,417,432,434,409,415,408,418
611,562,609,597,610,552,298,296,294,292,290,301
524,525,533,557,554,535,550,544,536,527,516,-1
560,558,544,542,554,643,561,550,575,574,533,-1
321,320,319,317,322,323,519,316,332,326,333,530
575,576,561,577,560,545,578,643,588,607,547,585
580,643,588,583,582,558,575,587,581,555,560,571
573,588,643,578,560,577,561,574,571,583,576,589
584,545,573,607,577,585,612,561,608,579,347,352
608,578,607,573,576,601,331,328,337,575,342,324
577,575,588,601,589,573,608,583,643,576,328,324
382,387,385,389,378,379,395,585,376,539,584,380
574,581,555,558,582,643,563,583,618,-1,-1,-1
617,580,563,582,597,618,555,626,574,625,-1,-1
587,618,580,583,574,581,613,617,590,588,586,-1
587,588,586,574,582,589,590,613,578,643,580,575
612,576,585,579,378,607,382,598,379,376,380,364
579,584,545,546,576,539,382,378,387,389,385,379
590,587,592,583,589,591,613,606,588,595,582,602
590,613,583,586,582,618,602,574,589,591,588,-1
575,583,578,574,643,589,573,560,587,582,586,577
586,606,578,583,601,588,592,306,312,587,304,315
587,613,586,602,591,593,583,604,594,592,582,618
594,590,586,592,596,595,602,593,587,600,613,-1
606,595,586,589,295,297,591,293,302,291,304,289
594,602,603,600,591,605,590,604,596,-1,-1,-1
593,591,596,600,602,599,603,595,590,281,283,279
289,291,286,293,592,283,295,596,281,297,591,279
281,283,594,279,599,277,286,595,275,600,591,289
617,626,563,569,562,581,610,609,625,618,555,-1
375,372,377,373,368,380,366,376,365,612,379,364
273,275,271,277,279,269,596,645,281,600,632,267
594,599,603,632,631,593,596,645,633,273,591,275
318,312,315,324,608,306,328,606,578,589,304,577
593,590,604,613,591,605,594,587,618,603,586,-1
633,629,593,600,631,605,594,647,602,632,-1,-1
625,613,602,616,618,605,590,617,593,614,619,626
604,614,629,603,615,616,593,602,-1,-1,-1,-1
304,306,302,297,312,592,295,315,601,589,318,293
347,342,337,352,612,608,331,355,577,576,584,364
328,331,337,324,577,342,607,601,318,347,315,352
287,285,284,611,621,288,282,610,569,290,292,280
626,609,620,621,619,569,597,617,285,611,282,284
292,294,296,290,298,288,301,569,609,287,300,552
364,598,365,355,352,584,366,607,347,368,372,376
587,618,590,604,602,582,625,586,583,617,591,-1
616,615,627,622,605,630,619,604,629,-1,-1,-1
614,630,629,628,627,605,616,638,647,-1,-1,-1
614,625,619,604,622,605,626,615,620,627,-1,-1
626,618,581,625,597,582,619,610,563,604,613,-1
617,613,625,582,604,581,587,626,590,602,597,580
620,626,625,616,622,610,617,614,621,604,624,-1
619,621,622,624,610,623,626,609,637,282,276,274
623,282,280,285,609,620,284,278,276,610,287,624
620,637,619,614,627,616,624,642,-1,-1,-1,-1
276,274,278,621,280,272,624,282,270,285,284,268
623,270,268,272,266,274,637,620,276,621,264,622
626,617,604,619,618,616,613,610,597,581,-1,-1
617,610,625,619,597,618,620,581,569,616,609,604
614,630,642,638,622,615,637,636,616,-1,-1,-1
630,647,635,629,615,634,633,638,656,641,-1,-1
633,615,603,628,647,605,630,631,614,635,-1,-1
638,628,615,627,634,651,614,629,642,635,-1,-1
633,632,644,603,670,600,647,629,645,599,646,666
645,631,644,599,600,646,265,269,267,262,263,271
631,647,629,603,670,656,628,644,600,632,635,-1
651,641,635,630,638,628,640,639,649,-1,-1,-1
641,656,647,628,655,634,664,670,630,640,633,629
261,264,258,637,266,255,648,642,268,252,270,624
636,624,642,622,266,627,264,268,261,270,258,620
651,630,642,649,627,634,628,648,639,615,-1,-1
651,659,653,657,640,649,654,634,662,638,650,-1
641,659,662,663,664,639,634,651,635,655,-1,-1
635,640,655,664,634,656,663,628,672,647,651,-1
648,636,638,637,627,649,255,258,252,261,651,630
574,560,575,558,571,588,580,573,561,583,578,-1
666,670,646,632,717,631,645,260,262,633,259,665
265,267,269,263,262,632,271,260,273,646,599,259
260,262,259,257,263,256,665,644,645,717,265,254
633,656,635,628,670,629,631,655,603,641,615,-1
252,255,250,258,636,642,650,247,649,261,244,264
651,653,650,638,648,642,639,250,247,252,244,657
247,244,241,250,242,653,238,649,648,252,652,237
638,649,634,639,653,630,642,640,659,650,641,657
238,237,235,241,234,657,661,242,231,653,244,650
657,650,649,639,652,241,238,244,651,242,654,247
657,659,660,658,661,639,653,662,219,215,217,214
656,664,641,672,674,635,647,670,640,681,671,663
655,670,647,635,674,666,641,633,672,628,664,644
654,653,652,661,639,659,238,650,237,241,223,235
212,214,215,209,217,660,219,207,683,654,679,223
662,654,639,640,660,657,697,663,673,653,658,651
697,654,658,662,659,679,673,214,212,677,657,215
223,219,222,221,217,224,215,226,652,227,657,214
659,663,673,697,660,640,703,654,664,677,639,678
703,664,662,673,671,640,659,675,641,697,678,672
663,655,641,672,671,640,703,662,635,656,680,674
253,251,254,256,249,257,717,248,259,667,646,692
717,674,670,644,668,656,667,646,681,665,631,655
715,692,717,665,669,668,248,249,251,246,253,245
715,666,667,779,681,674,717,938,937,936,935,934
236,233,704,239,715,692,667,240,232,243,230,698
656,666,644,647,633,631,674,717,635,655,632,-1
703,680,675,672,663,664,682,673,678,681,922,923
681,680,655,671,664,674,922,923,924,920,925,926
703,697,678,662,663,677,675,660,671,676,679,659
666,656,655,668,672,681,670,717,779,664,644,635
703,682,678,685,671,673,680,702,663,676,684,677
684,678,677,693,694,685,729,700,673,675,697,703
697,676,678,679,673,694,703,660,684,662,685,675
703,675,673,676,677,685,684,697,671,663,682,662
683,697,677,658,660,687,694,209,207,212,205,214
922,923,920,924,916,925,917,926,914,927,950,909
922,923,924,779,925,926,920,927,931,928,932,916
675,680,707,702,685,671,699,922,916,920,923,914
207,205,209,202,679,212,201,687,658,200,214,199
676,729,693,685,678,736,702,694,677,675,700,706
684,675,702,678,676,729,682,703,693,677,714,707
200,201,199,202,197,688,196,195,194,696,192,205
683,202,686,689,201,694,205,690,200,679,207,199
192,191,194,189,195,196,696,188,197,686,199,185
700,711,690,687,695,694,725,686,727,693,-1,-1
691,689,686,696,727,695,687,688,201,200,202,701
696,727,701,732,690,178,175,169,174,167,181,171
246,248,245,243,249,240,239,669,251,667,236,665
684,700,736,676,729,705,694,711,685,689,-1,-1
700,676,677,689,687,693,679,684,711,683,678,-1
711,728,727,726,725,689,690,691,700,731,-1,-1
688,691,701,178,181,686,183,191,175,192,189,690
660,673,677,662,679,678,658,659,703,663,654,683
913,915,912,919,911,918,910,941,921,704,779,908
898,899,900,901,903,902,949,948,904,909,905,947
711,693,689,694,705,725,676,736,695,684,687,-1
175,174,178,171,169,732,167,691,181,696,165,183
708,685,714,707,682,729,684,675,720,724,706,-1
675,673,663,671,678,662,664,685,682,697,677,680
230,232,228,233,669,225,716,698,236,220,218,239
736,710,709,711,700,725,693,712,738,-1,-1,-1
714,736,712,734,729,713,735,702,684,-1,-1,-1
720,708,682,699,702,719,898,899,900,901,902,903
720,714,702,724,707,734,721,682,719,729,746,-1
710,712,738,737,705,736,725,743,730,735,-1,-1
709,725,738,730,705,728,711,737,712,750,743,731
700,725,695,689,705,728,710,693,694,690,-1,-1
709,736,706,735,737,713,705,710,738,741,729,-1
735,734,706,744,712,745,741,746,714,737,-1,-1
708,706,734,702,729,724,720,746,707,713,736,685
779,669,667,668,698,919,930,921,915,938,918,929
218,225,216,228,220,213,718,704,230,211,698,719
666,665,667,646,644,668,253,259,257,256,254,251
210,208,211,213,716,216,206,721,218,719,204,723
720,718,716,707,721,698,913,699,912,911,915,908
708,721,707,724,719,718,723,722,702,714,206,208
723,206,718,720,208,204,722,203,210,719,198,211
186,187,723,190,193,198,786,184,182,203,721,746
203,204,206,198,721,722,193,208,190,210,187,718
708,746,720,722,734,714,721,786,723,186,182,707
728,710,711,730,695,705,700,731,709,726,738,689
728,769,727,731,695,733,725,732,739,691,740,730
691,726,732,695,733,690,701,696,728,165,769,167
725,731,726,730,695,711,710,769,749,727,-1,-1
684,736,714,706,702,685,693,676,708,712,-1,-1
710,749,728,731,738,725,750,709,743,748,726,-1
728,749,769,748,730,726,739,725,750,695,710,-1
167,701,165,169,691,733,171,160,727,174,175,158
732,740,160,158,165,727,154,769,726,167,169,152
746,713,714,706,724,744,786,708,177,735,179,722
713,741,737,712,745,765,742,706,709,744,797,734
693,706,729,705,712,684,709,700,714,-1,-1,-1
742,709,735,741,738,743,712,760,710,713,797,-1
743,710,709,730,750,737,725,742,749,760,712,705
769,754,755,748,740,731,756,753,747,733,726,-1
747,154,152,158,733,151,739,755,769,149,160,148
765,735,742,797,737,745,153,155,150,156,713,147
764,760,741,737,743,797,765,735,770,758,738,771
760,738,750,742,737,752,764,758,709,730,710,741
173,172,170,177,746,176,179,168,745,180,786,734
159,157,161,156,155,765,162,153,163,744,741,164
786,182,177,734,744,179,724,180,722,184,186,176
149,148,151,152,146,778,144,154,740,142,755,158
749,731,739,753,754,769,751,730,750,-1,-1,-1
750,748,731,730,751,728,753,738,752,769,-1,-1
749,743,752,738,730,751,760,710,731,748,-1,-1
759,749,753,750,748,752,766,768,754,-1,-1,-1
760,750,758,761,743,759,751,749,764,738,-1,-1
766,754,748,751,757,759,749,739,768,756,802,-1
739,753,756,757,748,755,783,769,766,763,751,-1
756,739,778,747,763,740,754,127,780,783,148,152
783,763,755,754,117,757,115,118,120,114,121,762
802,783,756,754,753,762,766,803,114,115,787,117
760,771,772,764,761,752,124,126,128,122,131,743
751,767,768,761,766,752,753,774,-1,-1,-1,-1
743,758,764,742,752,771,750,737,738,761,797,770
758,767,772,759,752,775,774,760,773,771,124,122
106,783,109,803,111,114,108,105,115,802,102,757
120,121,118,123,125,117,127,130,778,115,756,129
771,760,742,770,797,758,128,131,134,126,132,136
153,155,150,156,797,741,147,157,745,145,159,161
768,753,757,759,802,787,751,767,777,754,-1,-1
774,768,759,761,775,777,776,766,791,787,-1,-1
766,767,777,787,759,774,802,776,753,751,761,-1
739,726,731,740,733,748,728,754,755,727,749,-1
134,136,137,139,141,143,132,131,145,128,797,764
126,128,124,131,132,764,122,134,758,770,772,136
122,124,119,773,126,116,771,758,761,128,113,775
113,110,112,107,116,119,772,122,104,775,784,124
767,776,791,775,777,768,790,761,788,784,759,787
774,773,767,761,772,784,791,107,110,113,104,776
790,774,777,788,791,793,767,800,768,789,787,775
776,787,768,774,788,767,789,790,766,791,801,802
780,130,127,142,129,747,140,133,763,144,135,138
938,937,930,929,936,935,921,934,919,918,940,933
133,140,135,129,138,130,142,778,127,144,125,146
79,81,795,77,82,85,792,794,75,87,73,782
92,90,94,87,795,96,785,792,85,99,82,781
115,756,114,762,117,118,111,757,120,763,108,121
104,101,99,103,107,96,773,791,110,785,94,775
782,793,96,792,791,94,784,796,99,92,90,795
182,180,184,179,186,177,746,187,176,722,190,173
802,777,768,801,766,789,803,788,776,757,767,774
790,789,776,800,827,777,793,787,774,791,814,801
788,801,824,827,787,814,777,815,86,776,88,84
776,793,788,800,791,774,777,785,799,827,789,796
776,774,790,785,784,793,775,777,767,788,99,96
795,796,781,782,785,85,87,794,82,90,81,79
790,785,796,800,799,791,776,792,788,782,830,-1
75,73,781,77,805,71,70,79,830,792,81,68
85,87,82,781,782,792,90,81,92,79,94,77
792,799,830,793,785,794,795,781,782,798,800,85
765,145,147,150,770,153,143,741,764,155,742,141
804,830,799,806,809,796,821,807,805,800,808,-1
798,796,800,793,830,806,790,792,804,827,785,-1
790,827,799,793,788,806,776,817,798,796,789,791
803,815,789,787,802,824,102,100,105,93,91,95
787,803,757,762,801,766,105,106,783,102,768,109
105,102,106,762,100,109,815,801,802,108,98,111
798,821,808,807,806,809,811,799,830,810,817,813
826,794,70,68,830,71,819,809,73,64,75,822
798,817,799,800,807,804,827,816,814,830,-1,-1
813,816,804,811,817,808,806,72,69,74,65,66
821,811,812,804,807,818,62,60,58,63,813,65
822,826,821,798,805,804,830,810,819,825,808,794
822,821,820,834,818,809,808,825,826,804,832,812
62,63,65,60,66,813,808,58,812,67,807,69
58,56,60,54,52,818,62,811,808,50,63,65
69,67,72,66,65,811,816,74,807,63,62,76
83,84,80,817,86,824,827,78,88,76,816,89
95,97,93,100,98,91,102,803,824,89,801,105
76,74,817,78,813,72,807,80,69,814,83,67
816,814,827,806,76,807,78,80,74,83,813,84
812,52,820,823,50,54,808,821,810,56,48,58
64,61,826,59,825,68,57,55,70,805,822,53
831,810,818,832,823,834,40,828,41,822,46,821
808,810,804,809,818,822,812,798,811,807,820,-1
826,810,825,834,809,819,821,57,55,59,805,61
46,44,42,48,41,40,50,831,52,38,818,820
88,86,89,91,84,93,815,814,83,95,801,789
57,55,59,819,53,822,61,826,834,51,64,49
819,805,822,825,64,68,809,61,59,70,57,71
800,814,817,788,789,806,790,824,83,816,84,80
829,833,51,832,834,49,53,47,45,43,55,835
47,49,51,45,833,828,53,43,55,39,57,834
798,805,796,794,799,809,792,826,781,804,70,73
40,837,38,823,41,836,820,832,42,36,44,34
828,836,820,831,834,833,835,829,841,837,51,53
43,829,45,39,835,828,47,37,49,51,35,53
828,825,822,810,832,820,53,55,51,829,57,49
833,37,39,845,841,35,43,33,31,828,836,829
841,832,837,831,838,835,840,36,38,34,828,32
36,34,38,32,838,831,40,836,29,41,42,27
837,29,32,27,839,840,841,34,836,36,843,24
843,3,4,2,5,1,842,6,0,10,7,9
841,842,839,844,838,845,12,11,13,8,14,15
840,836,845,835,838,837,844,832,28,842,839,30
11,8,12,7,13,6,14,5,15,4,839,840
9,10,18,0,22,1,839,24,2,3,4,27
17,16,19,15,20,21,14,23,13,25,26,12
28,30,31,26,33,841,835,844,35,840,25,37
847,848,850,849,854,851,857,852,859,896,853,861
850,846,848,854,849,857,851,859,852,896,861,853
849,847,850,846,854,851,857,852,896,853,859,861
848,851,847,852,850,846,854,853,857,896,855,859
847,854,848,846,857,849,851,859,896,852,861,853
852,849,853,848,896,850,847,854,855,846,857,856
851,853,849,855,896,848,856,850,847,854,846,857
852,855,851,856,849,858,896,848,850,860,893,847
857,850,847,859,848,849,846,861,896,851,863,852
856,853,858,852,851,860,893,896,862,849,894,848
855,858,853,860,852,893,862,851,896,864,849,894
854,859,850,861,896,847,863,848,849,851,846,865
856,860,855,862,893,853,864,852,866,894,851,896
861,857,863,854,896,850,865,847,848,851,849,867
862,858,864,893,856,866,855,868,853,894,891,870
863,859,857,865,896,854,867,850,869,847,851,894
860,864,893,858,866,868,856,855,891,894,870,853
861,865,859,867,857,896,869,854,894,871,850,873
862,866,860,868,893,891,870,858,856,872,894,874
867,863,869,861,859,871,896,894,873,857,875,854
868,864,870,862,891,860,872,893,874,858,876,895
869,865,871,863,894,873,861,875,896,892,859,877
866,870,864,891,872,874,862,876,895,860,893,878
867,871,873,865,875,894,863,892,877,861,881,880
868,872,874,866,876,891,864,895,878,862,890,889
873,869,875,867,892,894,877,865,882,883,881,880
874,870,876,868,878,895,866,891,890,889,864,888
875,871,869,877,892,881,867,882,880,883,879,865
876,872,878,870,895,890,868,889,891,866,888,897
873,877,881,882,871,880,883,879,869,892,884,867
878,874,895,890,872,889,870,888,868,891,897,887
880,881,875,879,873,882,883,871,884,869,892,885
876,890,874,895,889,872,888,870,887,897,891,886
880,877,881,875,882,873,883,871,884,869,892,885
877,881,879,882,875,883,873,884,871,892,885,869
880,882,877,883,875,879,873,884,892,885,871,886
883,881,880,884,877,875,879,885,873,892,871,886
882,884,881,885,875,892,880,886,877,873,879,887
883,885,886,882,892,887,881,897,875,880,888,877
886,884,887,883,897,892,888,882,889,881,875,895
885,887,897,884,888,889,883,892,895,882,890,881
886,888,897,885,889,895,884,890,883,892,878,876
889,887,886,890,895,897,885,878,876,884,874,891
888,890,895,887,878,876,897,886,874,885,891,872
889,878,888,895,876,887,874,897,886,872,885,870
868,897,895,866,870,864,874,893,892,862,876,872
871,884,897,883,885,873,875,882,886,869,881,887
862,860,858,864,894,856,855,891,866,868,896,853
893,867,869,871,865,896,892,891,862,863,873,855
876,889,878,890,874,888,897,887,891,872,870,886
859,857,851,861,852,854,863,853,865,850,849,855
887,886,888,885,895,892,889,891,884,890,883,876
899,949,903,900,902,948,947,901,909,944,904,951
900,898,949,948,901,903,947,904,902,944,905,909
899,901,948,898,949,904,905,903,944,947,942,902
900,904,948,899,905,949,898,906,944,942,907,903
903,909,898,947,949,914,899,950,951,948,900,917
902,949,898,947,899,909,948,900,914,951,950,944
905,901,942,906,948,900,944,907,899,943,949,908
906,904,942,907,901,943,908,948,900,944,939,910
907,905,904,908,943,942,910,901,939,941,911,900
906,908,943,905,910,942,941,904,911,939,918,901
907,910,943,906,911,941,905,912,918,942,915,919
914,902,950,903,947,917,951,949,898,916,928,927
911,941,908,943,912,918,907,915,919,913,906,921
910,912,915,941,913,919,908,918,943,907,921,906
915,913,911,910,919,941,918,908,943,907,921,906
912,915,911,919,910,941,918,908,943,921,907,906
909,917,950,916,902,951,927,926,928,925,903,920
912,913,911,919,910,918,941,908,921,943,907,930
917,920,925,924,926,914,950,927,923,928,922,909
916,914,950,926,927,925,920,928,924,909,951,923
941,919,921,910,911,915,943,930,912,939,908,929
918,915,941,911,921,910,912,913,943,930,908,939
924,925,923,916,922,926,917,927,914,950,928,909
930,918,941,939,929,919,943,910,938,911,915,942
923,924,920,925,916,926,917,927,914,928,950,931
922,924,920,925,916,926,917,927,914,928,950,931
920,925,923,922,926,916,917,927,928,950,914,931
924,926,920,916,927,923,917,928,922,950,914,931
927,925,917,928,924,916,920,950,923,914,931,951
926,928,950,925,917,931,951,916,914,924,920,932
927,931,950,951,926,932,917,925,914,933,946,916
930,938,939,940,921,937,936,942,943,918,941,945
929,921,939,938,918,940,937,941,943,919,942,936
932,928,933,927,951,934,946,950,926,935,925,917
931,933,934,928,946,951,935,927,945,950,936,926
932,934,946,931,935,945,951,936,928,937,927,950
935,933,945,936,932,946,931,937,951,940,944,938
936,934,945,937,933,946,940,938,932,944,931,929
935,937,945,934,938,940,933,929,946,944,932,939
938,936,940,935,929,945,934,930,939,933,944,946
937,929,936,940,930,939,935,945,921,934,942,944
929,930,921,943,942,940,938,941,918,937,906,907
937,945,938,929,936,939,944,942,935,930,934,946
918,910,919,943,911,921,915,908,912,907,939,930
905,904,906,939,943,940,944,907,948,901,929,908
907,941,908,910,906,939,942,918,921,905,911,919
948,945,940,942,946,904,947,949,900,901,905,899
935,936,946,934,940,944,937,933,938,932,947,951
945,951,933,934,932,947,935,944,931,936,928,950
949,903,951,902,946,948,909,898,944,899,950,900
900,949,899,901,944,904,898,947,903,905,942,946
898,899,903,948,947,900,902,901,944,909,904,946
914,951,917,928,927,909,926,916,931,947,925,902
950,928,946,947,931,932,927,933,914,909,917,934
