1127,1,2,6,5,8,4,3,1091,10,-1,-1
1127,0,2,6,5,8,4,3,1091,10,7,950
1,6,1127,8,0,5,4,10,1091,3,7,950
4,7,5,950,9,6,1091,1,2,1127,8,0
5,3,7,6,1091,950,1,2,8,9,1127,0
6,4,2,1091,3,8,1,1127,7,950,0,10
5,8,2,1,4,1091,1127,10,0,3,950,7
3,9,4,950,5,11,1091,6,980,1,2,8
6,10,2,5,1091,1,4,1127,12,0,950,3
950,11,7,3,13,4,980,1091,5,6,15,979
8,12,1091,6,1059,2,5,14,950,4,1,980
9,13,950,980,7,15,979,1091,3,4,1059,5
14,1059,10,1091,8,16,1084,980,6,1037,950,5
11,15,979,980,9,950,17,1131,7,-1,-1,-1
16,12,1084,1059,18,1037,10,23,980,1036,1091,-1
17,13,979,1131,11,980,19,970,22,25,1037,9
14,18,1084,23,1036,12,1037,1059,31,1038,-1,-1
1131,15,19,25,979,22,969,13,970,21,1085,24
23,16,1036,1084,31,14,1037,1038,34,970,1082,35
25,969,22,17,1131,21,1085,985,24,984,15,937
26,27,33,865,32,30,36,29,37,864,878,28
22,24,25,28,937,19,29,17,969,985,881,30
21,25,19,24,937,969,28,17,985,1131,29,984
18,31,1036,34,16,35,1084,1083,1038,1082,14,1037
21,28,22,29,937,25,30,881,19,32,985,17
22,19,969,21,985,937,24,17,1131,984,1085,28
20,33,27,865,36,32,37,864,30,38,878,29
20,32,26,865,30,33,29,878,36,28,864,881
29,24,21,30,937,881,22,32,27,25,878,19
28,30,32,24,881,27,21,937,865,878,20,22
32,29,27,28,881,865,878,24,20,26,937,21
34,23,1083,35,1036,18,1082,40,1086,1092,1038,16
30,27,865,29,20,878,26,28,881,33,864,24
36,26,865,37,864,20,27,38,990,32,878,39
35,31,1083,40,23,1086,1082,48,1092,18,1036,50
34,40,1083,31,1086,48,23,1092,50,1082,55,18
37,33,38,990,864,26,865,39,20,27,41,32
36,38,990,33,39,864,41,26,865,823,20,46
37,39,990,36,41,33,823,46,864,26,45,852
38,41,37,990,46,823,36,45,824,43,33,864
35,48,1086,1083,34,50,31,55,1092,23,-1,-1
39,46,38,45,823,824,990,43,37,42,36,759
43,44,45,986,47,49,824,46,53,52,41,51
42,45,46,44,824,986,49,41,47,53,759,823
47,42,49,43,986,53,52,45,824,51,46,758
46,43,824,42,41,986,44,823,39,759,49,47
45,41,824,43,823,39,42,986,38,759,990,44
49,44,53,52,42,51,986,43,54,45,843,824
50,40,1086,55,35,1083,1092,34,58,1077,31,-1
47,53,44,52,986,42,51,43,758,54,45,856
55,48,1086,58,40,1092,1077,1083,35,60,34,-1
52,54,843,53,56,47,49,856,57,44,986,811
53,51,49,47,54,843,856,44,56,986,758,42
52,49,47,51,986,44,856,758,54,42,843,43
51,56,843,52,57,53,856,59,47,49,811,44
50,58,1086,48,1077,1092,60,40,1083,1068,1076,35
54,57,843,51,59,52,811,856,61,53,47,49
59,56,843,54,61,811,51,62,52,856,63,756
55,60,1077,50,1076,1086,1092,64,48,1068,1069,66
57,61,56,62,811,843,54,63,756,51,757,65
64,58,1076,1077,66,55,67,1075,1014,50,1069,69
62,59,63,811,757,756,57,65,56,843,867,68
63,61,757,65,756,59,811,68,57,727,867,56
62,65,757,61,68,756,727,59,71,811,57,-1
66,60,1076,67,1014,1075,69,58,1077,70,-1,-1
63,68,757,62,727,71,756,61,73,649,59,-1
67,64,1014,69,1076,60,1075,70,72,58,1013,1077
66,69,1014,70,64,1075,1076,72,60,1013,75,1126
71,65,727,757,73,63,649,62,74,756,648,624
70,67,1014,72,66,1075,1013,64,75,1076,1310,1126
69,72,1014,67,1013,75,1310,1075,66,77,1126,64
73,68,649,727,74,65,624,648,757,76,63,78
70,75,1310,69,1013,1014,77,67,1075,991,992,79
74,71,649,624,76,68,78,648,727,80,65,81
73,76,78,624,649,71,80,81,648,68,727,82
77,72,1310,70,79,991,69,1013,992,83,1014,67
78,74,80,624,73,649,81,71,648,82,-1,-1
75,79,991,1310,72,83,1003,70,992,993,1013,69
80,76,624,74,81,73,649,82,648,71,84,-1
77,83,991,1003,75,1310,993,87,72,1004,992,-1
78,81,624,76,82,74,649,648,84,73,650,85
82,80,624,78,84,648,650,85,76,649,74,73
81,84,85,80,650,624,648,86,78,638,649,88
79,87,1003,1004,77,991,92,1005,75,993,93,-1
85,82,86,81,650,638,648,88,80,624,637,89
84,86,638,82,88,650,637,81,89,648,676,80
85,88,638,637,84,89,650,82,90,653,676,81
92,83,93,1005,1004,94,959,1003,79,95,917,-1
86,89,637,90,85,638,653,84,91,650,676,96
90,88,637,91,86,653,638,96,85,640,632,99
91,89,96,88,637,653,632,99,640,86,638,101
90,96,632,89,99,640,653,637,88,630,101,641
93,959,87,94,1005,917,95,1004,817,816,97,83
94,92,917,95,959,87,97,890,1005,98,817,100
93,95,97,917,92,890,98,959,87,100,1005,817
97,94,98,93,890,917,100,92,959,87,103,897
91,99,632,90,630,101,588,89,640,641,88,653
98,95,94,890,100,93,917,92,103,959,-1,-1
97,100,95,890,94,917,103,93,92,-1,-1,-1
101,96,588,91,630,102,90,632,673,89,106,589
890,98,103,97,95,917,110,889,94,897,93,117
99,102,588,106,589,96,105,673,630,91,104,90
106,101,589,105,588,576,99,104,581,673,575,107
110,100,889,890,117,897,116,98,113,917,97,121
105,107,576,106,111,102,567,114,589,575,101,122
106,104,576,107,102,589,111,101,575,567,114,588
105,102,576,589,104,101,107,575,588,581,111,99
104,111,105,576,114,567,106,122,102,575,589,124
109,115,788,898,118,112,119,113,776,897,790,817
108,112,115,118,898,113,119,788,897,120,116,889
117,889,103,116,121,113,120,897,100,123,112,119
107,114,104,122,567,576,105,124,106,566,-1,-1
109,113,118,119,115,108,120,116,897,889,898,121
112,116,119,120,889,118,121,109,117,897,115,110
111,122,107,567,124,104,566,576,126,105,-1,-1
118,108,109,112,119,788,776,113,898,750,120,116
117,113,120,121,889,119,110,112,118,749,123,109
116,121,110,889,120,113,123,119,749,103,112,118
115,119,112,109,113,108,120,750,116,749,121,788
120,118,113,112,116,749,121,115,109,750,117,108
119,121,116,113,749,117,118,112,123,889,109,750
120,116,117,123,749,119,113,110,889,112,125,118
124,114,566,111,126,567,107,128,562,563,104,576
125,121,749,120,747,117,127,116,119,113,110,750
566,126,122,128,562,114,567,563,111,129,564,107
127,123,747,749,130,121,748,120,117,116,132,739
128,124,562,566,129,122,564,563,131,565,114,567
125,130,748,747,123,132,135,134,749,136,121,739
126,129,562,564,131,124,566,565,122,133,563,570
128,131,564,126,133,562,565,568,137,124,566,569
132,127,135,748,134,136,125,747,123,138,739,-1
129,133,564,128,137,568,139,126,562,565,569,-1
136,135,130,134,127,748,138,125,747,-1,-1,-1
131,137,568,139,129,564,128,141,569,565,587,-1
135,138,136,748,132,130,737,140,736,739,127,747
134,136,132,138,130,748,127,737,140,736,739,125
135,132,134,130,138,748,127,140,736,737,-1,-1
133,139,568,131,141,129,564,587,569,143,-1,-1
140,134,736,135,737,136,723,142,748,132,739,130
137,141,568,133,587,143,131,569,564,-1,-1,-1
736,138,142,723,144,737,145,134,135,711,734,146
139,143,587,568,137,147,603,133,569,580,-1,-1
144,140,145,736,734,723,146,711,138,735,846,148
147,141,587,603,151,139,616,568,580,155,137,-1
145,142,146,735,734,846,140,148,736,149,723,693
146,144,846,148,142,735,149,734,140,150,874,736
145,148,846,149,144,735,150,142,874,152,857,140
143,151,603,616,155,141,157,587,159,158,580,-1
146,149,846,150,145,152,144,857,874,735,153,142
150,148,846,146,857,152,874,145,153,735,873,144
149,152,857,148,153,846,146,154,874,933,873,145
155,147,157,159,616,158,603,143,162,163,598,-1
150,153,857,149,154,933,148,156,873,846,952,874
154,152,150,156,857,933,952,149,160,873,148,934
153,156,952,152,160,933,857,150,161,934,149,873
159,157,151,158,162,147,616,163,603,165,143,-1
154,160,952,153,161,933,934,152,164,857,150,166
158,159,155,151,162,616,163,147,598,165,603,617
157,162,616,159,155,151,598,163,617,147,603,165
155,157,158,151,162,163,616,165,147,658,598,617
156,161,952,154,934,164,933,153,166,152,167,857
160,164,952,156,934,166,154,167,933,153,168,953
158,163,157,617,159,658,598,165,155,616,151,745
165,162,658,617,158,159,157,169,745,731,155,598
166,161,167,934,160,168,953,952,156,173,932,170
163,658,169,731,162,745,617,176,159,158,157,743
167,164,953,168,934,170,173,932,161,172,175,952
168,166,953,173,164,170,175,172,177,932,934,161
167,173,953,166,175,164,170,177,172,932,934,161
731,165,176,658,745,178,163,743,179,617,162,181
172,953,177,175,171,173,932,167,166,174,168,180
172,174,932,170,177,953,180,175,838,1021,173,166
170,171,177,953,174,932,175,173,180,167,166,168
175,168,167,953,170,177,166,172,171,164,932,174
171,172,180,932,1021,838,170,177,183,953,175,914
177,173,170,953,172,167,168,171,166,932,174,180
178,731,169,179,743,745,181,165,658,185,186,184
175,170,172,173,953,171,174,167,932,180,168,166
179,176,743,181,731,185,184,186,169,182,745,188
178,181,743,184,182,176,185,186,744,731,745,188
183,174,1021,171,187,172,177,944,170,838,932,175
179,182,184,743,744,178,185,186,697,176,698,754
184,181,744,185,697,179,743,186,178,754,799,698
180,187,1021,944,190,174,171,192,172,177,837,936
185,182,181,186,179,754,697,178,744,188,799,743
186,184,754,188,182,181,179,178,799,189,697,743
185,188,754,184,189,179,181,178,182,803,799,191
190,183,944,192,180,1021,936,194,195,929,174,-1
186,189,754,185,191,803,184,178,179,193,799,181
191,188,803,754,186,193,185,806,197,799,184,802
192,187,194,936,183,944,195,196,180,929,1021,-1
193,189,803,197,188,806,754,186,198,185,802,-1
194,190,936,195,187,196,944,199,183,929,930,-1
191,197,806,189,198,803,188,204,954,754,205,186
195,192,196,936,190,199,206,187,930,1025,929,944
196,194,936,199,192,1025,930,206,190,208,929,187
195,199,194,1025,936,206,930,192,208,935,190,929
193,198,806,191,204,954,205,189,203,803,808,201
204,197,205,954,193,806,203,912,201,191,845,834
206,196,195,1025,208,194,211,935,936,192,930,-1
201,202,787,203,845,207,913,205,213,204,217,912
200,203,845,202,205,787,913,204,207,912,198,213
787,200,207,201,845,213,913,203,217,205,220,204
205,201,845,204,200,912,202,198,913,787,207,954
205,198,203,954,912,197,845,201,806,193,200,834
203,204,845,201,912,198,200,954,197,913,202,787
208,199,211,1025,196,195,935,216,194,1128,222,-1
787,202,213,200,913,217,201,845,220,203,225,205
206,211,199,1025,935,216,1128,196,222,195,1146,-1
210,212,877,215,214,219,218,226,958,221,-1,-1
209,215,877,212,219,214,226,218,235,958,237,-1
208,216,206,1128,222,935,1146,199,1025,1109,234,196
209,214,877,210,218,215,219,226,221,958,960,238
217,207,787,220,913,202,225,230,224,200,868,232
212,218,877,209,221,219,226,210,958,215,960,227
219,210,877,209,212,226,235,214,237,238,958,241
222,211,1146,1128,208,1109,234,1110,206,236,935,1089
220,213,913,230,228,207,225,232,915,233,787,224
221,214,960,212,227,958,877,226,219,209,231,238
226,215,877,235,237,238,210,958,212,214,209,241
217,228,913,233,915,232,230,213,225,978,207,845
218,227,960,214,231,958,1031,226,212,239,877,238
216,1146,234,236,211,1110,1109,208,242,1150,1128,206
868,224,229,225,1040,240,882,230,239,231,232,213
868,225,223,229,230,882,1040,232,240,217,213,915
224,230,868,882,223,232,217,1040,229,915,220,233
238,219,958,237,877,235,960,215,214,218,971,241
231,221,960,1031,239,218,240,958,229,214,971,223
233,915,220,232,978,975,217,230,913,977,225,213
223,240,868,1040,224,239,231,225,882,227,230,1010
225,232,882,915,224,233,220,217,868,228,977,223
227,239,240,1031,221,229,960,1040,223,1030,218,958
915,233,230,977,228,225,220,882,217,224,975,868
915,232,228,977,220,230,975,217,225,882,978,913
236,222,1146,242,1150,1110,216,244,1109,211,1112,-1
237,241,238,226,243,973,219,958,215,245,877,971
234,242,222,1150,1146,244,1110,216,211,-1,-1,-1
238,235,226,241,973,958,219,243,971,215,960,877
237,226,958,235,971,973,219,960,241,877,243,215
240,231,229,1031,1040,227,1030,223,868,221,1010,960
239,229,1040,231,223,868,1030,227,224,1031,1010,882
235,243,237,973,238,245,226,219,215,246,958,971
236,244,234,1150,222,247,1166,1146,1110,-1,-1,-1
241,245,973,235,237,246,238,248,226,219,1057,971
242,247,1166,1150,236,251,234,1165,1253,-1,-1,-1
246,243,973,248,241,1057,235,249,237,238,971,250
248,245,249,973,1057,243,250,241,237,971,235,238
1166,251,244,1253,253,1150,242,1165,-1,-1,-1,-1
246,249,1057,250,245,973,252,243,971,1042,1058,972
248,250,1057,246,252,245,1058,1042,973,254,972,971
249,252,248,1058,1057,254,1042,246,256,972,1101,1115
253,247,1253,1166,255,244,1326,1165,-1,-1,-1,-1
250,1058,254,249,256,1042,1101,1115,1057,248,257,1039
251,255,1253,1326,247,259,1166,1230,-1,-1,-1,-1
256,252,1115,257,1058,1101,250,1116,258,249,1114,1042
253,259,1230,1326,251,1232,261,1253,-1,-1,-1,-1
257,254,1115,258,1116,252,260,1201,250,1101,1058,1114
258,256,260,1116,254,1201,1115,1244,262,252,250,1170
257,260,256,1201,262,1244,1116,254,1115,264,252,-1
261,1232,255,1230,263,1231,253,1247,1326,265,-1,-1
258,262,1244,257,1201,264,256,1116,1284,266,254,-1
263,259,1232,1231,265,1230,255,1247,267,1237,1246,-1
260,1244,264,258,1201,266,1284,257,268,1116,256,1190
261,265,1231,1232,259,267,1237,1247,1246,1230,1238,270
266,262,1244,1284,268,260,1201,258,269,1190,-1,-1
263,267,1231,261,1237,270,1238,1232,259,1246,274,-1
268,264,1284,1244,269,262,272,1190,1201,260,1191,-1
265,270,1238,1237,274,263,276,1231,277,1409,261,278
266,269,1284,272,264,1191,1244,1190,282,262,1306,1201
272,268,1191,1284,266,282,1306,1190,285,264,1244,-1
1238,274,267,276,277,1237,1487,1409,265,278,1426,281
275,280,273,1098,1072,283,287,279,1189,1100,290,294
282,269,1306,1191,285,268,1284,1142,292,266,1190,-1
275,279,1189,271,286,1098,280,294,287,293,288,290
276,270,1487,277,1238,1426,278,1409,267,1269,281,1427
273,271,280,279,1098,287,1189,283,290,286,294,293
274,277,1487,278,270,1269,1426,281,1238,267,1427,1409
278,276,1487,1269,281,274,270,284,1427,1426,1358,1238
277,281,1269,276,284,1487,274,1358,291,1427,270,1426
273,286,1189,275,288,293,1124,296,1145,289,271,294
283,271,287,275,290,273,1100,1072,294,1188,1098,279
278,284,1269,277,291,276,1487,1358,274,1427,302,270
272,285,1306,269,292,1191,1142,300,268,1283,-1,-1
280,287,1100,290,1188,271,275,1186,294,1072,1187,273
281,291,1269,278,1358,277,302,1487,276,1427,1443,308
282,292,1306,272,300,1142,1283,306,1191,269,305,-1
288,296,293,279,298,289,294,273,1145,290,275,295
290,283,280,294,1186,1188,275,271,293,1100,273,286
289,286,296,298,293,295,1145,279,304,294,297,1197
288,295,298,1145,296,286,297,304,293,279,299,307
294,287,1186,293,283,280,275,1188,286,296,273,1198
302,284,1358,1269,281,308,278,1443,1427,277,1487,310
300,285,1283,306,282,305,1306,1142,303,272,301,-1
296,294,286,288,298,290,1197,279,289,287,1186,304
293,290,296,287,1186,286,1197,288,298,280,275,279
297,289,298,299,304,288,307,1145,1143,296,301,286
293,298,288,286,294,289,1197,304,295,279,290,307
295,299,301,289,307,1143,304,298,309,1145,288,303
296,288,289,304,295,286,293,1197,307,297,294,1145
297,301,1143,295,303,307,309,1283,289,305,304,1145
306,292,1283,305,303,285,301,1142,282,1306,299,1143
303,299,297,305,1283,1143,295,306,309,307,300,304
291,308,1358,1443,310,284,1269,1427,1458,281,312,1444
305,301,1283,306,299,300,297,1143,309,292,295,307
307,298,295,1223,1197,309,296,289,297,288,293,299
306,303,1283,300,301,299,292,1143,297,309,285,1142
305,300,303,1283,292,301,285,299,1143,1142,-1,-1
304,309,1223,297,295,298,299,311,1197,289,301,296
310,302,1443,312,1458,1358,291,314,1444,1439,1427,1269
307,1223,311,304,297,299,301,295,1222,313,298,303
312,308,314,1458,302,1439,1443,315,1358,291,-1,-1
313,309,1222,1223,307,316,1271,304,1213,1221,301,297
310,314,1439,308,315,1458,317,302,1443,1441,1398,1428
311,316,1222,1271,309,319,1223,1221,1285,1270,307,1213
315,312,1439,310,317,1398,1458,318,1428,308,1441,-1
317,314,1398,1439,318,312,1428,310,320,1393,1397,1458
313,1271,319,1285,311,1222,1270,327,328,1221,329,309
318,315,1398,320,314,1393,1439,322,312,1397,1428,331
317,320,1393,1398,322,315,331,1397,314,1439,1420,1428
1285,327,316,328,1271,1270,329,313,326,1221,323,1222
322,1393,318,331,317,1397,1398,315,333,1399,1420,-1
324,323,1259,325,326,1270,330,329,1221,332,1258,1224
320,331,1393,318,333,1397,317,1399,1398,-1,-1,-1
321,326,1270,324,329,1259,325,328,1221,1285,330,1271
321,325,1259,330,323,332,326,1258,1270,1221,1389,1407
324,330,321,1259,332,1258,1389,1407,323,326,1354,1224
329,323,1270,328,321,1285,324,327,1259,1221,1271,319
328,1285,319,329,1270,326,1271,316,323,321,1221,-1
327,329,1285,326,319,1270,323,1271,321,316,1221,324
328,326,1285,1270,327,323,319,321,1271,1221,324,1259
325,332,1389,324,1407,321,1354,1259,1345,334,1258,323
322,333,1393,320,1397,1399,318,335,1416,1398,317,1420
330,334,1354,1389,325,324,1355,321,336,1347,323,1345
1399,331,335,1397,322,1416,1393,1417,337,320,338,1418
332,336,1354,1355,1389,330,339,1392,1347,325,324,1353
337,333,1399,1417,338,331,1416,340,1418,1397,1431,-1
339,334,1355,1392,1354,343,332,1353,1408,1347,1405,-1
338,335,1417,340,341,1399,333,1431,1418,342,1416,-1
340,337,1417,341,1431,335,342,1418,344,1399,333,1416
343,1392,336,1408,1355,345,334,1405,1353,347,1354,-1
341,338,342,1431,337,1417,344,1418,335,346,1432,-1
342,340,1431,344,338,1417,346,337,1418,1432,1460,1459
341,344,1431,340,346,1460,338,1432,1459,1417,1418,348
345,339,1408,1392,347,1405,336,349,1403,1355,1353,-1
342,346,341,1460,1431,1459,340,1432,348,1467,1418,338
347,343,1408,349,339,1403,1392,1405,350,-1,-1,-1
348,1460,344,1467,342,351,341,1459,1508,352,1431,340
345,349,1408,350,1403,343,1405,353,1392,1404,339,-1
1467,351,346,352,1460,1508,344,354,342,1489,1459,366
350,347,1403,353,345,1408,1404,363,343,1405,-1,-1
349,353,347,1403,1404,363,345,1408,1453,368,-1,-1
352,348,1467,354,346,1489,1508,1460,366,364,362,344
351,354,1467,1489,348,364,366,1508,362,346,1460,358
350,363,1404,349,1453,368,1403,1658,347,373,-1,-1
352,1489,364,366,351,362,358,1467,1508,348,1488,357
359,360,1479,361,365,356,1494,367,1430,1480,1451,357
357,361,358,360,1494,355,362,1488,1479,1489,359,364
358,356,361,362,1494,1489,360,1488,364,354,355,366
357,362,356,364,1489,354,361,1488,366,1494,360,352
355,365,1479,360,367,1451,1430,361,1480,374,356,1494
355,361,359,356,1479,1494,365,357,358,367,1480,1430
360,356,355,357,1494,1479,358,359,362,365,1488,1480
364,358,1489,357,366,354,356,352,1488,361,351,1508
353,368,1658,1453,350,373,1404,349,1456,379,1452,-1
362,366,354,358,1489,352,357,351,356,1488,1467,1508
359,367,1451,355,1430,1479,374,360,1433,1360,361,1480
364,354,362,352,1489,358,351,357,1467,348,-1,-1
365,374,1451,359,1433,355,382,1360,1430,360,1479,1434
373,363,1658,379,1452,1456,353,1453,1465,385,1454,350
370,372,371,1507,375,1455,376,377,1422,1454,381,378
369,371,1507,372,376,1422,1455,375,381,1421,1446,377
370,376,369,1507,1422,381,372,1421,1455,375,1446,386
375,369,370,377,1455,1507,371,378,1454,376,380,1456
368,379,1452,1456,1658,1465,383,384,385,363,380,388
367,382,1433,1434,365,1451,387,359,1360,1424,355,392
372,377,369,378,1454,1455,370,380,1456,1507,371,383
371,381,1421,370,1422,369,386,1457,1507,372,1383,390
375,378,380,372,1454,1456,369,383,1455,1452,370,384
380,377,1456,375,383,1454,1452,372,384,1465,373,1658
1465,1452,373,385,384,388,389,383,1456,368,380,1658
378,383,1456,1452,377,384,1465,1454,375,379,373,388
376,386,1457,1421,371,390,1509,370,391,1423,1449,1422
387,374,1434,392,367,1433,1435,1425,1424,365,1451,395
380,384,1452,1465,1456,378,388,379,373,385,377,389
1465,383,388,1452,379,385,389,380,1456,373,378,377
389,1465,388,379,384,1452,383,373,1456,380,368,-1
390,1509,381,1457,391,1495,376,1522,1449,393,1421,394
382,392,1434,1435,374,395,1425,1473,1424,1433,367,-1
389,1465,384,385,379,1452,383,380,373,1456,378,368
385,388,1465,384,379,1452,383,373,380,1456,-1,-1
1509,391,386,1522,393,1495,381,394,1457,1449,376,1555
1509,390,393,1522,394,386,1495,397,381,1555,1457,376
387,395,1435,1473,382,396,1434,1425,1471,398,1472,374
391,394,1522,1509,390,397,386,1495,1555,381,399,-1
393,1522,397,391,1509,1555,390,399,1495,386,1530,-1
1473,396,392,398,1435,387,1506,1471,400,382,-1,-1
398,395,1473,400,1506,392,402,1471,1435,1550,-1,-1
394,399,1555,1522,1530,393,401,391,1495,1509,390,1527
400,396,402,1506,395,1550,1473,404,1515,1471,392,-1
401,397,1530,1555,1553,403,394,1522,1527,393,1495,-1
398,402,1506,396,1550,404,1515,1473,395,1518,1531,1471
399,403,1530,1553,405,397,1555,1535,1527,1524,407,-1
1550,400,404,398,1515,1506,1531,406,396,1518,1520,408
405,401,1553,1535,1530,407,399,1524,1534,1527,410,1555
1550,402,406,1531,1515,400,408,398,1506,1520,409,-1
1535,403,407,1553,1534,401,410,1524,1530,-1,-1,-1
1531,408,404,1550,409,1520,1515,402,411,413,400,-1
405,410,1535,1534,403,412,1536,1553,1545,1524,401,-1
409,406,1531,411,1520,413,404,1533,1550,1515,1517,1546
408,411,1533,413,1520,406,1531,1546,1517,414,1547,404
407,412,1536,1534,405,415,1535,1545,1579,403,417,-1
413,409,1533,408,414,1546,1551,1547,406,416,1520,1531
415,410,1536,417,407,1579,1534,1542,1545,424,427,426
411,414,1533,409,1551,416,408,1547,418,1546,406,-1
413,416,1551,411,418,1533,409,1547,422,1552,408,1546
417,412,1542,1579,1536,424,427,410,426,423,421,1566
418,414,1551,422,413,1552,411,1533,428,1547,1595,1557
424,415,1542,427,426,1579,412,423,1566,1575,1536,421
416,422,1552,1551,428,414,1595,413,430,1563,1557,1556
420,425,429,421,1572,431,423,426,433,1567,427,-1
419,421,1572,425,423,429,431,426,433,1567,427,1566
423,420,1572,419,426,429,431,425,427,1567,433,1566
418,428,1552,1595,416,430,1563,1551,414,432,1556,-1
426,421,1572,427,420,1567,424,419,1566,431,417,429
427,417,426,1566,1542,423,415,1576,1575,1567,421,1579
419,429,420,431,421,1572,423,433,426,1567,-1,-1
423,427,424,421,1566,1572,1567,417,420,415,431,433
426,424,1566,417,423,1567,421,415,1542,1572,1576,420
1595,430,422,1563,418,432,1552,416,434,1580,1556,1551
431,425,419,1572,420,433,421,423,1567,435,426,-1
1595,432,428,1563,434,422,1580,436,1552,418,437,1578
429,433,1572,420,425,1567,421,435,419,423,426,1603
430,434,1595,1580,436,1563,428,437,1578,1597,422,438
431,435,1572,1567,429,1603,441,421,423,420,1566,426
436,432,1580,437,430,1597,438,1595,1563,1578,1570,439
433,1603,441,1567,431,1572,1606,1599,444,429,1566,423
437,434,438,1580,432,1597,1570,439,430,1578,440,1595
436,438,434,439,1570,432,440,1580,1597,442,430,1586
439,437,436,440,1570,434,442,1597,1586,1580,432,443
438,440,437,1570,442,436,1586,443,434,1597,445,-1
439,442,438,443,1586,1570,437,445,436,1591,446,-1
444,435,1603,1606,447,433,1599,1567,1605,1608,449,431
440,443,1586,439,445,1570,438,1591,446,437,448,1585
442,445,1586,446,440,1591,448,439,1570,1585,450,438
447,441,1606,449,1608,1603,435,1605,451,1599,433,-1
446,443,1591,448,1586,442,450,1604,440,452,1585,439
445,448,1591,450,443,452,1604,1586,442,453,1585,440
444,449,1608,1606,441,451,1605,1611,1603,454,435,-1
450,446,1591,1604,452,445,453,443,1586,1616,455,1585
451,447,1608,454,444,1611,1606,1621,1605,441,456,-1
452,448,453,446,1604,1591,1616,445,455,443,459,1594
449,454,1621,1608,447,456,1611,444,465,1606,1639,-1
450,453,448,1604,1616,455,446,1591,459,445,1594,458
1616,452,455,1604,450,459,448,1594,458,1591,461,446
451,456,1621,449,465,1639,1608,1611,447,472,1644,1634
1616,459,453,458,1594,1604,461,452,450,464,448,1591
465,454,1621,472,451,1639,1644,449,480,1611,1634,-1
460,462,1638,1622,463,466,467,1625,470,1624,1631,473
459,461,455,464,1594,1616,475,453,1619,1604,1593,452
458,455,1616,461,453,1594,464,1604,452,475,1619,450
463,457,1638,462,467,1622,466,473,1624,1625,470,1637
464,458,1594,459,475,1619,455,1616,1593,1630,453,483
457,466,460,470,1622,463,1625,1638,469,1631,467,468
460,467,1638,457,473,462,1624,1622,1637,477,466,478
461,1619,475,458,1594,1630,459,1593,483,455,1618,1616
472,456,1644,1639,480,454,1621,1646,1643,485,451,-1
470,462,469,457,1631,1625,460,468,1622,463,1638,471
463,473,460,1638,1637,477,457,1624,478,462,476,1622
469,471,1631,470,1647,474,466,479,462,1636,1625,1642
468,470,1631,466,471,1647,462,474,1625,457,1636,479
469,466,1631,468,462,471,1625,457,1647,460,474,1622
474,468,1647,469,479,1631,470,482,1642,466,484,1636
465,480,1644,1646,1643,485,456,1639,491,488,454,1642
477,467,478,463,1637,476,460,1638,481,457,1648,1624
471,479,468,482,1647,1642,469,484,1631,470,1643,488
1630,483,464,461,487,1619,458,1652,492,1618,459,1594
478,481,477,1651,1648,1637,489,473,490,1653,467,486
478,473,476,467,1637,481,463,489,1651,1648,460,1638
477,476,481,473,1637,1651,489,1648,467,490,463,486
482,474,471,484,1642,1647,468,488,1643,469,491,1644
1646,485,472,1643,491,1644,488,465,484,456,482,1639
476,1651,489,478,490,477,1648,486,1653,493,1637,473
479,484,488,474,1643,1642,491,471,485,1646,1647,1644
487,475,1630,492,1652,494,464,461,1619,1618,497,458
488,482,491,1643,479,485,1646,1642,474,480,1644,471
1646,491,480,488,1643,484,472,1644,482,465,1642,479
490,493,1655,495,489,1651,1653,496,481,1654,1657,498
483,492,1630,1652,494,475,497,1657,1618,498,464,1654
491,484,485,1643,482,1646,480,479,1642,1644,472,474
490,481,1651,486,493,476,478,495,1653,1655,477,1648
489,486,493,1651,481,495,1655,1653,476,496,478,1648
488,485,1646,484,1643,480,482,472,479,1644,1642,-1
494,487,1652,497,483,1657,1630,498,475,496,1654,1618
495,486,490,496,1655,489,498,1651,1657,481,1653,497
492,497,1657,1652,498,487,496,483,1630,1655,1654,495
493,496,1655,486,498,1657,490,497,489,1654,494,1653
495,498,1657,1655,497,493,486,494,490,1654,1652,492
498,494,1657,496,492,1652,495,1655,487,1654,493,486
496,497,1657,495,494,1655,493,492,1652,486,1654,487
500,510,509,501,508,502,503,507,504,506,505,511
499,501,502,510,503,509,504,508,505,507,511,512
502,500,503,499,504,505,510,511,509,512,508,518
503,501,504,505,500,511,499,512,518,510,509,1357
502,504,501,505,511,500,512,518,499,510,522,1357
505,503,511,502,512,501,518,500,522,499,1357,524
504,511,512,503,502,518,501,522,500,524,1357,499
507,517,516,508,515,509,510,514,499,513,521,500
508,506,509,517,510,516,499,515,500,514,501,513
507,509,510,506,499,517,500,516,501,515,502,514
510,508,499,507,500,506,501,517,502,516,503,515
509,499,508,500,507,501,506,502,517,503,516,504
512,505,504,518,503,502,522,501,524,500,526,529
511,518,505,504,522,503,502,524,501,526,500,529
521,514,520,519,515,523,525,516,528,517,527,530
515,513,521,516,520,517,519,523,525,506,528,531
514,516,517,513,521,506,520,519,507,523,531,530
517,515,506,514,507,513,508,521,520,509,531,519
516,506,515,507,514,508,513,509,521,510,520,531
512,522,511,505,524,504,503,526,502,529,501,533
523,520,521,525,513,527,514,528,530,515,531,1324
521,519,513,523,514,525,527,515,528,530,516,1324
520,513,519,523,514,525,515,528,527,516,530,531
524,518,526,512,529,511,505,533,504,503,537,502
519,525,520,521,527,513,528,514,530,515,531,516
522,526,529,518,533,512,537,511,505,541,504,545
523,527,528,519,520,521,530,513,531,514,515,532
529,524,533,522,537,541,518,545,512,511,548,505
528,525,530,523,531,519,520,521,513,532,514,534
527,530,525,531,523,519,521,520,532,513,514,534
526,533,524,537,522,541,545,518,548,512,511,1340
531,528,527,532,525,534,535,523,519,521,520,536
530,532,534,528,535,527,536,525,523,515,514,521
534,535,531,536,530,538,528,527,539,525,515,514
529,537,526,541,524,545,548,522,551,518,1340,555
535,532,536,531,538,530,539,528,527,540,542,515
534,536,532,538,531,539,530,540,528,542,527,543
535,538,534,532,539,531,540,542,530,543,1333,544
541,533,545,529,548,526,551,524,555,1340,554,522
536,539,535,540,534,542,532,543,544,531,1333,546
540,538,542,543,536,544,535,546,534,547,1333,532
542,539,543,544,538,546,547,536,549,535,534,550
545,537,548,533,551,555,529,554,526,561,1340,560
543,540,544,539,546,547,538,549,550,536,1333,535
542,544,540,546,547,539,549,538,550,536,552,1333
546,543,542,547,540,549,550,539,552,538,553,536
541,548,537,551,555,533,554,561,529,1340,526,560
547,544,549,543,542,550,540,552,539,553,538,556
546,549,544,550,543,542,552,540,553,539,556,538
545,551,555,541,554,537,561,560,533,559,1340,558
547,550,546,544,552,543,542,553,540,556,539,557
549,552,547,546,553,544,556,543,542,557,540,558
555,548,554,561,545,560,541,559,537,558,533,1340
550,553,556,549,547,557,546,544,558,543,542,559
556,552,557,550,558,549,547,559,546,560,544,1341
561,555,551,560,548,559,545,558,541,557,537,556
551,554,561,548,560,545,559,541,558,537,557,1340
553,557,552,558,550,559,549,560,547,561,1341,546
556,558,553,559,552,560,561,550,554,549,555,551
559,557,560,556,561,553,554,555,552,551,548,550
560,558,561,557,554,555,556,551,553,548,545,552
561,559,554,558,555,551,557,548,556,545,541,553
554,560,555,559,551,558,548,557,545,541,556,537
126,128,565,566,564,570,563,124,129,131,573,122
566,570,577,574,562,567,124,126,565,122,575,128
129,565,131,128,562,568,133,569,126,137,570,573
564,570,573,562,569,129,128,572,568,126,571,563
124,126,563,122,567,562,128,114,577,570,111,129
576,566,111,122,114,107,124,575,563,104,577,105
139,133,137,569,564,131,587,141,129,565,143,128
572,565,568,573,587,564,580,133,131,570,139,141
565,573,574,571,563,562,564,566,605,618,569,577
570,573,618,605,574,586,565,572,593,563,604,579
573,580,578,605,569,565,587,571,579,611,603,570
565,572,570,605,571,569,564,562,578,580,574,586
570,563,618,571,577,604,573,562,566,602,586,565
576,577,581,589,582,567,106,105,102,104,613,563
105,106,104,575,107,567,589,102,111,581,114,577
575,563,574,604,582,567,566,576,581,570,618,589
572,585,605,580,579,611,573,584,569,586,603,-1
605,584,586,578,585,583,591,572,571,593,-1,-1
572,603,587,578,611,569,616,573,143,605,147,568
589,613,582,575,673,588,102,106,576,614,609,577
581,613,604,610,575,577,609,589,673,574,-1,-1
593,591,586,594,579,584,595,-1,-1,-1,-1,-1
591,579,585,599,592,583,597,578,607,-1,-1,-1
578,599,590,584,579,611,605,-1,-1,-1,-1,-1
593,605,571,618,579,583,602,573,574,578,595,-1
141,143,603,580,569,568,139,147,572,137,616,133
101,673,99,102,589,630,96,106,581,631,105,613
102,581,106,588,575,576,105,101,673,613,104,582
596,599,585,598,611,608,597,-1,-1,-1,-1,-1
584,607,594,583,592,579,599,643,-1,-1,-1,-1
597,643,599,591,584,667,607,608,-1,-1,-1,-1
586,602,618,595,583,615,571,604,579,594,-1,-1
591,601,583,606,607,595,593,-1,-1,-1,-1,-1
593,601,615,602,594,600,583,633,618,586,-1,-1
746,590,617,696,598,608,698,599,745,162,-1,-1
667,599,608,592,643,668,590,584,-1,-1,-1,-1
617,158,616,162,596,611,590,157,163,746,658,159
597,590,585,592,584,608,667,596,591,-1,-1,-1
633,615,1006,623,664,601,595,683,602,-1,-1,-1
620,595,633,594,600,606,615,622,683,-1,-1,-1
615,593,618,610,604,595,1006,586,574,600,-1,-1
147,616,580,587,143,151,611,141,158,157,155,572
618,574,610,582,577,602,575,615,571,593,563,-1
572,573,571,586,579,578,570,580,618,569,585,565
622,594,607,620,601,619,621,-1,-1,-1,-1,-1
591,621,643,592,594,606,660,584,-1,-1,-1,-1
597,696,596,666,599,667,668,590,746,592,-1,-1
613,612,610,614,1006,672,582,581,673,623,665,615
1006,615,602,604,582,609,613,612,618,-1,-1,-1
578,580,598,616,603,585,590,572,158,-1,-1,-1
623,672,1006,665,609,663,614,610,689,613,-1,-1
581,614,609,673,582,589,672,588,610,631,575,612
613,672,631,673,688,609,581,612,689,588,630,-1
602,1006,600,610,595,593,604,623,601,618,633,609
158,151,157,603,147,598,611,155,162,159,143,580
658,746,162,163,745,598,596,165,158,169,157,698
593,602,571,574,604,586,570,610,605,577,615,595
628,622,625,626,621,629,606,635,-1,-1,-1,-1
622,601,633,662,683,606,625,716,-1,-1,-1,-1
628,660,607,643,619,651,606,635,-1,-1,-1,-1
625,620,662,606,619,601,-1,-1,-1,-1,-1,-1
612,664,1006,663,665,600,769,615,672,609,633,-1
80,78,649,81,74,648,76,73,82,71,650,84
622,627,662,626,619,661,647,636,620,-1,-1,-1
636,629,627,625,703,619,628,634,645,-1,-1,-1
647,636,625,626,645,661,677,678,-1,-1,-1,-1
635,621,619,629,651,660,671,626,-1,-1,-1,-1
635,626,634,628,671,703,619,636,651,700,-1,-1
632,631,96,99,588,641,673,639,91,101,90,640
688,630,614,673,639,588,672,613,726,641,632,99
96,91,641,640,630,90,99,653,89,639,642,588
600,683,620,601,664,662,728,595,623,615,-1,-1
700,684,703,671,629,635,702,644,626,705,-1,-1
628,671,629,651,669,634,621,660,619,700,705,-1
678,703,627,626,645,647,644,629,646,625,-1,-1
88,653,89,638,86,90,676,85,91,640,650,84
86,650,85,637,88,676,84,89,653,82,648,90
631,642,641,726,688,725,630,632,-1,-1,-1,-1
653,632,91,641,654,90,652,637,96,89,88,642
632,642,640,639,630,652,96,91,657,725,631,653
641,657,725,639,652,891,632,640,726,655,773,-1
660,592,667,607,621,659,597,651,591,-1,-1,-1
690,684,678,794,685,703,636,718,634,-1,-1,-1
636,679,677,647,646,678,627,712,715,626,-1,-1
679,691,794,678,645,692,677,636,693,-1,-1,-1
677,627,661,645,715,679,636,686,625,712,-1,-1
649,650,624,81,82,727,80,84,73,755,71,74
73,71,624,648,74,727,68,80,78,76,81,650
638,648,84,85,82,676,86,81,755,624,637,88
660,635,669,628,671,670,659,621,643,629,-1,-1
642,657,654,655,641,640,656,653,632,773,-1,-1
637,640,654,676,89,90,88,638,91,86,632,96
653,656,640,676,681,652,637,638,-1,-1,-1,-1
773,710,657,656,652,708,774,642,-1,-1,-1,-1
654,710,655,681,680,652,682,-1,-1,-1,-1,-1
642,773,891,655,725,652,774,641,-1,-1,-1,-1
165,745,163,169,617,731,162,746,743,176,158,698
660,902,667,670,668,643,674,651,-1,-1,-1,-1
643,651,621,659,628,667,635,670,607,669,-1,-1
647,662,686,716,627,625,715,677,714,-1,-1,-1
716,622,620,683,661,625,633,-1,-1,-1,-1,-1
665,769,796,623,664,687,612,797,728,-1,-1,-1
623,728,633,683,769,663,600,1006,-1,-1,-1,-1
663,612,672,689,687,623,796,688,1006,609,-1,-1
696,668,695,694,608,902,698,746,667,767,-1,-1
597,668,643,659,592,608,660,599,902,666,-1,-1
902,666,667,695,608,659,597,768,696,-1,-1,-1
670,671,705,704,651,635,700,675,721,660,674,-1
669,674,704,659,651,675,902,705,660,671,-1,-1
635,669,634,700,705,629,651,628,704,721,684,670
614,612,665,689,688,609,613,631,623,1006,-1,-1
588,613,581,631,614,589,630,101,102,99,106,688
768,670,902,675,752,659,704,766,695,669,-1,-1
704,751,674,720,752,670,719,669,705,764,768,-1
638,653,637,650,654,755,681,86,88,85,89,648
679,647,715,712,645,646,724,627,661,692,-1,-1
636,644,794,646,645,703,690,679,691,627,684,-1
677,646,712,692,645,647,711,691,715,678,-1,-1
682,844,709,867,681,656,710,-1,-1,-1,-1,-1
867,654,676,656,680,755,653,-1,-1,-1,-1,-1
706,709,710,680,707,760,844,758,656,-1,-1,-1
633,716,728,662,620,664,714,600,601,-1,-1,-1
634,644,702,700,685,703,690,701,721,671,678,-1
717,684,690,718,701,702,644,700,-1,-1,-1,-1
714,716,715,713,949,661,647,728,730,786,-1,-1
796,689,872,665,821,820,663,-1,-1,-1,-1,-1
631,689,726,614,672,639,872,673,630,665,-1,-1
872,688,672,687,665,726,821,614,612,-1,-1,-1
718,644,794,685,740,741,717,678,684,691,-1,-1
732,794,693,646,692,740,679,734,690,678,733,-1
679,711,734,646,693,691,712,723,677,775,-1,-1
734,732,735,691,733,692,144,711,846,142,762,145
744,767,698,666,695,699,696,697,182,181,-1,-1
768,767,666,902,766,668,694,674,-1,-1,-1,-1
666,746,698,596,608,694,744,617,745,668,-1,-1
182,744,184,753,699,181,799,185,694,754,179,186
744,746,696,743,745,694,181,179,182,617,658,666
767,697,753,771,772,694,766,744,182,-1,-1,-1
634,721,702,705,684,671,828,669,635,703,629,685
862,717,702,828,685,907,721,863,718,827,684,-1
701,700,721,828,684,685,862,634,705,717,-1,-1
636,634,644,684,678,626,629,700,-1,-1,-1,-1
705,675,669,670,719,721,674,720,671,-1,-1,-1
721,704,669,700,671,719,702,670,828,634,675,635
760,682,710,793,708,707,805,709,-1,-1,-1,-1
760,682,759,709,758,706,822,805,824,986,-1,-1
773,785,655,706,710,774,793,-1,-1,-1,-1,-1
844,682,758,856,707,680,759,53,867,706,843,811
682,706,655,656,708,680,773,-1,-1,-1,-1,-1
723,734,692,775,712,736,142,140,679,144,737,693
677,679,775,724,711,715,692,723,647,722,645,-1
786,949,724,686,778,715,714,765,722,738,729,-1
949,728,716,730,686,683,713,769,729,661,-1,-1
677,647,686,713,724,712,661,679,645,949,-1,-1
714,683,686,662,728,661,949,730,620,-1,-1,-1
701,718,742,685,907,741,862,690,702,908,-1,-1
741,690,717,685,742,740,761,644,791,794,701,-1
721,720,704,705,858,828,827,675,-1,-1,-1,-1
764,751,858,876,719,675,704,780,-1,-1,-1,-1
828,705,700,702,719,704,827,701,671,862,684,669
739,775,778,1028,724,737,723,738,748,747,736,712
736,711,775,737,140,142,138,734,144,712,722,692
713,778,775,722,712,715,677,786,1028,-1,-1,-1
642,891,726,795,657,639,641,773,872,783,-1,-1
872,688,725,639,689,795,631,821,642,-1,-1,-1
68,757,71,65,649,755,648,756,63,73,62,624
714,769,683,730,664,716,949,686,633,663,-1,-1
842,765,730,949,786,770,797,714,777,776,738,713
714,769,949,729,797,728,796,770,716,686,786,-1
169,176,165,178,658,745,743,179,163,181,617,162
693,691,762,733,740,761,735,794,734,-1,-1,-1
874,732,762,735,693,836,846,873,734,691,761,-1
142,144,693,711,735,692,145,723,140,736,846,146
846,144,145,734,693,733,874,146,142,148,149,732
140,723,138,737,142,711,134,775,144,734,135,145
736,739,723,138,134,722,748,775,140,135,711,1028
765,1028,778,776,750,786,842,722,115,739,749,118
748,1028,737,722,747,134,775,778,127,138,125,135
732,690,761,741,794,718,691,762,693,-1,-1,-1
761,718,791,742,740,690,717,762,792,-1,-1,-1
717,741,908,791,718,907,906,761,-1,-1,-1,-1
179,178,181,745,176,731,744,698,182,169,658,184
182,181,698,697,743,694,179,184,178,185,745,746
658,743,731,746,169,617,698,165,176,163,178,179
617,698,696,596,745,658,743,598,163,744,162,608
125,749,123,748,739,127,1028,750,121,130,120,119
134,739,130,747,135,127,737,132,125,138,136,1028
120,123,121,119,750,747,116,118,125,113,117,112
749,118,119,115,738,776,1028,120,747,112,121,109
764,752,720,675,763,781,876,780,-1,-1,-1,-1
751,768,781,766,675,674,763,764,-1,-1,-1,-1
801,771,799,697,798,699,182,184,800,754,-1,-1
186,185,188,799,803,184,189,182,191,181,179,697
727,676,681,756,648,650,867,757,638,649,68,-1
757,62,867,61,63,811,727,755,65,68,59,844
63,65,62,756,727,68,61,71,755,811,867,59
986,856,709,759,53,707,49,52,824,44,47,844
824,758,986,707,822,823,45,46,43,760,41,42
805,706,707,822,793,682,850,804,759,-1,-1,-1
741,762,792,791,740,732,718,742,835,836,733,-1
761,732,733,792,836,740,741,791,693,874,-1,-1
781,764,751,779,780,885,752,-1,-1,-1,-1,-1
751,780,876,720,763,875,858,752,885,675,-1,-1
842,786,738,776,729,778,777,949,770,750,1028,713
768,767,781,772,752,695,699,902,674,-1,-1,-1
699,766,695,694,772,768,781,697,771,666,-1,-1
766,902,674,695,752,767,781,668,675,-1,-1,-1
663,730,796,728,797,664,714,623,-1,-1,-1,-1
842,797,789,777,729,820,765,796,825,730,-1,-1
798,809,753,772,699,810,801,767,779,815,-1,-1
781,771,766,809,767,699,779,-1,-1,-1,-1,-1
774,657,655,891,708,785,783,652,725,642,710,782
773,782,785,891,783,708,784,657,655,814,-1,-1
723,722,712,711,724,737,736,739,778,140,692,-1
765,115,788,842,738,750,777,108,118,109,119,112
842,788,789,770,776,790,108,765,818,115,898,729
722,786,738,724,1028,713,765,739,775,949,-1,-1
809,781,885,763,772,905,810,771,-1,-1,-1,-1
764,886,885,876,875,763,888,751,887,720,-1,-1
763,766,772,779,752,751,809,768,767,885,-1,-1
784,814,774,785,812,783,813,851,925,839,891,773
813,891,774,782,871,814,795,904,903,773,725,-1
812,851,785,782,839,895,814,774,925,793,892,804
784,851,774,708,782,793,773,812,839,804,-1,-1
765,778,949,713,738,729,842,724,776,1028,730,686
207,202,200,213,201,913,845,217,203,220,205,-1
108,115,777,898,109,776,790,118,112,842,119,817
818,825,777,770,820,790,842,788,819,1011,797,826
788,818,898,819,777,816,817,789,108,109,115,825
741,761,835,792,742,906,929,718,762,837,908,-1
761,837,791,762,835,836,741,838,-1,-1,-1,-1
805,851,760,706,785,804,708,784,895,850,-1,-1
690,691,678,646,644,740,732,718,-1,-1,-1,-1
871,725,872,726,891,821,783,813,904,1011,-1,-1
797,663,687,769,820,665,770,730,-1,-1,-1,-1
796,770,730,769,729,820,842,663,789,-1,-1,-1
801,771,815,800,753,810,809,859,799,802,-1,-1
754,801,753,803,184,185,697,186,802,182,188,189
859,801,798,815,802,807,753,799,832,848,808,-1
799,800,798,753,802,803,754,771,815,697,859,-1
803,801,800,808,806,807,799,754,191,189,859,798
189,754,191,802,806,799,188,193,186,185,801,197
805,895,851,850,793,853,849,760,839,893,822,784
760,850,804,822,793,706,851,849,707,852,895,853
197,193,191,803,198,808,954,802,189,204,834,205
859,808,831,800,832,833,802,834,-1,-1,-1,-1
834,806,807,954,802,833,989,198,803,197,831,800
779,810,771,772,905,781,798,885,-1,-1,-1,-1
809,815,798,847,771,905,779,-1,-1,-1,-1,-1
61,843,57,844,59,756,856,56,62,867,54,757
925,784,839,814,782,892,830,851,961,785,895,893
783,904,903,871,814,782,795,826,1011,891,829,830
782,903,813,812,830,925,783,784,829,904,774,-1
859,810,798,847,800,848,801,832,771,-1,-1,-1
819,817,1005,959,841,790,92,898,818,1004,917,93
898,959,816,917,897,790,108,109,92,93,1005,788
825,819,789,790,826,1011,777,816,820,904,841,-1
818,816,826,841,790,829,825,817,789,1005,-1,-1
825,796,789,1011,770,797,687,821,818,-1,-1,-1
872,1011,871,687,795,820,825,904,689,726,-1,-1
805,760,759,823,850,852,707,824,849,804,990,46
46,41,824,990,39,45,759,852,822,38,37,43
45,46,43,986,759,823,42,41,44,758,49,39
1011,818,789,820,826,904,821,819,770,790,-1,-1
904,819,818,829,903,825,1011,841,813,871,789,-1
828,862,869,858,863,719,721,870,701,922,-1,-1
721,862,827,702,701,719,700,863,705,858,-1,-1
903,841,830,826,840,819,904,814,925,813,1004,-1
925,829,903,840,814,961,812,841,813,892,-1,-1
833,832,861,910,807,909,859,834,808,860,-1,-1
831,859,848,860,861,807,833,815,800,-1,-1,-1
834,831,909,989,808,807,910,954,832,947,861,-1
954,989,808,833,912,909,806,807,204,198,831,205
929,837,791,792,944,906,1021,761,930,936,-1,-1
873,792,762,914,838,733,874,837,761,857,933,-1
1021,838,835,792,944,836,174,180,929,183,791,914
914,174,837,1021,171,932,836,180,172,873,792,934
895,784,812,893,851,892,925,804,785,782,853,963
1004,961,830,1003,829,841,993,925,1005,-1,-1,-1
829,819,816,1005,840,1004,826,830,903,959,818,-1
765,777,729,770,776,786,788,738,789,797,115,-1
54,56,51,856,57,52,811,59,53,844,49,61
709,867,856,811,680,843,756,682,758,-1,-1,-1
203,201,913,205,200,912,202,204,787,207,220,217
146,148,149,145,735,874,144,150,857,152,733,142
911,815,848,810,905,900,859,923,-1,-1,-1,-1
859,832,900,815,847,860,911,800,-1,-1,-1,-1
850,854,855,852,853,896,804,864,805,878,822,866
849,805,804,852,822,853,854,760,855,895,793,-1
784,895,804,785,839,793,812,805,782,893,853,-1
990,854,849,850,823,864,822,37,38,36,855,39
895,896,849,804,855,893,850,894,854,839,851,805
864,849,855,852,878,865,990,850,866,36,33,896
854,849,896,866,853,878,850,880,864,852,894,879
843,52,53,758,844,51,709,811,54,56,49,986
150,152,149,153,873,933,874,154,148,846,146,156
827,720,876,922,869,719,764,828,-1,-1,-1,-1
800,815,832,848,807,831,798,847,802,801,-1,-1
899,901,832,861,941,848,900,831,994,924,-1,-1
831,941,910,860,832,928,899,926,833,-1,-1,-1
863,701,828,827,907,702,717,870,869,721,916,-1
862,870,827,869,916,907,1016,828,701,-1,-1,-1
36,854,865,33,990,37,878,852,26,38,32,27
32,33,27,26,864,878,20,36,30,37,29,854
879,855,896,878,880,881,854,951,849,894,937,918
756,844,681,680,811,755,757,61,709,62,727,-1
224,223,225,229,1040,230,882,240,232,239,217,213
870,827,922,858,863,884,1016,862,883,-1,-1,-1
1016,863,869,884,916,1088,827,862,1015,-1,-1,-1
904,795,813,1011,821,783,872,903,891,826,-1,-1
821,726,689,687,795,871,688,1011,725,-1,-1,-1
857,874,914,933,836,152,150,149,153,733,846,838
846,873,857,733,149,735,150,148,836,146,152,145
888,876,995,780,883,922,886,1026,764,-1,-1,-1
764,875,922,858,720,780,751,883,-1,-1,-1,-1
212,219,215,214,209,210,226,218,958,238,237,221
865,32,881,854,864,30,866,855,27,29,33,26
951,866,880,881,918,937,985,896,878,1050,981,855
896,918,894,919,879,866,951,855,963,853,-1,-1
29,30,937,878,28,32,866,879,24,21,865,27
230,225,1040,232,224,868,1010,977,223,915,1064,233
995,922,996,884,875,888,869,997,876,1026,-1,-1
870,883,1088,1016,869,996,1087,922,-1,-1,-1,-1
779,887,886,780,763,905,809,764,781,-1,-1,-1
888,780,887,885,920,875,1026,-1,-1,-1,-1,-1
921,886,885,905,920,1096,911,888,780,-1,-1,-1
1026,886,875,995,920,1035,780,883,887,-1,-1,-1
110,116,117,113,897,103,112,120,121,119,109,118
100,917,98,95,97,103,94,897,93,889,959,110
783,657,773,725,774,795,642,871,813,782,-1,-1
839,925,961,893,963,962,812,895,784,993,830,894
895,894,839,963,892,853,896,851,804,919,812,962
896,893,963,880,919,853,895,855,918,964,866,892
804,839,893,851,853,784,894,850,892,805,793,812
855,894,880,866,853,849,893,879,854,919,895,918
889,112,113,109,898,917,817,890,116,103,108,110
108,109,817,788,115,112,897,790,118,113,119,816
941,901,994,860,942,940,861,924,928,900,-1,-1
848,924,923,911,901,860,847,899,-1,-1,-1,-1
899,924,940,860,994,900,941,939,-1,-1,-1,-1
768,668,674,695,659,666,670,667,766,-1,-1,-1
813,829,904,814,830,826,871,783,925,841,1011,-1
813,871,903,1011,826,825,829,783,821,814,795,818
911,887,809,885,847,810,779,921,-1,-1,-1,-1
929,908,791,930,835,742,931,-1,-1,-1,-1,-1
717,862,908,701,863,916,742,-1,-1,-1,-1,-1
906,907,742,931,916,717,930,791,-1,-1,-1,-1
947,927,910,833,989,834,831,926,978,945,-1,-1
909,926,831,861,927,928,833,947,-1,-1,-1,-1
847,923,921,900,905,887,848,1022,-1,-1,-1,-1
205,845,204,978,203,954,989,913,201,198,834,200
845,220,217,213,207,787,228,200,201,202,912,203
873,838,933,932,934,836,952,171,857,174,172,874
233,232,228,977,230,220,975,217,225,882,978,913
1016,908,870,863,907,1015,931,1088,862,-1,-1,-1
890,93,94,959,95,92,897,817,97,100,98,103
981,880,919,951,879,983,1050,982,894,964,866,896
964,918,963,880,894,983,962,896,981,992,893,-1
1096,888,1026,886,1179,887,1035,921,1022,-1,-1,-1
887,911,1022,1096,923,920,905,-1,-1,-1,-1,-1
883,869,876,858,875,884,995,827,-1,-1,-1,-1
911,938,924,1022,900,921,939,1024,847,-1,-1,-1
901,939,938,923,940,900,1023,899,860,-1,-1,-1
812,830,961,892,814,839,784,840,782,903,829,-1
927,1012,928,946,910,909,1001,945,955,861,-1,-1
926,909,945,947,946,910,948,1012,975,928,989,-1
926,941,1012,942,1001,861,910,899,927,-1,-1,-1
835,930,936,944,906,195,196,192,190,791,837,194
929,936,196,1025,931,906,195,199,194,935,192,944
930,908,935,1025,1015,916,906,196,929,-1,-1,-1
171,172,170,953,174,934,166,914,838,177,167,175
952,154,857,153,873,914,156,934,152,160,150,161
952,166,932,164,160,933,161,914,156,953,167,154
1025,1128,208,211,1015,931,206,199,216,196,930,1089
195,192,194,196,190,929,930,944,187,199,1025,183
985,24,22,21,881,25,28,29,879,951,19,969
939,1024,924,1023,923,1022,1095,940,-1,-1,-1,-1
1023,940,938,924,1027,901,1066,1024,965,923,1095,-1
939,994,901,965,924,1027,899,1023,938,943,-1,-1
899,942,861,928,994,860,901,1001,-1,-1,-1,-1
968,1001,941,994,943,928,899,987,966,1012,965,-1
968,965,967,966,942,994,987,1001,1018,940,-1,-1
187,1021,929,183,936,190,835,837,180,192,194,930
948,927,975,947,946,974,976,977,926,909,956,978
948,926,955,1012,945,927,956,976,-1,-1,-1,-1
909,975,927,978,945,989,228,233,910,912,915,833
976,945,956,946,974,1009,927,955,975,1063,-1,-1
714,786,713,730,729,686,765,728,716,778,715,-1
9,1091,7,11,980,4,3,5,6,13,1059,8
879,985,1050,918,981,937,984,880,866,881,969,25
160,156,934,933,154,161,153,164,166,914,152,857
170,167,166,173,175,172,168,177,932,171,164,934
834,204,198,912,808,205,806,989,197,203,193,833
999,1012,988,957,946,956,948,1045,926,1001,998,-1
948,976,957,1009,955,1043,946,974,945,999,-1,-1
1045,956,999,1043,955,1044,1009,1061,1049,988,-1,-1
226,960,238,971,237,219,218,221,877,214,235,227
92,93,917,817,1005,816,94,87,95,890,897,898
958,221,227,1031,218,971,238,226,231,214,237,239
925,993,892,840,962,830,1003,812,963,-1,-1,-1
993,963,964,961,992,892,991,919,1003,893,-1,-1
962,894,964,893,919,892,880,992,839,961,-1,-1
992,919,962,963,983,894,918,993,1310,1013,991,-1
943,1018,940,967,1027,994,939,966,1067,942,-1,-1
968,967,987,1002,1008,943,1007,998,1001,942,1019,965
966,1007,1018,943,1008,965,968,1071,-1,-1,-1,-1
987,943,1001,966,942,988,967,1002,994,998,-1,-1
19,25,1085,984,985,1131,22,17,970,21,937,1070
1037,1131,1085,1038,979,1084,1036,969,17,19,15,984
238,958,960,972,973,1031,1057,237,226,235,227,1042
1042,1031,971,1057,1030,960,239,1058,231,250,249,1039
237,243,245,238,235,241,971,246,1057,248,226,958
976,948,977,1064,945,975,1063,233,915,1009,232,956
233,977,915,228,947,945,978,974,232,220,230,948
1009,948,974,1063,956,1043,1064,945,1062,946,-1,-1
915,233,232,975,882,1064,974,230,228,225,220,1010
228,912,947,989,975,220,913,233,915,845,232,217
15,980,1131,1037,970,13,17,11,1059,1084,19,1085
1059,979,950,11,13,1091,9,1037,15,12,7,10
982,918,1050,951,1051,983,1126,919,879,984,1069,985
1126,981,1069,1051,983,1075,1068,1050,1013,918,-1,-1
1126,964,982,919,1013,981,918,992,-1,-1,-1,-1
969,985,1085,1050,1070,25,19,951,1038,1131,1051,937
984,969,937,951,25,1050,22,19,1085,879,21,1070
49,824,44,43,42,53,45,758,47,759,52,46
968,998,988,966,1001,1002,1000,943,942,999,1012,-1
1001,999,998,987,1012,955,968,1061,957,1000,-1,-1
834,909,912,978,947,954,833,808,204,205,845,927
37,38,36,39,864,823,852,41,33,46,854,865
79,1310,77,993,1003,992,75,83,962,72,1013,964
1310,964,991,962,1013,993,983,72,77,75,79,963
1003,991,962,961,840,992,79,1004,1310,83,77,964
899,940,942,943,941,965,901,968,860,-1,-1,-1
883,1026,888,997,875,996,1035,922,-1,-1,-1,-1
883,997,1087,995,884,1106,1088,-1,-1,-1,-1,-1
1167,996,995,1120,1035,1026,1106,1141,883,-1,-1,-1
1000,987,1061,988,999,1002,1029,1045,1001,1056,968,966
1045,988,1061,998,955,957,1000,987,1049,1012,956,1044
1029,998,1061,1056,1002,987,999,1052,1019,1049,1045,988
968,988,942,1012,987,928,943,926,998,955,941,966
1000,1029,966,987,998,1008,1019,968,1061,1056,1052,-1
83,993,1004,79,991,840,77,87,961,1005,1310,962
1005,1003,840,87,83,841,92,79,959,993,816,93
1004,92,959,816,87,841,93,817,83,94,917,840
612,615,623,610,609,600,602,672,665,664,-1,-1
1020,967,1008,1071,1018,1017,1134,966,1034,-1,-1,-1
1007,966,1019,967,1002,1017,1020,1029,1033,-1,-1,-1
976,1043,1062,1063,956,948,1048,957,974,1065,-1,-1
1040,1064,882,1041,1030,240,239,229,977,868,223,224
825,904,821,871,826,820,818,813,789,872,795,903
926,1001,988,955,946,928,927,999,942,987,-1,-1
72,1126,70,1014,1310,1075,69,992,983,75,67,982
69,1075,67,70,66,1013,72,1076,1126,64,1069,60
1016,1089,935,1088,1128,916,931,870,1025,-1,-1,-1
1088,870,916,1015,884,863,1089,1087,869,-1,-1,-1
1020,1032,1033,1007,1008,1019,1034,1156,1134,-1,-1,-1
1067,967,1071,965,1007,1027,1020,943,-1,-1,-1,-1
1029,1033,1008,1002,1052,1017,1000,1055,966,-1,-1,-1
1007,1134,1034,1071,1017,1032,1008,1018,1133,1090,-1,-1
180,183,174,837,944,838,171,187,172,835,932,190
1096,1024,938,923,921,1097,1185,1023,1179,911,920,-1
939,1095,1066,938,1024,1027,1185,940,924,1022,1080,1102
1185,1022,1095,938,1023,1097,1096,1102,939,923,1105,1066
935,199,196,206,208,930,195,931,211,194,936,1128
1035,888,995,920,997,1179,1167,875,1141,886,883,-1
939,1066,965,940,1067,1023,1018,1081,-1,-1,-1,-1
739,738,722,747,750,778,749,748,737,776,765,786
1000,1052,1019,1002,1056,998,1054,1061,1033,1008,-1,-1
239,1010,1031,240,972,1041,1040,1042,231,1039,229,227
231,239,960,972,227,971,1030,240,221,958,238,1042
1156,1139,1034,1017,1033,1132,1136,1020,1055,-1,-1,-1
1156,1019,1055,1017,1032,1052,1029,1139,1160,1008,-1,-1
1020,1132,1134,1032,1017,1133,1071,1007,1136,-1,-1,-1
1026,1179,1141,1167,997,920,995,888,1148,1096,1120,1097
1038,18,23,1084,31,1082,1037,16,970,34,1085,1070
1084,970,979,1059,1038,1036,980,14,18,16,1131,1085
1036,1085,970,1070,1082,1037,18,1084,23,984,1131,969
1058,1042,1101,1065,1041,1078,1030,972,252,-1,-1,-1
240,229,882,223,868,1010,239,224,225,1030,231,230
1010,1065,1063,1064,1030,1039,1040,-1,-1,-1,-1,-1
972,1058,1039,1057,252,250,1030,249,971,1031,1101,254
1009,957,1048,1044,1062,956,976,1045,1047,1063,-1,-1
1045,1047,1043,957,1048,1049,1046,1099,1061,999,-1,-1
957,999,1049,1061,1044,1043,998,955,1046,1000,-1,-1
1099,1049,1047,1072,1098,1060,1044,271,1045,1117,-1,-1
1099,1048,1044,1046,1094,1117,1043,1098,1079,1049,-1,-1
1047,1062,1043,1079,1044,1094,1009,1099,-1,-1,-1,-1
1045,1060,1061,1046,1044,1056,999,1000,957,1072,1047,-1
984,951,981,985,1070,1051,969,1085,918,982,879,-1
1068,982,1070,1050,981,1069,1082,984,1092,1126,1077,-1
1029,1053,1055,1054,1019,1033,1056,1000,1129,1156,1002,-1
1129,1055,1130,1074,1054,1052,1207,1073,1204,1160,-1,-1
1073,1056,1053,1074,1060,1052,1029,1100,1130,-1,-1,-1
1129,1156,1053,1033,1160,1052,1130,1019,1204,1139,1032,-1
1000,1054,1029,1061,1060,1049,1052,1073,998,1002,-1,-1
249,248,250,971,246,972,973,1042,245,252,1058,238
252,1042,1101,250,254,1039,1115,249,256,1057,972,1078
12,980,14,1084,1091,10,1037,950,16,979,8,6
1073,1049,1072,1056,1054,1046,1100,1061,1074,-1,-1,-1
1000,1045,998,1049,999,1056,1029,1060,957,988,1002,1044
1009,1048,1065,1079,1043,1063,976,1078,-1,-1,-1,-1
976,1009,1064,1041,1062,1065,974,1010,948,1043,-1,-1
1010,977,974,1063,882,1041,1040,232,976,915,233,230
1062,1041,1078,1039,1079,1063,1009,1101,-1,-1,-1,-1
1081,1023,1095,1067,1027,1080,939,1102,1168,1024,-1,-1
1081,1018,1071,1066,1027,1090,1168,965,1134,1080,-1,-1
1092,1051,1069,1077,1082,1083,1086,982,1070,55,58,1076
1068,1126,982,1075,1077,1076,1051,1014,1092,60,58,1013
984,1085,1050,1082,1038,1051,969,1036,985,1068,970,-1
1020,1134,1007,1018,1067,1090,1081,1034,967,-1,-1,-1
271,1100,1073,280,1098,1060,1046,283,275,287,273,1099
1100,1060,1054,1074,1072,1187,283,1056,280,1053,271,1188
1187,1207,1073,1053,1130,1054,1100,1188,1202,1129,1060,1209
1014,1076,1126,67,1069,69,1013,66,70,64,60,72
1075,60,64,66,1077,1014,1069,67,58,69,1126,55
58,1076,1092,55,1068,1069,60,1086,50,1075,64,48
1101,1079,1065,1093,1114,1039,1115,1058,1062,-1,-1,-1
1093,1062,1078,1048,1065,1094,1125,1047,-1,-1,-1,-1
1102,1104,1081,1095,1066,1168,1103,1185,1159,1105,1023,1067
1168,1067,1066,1080,1090,1104,1071,1095,1162,1027,1159,-1
1070,1083,1068,1092,31,1038,1036,1051,34,23,1086,35
34,35,31,1086,40,1092,1082,48,23,50,55,1068
1037,16,14,18,1036,1059,970,23,12,1038,979,980
969,984,1038,970,1131,1070,19,25,985,1036,17,1037
48,50,40,55,1092,1083,35,34,58,1077,31,1068
1088,1108,996,1089,1106,884,1016,1107,-1,-1,-1,-1
1016,1089,1087,1015,884,870,1108,916,1128,996,-1,-1
1088,1108,1128,1109,1015,1087,1016,1107,935,216,1146,-1
1134,1162,1071,1081,1168,1067,1133,1020,-1,-1,-1,-1
950,5,6,10,8,4,1059,980,7,12,3,2
1086,1068,1083,1077,55,1082,50,58,40,48,34,35
1125,1114,1079,1171,1078,1094,1122,1170,1101,1118,-1,-1
1125,1099,1047,1117,1093,1048,1118,1079,1122,1171,-1,-1
1102,1185,1023,1024,1066,1080,1105,1097,938,1081,1103,939
1022,920,1179,1097,921,1024,887,1035,1185,-1,-1,-1
1185,1179,1024,1096,1148,1105,1022,1141,1102,1095,1035,-1
271,1189,275,273,1099,1117,1072,1046,280,279,1124,283
1047,1117,1098,1046,1094,1189,1118,1048,271,1044,1072,273
283,1073,1187,280,1188,1072,287,1074,271,290,275,1207
1115,1058,1078,254,1114,1039,252,256,1116,1042,250,1093
1185,1105,1095,1103,1080,1104,1024,1097,1066,1148,1147,1023
1102,1104,1147,1105,1149,1080,1185,1095,1154,1148,-1,-1
1159,1103,1080,1168,1149,1102,1081,1158,-1,-1,-1,-1
1148,1102,1185,1103,1147,1097,1095,1141,1179,1140,1080,1024
1113,1108,1087,1229,1120,996,1107,997,-1,-1,-1,-1
1108,1229,1112,1109,1110,1106,1146,1089,1111,1113,1087,-1
1107,1089,1087,1109,1106,1088,1229,1128,1110,1146,1112,-1
1146,1128,1110,216,1089,1108,1107,222,211,234,1112,935
1146,1112,1150,1109,234,1107,222,216,236,242,1165,1108
1165,1112,1121,1229,1176,1175,1113,1107,1253,1166,1150,1110
1110,1111,1165,1107,1229,1150,1146,1166,1109,234,1121,1176
1229,1120,1119,1121,1106,1111,1107,1167,-1,-1,-1,-1
1115,1116,1093,1171,1101,1170,1078,254,256,1125,1201,257
1116,254,256,1101,1114,257,252,1058,1170,1201,258,1078
1115,1201,256,257,1170,1114,254,258,260,1101,1244,1190
1189,1118,1099,1124,1098,1094,273,1125,279,1047,275,271
1117,1125,1122,1124,1123,1094,1189,1171,1099,1145,1144,1093
1113,1181,1140,1121,1120,1155,1167,1175,1229,-1,-1,-1
1167,1113,1119,997,1106,1140,1141,1229,1035,1121,-1,-1
1111,1175,1113,1119,1181,1229,1176,1165,1112,1120,1180,-1
1118,1125,1144,1171,1123,1124,1170,1093,1117,1190,1094,-1
1122,1124,1143,1145,1118,1144,1142,289,1125,295,299,-1
1189,1145,1118,1117,279,1123,273,289,288,286,1122,1098
1118,1171,1122,1093,1094,1117,1114,1144,1170,1079,1124,1123
982,1075,1013,1069,983,1014,1076,70,981,69,72,67
0,1,2,6,5,8,4,3,1091,10,7,-1
935,211,1109,1089,216,1015,208,1146,222,1025,1108,206
1130,1055,1160,1204,1053,1156,1203,1207,1074,1209,1052,1164
1207,1129,1204,1053,1209,1074,1187,1202,1055,1160,1208,1054
17,970,19,979,969,1085,15,25,1037,22,1038,984
1136,1034,1137,1032,1135,1133,1139,1138,1134,-1,-1,-1
1134,1135,1034,1152,1162,1132,1090,1020,-1,-1,-1,-1
1020,1071,1133,1034,1090,1007,1162,1132,1017,1067,-1,-1
1137,1151,1228,1133,1152,1132,1153,1136,1138,-1,-1,-1
1137,1174,1138,1132,1139,1172,1032,1164,1135,1153,1034,1156
1136,1138,1135,1132,1153,1228,1174,1172,1139,-1,-1,-1
1172,1137,1136,1174,1173,1153,1194,1132,1195,1139,1135,-1
1156,1136,1174,1032,1164,1160,1132,1033,1138,1055,1172,1137
1141,1119,1167,1148,1155,1120,1147,1105,1181,-1,-1,-1
1167,1148,1035,1179,1140,1120,1097,997,1105,1026,-1,-1
1306,1283,285,1143,282,1191,292,1123,1144,300,272,301
299,297,301,295,1145,1283,1123,303,289,1142,305,288
1122,1190,1191,1171,1170,1123,1142,1306,1125,1284,1118,-1
289,288,1124,295,1143,286,279,297,298,1123,296,299
222,216,1110,234,1109,236,211,1150,1128,1107,1112,242
1155,1103,1105,1154,1148,1140,1149,1102,1205,-1,-1,-1
1105,1141,1140,1179,1097,1147,1185,1167,1035,1102,1103,-1
1104,1154,1103,1184,1159,1158,1157,1147,-1,-1,-1,-1
242,244,234,1110,236,1166,1112,1165,1146,247,222,1111
1228,1178,1152,1135,1241,1153,1163,1245,-1,-1,-1,-1
1151,1161,1162,1178,1163,1133,1135,-1,-1,-1,-1,-1
1228,1137,1138,1195,1173,1245,1135,1151,1136,1172,-1,-1
1157,1205,1149,1206,1155,1147,1184,1217,1103,-1,-1,-1
1205,1181,1147,1140,1119,1154,-1,-1,-1,-1,-1,-1
1139,1055,1033,1160,1032,1164,1129,1017,1052,1136,1174,-1
1217,1184,1154,1206,1205,1149,1216,1192,1235,-1,-1,-1
1159,1169,1161,1184,1163,1149,1104,1177,-1,-1,-1,-1
1104,1161,1158,1168,1162,1149,1163,1080,1081,-1,-1,-1
1164,1129,1156,1203,1055,1204,1139,1130,1174,1053,1033,1200
1163,1162,1159,1158,1152,1168,1178,1169,1177,-1,-1,-1
1161,1090,1168,1152,1159,1133,1134,1081,1163,-1,-1,-1
1161,1177,1178,1158,1169,1152,1159,1162,1151,1233,1183,-1
1160,1174,1200,1203,1139,1156,1172,1210,1136,1204,1129,-1
1166,1111,1112,1253,1176,1150,247,244,251,1110,1229,1121
247,1165,244,1253,251,1150,253,242,1112,1176,1111,-1
1141,1120,997,1035,1140,1148,1026,1179,1119,1113,-1,-1
1081,1159,1104,1162,1080,1090,1161,1067,1066,-1,-1,-1
1183,1158,1177,1184,1163,1192,1233,1217,1161,1296,-1,-1
1171,1190,1116,1201,1114,1144,1115,1122,1284,1244,1191,1125
1170,1125,1122,1114,1093,1144,1190,1118,1116,1115,1094,-1
1194,1174,1138,1173,1200,1136,1164,1268,1196,1137,1139,1153
1195,1172,1194,1138,1196,1153,1193,1174,1268,-1,-1,-1
1172,1164,1136,1139,1138,1200,1194,1137,1160,1173,1156,-1
1181,1180,1176,1121,1182,1111,1205,1119,1326,1236,-1,-1
1175,1180,1111,1253,1165,1326,1121,1166,1181,1182,1112,-1
1233,1163,1178,1183,1169,1220,1219,1215,1158,1161,-1,-1
1151,1177,1163,1241,1220,1152,1233,1228,1161,-1,-1,-1
1035,1097,1141,1096,1148,920,1026,1167,1185,1105,1022,-1
1175,1326,1182,1176,1236,1230,1253,1235,1181,1121,-1,-1
1175,1205,1155,1119,1121,1182,1180,1176,1140,-1,-1,-1
1180,1205,1175,1235,1206,1181,1236,1176,-1,-1,-1,-1
1233,1296,1169,1215,1192,1177,1219,1163,1214,-1,-1,-1
1157,1217,1158,1169,1149,1192,1154,1206,-1,-1,-1,-1
1102,1097,1095,1024,1105,1148,1023,1103,1080,1022,1179,1096
290,287,294,1188,1198,1199,283,293,1197,280,296,1211
1207,1188,1074,1100,1202,283,1073,1199,1130,287,1209,1186
1187,1186,283,287,1199,1100,1202,290,280,294,1207,1198
273,279,1124,1117,1098,275,271,286,1145,1118,1099,288
1284,1170,1191,1144,1201,1244,268,1171,1116,269,266,1306
1306,272,1190,269,1144,1284,282,1142,268,285,266,1170
1217,1296,1183,1216,1169,1214,1184,1157,1215,1206,-1,-1
1196,1346,1195,1248,1266,1173,1267,1272,1194,-1,-1,-1
1172,1268,1196,1173,1200,1272,1174,1138,1239,1193,-1,-1
1248,1173,1245,1153,1193,1228,1227,1138,1196,-1,-1,-1
1194,1272,1193,1267,1268,1173,1172,1275,1346,1195,-1,-1
296,293,304,298,1198,294,1223,307,1213,288,286,290
1186,1197,1212,1211,1199,1213,294,290,293,296,287,1188
1211,1202,1186,1188,1198,1218,1187,290,1212,287,1257,283
1164,1194,1172,1268,1210,1239,1174,1203,1242,1160,-1,-1
1244,1116,258,260,257,1170,1190,262,1284,256,264,1115
1207,1199,1187,1209,1188,1218,1211,1130,1186,1074,1100,283
1210,1204,1164,1160,1200,1208,1242,1129,1239,1209,1130,-1
1203,1129,1130,1209,1208,1160,1210,1207,1164,1053,1055,1242
1206,1181,1155,1182,1154,1157,1175,1235,1147,-1,-1,-1
1157,1217,1205,1235,1182,1216,1154,1184,1192,-1,-1,-1
1187,1130,1202,1209,1074,1188,1204,1053,1100,1129,1199,1218
1209,1242,1204,1252,1210,1251,1203,1218,1130,-1,-1,-1
1207,1208,1202,1130,1204,1218,1187,1252,1129,1074,1203,1199
1203,1242,1239,1200,1208,1204,1243,1164,1251,1268,1160,-1
1199,1212,1257,1198,1218,1202,1186,1258,1311,1188,1224,1213
1224,1211,1213,1258,1198,1257,1199,1259,1221,1197,1186,-1
1224,1223,1222,1212,1197,1198,1221,304,311,307,309,1258
1296,1295,1261,1216,1192,1329,1234,1217,1215,1183,-1,-1
1296,1219,1233,1226,1183,1234,1177,1225,1192,1220,1214,-1
1217,1235,1329,1192,1214,1206,1157,1296,1295,-1,-1,-1
1157,1192,1216,1206,1184,1235,1154,1169,1214,-1,-1,-1
1252,1202,1211,1209,1199,1311,1257,1208,1207,-1,-1,-1
1233,1225,1215,1226,1220,1183,1177,1265,1240,1296,1234,-1
1233,1219,1241,1177,1178,1225,1240,1215,-1,-1,-1,-1
1270,1224,1259,1222,1271,323,321,1213,326,1285,324,329
311,313,1221,1271,1223,1213,316,309,1224,1270,307,1285
307,309,304,1213,311,1222,1197,298,313,295,297,296
1221,1259,1212,1213,1258,1222,321,324,325,1270,1257,323
1219,1278,1226,1240,1265,1220,1233,1215,-1,-1,-1,-1
1265,1219,1215,1234,1225,1262,1233,1296,-1,-1,-1,-1
1248,1249,1245,1250,1240,1195,1241,-1,-1,-1,-1,-1
1151,1153,1241,1245,1135,1137,1195,1178,-1,-1,-1,-1
1113,1107,1111,1112,1121,1106,1108,1110,1165,1120,1119,-1
1232,259,1326,255,1247,1236,261,253,1180,1231,263,1253
263,1232,261,265,1246,1237,1247,259,267,1230,1238,-1
261,259,1247,1230,1231,263,255,1246,1236,265,1326,1329
1219,1177,1183,1215,1220,1296,1169,1225,1226,1178,1163,-1
1261,1296,1215,1226,1260,1262,1214,1295,1219,-1,-1,-1
1236,1216,1206,1182,1329,1217,1180,1247,1205,1157,-1,-1
1235,1230,1180,1247,1326,1182,1329,1232,1175,-1,-1,-1
1238,1231,267,1246,265,1385,1409,270,263,274,1295,261
270,1237,274,1409,267,276,265,1426,1487,277,1385,1231
1210,1242,1268,1243,1255,1200,1203,1256,1272,1194,1251,-1
1227,1225,1249,1241,1220,1245,1278,1219,-1,-1,-1,-1
1228,1151,1220,1178,1245,1240,1227,-1,-1,-1,-1,-1
1210,1251,1243,1239,1208,1203,1252,1254,1200,1255,1256,1204
1242,1256,1239,1254,1251,1255,1210,1447,1268,1294,-1,-1
262,1201,264,260,1284,266,258,1190,257,268,1116,1170
1227,1228,1195,1241,1248,1153,1240,1151,-1,-1,-1,-1
1295,1231,1247,1237,1329,1385,1232,1261,263,265,261,1238
1232,1230,1329,1246,1231,1236,261,259,1235,1295,263,1237
1195,1227,1250,1193,1266,1245,-1,-1,-1,-1,-1,-1
1227,1277,1250,1278,1240,1276,-1,-1,-1,-1,-1,-1
1227,1289,1248,1249,1266,1276,1286,1277,-1,-1,-1,-1
1242,1252,1294,1243,1254,1208,1210,1239,1327,1311,1256,-1
1251,1218,1294,1311,1208,1242,1209,1257,1273,-1,-1,-1
1166,251,253,1326,1165,1176,247,255,1180,1111,244,1230
1364,1243,1327,1256,1251,1447,1294,1242,1348,-1,-1,-1
1256,1275,1272,1268,1239,1243,1274,1300,1447,1242,1267,-1
1447,1243,1255,1254,1274,1293,1364,1275,1239,1242,1251,-1
1211,1311,1258,1212,1407,1218,1224,1199,1252,1273,1198,-1
1224,1259,1407,1257,1212,325,324,330,321,1221,1211,1213
321,324,325,1221,323,1224,1258,1270,326,330,329,1407
1261,1384,1386,1262,1234,1385,1263,1295,-1,-1,-1,-1
1295,1260,1234,1214,1385,1296,1384,1246,1262,-1,-1,-1
1260,1312,1263,1226,1265,1386,1234,1264,1261,-1,-1,-1
1386,1312,1464,1406,1262,1260,1381,1438,1384,-1,-1,-1
1281,1265,1312,1381,1278,1277,1307,1262,1464,1344,-1,-1
1264,1226,1312,1225,1278,1262,1219,1281,-1,-1,-1,-1
1346,1286,1250,1248,1289,1193,1287,-1,-1,-1,-1,-1
1346,1272,1275,1196,1300,1282,1193,1287,1268,1255,-1,-1
1272,1194,1239,1196,1255,1200,1172,1275,1267,1210,1243,1173
278,281,284,1358,277,1487,1427,291,276,302,274,1443
326,1285,329,323,1271,1221,328,321,319,327,1259,324
316,1285,1270,319,313,1222,1221,328,327,311,329,326
1275,1268,1196,1267,1255,1194,1300,1239,1274,1193,1346,-1
1345,1294,1311,1327,1328,1407,1389,1347,1252,1257,-1,-1
1293,1275,1300,1256,1447,1291,1292,1255,1272,-1,-1,-1
1300,1272,1255,1267,1274,1282,1268,1256,1196,1291,-1,-1
1280,1277,1289,1250,1249,1279,1314,-1,-1,-1,-1,-1
1281,1276,1249,1278,1279,1280,1264,1307,1250,-1,-1,-1
1277,1225,1264,1249,1265,1281,1240,-1,-1,-1,-1,-1
1280,1281,1277,1307,1309,1308,1276,1314,1344,-1,-1,-1
1279,1314,1276,1308,1277,1309,1313,1289,1316,1351,1307,-1
1264,1277,1307,1279,1381,1278,1344,1265,1312,1309,-1,-1
1300,1287,1298,1346,1267,1291,1275,1288,1301,-1,-1,-1
303,305,300,306,301,292,1143,1142,299,285,297,1306
268,266,1244,1190,269,264,1191,1201,262,272,1170,260
328,319,327,1270,329,1271,326,316,323,1221,321,313
1287,1290,1289,1266,1288,1346,1350,1351,1250,-1,-1,-1
1286,1346,1282,1288,1298,1266,1267,1290,1300,-1,-1,-1
1350,1287,1318,1286,1304,1290,1298,1351,1282,1297,-1,-1
1286,1290,1276,1250,1266,1314,1351,1280,-1,-1,-1,-1
1351,1286,1289,1350,1288,1314,1352,1287,1316,1318,-1,-1
1301,1300,1292,1298,1274,1282,1299,1297,1293,1275,-1,-1
1293,1299,1373,1291,1274,1374,1447,1301,-1,-1,-1,-1
1292,1447,1373,1274,1256,1364,1291,1299,1374,-1,-1,-1
1273,1251,1252,1327,1311,1254,1328,1364,1345,1243,-1,-1
1261,1246,1214,1385,1329,1247,1260,1216,1237,1234,-1,-1
1215,1214,1183,1192,1234,1261,1233,1216,1226,1219,1169,-1
1301,1303,1304,1305,1298,1291,1299,1320,1302,1318,1288,-1
1297,1282,1304,1301,1288,1287,1291,1300,1303,1318,-1,-1
1292,1301,1378,1305,1291,1374,1297,1293,-1,-1,-1,-1
1275,1282,1291,1274,1267,1272,1298,1346,1255,1287,-1,-1
1297,1291,1299,1305,1298,1303,1304,1292,1378,1282,-1,-1
1318,1303,1317,1319,1304,1320,1321,1297,1324,1350,-1,-1
1297,1320,1304,1302,1305,1301,1318,1331,1319,1298,-1,-1
1318,1297,1303,1298,1302,1288,1301,1350,1305,1320,-1,-1
1331,1297,1303,1301,1378,1299,1320,1442,1304,1332,-1,-1
282,272,1191,285,1142,269,292,1144,1283,268,300,1190
1344,1309,1281,1381,1279,1343,1382,1264,1391,1308,1277,1280
1309,1313,1280,1391,1279,1314,1315,1316,1307,1335,-1,-1
1307,1308,1391,1343,1279,1344,1280,1281,1315,-1,-1,-1
75,72,991,77,992,1013,70,79,69,1014,993,964
1257,1252,1273,1294,1407,1218,1211,1258,1345,1251,-1,-1
1263,1264,1381,1262,1464,1265,1386,1281,-1,-1,-1,-1
1316,1335,1308,1315,1356,1314,1352,1351,1280,1391,-1,-1
1280,1351,1316,1290,1276,1308,1289,1313,1279,1352,1350,-1
1391,1335,1336,1338,1313,1337,1308,1309,-1,-1,-1,-1
1313,1352,1351,1314,1356,1335,1350,1308,1290,1321,1280,-1
1324,1321,1319,1302,1323,513,520,521,519,514,523,515
1350,1304,1302,1288,1321,1352,1303,1317,1351,1297,1290,1298
1317,1325,1322,1302,1324,1320,519,520,523,521,525,513
1303,1332,1325,1331,1319,1302,1305,1297,1330,1304,-1,-1
1317,1352,1318,1350,1302,1356,1323,1324,1351,1316,1319,-1
525,523,519,527,520,528,521,530,1324,513,1334,531
506,507,508,517,509,516,510,499,515,500,1357,1324
520,513,521,519,514,523,515,525,516,517,527,528
1330,1319,1332,1322,1320,1366,1485,1499,1324,-1,-1,-1
1230,1180,1253,255,253,1176,1236,259,251,1232,1175,-1
1328,1364,1294,1273,1254,1348,1345,1447,1251,-1,-1,-1
1345,1327,1347,1273,1348,1349,1389,1364,1353,1354,1294,-1
1247,1295,1235,1216,1246,1214,1236,1232,-1,-1,-1,-1
1485,1499,1325,1383,1332,1366,1359,1422,1369,1423,1320,-1
1442,1305,1332,1359,1378,1320,1485,1303,1402,-1,-1,-1
1485,1331,1330,1320,1359,1325,1383,1442,1305,1422,-1,-1
539,538,542,540,536,543,544,535,546,534,547,532
1333,527,528,530,1322,531,525,1367,534,532,535,536
1313,1338,1410,1315,1356,1316,1375,1308,-1,-1,-1,-1
1337,1339,1391,1390,1315,1343,1338,1510,1394,-1,-1,-1
1336,1394,1338,1510,1390,1315,1481,1391,1339,1375,-1,-1
1375,1335,1394,1337,1315,1410,1336,1429,1482,-1,-1,-1
1336,1343,1396,1395,1390,1391,1337,1497,1382,1344,-1,-1
545,548,541,537,551,555,533,529,554,526,561,524
556,553,552,557,550,558,549,547,546,559,544,1333
522,524,518,512,526,511,529,505,504,533,537,503
1344,1391,1339,1309,1382,1307,1395,1336,1381,-1,-1,-1
1382,1307,1343,1381,1309,1395,1464,1281,1380,1391,1339,1264
1389,1273,1328,1347,1407,1354,330,332,1327,325,1311,1355
1267,1287,1266,1282,1193,1286,1300,1196,1272,-1,-1,-1
1354,1355,1328,1345,1389,1353,1349,332,334,1392,1273,330
1364,1349,1328,1377,1327,1373,1387,1447,1254,-1,-1,-1
1353,1387,1348,1388,1328,1347,1377,1405,1355,-1,-1,-1
1318,1351,1352,1290,1288,1321,1316,1304,1286,1302,1314,-1
1316,1290,1352,1350,1314,1313,1289,1321,1288,1318,1280,1286
1316,1351,1321,1350,1356,1318,1313,1290,1314,1317,-1,-1
1405,1355,1392,1388,1349,1347,1354,1408,339,1387,336,1328
332,1355,1389,334,1347,330,336,1345,1353,325,1392,324
1354,336,1392,334,1353,1347,339,332,1389,1405,343,1408
1352,1335,1410,1316,1321,1323,1313,1357,1351,-1,-1,-1
503,504,502,505,501,500,511,512,499,518,510,509
302,1269,291,1443,1427,284,281,308,278,1487,277,1444
1485,1442,1331,1332,1446,1422,1507,1383,1330,1402,1378,-1
1361,1451,1433,1340,1363,1430,555,551,548,1482,367,545
1482,1360,1340,1342,1430,537,545,526,529,533,541,548
1363,560,559,1341,558,1415,561,557,554,1424,556,555
555,554,561,560,551,548,559,1362,1340,545,558,541
1447,1348,1327,1254,1373,1293,1256,1328,1377,1294,-1,-1
1367,1369,1368,1372,1371,1334,1366,1415,-1,-1,-1,-1
1499,1334,1330,1369,1325,1322,1365,527,525,528,1383,-1
1415,1333,1341,1334,1368,1365,546,550,549,539,544,542
1415,1414,1367,1371,1365,1413,1341,1521,1362,1502,-1,-1
1499,1370,1372,1365,1423,1366,1383,1448,1330,-1,-1,-1
1448,1423,1372,1369,1449,1457,1499,1462,1450,1461,-1,-1
1372,1414,1368,1466,1450,1365,1521,-1,-1,-1,-1,-1
1370,1371,1369,1448,1450,1365,1423,1461,-1,-1,-1,-1
1293,1377,1364,1447,1292,1348,1374,-1,-1,-1,-1,-1
1376,1402,1378,1379,1292,1373,1377,1299,1293,-1,-1,-1
1482,1338,1410,1429,1394,1342,1361,1335,1481,1357,512,522
1379,1402,1400,1401,1374,1504,1505,1377,1387,1446,1442,1378
1387,1379,1373,1348,1349,1374,1364,1388,1376,1505,-1,-1
1442,1299,1402,1331,1305,1374,1359,1301,1376,-1,-1,-1
1376,1387,1377,1505,1401,1374,1388,1402,1400,-1,-1,-1
1411,1382,1464,1395,1412,1406,1344,1532,1381,-1,-1,-1
1344,1307,1464,1264,1312,1382,1281,1343,1263,1380,-1,-1
1344,1380,1395,1464,1343,1381,1307,1339,-1,-1,-1,-1
1421,1485,1499,1330,1422,1423,376,1457,381,1359,1332,371
1386,1409,1260,1385,1438,1426,1261,1238,1263,-1,-1,-1
1384,1295,1261,1409,1246,1237,1260,1238,-1,-1,-1,-1
1263,1384,1260,1438,1406,1262,1312,1464,1409,-1,-1,-1
1388,1379,1377,1505,1349,1353,1405,1348,1401,1376,1403,-1
1405,1387,1505,1353,1403,1349,1408,1392,1379,1404,1377,-1
330,1345,1354,332,1347,1407,325,334,324,1355,1273,1328
1336,1496,1497,1339,1510,1337,1396,1523,-1,-1,-1,-1
1309,1336,1315,1343,1339,1308,1307,1337,1344,1313,-1,-1
339,1405,343,1355,1408,1353,336,345,1388,334,1354,347
320,318,1397,331,322,1398,317,333,1399,1420,315,1416
1481,1429,1337,1338,1375,1510,1482,1480,1511,1336,-1,-1
1382,1396,1339,1380,1343,1412,1344,-1,-1,-1,-1,-1
1497,1395,1486,1339,1390,1412,1496,-1,-1,-1,-1,-1
1393,1399,1420,331,1416,1398,333,320,318,322,317,1428
317,318,315,1428,1393,1397,1420,1439,320,314,322,331
333,1416,1397,335,331,1417,1393,337,1418,1420,322,320
1504,1376,1446,1402,1401,1455,1507,1442,1379,1454,-1,-1
1504,1505,1376,1400,1404,1453,1379,1387,-1,-1,-1,-1
1442,1376,1378,1400,1446,1374,1359,1379,1331,-1,-1,-1
1408,349,1404,1405,347,350,1505,1388,345,353,343,1392
353,1403,1453,1505,350,1401,363,349,347,1658,1504,1388
1408,1388,1392,1353,1403,343,345,347,339,1505,1355,1387
1263,1532,1464,1411,1386,1438,1380,1445,-1,-1,-1,-1
1258,1345,1389,330,325,1273,1257,1311,324,1259,332,321
345,1405,343,347,1403,1392,349,339,1388,350,1353,336
1238,1384,1426,274,1385,1237,270,1438,276,1487,267,1445
1335,1375,1357,1338,1342,1356,505,512,504,511,503,518
1380,1532,1436,1406,1412,1444,1464,-1,-1,-1,-1,-1
1411,1437,1486,1380,1395,1396,1436,-1,-1,-1,-1,-1
1425,1415,1424,1414,1502,1368,1472,1362,1521,1435,1434,-1
1521,1368,1502,1371,1466,1413,1469,1415,1472,-1,-1,-1
1362,1341,1367,1368,1413,556,558,557,553,559,552,1424
1399,1418,1397,1419,1420,1417,333,335,331,1393,1431,1432
337,338,1418,335,1431,340,1399,1416,341,333,342,1432
1431,1417,1416,1432,1419,1399,1477,341,340,342,338,337
1476,1416,1477,1418,1420,1432,1440,1397,1478,1399,1417,1431
1397,1428,1416,1440,1398,1419,1393,1399,1476,1418,318,317
376,381,1383,1457,1423,1422,371,386,370,1499,1485,1449
371,1507,1485,376,1421,1383,1359,370,1446,369,381,1330
1457,1370,1421,1499,1383,1369,1449,381,376,386,1448,1372
1434,1362,1425,1433,1363,1413,1415,560,561,374,554,559
1435,1434,1424,1472,1413,387,392,382,1502,1362,1433,1471
1487,1445,274,1409,1427,276,1438,277,1238,270,1269,278
1358,1487,1445,1269,1443,1426,1444,277,278,276,302,291
1439,1440,1398,1420,1441,315,314,317,1397,1437,318,312
1482,1481,1394,1480,1430,1375,1361,1479,1511,1338,1510,1360
1451,365,359,1429,1479,1360,1361,1482,1480,367,355,360
341,342,340,1418,344,1432,1417,338,337,1459,346,1460
1418,1431,1477,1459,1540,344,1419,342,1460,341,1417,1416
374,1451,367,1360,1434,1424,1363,382,365,1340,1362,1361
382,387,1424,1425,374,1433,1435,392,367,1363,1413,1451
392,1425,387,1473,1472,1434,395,1471,382,396,1424,1413
1411,1444,1441,1437,1532,1458,1412,-1,-1,-1,-1,-1
1441,1478,1486,1412,1440,1436,1428,1476,-1,-1,-1,-1
1445,1384,1426,1386,1532,1409,1406,1427,1263,1487,-1,-1
314,312,315,1428,1441,1398,1458,317,310,318,1440,308
1428,1478,1476,1420,1437,1441,1419,1398,1439,1477,1486,-1
1428,1437,1439,1458,1440,1436,312,314,1478,1398,-1,-1
1359,1402,1378,1331,1446,1400,1332,1485,1305,1376,1422,-1
1358,302,1444,308,1427,1458,291,310,1269,1445,312,284
1443,1445,1532,1427,1436,1458,1358,302,308,1411,1426,-1
1427,1426,1532,1438,1444,1487,1443,1358,1269,274,1406,1409
1507,1442,1400,1359,1402,1455,1422,370,371,369,1485,1376
1293,1256,1364,1373,1254,1274,1292,1243,1348,1255,1327,-1
1461,1370,1462,1449,1450,1372,1463,1423,1525,1369,-1,-1
1457,1370,1495,1462,1448,1423,386,381,390,1509,1421,1461
1470,1461,1448,1372,1466,1463,1371,1370,-1,-1,-1,-1
367,365,1360,1430,1433,359,374,1361,355,1479,1363,1482
379,1465,383,384,373,1456,380,388,385,389,378,368
1658,1404,1504,363,353,1401,368,1454,350,1456,373,1505
1456,377,1658,1504,378,375,1455,380,372,1453,1452,373
372,369,1507,1504,375,1454,370,1400,1446,377,371,378
380,1452,383,378,373,1658,1454,379,377,384,1465,368
381,386,1449,1421,1423,376,390,1509,1370,1495,1383,371
312,1443,310,308,1439,1441,1444,1436,314,302,1358,315
1460,1432,1490,1540,344,1508,1467,346,342,1431,1477,348
1467,1459,346,344,1508,348,342,351,1490,352,1432,1431
1463,1448,1462,1525,1450,1470,1527,1503,1449,1475,1370,1372
1461,1495,1527,1525,1449,1448,1555,1463,1370,1522,1530,-1
1461,1475,1470,1525,1503,1450,1539,1448,1462,1474,-1,-1
1263,1381,1382,1380,1406,1312,1344,1411,1386,1264,-1,-1
379,384,388,385,1452,389,383,373,380,1456,368,378
1521,1470,1469,1414,1450,1371,1468,1502,1539,1501,-1,-1
348,351,1460,1508,352,346,354,1489,1459,344,1490,1488
1539,1501,1469,1491,1470,1514,1466,1521,1474,1512,1475,1500
1521,1501,1468,1502,1500,1466,1414,1512,1470,1472,1514,1539
1539,1466,1463,1475,1450,1468,1474,1461,1469,1521,1491,-1
1473,1500,1472,1506,1518,1435,395,396,392,1502,400,1512
1502,1435,1425,1471,1500,1413,1473,1521,1469,1414,392,1434
395,1471,396,392,1435,1506,398,400,1472,387,1518,1500
1539,1493,1475,1492,1491,1538,1470,1468,1503,1528,1463,1537
1474,1463,1539,1503,1470,1492,1493,1491,1525,1461,1468,1526
1478,1477,1419,1440,1483,1420,1540,1486,1432,1437,1418,1416
1476,1540,1419,1432,1483,1418,1478,1459,1484,1440,1416,1431
1476,1486,1440,1437,1483,1477,1497,1419,1441,1428,-1,-1
355,359,360,1480,1494,361,365,1430,356,1451,367,1511
1479,1481,1511,1429,1430,1494,355,359,360,365,1394,361
1511,1480,1429,1394,1510,1523,1337,1479,1430,1375,1482,1498
1361,1375,1429,1342,1430,1360,1340,1394,526,524,529,522
1476,1477,1497,1478,1484,1496,1540,1486,1419,-1,-1,-1
1523,1540,1496,1490,1498,1483,1477,1459,1511,1497,1510,-1
1359,1383,1332,1330,1422,1499,1421,1331,1325,1442,1446,1507
1478,1497,1396,1437,1412,1483,1476,1440,1496,-1,-1,-1
277,276,274,1426,1269,278,1427,281,270,1445,1358,284
1489,1494,1508,1498,358,357,1490,356,362,354,352,364
354,362,352,364,1488,358,1508,357,366,351,1467,356
1498,1508,1459,1484,1540,1488,1460,1467,1523,1489,1432,1511
1474,1493,1539,1514,1468,1528,1519,1501,1475,1538,1492,1470
1474,1537,1493,1526,1475,1503,1538,1539,1545,1491,-1,-1
1474,1538,1491,1492,1528,1539,1537,1475,1554,1514,-1,-1
356,361,1479,1488,360,357,1480,355,1511,1498,358,359
1522,390,1509,1555,386,1449,1462,391,1527,394,393,1457
1497,1523,1484,1390,1510,1483,1396,1511,1498,1540,1486,-1
1496,1396,1486,1483,1390,1478,1484,1339,1523,-1,-1,-1
1511,1490,1523,1488,1484,1494,1508,1480,1540,1481,1496,1510
1383,1369,1330,1423,1366,1421,1485,1370,1325,1457,-1,-1
1471,1501,1469,1512,1502,1518,1472,1521,1473,1506,1468,-1
1512,1469,1468,1514,1500,1491,1518,1521,1502,1519,1513,1539
1521,1472,1414,1469,1500,1413,1466,1425,1471,1501,1368,-1
1475,1525,1526,1524,1463,1492,1474,1461,1527,-1,-1,-1
1400,1454,1453,1401,1455,1658,1404,1376,375,1456,372,377
1388,1387,1404,1401,1403,1379,1405,1453,1376,1377,1408,-1
400,398,396,402,1473,1518,1471,1515,1550,395,404,1531
370,371,369,1446,1455,1422,372,376,375,1359,1400,1421
1467,1460,1490,1489,1488,352,1459,351,348,354,346,1498
390,391,386,1522,393,1495,381,394,1457,1449,1555,376
1523,1481,1337,1394,1496,1511,1390,1336,1429,1480,1484,1498
1481,1498,1523,1480,1510,1494,1479,1429,1488,1484,1394,1496
1501,1518,1513,1514,1500,1519,1469,1515,1471,1468,-1,-1
1512,1519,1520,1517,1516,1518,1514,1515,1531,1501,-1,-1
1519,1501,1491,1512,1468,1513,1528,1516,1539,1469,1493,-1
1531,1550,402,404,1518,1520,1506,406,400,1513,408,1512
1519,1529,1517,1541,1528,1513,1514,1546,1520,-1,-1,-1
1546,1520,1516,1541,1513,409,1533,408,1519,1531,411,1529
1512,1515,1506,1471,1500,1513,402,1501,400,1473,1531,1550
1516,1514,1528,1513,1512,1491,1529,1517,1501,-1,-1,-1
1531,1517,408,409,1515,1513,406,404,411,1546,1550,1533
1469,1414,1466,1502,1371,1468,1500,1501,1472,1368,1470,1413
394,391,393,1509,1495,390,1555,397,386,399,1530,1527
1484,1496,1511,1498,1510,1481,1490,1390,1497,1540,-1,-1
1553,1535,1503,1526,1525,1534,1527,1530,403,405,401,407
1527,1503,1461,1463,1462,1524,1553,1475,1530,1448,1555,-1
1545,1503,1534,1492,1524,1537,1535,1536,1543,1475,-1,-1
1530,1555,1525,1553,1462,1524,1495,399,401,397,1522,1461
1519,1493,1529,1491,1516,1554,1538,1514,1474,-1,-1,-1
1516,1554,1541,1558,1528,1519,1548,1559,1517,-1,-1,-1
399,401,1553,1555,1527,397,403,1524,1535,1522,1495,394
406,1520,1515,408,404,1550,409,402,1513,1517,411,400
1445,1411,1444,1406,1438,1436,1427,1426,1380,-1,-1,-1
411,413,1547,1546,409,1551,414,408,416,1549,1517,1520
1535,407,1545,410,1526,1536,405,1524,412,403,1553,1543
405,403,1553,1534,407,1524,401,410,1530,1526,1527,1545
412,1579,1545,410,415,1534,1543,1542,407,417,1526,1537
1545,1543,1492,1538,1526,1544,1493,1536,1579,1474,1534,-1
1493,1537,1544,1554,1492,1528,1474,1491,1543,-1,-1,-1
1474,1470,1468,1475,1491,1493,1463,1492,1466,1514,1501,1469
1477,1484,1459,1432,1490,1483,1476,1460,1419,1498,1508,1496
1529,1548,1546,1516,1549,1517,1558,1547,-1,-1,-1,-1
417,1579,424,1575,415,1574,427,1536,1543,426,1576,412
1579,1545,1537,1574,1536,1544,1542,1526,1538,1534,1560,415
1560,1538,1543,1554,1574,1537,1559,1579,-1,-1,-1,-1
1536,1526,1543,1534,1537,1579,410,1492,412,407,1535,1524
1533,1517,1547,1549,1541,409,411,413,1520,408,1551,1516
1533,1549,1551,1546,1557,413,411,414,1564,416,409,1541
1549,1571,1558,1564,1541,1561,1529,1546,1547,1573,1557,-1
1547,1548,1564,1546,1541,1557,1533,1551,1571,1558,1517,-1
404,402,1515,400,1531,406,398,1506,408,1520,396,1518
416,414,1547,418,413,1533,1552,1557,411,422,1546,1549
422,418,1556,428,1551,1563,416,1557,1595,430,414,1547
1530,403,401,1535,1524,1527,405,399,1555,1525,1534,407
1529,1559,1538,1544,1528,1558,1493,1560,-1,-1,-1,-1
1530,397,1522,399,1527,1495,394,401,1553,391,393,1462
1568,1552,1569,1557,1565,1563,428,422,1595,418,1551,1584
1547,1551,1564,1556,1549,1552,1565,1533,418,416,1568,1548
1548,1529,1561,1559,1571,1554,1541,1549,-1,-1,-1,-1
1560,1561,1554,1558,1562,1544,1529,1596,1571,-1,-1,-1
1559,1596,1574,1544,1562,1561,1602,1575,1554,1543,-1,-1
1571,1562,1559,1558,1582,1548,1560,1615,1573,-1,-1,-1
1561,1602,1560,1596,1615,1559,1582,1571,1626,-1,-1,-1
430,1595,428,432,1580,1569,1552,1578,1556,434,422,436
1548,1549,1573,1571,1565,1557,1547,1581,-1,-1,-1,-1
1568,1581,1564,1556,1573,1557,1584,1569,-1,-1,-1,-1
427,1567,424,426,1576,1599,423,417,1572,1603,421,433
1566,433,1572,435,1603,426,423,431,427,1599,421,424
1569,1584,1556,1577,1565,1581,1656,1563,1557,1578,-1,-1
1568,1578,1656,1556,1563,1577,1580,1584,1590,1552,432,1565
438,439,437,440,1586,1597,436,1587,442,1585,434,443
1561,1548,1573,1564,1582,1558,1549,1562,1559,-1,-1,-1
431,421,423,420,429,433,1567,426,419,425,427,435
1581,1564,1571,1583,1582,1565,1548,1561,1584,-1,-1,-1
1579,1560,1542,1543,1575,1596,1544,417,1536,424,-1,-1
1576,1542,1596,1574,424,1598,417,1566,1579,427,1560,1607
1566,1575,1599,1607,1598,424,427,1567,1542,426,417,1603
1584,1656,1568,1633,1569,1601,1578,1640,1588,1581,-1,-1
1580,1569,1597,1656,1590,1563,434,432,436,430,1577,1587
1542,1536,1543,415,1574,417,412,1545,424,1575,410,427
434,432,1578,436,1597,1563,430,437,1595,1569,438,1590
1584,1583,1573,1588,1565,1568,1612,1564,1582,1577,1601,-1
1615,1561,1571,1573,1583,1562,1613,1602,1581,1628,-1,-1
1581,1612,1613,1573,1588,1582,1614,1584,1615,-1,-1,-1
1581,1568,1577,1588,1565,1601,1583,1569,1573,1633,1556,-1
1591,1620,1586,1593,1587,1604,1594,1570,448,443,445,442
442,443,1591,440,445,1570,1585,439,446,448,438,1604
1620,1597,1590,1589,1570,1585,1593,1586,436,1578,1592,1580
1612,1581,1584,1601,1583,1600,1614,1577,1613,-1,-1,-1
1620,1650,1590,1640,1587,1592,1593,1597,1656,1617,1649,1585
1589,1597,1656,1578,1587,1640,1580,1620,1650,1569,1633,1570
448,445,1604,1586,446,443,1585,450,442,452,453,1594
1593,1620,1617,1619,1618,1650,1589,1649,464,1654,1630,1587
1620,1594,1619,1592,1585,464,461,1589,1604,458,1587,1618
461,458,464,1593,1604,455,459,1616,1619,453,1585,1591
430,428,432,1563,422,434,1552,1580,418,436,416,1556
1560,1602,1575,1598,1574,1562,1576,1559,1626,1542,-1,-1
1580,436,1587,1590,1578,1570,434,437,438,432,439,1589
1602,1607,1596,1576,1626,1610,1575,1609,1599,-1,-1,-1
1603,1607,1576,1566,1567,1606,1605,435,441,433,1609,427
1622,1612,1614,1623,1588,1624,1625,1601,1638,457,460,-1
1588,1632,1633,1584,1624,1577,1600,1612,1581,-1,-1,-1
1626,1615,1596,1562,1598,1628,1560,1610,1582,1575,-1,-1
435,1599,441,1606,1567,433,444,1605,1566,431,1607,1572
453,448,1591,452,450,1616,1594,455,1585,446,459,458
1609,1606,1608,1607,1611,1599,1603,447,441,444,1610,1627
441,1605,444,1603,447,1608,1599,435,449,1609,1611,1607
1599,1609,1610,1605,1576,1598,1606,1603,1566,1626,1627,1575
449,447,1611,1606,1605,451,444,1621,1609,454,441,1603
1605,1627,1610,1607,1611,1608,1606,1659,1634,1599,1598,1626
1609,1626,1607,1659,1627,1598,1605,1628,1602,1611,1635,-1
1608,1621,1609,1634,1605,1627,451,449,454,1606,447,1639
1614,1588,1583,1613,1600,1623,1581,1629,1601,-1,-1,-1
1628,1614,1612,1583,1615,1629,1582,1623,1626,1588,1659,-1
1612,1623,1629,1613,1600,1628,1625,1583,1588,1636,1622,-1
1602,1628,1582,1626,1613,1562,1561,1583,1659,-1,-1,-1
455,453,459,458,1604,452,1594,461,450,448,464,1591
1649,1618,1654,1653,1650,1592,1648,1655,1652,1619,1651,1630
1630,1654,1617,1619,1652,1592,475,464,1657,1653,487,492
464,1618,1593,461,1630,475,1592,1594,458,1652,483,1620
1593,1587,1589,1592,1585,1590,1619,1594,1650,1570,1597,-1
454,456,1611,1639,451,1634,465,1608,449,1644,1627,472
457,1638,1625,460,462,1600,1624,463,466,1623,467,1631
1614,1625,1629,1636,1600,1622,1631,1612,1613,1635,-1,-1
1638,1632,1622,463,460,467,1601,1637,1600,457,473,462
1631,1622,1623,462,466,457,470,1636,469,1600,460,468
1602,1610,1628,1659,1615,1598,1607,1627,1613,1629,1596,1609
1609,1634,1659,1635,1610,1611,1605,1645,1621,1607,1626,-1
1626,1659,1613,1629,1615,1614,1602,1610,1635,1582,-1,-1
1628,1614,1623,1659,1635,1636,1613,1612,1626,1625,-1,-1
475,1652,483,487,1618,1619,492,464,494,1654,461,1657
469,470,468,1625,466,1647,1636,471,462,1623,474,457
1624,1641,1633,1601,1637,1638,1648,467,1640,463,-1,-1
1640,1632,1577,1656,1641,1601,1584,1590,1650,1624,-1,-1
1627,1639,1621,1645,1611,1635,1609,1644,454,1659,1642,456
1659,1645,1627,1636,1634,1629,1647,1628,1623,1610,-1,-1
1631,1623,1647,1635,1625,1629,1645,468,469,471,1614,470
473,467,476,478,477,1648,1632,463,1624,1641,1638,481
460,463,457,1624,467,1622,462,473,1637,466,1600,1632
1644,1621,1634,465,456,1645,1642,472,454,1643,1611,480
1589,1650,1633,1656,1590,1641,1649,1632,1577,1578,-1,-1
1649,1632,1648,1650,1640,1633,1637,1617,476,1653,1624,-1
479,482,1643,1644,1645,474,1647,484,1639,471,488,468
1646,480,488,485,484,1644,491,482,472,1642,479,465
1639,472,1643,465,480,1642,1646,456,485,1621,1645,484
1647,1642,1635,1634,1639,1636,1644,474,471,1627,479,468
480,485,491,1643,472,488,1644,484,465,482,1642,-1
471,468,474,1631,1645,1642,469,1636,479,470,482,1625
1649,476,1651,1637,1653,481,1641,478,477,489,1617,490
1648,1617,1650,1653,1641,1651,1654,476,1592,481,1640,1637
1649,1589,1617,1640,1592,1641,1648,1620,1653,1618,1590,1633
481,490,489,1653,476,486,1648,478,1655,493,1649,495
492,1630,1657,494,487,1654,1618,497,483,1655,475,498
1651,1654,486,1655,1649,1617,1648,490,481,489,493,476
1655,1657,1652,1618,1653,1617,486,496,495,1630,494,497
486,495,1657,496,1654,493,1653,490,498,497,1651,1652
1577,1590,1578,1640,1569,1633,1568,1597,1589,1580,-1,-1
497,496,498,1655,494,1652,1654,495,492,486,493,487
368,373,1453,1456,363,1454,1452,379,353,1504,380,383
1628,1627,1635,1610,1626,1629,1609,1634,1615,1613,-1,-1
