85,78,83
85,625,78
274,525,271
525,274,505
72,61,78
625,72,78
65,72,625
574,122,113
608,0,2
0,608,4
28,594,20
10,595,603
525,268,271
271,268,257
268,267,257
274,275,505
275,274,280
221,207,215
267,262,257
160,167,164
61,623,50
72,623,61
65,623,72
84,625,85
38,41,26
15,22,26
595,622,603
108,574,113
574,108,580
110,115,509
106,110,509
110,106,115
108,105,580
105,108,113
106,105,115
5,12,18
0,3,1
3,5,1
3,0,4
12,8,11
8,12,5
3,8,5
8,3,604
7,608,603
608,7,4
7,3,4
3,7,604
10,13,595
6,608,2
10,6,2
608,6,603
6,10,603
204,198,201
204,207,198
207,209,215
225,484,420
419,220,420
218,221,215
455,278,273
455,272,488
272,455,273
278,281,285
455,281,278
281,455,488
489,488,498
279,489,498
282,280,284
282,279,280
489,282,284
282,489,279
276,279,498
279,276,280
230,237,233
248,250,240
250,248,253
453,263,261
268,511,267
511,268,525
177,176,179
574,573,122
573,128,122
586,573,574
128,573,130
167,166,164
173,167,176
173,171,167
382,161,399
161,159,399
107,582,104
130,126,133
118,120,133
120,118,111
126,118,133
118,126,121
46,52,26
41,46,26
37,38,26
32,37,26
37,40,44
40,37,32
29,32,26
32,29,30
14,557,15
14,5,18
5,14,15
547,22,15
557,547,15
29,547,30
566,577,571
566,565,562
577,567,583
567,566,562
566,567,577
572,577,583
584,572,583
572,584,576
577,572,571
622,597,603
597,7,603
537,561,554
545,537,554
105,101,580
101,105,106
153,147,150
147,153,141
96,97,87
594,345,20
569,566,571
566,569,565
568,92,565
578,586,574
16,13,10
16,10,2
211,203,213
211,208,203
397,208,210
209,397,210
411,186,184
413,411,184
186,188,184
182,188,191
188,182,184
182,413,184
175,178,170
474,391,392
413,406,404
224,441,226
422,419,420
457,466,464
228,225,213
209,212,215
212,209,210
222,225,420
220,222,420
225,222,213
222,220,213
388,387,419
388,212,387
388,218,215
212,388,215
283,281,488
489,283,488
281,283,285
283,284,285
283,489,284
277,275,280
276,277,280
513,525,505
513,511,525
255,256,247
256,260,494
255,260,256
265,266,263
453,265,263
251,250,253
259,251,258
250,251,261
251,259,261
453,468,467
468,259,258
468,453,261
259,468,261
254,251,253
251,254,258
260,516,494
516,260,512
501,512,511
513,501,511
516,501,467
501,516,512
511,264,267
512,264,511
264,262,267
264,512,262
171,168,167
168,166,167
177,405,176
405,177,404
410,158,160
400,401,456
401,400,399
162,160,164
162,410,160
403,162,164
162,403,410
166,403,164
380,161,382
161,380,163
159,157,399
157,401,399
39,43,45
43,48,45
623,48,50
48,43,50
69,67,84
581,573,586
581,586,104
582,581,104
573,581,130
581,582,121
582,112,121
112,118,121
112,582,107
112,107,111
118,112,111
523,46,41
46,523,52
40,531,44
21,14,18
14,21,557
12,17,18
567,591,583
591,609,583
609,591,590
598,12,11
598,17,12
17,598,559
547,548,30
548,547,557
547,25,22
25,547,29
22,25,26
25,29,26
600,597,622
600,609,590
7,9,604
597,9,7
9,8,604
585,584,583
609,585,583
584,585,589
561,556,554
565,552,562
552,556,562
556,552,551
101,91,92
91,101,95
537,534,536
534,537,535
534,535,529
531,534,529
539,537,536
537,539,561
553,545,554
545,526,550
526,507,550
526,553,95
553,526,545
537,560,535
545,560,537
560,545,550
102,101,106
101,102,95
102,106,509
507,102,509
102,526,95
526,102,507
142,147,141
147,142,431
93,96,87
75,81,87
115,116,509
116,506,509
470,117,124
117,131,124
131,117,114
507,508,550
149,146,148
151,416,425
426,425,429
149,427,146
427,151,425
427,149,151
146,145,148
143,145,146
131,145,124
145,143,124
143,138,124
569,570,565
570,568,565
98,101,92
568,98,92
101,98,580
98,568,580
578,579,601
579,570,601
570,579,568
568,579,580
579,574,580
579,578,574
16,323,13
345,19,20
20,19,2
19,16,2
389,212,210
212,389,387
208,389,210
211,389,208
386,397,209
183,411,413
185,183,179
411,183,185
189,199,192
411,187,186
187,411,185
187,185,179
187,199,189
194,182,191
193,194,191
198,196,201
194,196,198
196,194,193
412,193,191
188,412,191
412,188,186
175,172,474
172,175,170
169,172,170
381,391,474
172,381,474
381,172,169
391,381,382
381,380,382
384,474,392
406,384,392
384,175,474
175,384,178
182,383,413
383,406,413
383,384,406
384,383,178
223,224,221
224,223,441
450,466,441
422,450,441
450,484,464
466,450,464
484,450,420
450,422,420
229,232,226
229,457,232
457,229,466
231,230,233
469,231,233
469,473,462
242,248,240
241,493,500
250,238,240
238,236,462
463,469,462
236,463,462
463,457,464
227,484,225
228,227,225
484,465,464
465,228,230
227,465,484
465,227,228
387,216,419
216,217,419
389,216,387
219,220,419
217,219,419
220,219,213
388,421,218
218,421,221
422,421,419
421,388,419
504,513,505
275,504,505
277,504,275
504,277,276
239,241,500
239,237,257
241,239,257
255,252,257
252,255,247
252,241,257
512,517,262
260,517,512
517,260,255
262,517,257
517,255,257
266,451,269
265,451,266
481,468,258
468,481,467
481,516,467
174,173,176
405,174,176
393,405,404
393,406,392
406,393,404
173,395,171
393,395,405
174,395,173
395,174,405
395,393,392
395,168,171
168,395,166
158,156,160
156,149,148
149,156,151
156,409,154
409,158,410
409,156,158
415,408,456
408,400,456
409,408,154
408,416,154
416,408,415
400,402,399
403,402,410
402,409,410
408,402,400
402,408,409
398,402,403
398,382,399
402,398,399
380,165,163
165,169,170
165,381,169
381,165,380
161,165,170
165,161,163
157,155,401
155,153,456
401,155,456
153,155,141
155,157,159
67,76,84
76,65,625
84,76,625
48,55,45
107,100,111
100,107,104
586,100,104
74,569,571
64,74,571
127,126,130
581,127,130
126,127,121
127,581,121
286,290,41
290,523,41
523,60,52
60,75,52
60,71,75
532,531,40
534,532,536
532,534,531
23,21,18
592,598,11
592,600,590
600,592,597
548,533,30
533,32,30
533,40,32
533,548,546
533,532,40
532,533,546
21,558,557
558,548,557
593,585,609
593,600,622
600,593,609
593,622,595
347,593,595
585,593,589
92,88,565
88,552,565
91,88,92
555,556,561
555,567,562
556,555,562
90,91,95
553,90,95
432,415,456
432,153,150
153,432,456
416,424,425
424,416,415
425,424,429
424,446,429
432,424,415
424,432,446
99,75,87
97,99,87
478,93,87
93,478,479
81,478,87
535,527,529
490,492,448
492,490,479
560,515,535
515,527,535
527,515,549
515,560,550
508,515,550
60,524,71
524,60,523
544,492,479
506,123,114
116,123,506
123,131,114
123,116,115
145,123,115
123,145,131
117,486,114
486,117,470
125,470,124
125,447,470
125,132,447
132,125,134
138,125,124
125,138,134
510,486,470
416,152,154
152,416,151
152,156,154
156,152,151
142,430,431
430,437,431
454,439,429
437,454,431
446,454,429
454,446,431
439,438,429
438,426,429
428,426,140
426,428,425
428,427,425
144,143,146
427,144,146
428,144,427
144,428,140
138,144,140
144,138,143
330,13,329
13,330,595
364,360,363
593,364,589
364,593,360
360,353,363
358,357,589
19,331,16
323,324,13
331,326,16
326,331,332
397,206,208
205,206,397
208,206,203
206,205,203
385,209,207
385,386,209
204,385,207
386,385,204
202,204,201
202,386,204
205,417,203
417,202,378
202,417,386
417,205,397
386,417,397
417,199,203
414,413,404
414,177,179
177,414,404
423,365,193
412,423,193
197,196,193
365,197,193
383,180,178
180,383,182
194,180,182
458,422,441
223,458,441
458,421,422
458,223,221
421,458,221
466,440,441
229,440,466
441,440,226
440,229,226
473,461,462
461,242,240
238,461,240
461,238,462
235,473,469
237,235,233
235,469,233
493,244,247
244,493,241
244,252,247
252,244,241
493,245,472
245,493,247
234,463,236
463,234,457
457,234,232
238,234,236
234,238,250
465,495,464
495,463,464
463,495,469
495,231,469
231,495,230
495,465,230
214,216,389
216,214,217
219,214,213
214,219,217
451,270,269
269,270,273
270,272,273
503,270,451
488,503,498
272,503,488
270,503,272
504,502,513
503,502,498
502,276,498
502,504,276
502,482,513
501,482,467
482,501,513
452,265,453
452,451,265
452,453,467
482,452,467
254,480,258
480,481,258
480,254,253
480,497,494
516,480,494
481,480,516
394,398,403
391,394,392
394,395,392
394,403,166
395,394,166
76,66,65
66,76,67
56,48,623
56,55,48
56,623,65
62,67,69
62,621,67
39,42,35
66,57,65
621,57,67
57,66,67
57,56,65
56,57,55
578,612,586
612,100,586
612,578,601
575,570,569
74,575,569
570,575,601
59,64,571
572,59,571
59,572,576
596,584,589
322,596,589
357,311,589
31,39,35
287,37,44
296,287,44
290,295,523
295,294,300
564,23,18
17,564,18
564,17,559
599,592,11
592,599,597
599,9,597
8,599,11
9,599,8
23,24,21
24,558,21
564,24,23
558,24,559
24,564,559
552,82,551
88,82,552
598,563,559
591,563,590
563,592,590
592,563,598
626,591,567
555,626,567
548,541,546
558,541,548
499,432,150
432,499,446
446,499,431
147,499,150
499,147,431
477,97,96
477,99,97
93,588,96
588,477,96
477,588,475
490,588,479
588,93,479
449,490,448
449,459,475
449,588,490
588,449,475
471,447,448
492,471,448
447,471,470
528,523,301
528,524,523
524,528,527
527,528,529
521,544,549
544,521,492
478,491,479
491,544,479
491,478,81
510,485,486
485,506,114
486,485,114
485,510,508
485,508,507
485,507,509
506,485,509
139,142,141
139,430,142
430,136,437
139,136,430
426,443,140
438,443,426
443,438,134
138,443,134
443,138,140
445,132,134
438,445,134
132,445,447
354,353,360
354,593,347
593,354,360
354,339,353
361,358,589
361,359,358
353,359,363
359,353,335
351,350,357
350,351,343
348,345,594
349,348,594
332,337,335
337,359,335
13,325,329
325,324,329
324,325,13
333,330,329
324,333,329
328,323,16
340,19,345
340,341,19
348,340,345
341,340,349
340,348,349
334,331,19
341,334,19
334,341,343
331,334,332
334,337,332
342,350,343
341,342,343
181,183,413
414,181,413
183,181,179
181,414,179
433,423,412
433,412,186
187,433,186
433,187,189
418,423,192
423,418,365
200,202,201
196,200,201
197,200,196
461,518,472
518,461,473
493,518,500
518,493,472
235,496,473
518,496,500
496,518,473
496,239,500
239,496,237
496,235,237
256,487,247
487,245,247
487,256,494
497,487,494
245,243,472
243,461,472
461,243,242
396,389,211
396,214,389
396,211,213
214,396,213
452,483,451
483,503,451
483,502,503
483,482,502
483,452,482
390,394,391
394,390,398
390,391,382
398,390,382
42,624,621
624,57,621
624,39,45
624,42,39
55,624,45
57,624,55
613,612,601
575,613,601
596,47,584
356,311,357
350,356,357
342,356,350
356,341,349
356,342,341
355,349,594
311,355,594
355,356,349
356,355,311
73,68,69
31,27,39
27,28,20
602,596,322
291,296,297
291,287,296
288,295,290
288,294,295
304,292,297
292,291,297
291,292,287
294,292,293
292,294,287
292,306,293
523,298,301
295,298,523
298,300,301
298,295,300
296,299,297
299,302,297
531,299,44
299,296,44
299,531,529
302,299,529
304,303,309
303,302,309
303,304,297
302,303,297
308,302,529
302,308,309
528,308,529
308,528,309
86,88,91
86,82,88
90,86,91
86,90,553
563,542,620
542,563,591
626,542,591
541,543,620
563,543,559
543,563,620
543,558,559
543,541,558
99,476,103
477,476,99
476,109,103
454,460,439
460,454,437
514,521,549
515,514,549
514,515,508
510,514,508
522,510,470
471,522,470
522,514,510
514,522,521
522,471,492
521,522,492
520,81,75
520,491,81
71,520,75
524,520,71
491,520,544
129,109,119
109,129,103
442,438,439
442,445,438
442,449,448
447,442,448
445,442,447
353,338,335
339,338,353
338,333,335
338,339,330
333,338,330
330,344,595
339,344,330
344,347,595
362,361,589
364,362,589
362,364,363
359,362,363
362,359,361
358,352,357
352,351,357
359,352,358
337,352,359
351,352,343
326,327,16
327,328,16
327,332,335
327,326,332
328,327,323
333,327,335
327,324,323
327,333,324
336,334,343
334,336,337
352,336,343
336,352,337
423,190,192
433,190,423
190,189,192
190,433,189
418,367,365
367,418,366
377,417,378
417,377,199
418,195,366
372,195,199
199,195,192
195,418,192
200,407,202
407,200,197
374,407,197
202,379,378
407,379,202
195,370,366
246,243,245
246,487,497
487,246,245
243,246,242
612,94,100
613,94,612
100,94,73
584,53,576
47,53,584
53,59,576
59,53,64
53,47,64
611,614,606
68,614,611
49,47,596
47,49,64
318,322,589
315,318,589
311,313,589
313,315,589
68,63,69
63,68,611
62,617,621
617,618,621
617,62,69
63,617,69
618,617,611
617,63,611
618,615,621
42,615,35
615,42,621
616,611,606
616,618,611
314,318,315
313,314,315
602,607,596
607,602,606
614,607,606
607,614,54
316,610,319
610,602,319
27,610,28
610,316,28
294,530,287
288,530,294
37,530,38
287,530,37
530,288,286
530,41,38
530,286,41
289,290,286
288,289,286
289,288,290
305,292,304
305,306,292
305,304,309
528,305,309
300,307,301
307,528,301
306,307,293
307,305,528
305,307,306
79,553,554
79,86,553
556,79,554
79,556,551
82,79,551
86,79,82
542,538,620
538,539,536
541,538,546
538,541,620
532,538,536
538,532,546
540,626,555
540,542,626
539,540,561
540,555,561
538,540,539
540,538,542
435,477,475
435,476,477
459,435,475
109,435,119
476,435,109
460,434,459
435,434,119
434,435,459
434,460,437
136,434,437
434,129,119
544,519,549
520,519,544
519,520,524
519,527,549
519,524,527
137,139,141
129,137,103
444,442,439
460,444,439
444,460,459
449,444,459
442,444,449
354,346,339
346,344,339
346,354,347
344,346,347
367,369,365
369,197,365
375,372,199
377,375,199
376,407,374
376,379,407
373,195,372
373,370,195
379,373,378
373,377,378
373,375,377
375,373,372
376,373,379
373,376,374
249,246,497
480,249,497
242,249,248
246,249,242
248,249,253
249,480,253
587,613,575
89,94,613
587,89,613
89,587,80
94,89,73
619,68,73
619,614,68
614,619,54
36,31,35
615,36,35
36,615,618
616,36,618
314,321,318
318,321,322
321,602,322
312,314,313
312,594,28
312,311,594
316,312,28
314,312,316
51,49,596
607,51,596
51,607,54
602,605,606
610,605,602
605,27,31
605,610,27
135,137,129
135,434,136
434,135,129
370,368,366
369,368,370
371,369,370
371,373,374
373,371,370
371,374,197
369,371,197
77,575,74
77,587,575
587,77,80
64,77,74
34,605,31
34,616,606
605,34,606
317,321,314
317,316,319
317,314,316
310,313,311
312,310,311
310,312,313
51,58,49
619,58,54
58,51,54
49,58,64
58,77,64
77,58,80
436,135,136
135,436,137
436,136,139
137,436,139
33,36,616
34,33,616
36,33,31
33,34,31
320,317,319
317,320,321
602,320,319
321,320,602
58,70,80
89,70,73
70,89,80
70,619,73
70,58,619
294,307,300
307,294,293
368,369,367
368,367,366
