2,1,1187,3,4,1188,5,6,8,7,1181,1185
5,6,7,0,2,1187,3,1188,1185,4,9,1181
1187,5,6,1,0,3,4,1188,7,1185,8,1181
1187,1188,5,0,2,1,4,8,10,6,1181,1179
1188,1187,1179,3,0,2,8,10,12,1,6,5
7,1185,9,1,2,0,6,1187,1188,3,1181,1189
7,1185,9,5,1187,1,2,1181,1188,1179,1189,3
9,11,14,6,5,1187,1185,1189,1181,1,2,1188
1188,1179,1181,4,3,0,10,12,13,1187,2,1162
11,14,1186,7,6,5,1185,1189,1181,1187,1,17
1179,1162,1181,8,4,1188,12,13,15,1159,3,16
14,17,19,9,1185,7,1189,1186,1180,6,1181,1196
1159,1162,1161,10,8,1179,13,15,16,1177,18,1144
1159,1162,1145,12,10,1179,15,16,1177,18,1144,8
17,19,21,11,1189,9,1186,1196,1194,1185,23,7
1159,1162,1145,13,12,10,16,1177,18,1144,20,22
1144,1159,1176,15,13,12,1177,18,20,22,1178,10
19,21,23,14,11,1189,1196,1186,1194,1171,9,29
1144,1159,1176,1177,16,15,20,22,1178,13,26,12
23,29,34,17,14,1186,21,1196,1171,11,1194,1189
1144,1178,1176,18,1177,16,22,26,30,15,13,1147
23,29,34,19,1196,17,14,1171,1194,1195,1186,11
1178,1176,1147,20,18,1177,26,30,31,1144,16,15
29,40,43,21,19,1196,1171,34,1194,17,14,1186
28,38,44,25,1205,27,33,35,1200,42,41,39
1205,28,38,24,27,33,35,1200,41,44,42,45
1178,1147,1176,22,20,18,30,31,32,1193,1202,1177
1205,33,28,25,24,35,41,1200,38,44,46,45
42,45,39,24,25,27,1205,38,33,35,44,1200
40,43,47,23,1171,21,34,1182,1183,19,1196,17
1193,1147,1146,26,22,1178,31,32,1202,36,20,37
1193,1147,1146,30,26,22,32,1202,36,37,1204,1178
1202,1193,1192,31,30,26,28,36,37,1204,39,42
38,44,48,1205,25,28,27,35,1200,41,24,46
40,43,1183,29,23,1171,21,1196,1182,1195,1165,47
1200,38,44,33,27,1205,41,46,52,25,28,24
1202,1192,1193,32,31,30,28,24,1205,37,1204,39
1204,1202,1192,36,32,31,28,1205,24,39,42,45
44,45,42,28,37,36,1205,33,35,1200,48,41
1204,1202,1210,37,36,32,38,28,1205,42,45,1201
43,47,50,34,29,1171,1183,1182,1165,1094,23,51
1200,46,44,35,33,27,58,60,38,1205,48,52
1201,1204,1210,39,37,36,38,28,1205,45,44,49
47,50,51,40,34,1182,1183,1094,1165,29,1084,53
45,49,1201,42,28,39,38,1200,33,48,46,54
1201,1210,57,42,39,1204,44,38,1200,49,48,55
52,48,56,41,1200,35,58,60,68,44,54,33
50,51,1084,43,1183,40,1094,1165,1164,53,59,34
49,55,62,44,45,38,1200,46,41,54,52,56
55,57,62,45,1201,42,48,44,1200,54,63,61
51,53,59,47,43,1183,1094,1084,1165,1053,40,67
53,59,1053,50,47,43,1084,1094,67,1183,66,70
56,54,1174,46,48,1200,58,60,68,61,41,69
51,50,47,59,1053,1084,67,70,1094,66,1206,43
61,63,55,48,49,44,52,46,1200,56,1174,58
57,65,64,1201,45,1210,49,54,48,62,63,61
1174,61,69,54,48,55,52,46,41,58,60,1170
64,1199,1197,1201,1210,1191,55,49,54,62,65,63
1174,61,69,56,52,54,60,68,1170,46,76,48
53,1084,51,50,1053,70,67,66,72,1206,1094,73
1170,69,76,58,1174,56,68,75,80,52,61,54
63,71,62,55,48,57,1174,54,56,69,60,1170
65,64,1197,57,55,1199,61,54,49,63,71,69
65,1126,1197,62,55,57,61,54,1174,71,69,79
1197,1172,1158,1199,1210,1191,57,62,55,65,63,71
1197,1172,1158,64,57,1199,62,63,55,71,1126,79
70,67,1084,1053,1206,1164,1094,72,73,74,59,1073
70,1053,59,53,1084,1206,1094,66,72,73,74,51
1170,69,76,60,58,1174,75,80,81,56,1129,52
71,78,79,61,54,63,1174,58,56,1170,76,1129
59,53,1053,67,66,72,73,74,1084,1206,51,50
1126,1197,1124,63,62,65,69,61,1174,79,78,76
73,66,67,70,1206,1073,1164,74,77,82,1084,1053
66,67,70,72,1206,1073,74,77,82,1053,1084,59
73,72,1206,1073,1164,1086,77,82,1054,66,67,83
1129,78,1123,1170,68,76,80,81,1130,84,60,69
78,79,1125,69,71,1174,1170,68,60,1129,75,1123
74,73,72,1073,1054,1086,82,83,85,1206,66,1164
1125,1082,1124,79,71,1126,76,69,1170,1129,1123,80
1125,1126,1124,71,63,62,76,69,1170,78,1123,1129
1129,1130,1123,75,68,1170,81,84,86,76,1139,60
1130,1129,1123,80,75,68,84,86,88,1139,1170,76
77,74,1073,1054,1085,1086,83,85,87,73,72,1206
82,77,74,1054,1085,1091,85,87,1062,1073,1086,73
1139,1130,1128,81,80,75,86,88,89,1129,1166,68
83,82,1054,1091,1085,1099,87,1062,91,77,1073,74
1139,1130,1143,84,81,80,88,89,1166,90,75,1128
85,83,82,1091,1085,1098,1062,91,93,1054,1113,77
1139,1130,1143,86,84,81,89,1166,90,92,80,1141
1166,1139,1141,88,86,84,90,92,95,1143,81,1130
1166,1141,1143,89,88,86,92,95,97,1139,84,1142
87,85,83,1062,1113,1091,93,94,1046,96,1098,1112
95,1141,97,90,1166,89,101,1143,88,1139,99,86
91,87,85,1113,1062,1098,94,1046,96,98,1045,1112
96,98,93,91,87,1113,1112,1062,1046,1045,1089,100
97,1141,99,90,1166,1143,92,101,1136,89,1142,1140
98,94,93,91,1046,1113,1112,1045,1089,100,1090,102
1136,1140,1137,1141,1143,1166,95,92,99,101,104,90
96,94,93,1045,1046,1089,100,102,1090,103,91,1112
1140,1163,1137,97,1136,1141,95,92,101,104,112,1208
98,96,94,1045,1090,1089,102,103,105,1055,106,1046
1163,1137,1208,99,1140,97,104,1136,112,95,1115,1141
100,98,96,1090,1045,1089,103,105,106,1055,109,108
102,100,1045,1090,1055,1056,105,106,109,108,114,115
1163,112,1115,101,1140,99,1208,1137,117,1114,1102,1097
118,103,102,1090,1055,1036,1056,106,109,108,114,113
116,118,105,103,1090,1055,1036,1056,109,108,114,113
113,114,115,108,109,1055,1036,1057,1034,111,110,1005
114,115,116,109,106,1055,1036,1057,1034,107,111,113
115,116,118,106,1055,105,1036,1056,1034,108,113,107
111,113,114,107,108,1036,1057,1034,1006,1005,1003,986
113,114,1033,107,108,109,110,1036,1003,1005,987,986
1115,1114,1097,1163,1208,1140,104,101,117,119,121,1137
114,115,1033,108,109,106,111,107,110,1005,987,986
115,116,118,109,106,105,113,111,108,1033,1005,987
116,118,120,106,105,103,114,113,109,1033,1009,987
118,120,122,105,103,102,115,114,113,1009,1033,971
1097,1059,1074,112,1115,1114,104,119,121,123,1208,1163
120,122,125,103,116,115,1033,1009,971,982,114,113
1059,1074,1042,117,1097,1115,104,121,123,124,112,1114
122,125,128,118,1009,116,971,976,982,115,1033,114
1059,1042,1041,119,117,1097,123,124,126,1074,127,1115
125,128,131,120,118,1009,971,976,966,116,969,982
1042,1041,1025,121,1059,119,124,126,127,117,1097,1074
1042,1025,1041,123,121,1059,126,127,129,1021,119,130
128,131,132,122,971,120,976,969,965,966,1009,118
1025,1024,1023,124,1042,123,127,129,1021,121,130,1059
1021,1025,1024,126,124,1042,129,130,1020,123,121,133
131,132,134,125,976,122,969,965,990,971,120,966
1021,1020,1025,127,126,124,130,133,135,1042,1024,123
1020,1024,999,129,1021,127,133,135,136,126,124,1025
132,134,137,128,125,976,969,990,964,965,122,968
134,137,138,131,969,128,990,968,964,125,976,965
1020,999,1000,130,129,1021,135,136,139,1024,127,996
137,138,140,132,990,131,968,980,944,969,128,964
1000,999,996,133,1020,130,136,139,142,1024,989,957
1000,139,996,135,133,999,142,1020,957,989,130,956
138,140,141,134,990,968,980,944,963,132,899,143
140,141,143,137,134,968,944,980,899,963,990,132
142,957,996,1000,135,999,136,956,144,989,133,975
138,137,980,141,944,143,899,963,145,134,968,900
140,944,138,980,143,899,145,137,900,963,147,148
144,956,146,957,996,1000,139,136,975,931,989,135
150,141,140,944,899,138,145,900,147,148,980,1052
146,931,149,957,956,975,142,139,136,887,151,996
150,153,143,141,140,900,899,944,147,148,1052,876
149,887,151,931,956,957,144,142,139,886,152,934
148,150,153,145,143,141,900,899,879,1052,876,878
150,153,155,145,143,141,147,900,878,1052,876,861
151,887,152,931,956,932,146,144,142,934,886,154
153,155,157,143,141,148,147,1052,876,859,861,145
152,934,154,887,886,931,149,146,144,854,156,888
154,854,156,934,887,886,151,149,146,931,159,856
155,157,158,876,150,148,859,860,858,861,1052,147
156,159,837,934,854,887,152,151,149,886,856,888
157,158,877,153,859,876,860,857,858,150,160,861
159,837,161,854,934,856,154,152,151,821,855,162
158,160,163,155,153,859,860,877,857,847,858,876
160,163,165,157,155,860,877,847,857,836,153,859
161,821,162,837,854,838,156,154,152,855,164,827
163,165,167,158,877,157,836,847,820,857,860,155
162,164,812,821,855,837,159,156,154,166,827,809
164,812,809,821,827,855,161,159,156,166,168,837
165,167,169,160,847,158,836,820,779,877,157,839
809,788,782,812,821,827,162,161,159,166,168,170
167,169,172,163,836,160,779,820,776,847,780,158
168,170,788,809,164,162,812,171,782,807,161,821
169,172,174,165,779,163,776,780,745,836,820,777
170,788,171,809,164,782,166,161,807,173,812,162
172,174,176,167,779,165,776,745,777,780,747,820
171,807,173,788,809,782,168,166,162,765,764,175
173,175,764,807,788,765,170,168,166,789,809,177
174,176,178,169,776,167,745,747,520,779,777,165
175,764,789,807,788,765,171,170,168,179,181,177
176,178,180,172,745,169,520,747,472,776,167,777
789,177,763,764,807,765,173,171,170,179,181,183
178,180,182,174,745,172,520,472,471,747,169,776
763,761,729,789,764,807,175,173,171,179,181,183
180,182,185,176,520,174,472,471,470,745,747,172
761,826,725,177,789,175,171,181,183,184,763,173
182,185,186,178,176,520,472,471,470,430,174,486
761,826,725,179,177,763,183,184,187,789,175,806
185,186,188,180,472,178,471,430,470,520,176,473
826,806,725,181,179,761,184,187,189,177,763,862
187,826,806,183,181,761,189,179,191,862,725,787
182,471,180,186,430,188,470,472,473,439,190,178
185,430,182,471,188,190,439,473,470,180,193,440
189,806,191,826,183,181,184,192,194,787,726,862
186,185,430,473,182,190,439,193,440,471,470,195
787,726,737,806,826,183,187,184,191,192,194,651
188,186,185,439,430,473,193,440,195,525,197,506
787,651,737,189,806,187,184,192,194,196,726,826
651,737,626,191,787,189,194,196,198,806,187,726
190,188,186,440,439,525,195,197,506,509,199,430
651,626,627,192,191,787,196,198,200,737,189,726
193,190,188,440,525,439,197,509,506,199,456,201
626,628,596,194,651,192,198,200,202,191,787,737
195,193,190,506,440,525,199,509,201,456,203,526
626,628,596,196,194,651,200,202,204,192,627,737
197,195,193,509,456,506,201,203,395,547,440,507
202,628,204,198,626,196,635,194,651,597,596,207
199,197,195,456,509,547,203,395,205,506,436,507
204,635,207,200,628,198,626,597,196,596,673,209
201,199,509,395,456,547,205,206,713,436,397,208
207,635,209,202,628,200,673,597,668,198,212,626
203,201,199,395,713,436,206,208,397,210,547,398
205,203,201,713,395,436,208,397,210,398,211,396
209,673,212,204,635,202,677,668,628,597,214,561
206,205,203,397,713,398,210,211,396,213,394,395
212,677,214,207,673,204,635,561,217,668,202,562
208,206,205,397,398,713,211,396,213,215,394,364
210,208,397,396,398,394,213,215,216,364,206,218
214,677,217,673,561,635,209,207,204,630,220,562
211,210,208,396,364,394,215,216,218,398,397,219
217,220,630,677,673,561,212,209,207,222,562,600
213,396,211,364,394,365,216,218,219,210,221,398
215,213,396,364,365,394,218,219,221,211,363,373
220,630,222,214,677,562,212,209,207,224,601,577
216,215,213,364,365,373,219,221,363,223,396,211
218,216,364,365,363,367,221,223,225,215,213,368
222,224,601,217,630,214,212,209,577,677,226,629
219,218,216,363,365,366,223,225,368,390,364,215
224,601,226,630,600,677,220,217,214,629,577,585
231,233,221,219,218,363,368,366,225,390,227,229
226,629,230,601,630,577,222,220,217,585,580,232
229,231,233,223,221,219,390,368,363,227,228,387
230,585,232,629,601,580,224,222,220,581,577,234
229,231,419,225,223,221,390,378,368,228,387,432
229,419,231,227,225,223,387,390,378,432,418,388
231,233,235,223,221,228,227,225,419,432,418,387
232,234,581,629,585,601,226,224,222,583,236,580
233,235,237,221,229,228,227,419,418,432,225,414
234,583,236,581,585,629,230,226,224,584,240,685
235,238,239,231,419,229,237,418,414,228,227,432
236,240,584,583,581,585,232,230,226,685,629,579
239,241,463,233,418,419,237,238,414,231,529,587
685,584,242,583,581,579,234,232,230,240,683,659
238,239,241,235,233,418,419,231,414,529,587,229
239,241,463,235,237,414,233,529,528,435,587,418
241,243,244,238,237,235,529,463,528,414,233,587
685,242,683,236,584,583,234,232,230,659,245,581
243,244,246,239,238,529,463,528,608,237,235,414
683,245,684,685,659,584,240,236,234,247,689,657
244,246,248,241,239,529,463,608,531,238,528,237
246,243,463,241,531,608,248,239,528,505,249,529
247,689,250,683,684,685,242,240,659,646,657,920
244,243,608,248,531,249,463,505,241,609,252,530
689,250,920,684,683,646,245,242,251,690,254,814
246,244,531,608,243,249,505,252,609,253,551,463
248,246,244,505,531,609,252,253,551,465,255,608
251,920,254,689,690,646,247,245,814,256,771,684
254,814,256,920,689,690,250,247,245,771,258,795
249,248,246,505,609,531,253,465,255,551,257,546
252,249,248,551,505,609,255,465,257,259,546,523
256,258,795,814,920,771,251,250,247,261,690,689
253,252,249,465,551,505,257,259,546,523,260,522
258,795,261,814,920,771,254,251,250,773,794,263
259,260,255,253,252,465,546,551,523,522,455,262
261,794,263,795,814,773,256,254,251,771,920,811
255,253,252,257,465,546,260,523,262,455,522,551
259,255,253,523,257,522,262,455,264,546,465,265
263,794,811,795,773,814,258,256,254,266,796,810
260,259,257,455,523,522,264,265,454,267,521,255
811,266,810,794,795,796,261,258,256,808,268,767
262,260,259,455,523,521,265,454,267,514,511,269
264,262,260,454,455,511,267,514,269,515,270,521
810,268,767,811,808,794,263,261,258,952,271,751
269,265,264,262,454,511,455,515,514,270,272,413
271,952,273,810,767,811,266,263,692,751,274,808
265,264,262,515,267,514,270,272,413,275,454,276
269,267,265,515,413,514,272,275,513,276,454,277
273,274,695,952,767,692,268,266,810,693,751,278
270,515,269,413,514,510,275,513,276,267,277,512
274,695,693,952,692,767,271,268,266,278,810,694
693,278,558,695,952,692,273,271,268,280,694,691
272,270,515,513,413,510,276,277,279,269,501,281
275,272,270,513,413,637,277,279,281,501,282,515
282,276,275,272,513,637,413,279,281,501,382,284
280,691,283,693,695,558,274,273,271,800,694,285
282,277,276,275,501,513,637,281,382,284,460,286
283,800,285,691,693,558,278,274,273,798,287,695
282,279,277,276,501,513,637,382,284,286,460,275
276,275,281,279,277,284,382,286,501,288,383,460
798,656,289,800,691,801,280,278,274,285,287,799
282,281,279,382,501,460,286,288,383,290,369,277
798,289,799,283,800,691,280,278,287,656,291,801
284,282,281,382,383,460,288,290,369,428,293,381
289,291,799,285,798,283,280,800,656,292,674,295
286,284,282,383,382,427,290,369,428,293,294,464
291,292,295,799,798,656,287,285,283,674,709,800
288,286,284,369,383,381,428,293,294,464,297,450
292,674,295,799,798,656,289,287,285,296,709,612
295,296,298,674,799,709,291,289,287,612,798,656
290,288,286,428,464,369,294,297,450,299,381,429
293,290,288,428,464,369,297,450,299,300,381,429
296,298,302,674,612,709,292,291,799,289,607,303
298,302,607,674,612,709,295,292,291,303,799,610
294,293,428,450,464,429,299,300,301,290,304,453
302,303,610,612,607,497,296,295,674,292,606,305
297,294,293,450,453,464,300,301,304,452,451,429
299,297,294,450,453,429,301,304,452,451,306,464
304,306,300,299,450,453,429,497,452,451,611,297
303,610,305,607,606,612,298,296,295,654,307,611
305,610,654,606,607,612,302,298,296,307,611,653
300,299,297,301,452,453,451,306,308,384,611,450
307,654,653,610,611,606,303,302,298,310,500,312
304,300,299,451,301,611,308,384,309,311,500,452
310,653,312,654,610,500,305,303,302,314,655,315
306,304,301,384,451,500,309,311,313,316,655,611
308,306,304,384,500,451,311,313,316,655,315,314
312,314,315,653,655,654,307,305,303,500,316,313
309,308,306,384,655,500,313,316,315,314,653,451
314,315,316,653,655,500,310,307,305,654,313,384
311,309,384,655,500,653,316,315,314,308,312,306
315,316,655,500,313,312,653,310,307,654,311,384
316,655,313,500,314,312,653,311,310,384,309,654
313,311,309,655,314,500,315,312,384,653,308,310
329,332,335,318,319,320,1087,1081,1154,326,1075,1088
319,320,321,1138,1063,1149,1087,1081,1154,317,326,329
320,321,322,1138,1063,1149,1087,1081,1154,318,317,326
321,322,323,1138,1063,1149,1087,1154,1081,319,318,317
322,323,324,1063,1149,1155,1138,1087,1154,320,319,318
323,324,325,1063,1149,1155,1138,1087,1154,321,320,319
324,325,327,1063,1149,1148,322,321,320,329,332,326
325,327,328,1063,1149,1148,323,322,321,329,332,326
327,328,330,1063,1149,1148,324,323,322,329,332,326
329,332,335,317,318,319,1088,1087,1081,1075,1066,1068
328,330,331,1063,1149,1148,325,324,323,329,332,335
330,331,333,1063,1149,1148,327,325,324,332,329,350
332,345,347,318,319,320,326,317,1088,335,339,1075
331,333,334,1063,1061,1149,328,327,325,350,353,352
333,334,336,1063,1061,1149,330,328,327,354,353,356
345,347,348,319,320,321,329,326,317,335,339,341
334,336,337,1061,1149,1148,331,330,328,359,356,358
336,337,338,1061,1149,1148,333,331,330,359,358,356
345,347,348,332,329,318,326,1075,317,339,341,344
337,338,340,1061,1149,1148,334,333,331,360,359,358
338,340,342,1061,1149,1148,336,334,333,360,359,358
340,342,1051,1061,1149,1148,337,336,334,343,346,351
344,345,347,335,332,329,1075,326,317,341,1066,1068
1051,1050,1034,1061,1149,1148,338,337,336,342,343,346
344,345,347,339,335,332,1075,326,317,1066,1068,1065
1051,1050,1034,340,1061,1149,338,337,336,343,346,351
1051,1050,1034,342,340,338,337,336,334,346,351,355
345,347,348,335,332,329,341,339,1075,1066,1068,1065
347,348,349,319,320,321,344,341,339,1066,1068,1065
355,1051,1049,343,342,340,337,336,334,351,362,361
348,349,350,324,327,320,345,344,341,1066,1047,1068
349,350,352,327,325,324,345,344,341,347,1066,1047
350,352,353,327,328,325,345,344,341,348,347,1066
352,353,354,351,328,330,349,348,347,1047,1066,1065
355,362,1051,346,343,342,337,336,334,361,360,359
353,354,356,351,346,330,350,349,348,1047,1066,1065
354,356,357,351,346,355,352,350,349,1047,1066,1065
356,357,358,351,355,346,353,352,350,1047,1066,1065
1050,1034,1060,343,342,1051,351,346,337,362,361,360
357,358,359,351,355,346,354,353,352,1047,1066,1065
358,359,360,362,351,355,356,354,353,1047,1048,1065
359,360,361,362,355,351,356,354,353,357,1047,1035
360,361,1049,362,355,351,356,354,353,358,357,1047
361,1049,1050,362,355,351,356,354,353,359,358,357
1049,1050,1034,362,355,351,356,354,353,360,359,358
1049,1050,1034,355,346,343,351,356,354,361,360,359
221,219,223,365,218,364,366,367,371,368,390,375
216,215,218,394,396,211,373,399,367,365,219,221
219,218,216,364,394,396,367,373,370,363,366,223
368,363,390,367,365,370,371,376,372,375,392,378
365,363,364,373,404,394,372,370,393,371,366,368
390,223,225,363,221,219,375,366,376,378,387,392
428,290,293,288,286,284,383,427,426,381,464,429
373,367,365,404,399,614,377,374,416,372,371,393
366,363,368,372,367,370,393,374,391,376,375,392
367,366,365,370,377,373,374,416,410,371,393,376
364,365,396,394,399,614,370,404,377,367,372,363
372,370,371,377,415,404,416,469,444,393,410,391
368,378,390,366,371,363,376,380,393,392,379,386
375,366,368,371,372,367,393,391,410,380,392,386
404,370,373,417,614,443,416,415,444,374,372,469
387,227,225,390,368,366,375,392,386,379,388,385
388,387,405,378,392,375,386,380,402,389,385,400
386,392,375,376,393,371,408,391,407,402,389,442
464,428,290,369,383,288,427,426,462,429,425,497
284,286,288,281,282,279,460,501,481,383,426,369
369,288,286,382,284,282,426,460,462,427,381,464
308,309,311,306,451,304,611,654,452,500,313,655
405,433,431,379,388,378,389,423,386,400,406,420
379,378,385,392,375,376,380,402,408,389,423,400
432,228,229,227,390,225,378,379,375,388,431,405
432,431,418,387,378,228,379,389,392,405,385,433
385,388,405,386,379,392,402,403,441,423,400,401
225,227,228,223,221,363,368,375,366,387,378,432
380,376,371,393,410,372,409,407,437,408,447,442
378,390,388,375,376,368,380,408,391,386,379,389
371,376,366,372,374,370,410,409,469,391,380,407
396,213,211,398,397,412,399,404,614,364,373,365
203,205,206,201,456,199,547,436,507,713,397,412
211,213,210,398,397,394,399,373,215,364,216,208
208,210,206,205,395,713,412,436,398,211,396,394
210,208,211,397,713,206,399,412,614,394,396,364
394,398,396,412,713,436,614,404,411,373,370,365
406,405,433,385,389,379,423,670,403,420,401,424
420,487,406,400,423,389,670,422,403,421,424,489
386,389,379,408,380,392,441,442,447,403,423,670
423,401,389,402,442,386,441,448,566,670,474,422
399,373,394,614,411,412,377,417,415,370,372,367
433,431,434,388,432,387,385,400,379,406,543,420
543,433,681,405,385,431,420,400,401,487,466,490
408,391,380,409,410,477,438,437,476,447,442,449
380,386,392,391,409,376,447,407,438,442,402,441
391,393,380,410,467,469,477,437,475,407,438,447
393,372,371,469,374,416,477,467,536,409,391,407
412,436,399,508,527,548,446,686,443,614,417,404
713,398,397,436,508,547,411,446,417,614,399,394
272,270,275,515,514,269,512,511,542,510,513,637
238,529,239,237,235,233,418,419,431,587,435,434
377,417,404,443,686,650,445,459,458,416,444,469
377,374,370,415,417,443,444,445,467,469,410,393
614,404,399,411,446,686,415,443,445,377,416,370
414,237,235,419,233,228,432,387,388,587,431,434
233,414,235,229,231,225,228,432,227,418,431,587
406,466,543,400,385,389,401,421,423,487,424,490
424,420,487,401,670,423,422,496,474,495,489,503
421,401,489,670,403,423,496,474,582,495,502,503
400,420,385,389,402,386,403,441,474,401,670,421
487,490,406,420,401,400,421,495,670,489,488,568
429,464,453,427,381,426,499,462,494,498,497,709
383,381,369,460,382,481,461,482,479,427,462,425
381,369,464,426,383,460,462,461,482,425,499,429
293,294,290,288,286,369,381,383,464,297,450,429
450,297,294,464,381,428,425,498,499,497,453,607
186,188,190,185,471,182,470,472,485,473,439,440
434,587,414,432,418,419,405,388,385,433,592,543
419,418,587,228,229,227,387,388,378,431,405,434
434,592,587,431,388,432,405,406,385,543,466,681
435,529,528,587,418,414,433,431,405,592,543,603
528,586,530,587,529,414,434,592,433,603,604,602
713,395,203,547,456,507,508,411,527,412,398,614
409,407,391,477,536,410,478,475,492,438,476,447
447,407,442,437,409,475,476,493,478,449,538,537
440,190,193,430,188,186,473,593,470,525,506,526
193,195,197,190,188,430,439,525,473,506,509,526
403,402,423,442,447,408,448,449,537,474,670,422
402,423,386,447,408,407,449,438,537,441,448,403
417,446,411,686,555,548,650,459,457,415,445,377
416,374,377,445,415,457,458,468,534,469,467,410
415,416,417,459,443,650,458,457,519,444,468,469
411,508,614,527,548,524,686,443,555,417,415,404
408,402,380,407,437,409,438,493,476,442,449,448
441,403,670,449,442,447,537,538,563,566,474,582
442,441,408,447,438,407,538,493,476,537,448,566
297,299,300,464,294,428,429,381,497,453,301,304
306,308,309,304,301,300,452,606,453,611,384,500
451,304,306,453,301,300,606,607,497,611,610,500
301,300,299,450,429,297,497,498,425,452,606,607
265,267,515,264,455,262,521,564,522,511,514,512
262,264,265,260,523,259,522,546,544,454,521,511
201,199,203,509,506,197,507,526,527,547,395,436
459,445,443,518,650,595,519,517,516,458,534,444
445,444,415,457,459,517,534,519,730,468,467,535
443,415,686,650,518,555,457,517,519,445,458,444
382,383,284,501,281,637,481,461,479,426,427,462
426,460,427,481,484,501,479,483,480,462,482,494
427,425,381,426,461,460,482,483,801,499,494,498
244,531,246,243,241,239,529,238,435,608,528,530
294,293,297,428,369,290,381,425,427,450,429,300
255,257,259,253,252,505,551,791,609,546,523,545
681,660,592,543,406,433,487,420,488,490,641,570
469,410,416,444,458,445,468,536,534,477,409,475
467,444,469,458,519,445,534,535,730,536,477,591
374,393,372,416,444,377,467,468,458,410,477,409
430,185,439,471,472,182,486,708,746,473,485,593
185,186,188,182,180,178,472,486,520,470,430,473
471,182,430,180,178,176,520,747,746,470,486,485
439,186,188,470,430,471,485,486,663,593,525,557
422,670,421,448,441,403,566,537,578,496,582,495
477,437,409,536,467,535,576,591,574,478,492,476
438,449,447,478,437,576,492,491,571,493,538,560
409,410,391,467,469,468,475,536,591,437,478,407
437,438,409,475,591,477,492,576,571,476,491,493
461,481,460,484,541,539,480,540,711,483,533,482
483,479,461,540,484,539,711,599,694,533,532,482
460,501,382,637,541,510,484,479,539,461,426,483
462,499,426,483,461,480,532,533,691,494,801,656
461,462,426,479,540,484,480,533,711,482,532,801
481,637,460,541,539,542,540,669,711,479,480,461
473,430,439,470,486,472,708,664,746,663,593,557
470,471,473,472,520,747,746,786,777,485,708,663
466,543,641,420,406,400,424,401,489,490,488,570
490,570,466,424,487,420,489,421,503,568,569,813
488,487,569,424,421,401,495,503,502,568,658,613
641,681,660,466,487,543,488,424,489,570,643,567
493,476,538,492,571,478,572,668,575,667,560,561
478,476,437,576,475,574,571,572,575,491,493,667
438,449,447,476,492,478,491,667,561,538,560,537
499,498,425,482,462,483,801,532,800,656,709,799
489,424,488,422,421,670,502,496,504,503,579,568
422,495,421,474,670,403,582,566,580,502,504,503
453,450,452,429,425,381,498,499,709,607,612,606
497,429,453,499,425,462,709,494,656,612,674,607
425,497,429,462,427,426,494,482,656,498,709,612
316,313,311,384,451,306,611,654,610,655,653,315
279,281,382,277,513,276,637,481,510,460,383,426
495,503,489,496,422,421,504,582,581,579,658,584
489,568,813,495,496,421,502,579,504,658,613,584
502,579,495,582,496,578,580,585,629,581,583,584
249,252,253,248,531,246,609,608,530,551,465,791
509,197,199,440,195,193,526,525,556,456,507,547
547,456,509,526,506,525,527,524,556,508,436,446
436,547,395,507,524,456,527,446,548,411,412,614
199,201,197,195,440,506,507,526,456,547,395,203
513,272,275,413,512,514,542,565,539,637,541,481
514,515,413,454,521,455,564,682,704,512,565,510
413,515,272,511,514,454,565,564,617,510,542,541
276,275,277,413,272,270,510,541,512,637,501,481
515,270,269,454,267,265,511,564,521,413,512,510
270,269,267,265,264,514,454,512,272,413,275,511
519,457,458,517,594,623,621,622,620,730,712,534
518,457,459,623,595,652,594,621,625,516,519,730
650,555,665,649,652,554,595,517,623,459,457,519
457,458,445,517,518,623,516,730,621,534,468,535
472,178,180,745,176,174,747,746,777,486,470,485
454,262,264,455,522,523,682,544,703,511,564,512
455,260,262,523,546,257,544,545,552,521,682,511
260,262,264,259,257,255,546,545,551,522,455,521
507,547,506,556,526,557,549,665,553,527,548,508
440,506,509,439,473,190,593,556,557,526,507,524
506,509,456,525,593,440,556,557,549,507,524,527
508,507,547,524,526,556,548,686,549,446,411,614
608,531,609,463,529,241,435,587,434,530,586,603
463,241,243,238,239,237,414,587,418,528,435,586
609,531,505,608,528,463,586,603,435,605,791,602
248,249,252,246,244,243,608,463,530,505,609,551
482,494,461,533,483,480,558,694,693,801,691,800
483,482,461,711,480,599,694,559,695,532,558,691
468,458,444,519,516,457,730,728,712,535,536,591
536,468,467,534,730,458,728,588,712,591,475,574
467,477,469,468,534,444,591,535,588,475,576,478
448,474,441,449,493,447,538,563,560,566,578,582
537,449,448,493,438,476,560,667,491,563,566,562
541,510,481,542,617,565,669,618,598,484,540,479
484,479,541,669,539,618,599,598,559,480,711,533
637,513,501,542,510,512,539,540,617,484,481,479
510,637,413,565,512,564,617,669,704,541,539,484
592,604,603,433,434,405,406,487,420,466,681,641
522,521,523,545,546,791,552,731,550,682,703,564
546,522,523,791,551,465,550,605,720,552,544,731
523,257,259,465,551,255,545,791,552,522,544,521
395,201,203,456,509,199,507,508,527,436,713,412
527,508,507,524,549,556,665,555,649,686,446,443
524,556,527,557,663,664,553,554,672,665,548,555
545,544,551,791,605,609,636,602,661,552,720,731
465,253,255,505,252,249,791,609,605,546,545,522
544,522,546,550,545,791,720,636,715,731,682,717
557,549,556,664,663,708,662,672,784,554,665,652
665,549,548,553,662,664,672,652,671,649,555,650
686,548,446,665,554,549,650,649,518,443,459,445
526,525,507,593,473,485,557,549,663,524,527,548
556,525,526,663,593,485,553,664,554,549,524,665
532,801,483,694,533,711,693,695,274,691,278,280
711,533,540,599,615,598,692,751,749,694,695,558
538,563,537,493,491,476,667,561,668,562,600,677
562,560,600,667,668,491,673,209,635,677,212,214
600,563,578,560,667,538,561,677,214,630,577,217
537,566,448,538,493,449,562,560,561,600,578,577
511,512,514,682,521,544,704,703,731,565,617,542
512,510,514,564,511,682,704,703,676,542,617,539
474,496,441,537,448,538,563,600,577,582,578,580
643,642,719,570,641,490,569,648,488,644,647,768
569,570,567,489,488,495,503,658,502,813,613,657
567,643,642,570,488,490,813,568,613,648,644,657
643,641,714,490,466,487,488,568,813,567,569,644
492,478,476,576,574,591,575,573,596,572,491,597
491,492,560,575,571,573,597,596,628,668,667,635
574,571,576,589,588,633,590,627,634,575,596,572
576,591,475,588,535,728,589,573,590,571,575,492
571,492,491,573,574,590,596,627,626,572,597,628
478,475,437,591,588,536,574,575,573,492,571,476
578,580,582,600,563,562,630,222,220,601,629,585
582,496,474,566,563,537,577,600,562,580,601,504
658,503,613,502,495,496,581,504,585,584,583,659
504,582,496,578,566,563,577,601,600,585,629,581
579,584,502,504,580,582,585,230,629,583,232,234
496,502,422,566,474,537,578,580,577,504,585,579
584,685,658,581,579,585,232,230,629,234,236,240
658,659,613,579,503,502,583,236,581,685,240,683
581,504,579,580,577,582,629,601,226,230,232,583
530,605,608,528,529,463,603,435,604,602,661,550
529,238,239,414,418,237,431,432,433,434,435,592
591,535,536,728,712,730,589,700,633,574,576,573
588,574,591,700,728,687,590,633,634,573,627,575
589,573,574,633,724,700,634,632,737,627,575,596
475,536,477,535,728,468,588,574,589,576,478,571
603,435,586,434,587,431,543,433,466,681,604,660
525,439,440,473,485,470,663,664,553,556,557,526
517,519,518,623,625,595,620,622,624,516,621,730
652,518,649,671,697,672,623,631,625,517,594,457
575,572,571,627,573,590,626,200,651,597,628,635
572,668,667,596,575,571,628,202,626,635,204,673
669,540,539,618,616,617,619,748,749,599,615,559
540,480,484,598,669,618,615,619,751,559,711,694
578,580,566,563,560,538,562,630,677,577,601,220
580,585,504,577,600,578,222,630,220,629,224,226
605,550,791,586,603,530,661,604,660,636,715,720
586,530,605,435,528,434,592,681,543,604,602,661
602,586,605,603,592,435,681,543,641,660,661,714
791,609,551,530,528,608,602,586,603,550,636,552
452,611,451,453,497,301,607,298,612,610,302,303
606,452,611,497,453,498,612,296,674,298,302,610
531,246,248,463,244,243,528,586,529,530,609,605
505,551,249,531,608,248,530,605,586,791,550,545
654,611,653,606,607,452,303,302,298,305,307,310
500,384,655,452,451,304,610,606,303,654,653,305
607,606,453,498,497,499,674,709,292,298,296,295
813,648,569,568,503,489,658,584,579,657,659,684
399,398,394,411,412,508,417,446,686,404,377,373
599,711,669,619,598,616,751,749,767,559,692,694
618,669,617,676,675,793,748,815,750,619,598,749
542,541,512,565,704,564,618,676,616,669,539,598
669,617,539,676,704,793,616,619,675,598,599,540
598,618,599,616,675,676,749,748,750,615,751,559
594,623,516,625,639,699,624,666,640,622,621,638
516,730,519,594,620,623,622,688,638,712,728,700
621,594,516,624,620,639,638,803,640,688,712,687
595,518,652,631,671,698,625,620,699,594,517,516
620,594,625,639,734,760,666,640,679,622,638,688
623,595,517,699,631,698,639,624,760,620,594,622
596,597,575,627,737,634,198,196,651,628,200,202
573,575,572,634,590,632,737,651,787,626,596,196
597,572,668,626,596,575,200,198,196,202,635,204
585,581,504,601,580,577,224,222,220,226,230,232
600,577,601,562,561,563,217,214,677,220,222,224
671,595,652,698,697,696,699,639,705,625,623,620
633,590,589,724,701,687,862,806,725,634,726,737
589,700,588,687,702,688,724,632,701,590,634,573
590,573,589,632,633,724,726,787,862,737,627,651
673,668,561,597,628,572,204,202,200,207,209,212
550,552,791,602,605,604,661,715,714,720,718,717
501,277,276,510,513,413,541,484,542,481,460,479
622,621,712,624,666,620,640,678,680,803,688,687
625,594,623,760,699,705,666,734,738,620,624,640
638,624,622,666,734,639,680,679,721,678,803,688
660,714,604,681,466,543,490,570,487,643,567,719
716,719,769,643,570,714,567,644,645,768,647,775
714,719,715,641,660,490,567,570,569,642,716,644
642,768,775,567,569,570,648,813,646,647,645,710
647,775,768,648,644,813,646,657,689,690,710,771
645,644,710,657,648,813,684,683,659,689,690,920
768,775,716,644,642,567,645,648,646,710,690,772
644,567,647,813,569,568,657,613,684,645,646,690
665,555,686,554,672,549,652,595,671,650,518,459
555,443,686,649,665,652,518,517,595,459,457,445
626,627,596,737,787,634,194,192,191,196,198,200
649,554,665,672,784,553,671,595,631,518,650,517
314,655,315,500,611,384,654,307,305,312,310,316
653,500,655,611,606,452,610,305,303,307,310,312
316,313,311,500,384,309,653,654,611,315,314,312
709,499,674,801,494,482,798,800,285,799,287,291
648,645,644,613,813,568,659,683,658,684,646,689
613,568,813,503,502,489,579,584,583,659,685,683
657,813,646,613,658,579,685,584,240,683,684,242
661,602,636,681,604,592,641,466,490,714,715,643
636,602,550,604,603,586,660,714,681,715,719,718
664,553,663,778,708,786,784,736,829,672,554,671
593,556,473,485,486,470,664,708,662,557,553,549
663,557,485,708,786,486,662,778,784,553,672,549
548,524,527,549,553,557,554,649,652,555,686,650
624,639,620,734,760,738,679,733,680,640,638,678
560,493,538,491,572,492,668,673,597,561,562,677
667,491,560,572,575,596,597,635,628,673,561,207
539,484,542,617,676,565,618,598,616,540,599,711
401,400,424,403,423,441,474,448,582,422,421,495
652,672,554,784,736,662,697,631,698,595,623,518
554,553,665,662,664,778,784,671,697,652,649,595
561,667,562,668,597,572,207,635,204,209,677,212
612,298,607,709,498,499,799,291,289,292,295,296
676,618,704,793,790,732,815,774,769,616,748,619
617,565,539,793,704,703,675,748,790,618,616,669
562,630,600,561,673,667,212,209,207,214,217,220
803,638,688,680,640,679,721,723,722,702,727,687
666,640,624,733,734,738,735,722,741,680,678,721
640,666,638,679,735,733,722,723,741,721,678,727
604,603,661,543,592,433,466,490,406,660,641,714
521,511,455,544,522,552,731,732,717,703,564,704
684,657,689,659,584,613,242,685,240,245,247,646
646,648,690,657,659,613,683,242,685,245,689,247
683,659,684,584,658,579,240,236,583,242,245,234
446,527,411,548,665,524,555,650,649,443,417,415
700,712,728,803,688,638,724,702,701,633,632,589
712,621,728,638,622,624,803,702,678,687,700,724
920,690,645,646,684,657,247,245,683,250,251,254
710,771,772,645,646,647,689,247,684,920,814,250
800,801,656,558,532,533,693,278,695,280,283,798
559,694,558,751,615,599,952,767,268,695,273,274
558,691,800,695,694,692,274,273,271,278,280,283
533,532,480,559,711,599,695,692,273,558,693,691
694,558,691,692,559,711,273,952,271,693,274,278
697,736,784,707,828,805,706,754,705,698,631,699
671,784,672,736,707,828,696,698,706,631,595,625
697,671,784,696,706,707,705,760,739,699,631,625
631,623,697,698,705,706,760,734,740,625,639,620
728,588,730,712,688,621,633,687,724,589,590,574
724,687,633,702,727,803,725,826,729,862,632,726
803,687,688,678,638,680,727,721,725,724,701,632
564,565,521,682,731,544,732,717,790,704,793,676
565,564,542,703,682,731,793,732,675,676,617,618
698,696,631,706,739,754,740,738,753,760,699,639
696,697,736,754,707,805,739,740,753,705,698,699
736,829,784,805,828,833,754,755,739,696,706,697
663,485,470,486,746,747,786,778,785,664,662,553
498,612,497,499,494,425,656,799,798,674,292,291
775,772,774,647,645,768,690,920,646,771,773,814
480,483,479,599,540,598,559,615,692,533,694,558
730,535,534,621,516,622,688,687,803,728,700,588
397,206,205,395,203,547,436,412,508,398,399,396
661,715,636,660,604,681,643,641,570,719,718,642
636,720,550,661,660,602,714,719,643,718,716,717
770,718,717,719,715,643,768,642,647,769,775,774
732,731,703,720,715,552,770,718,716,790,793,675
717,720,732,715,636,714,716,719,768,770,769,790
718,715,636,714,661,660,643,642,567,716,768,770
552,731,544,636,550,602,715,718,661,717,732,770
678,702,640,680,722,679,723,762,763,727,729,725
680,679,678,735,743,733,741,762,766,723,721,729
721,680,727,722,741,679,762,766,764,729,763,725
687,633,700,702,803,688,701,862,727,632,590,634
701,702,724,727,729,721,761,763,183,862,826,806
634,590,627,862,632,701,806,189,826,737,787,191
702,724,803,721,678,680,729,723,761,701,725,862
535,534,468,712,730,621,700,688,687,588,591,589
727,701,678,723,721,762,763,789,764,725,761,179
534,519,458,516,517,594,712,621,700,728,535,588
682,544,564,552,545,550,717,720,718,732,703,793
703,704,682,731,720,552,717,790,770,793,675,676
734,666,760,738,744,740,735,743,742,679,722,680
639,699,620,738,760,740,733,744,735,666,679,640
733,679,738,744,742,756,743,741,781,722,680,723
784,778,662,829,828,835,696,707,805,697,698,671
627,590,596,634,726,632,787,192,191,651,194,626
760,705,639,740,907,753,744,735,756,734,733,679
754,706,707,755,752,805,753,907,894,705,740,760
760,705,706,753,739,894,907,744,756,738,734,733
722,735,679,743,758,742,766,781,783,762,723,721
744,907,733,756,757,818,758,759,804,743,735,781
735,744,733,742,756,759,781,758,802,741,766,722
738,740,734,756,907,818,742,743,757,733,735,679
174,176,178,172,169,167,776,777,779,747,520,746
486,520,472,747,777,745,785,792,829,786,708,778
520,176,472,745,776,174,777,785,792,746,486,786
619,616,598,675,790,793,815,750,797,749,615,808
619,615,598,748,616,815,750,808,796,751,767,810
749,748,619,815,774,675,796,797,794,808,751,811
615,559,599,749,619,750,808,810,811,767,692,952
755,754,816,817,823,822,894,824,818,753,739,907
739,705,754,752,755,824,907,894,818,740,738,744
707,696,828,805,816,833,755,739,752,706,705,698
754,805,707,816,817,911,752,824,894,739,753,706
907,753,738,818,894,893,757,759,758,742,744,743
818,756,894,884,893,930,759,880,864,742,758,743
743,742,735,759,864,757,802,804,819,781,783,741
757,742,756,880,884,893,864,804,881,758,802,743
699,698,625,705,739,706,738,740,733,734,639,666
725,862,727,763,729,764,181,179,177,826,183,184
723,722,721,766,741,781,764,765,807,729,763,789
729,725,727,762,723,765,789,177,764,761,179,181
763,762,729,765,766,782,807,173,171,789,175,177
766,762,741,783,781,802,788,782,170,807,764,171
741,722,723,781,802,743,765,783,782,762,764,807
692,615,695,751,808,749,810,266,811,952,268,271
716,769,770,642,719,567,647,644,645,775,774,710
790,717,675,770,716,718,768,775,647,774,815,772
717,732,793,718,719,720,716,768,775,769,790,774
772,773,797,710,775,645,920,690,251,814,795,254
797,774,815,775,647,769,710,771,690,773,796,795
796,797,750,772,710,774,795,771,814,794,258,261
815,790,675,769,768,770,775,772,710,797,750,773
774,769,770,768,716,642,647,710,645,772,797,771
745,172,174,169,167,165,779,780,820,777,747,792
747,745,520,776,779,172,792,780,868,746,785,786
708,664,553,786,785,746,829,736,828,662,784,672
167,776,169,165,163,160,820,836,863,780,777,868
776,777,169,779,820,167,863,832,839,868,792,835
743,741,735,758,804,742,802,783,819,766,765,762
783,765,766,819,802,867,809,812,827,788,168,807
781,766,741,802,758,804,782,819,809,765,788,807
672,662,664,778,829,828,736,697,696,671,652,631
786,746,747,792,777,780,835,868,828,829,778,736
708,486,485,746,747,777,785,829,835,778,662,664
737,634,627,726,806,862,191,189,187,192,651,194
765,764,766,782,783,812,809,168,166,807,170,171
763,761,729,764,807,762,175,173,171,177,179,181
732,793,676,770,717,718,769,774,716,675,815,748
551,546,465,609,505,530,605,602,636,545,550,552
777,746,747,780,776,779,868,832,863,785,835,829
704,617,564,732,703,717,790,815,770,676,675,616
808,810,750,796,773,797,261,795,258,811,263,266
773,794,796,771,772,710,256,814,254,258,261,263
750,749,748,797,772,815,773,795,261,794,808,811
750,815,748,774,775,769,772,773,771,796,794,808
656,799,292,800,801,691,285,283,280,287,289,291
674,709,295,656,494,801,798,287,285,291,289,292
656,799,494,801,532,558,691,280,278,283,798,285
494,709,499,532,482,483,691,558,280,656,800,798
781,758,743,804,759,864,819,881,867,783,782,766
688,622,700,638,640,624,702,678,727,687,724,701
758,759,743,864,866,880,881,867,849,802,819,781
828,835,736,833,816,911,755,817,752,754,707,706
726,737,634,826,862,725,187,184,183,189,787,191
764,762,763,788,765,782,170,168,809,171,173,175
749,751,615,796,750,797,811,794,263,810,767,266
788,782,807,812,827,819,164,162,161,166,168,170
767,952,751,808,749,796,266,811,263,268,271,273
810,808,767,794,796,750,263,261,795,266,268,271
782,819,783,827,855,867,162,821,161,809,164,166
569,644,567,568,488,489,613,658,659,648,657,646
795,773,772,920,771,690,251,250,689,254,256,258
748,675,616,790,769,770,774,797,772,750,796,749
833,832,828,911,825,831,817,822,752,805,755,754
816,911,805,822,825,846,823,824,895,755,752,894
894,907,753,893,824,930,757,884,759,756,742,744
802,783,781,881,804,849,827,867,812,782,809,788
779,167,776,836,165,163,839,847,841,863,780,868
827,812,809,855,837,838,159,156,854,161,162,164
825,816,911,834,842,830,823,846,892,817,824,755
822,817,825,846,844,834,895,892,896,824,752,894
752,817,755,895,823,892,930,893,896,894,818,753
911,831,832,834,830,842,822,846,823,816,817,755
862,726,701,761,725,763,184,183,181,806,187,189
819,782,783,867,838,881,855,821,161,812,162,164
829,778,785,833,835,832,805,754,816,707,736,696
778,786,662,835,785,792,828,833,707,736,784,696
831,839,863,841,840,857,834,842,846,825,911,822
832,863,868,839,841,840,830,825,834,911,833,816
868,835,792,863,839,820,911,831,825,833,828,805
835,829,792,911,832,868,816,825,755,805,828,707
830,831,911,842,840,841,846,845,844,822,825,823
785,778,777,868,792,863,833,832,911,829,828,736
165,779,167,163,160,158,847,877,841,820,839,863
855,838,827,856,848,850,156,854,154,159,821,161
867,849,881,850,865,943,848,837,856,855,827,821
820,780,779,847,836,857,841,830,840,863,831,832
841,839,847,858,857,860,842,843,845,830,834,831
839,847,820,857,877,860,840,858,842,830,831,834
840,830,841,843,858,853,845,844,851,834,846,822
858,840,857,861,859,876,853,845,851,842,834,846
846,842,822,845,851,872,869,852,870,892,896,823
842,843,834,853,874,861,851,852,872,844,846,892
822,834,825,842,845,843,844,892,869,823,895,817
836,820,163,877,160,158,841,857,860,839,863,830
850,838,865,937,943,935,856,854,888,837,855,821
881,866,864,865,943,882,850,838,848,867,855,827
865,849,866,943,882,890,848,937,856,838,867,855
853,845,843,874,875,878,872,873,903,852,844,870
844,845,846,851,872,874,870,873,901,869,871,892
861,843,858,878,1052,876,851,874,872,845,842,852
837,848,838,856,888,937,934,886,152,154,156,159
827,867,819,838,849,848,837,159,856,821,812,161
848,838,850,937,943,933,888,886,934,854,837,156
877,847,160,860,157,155,858,843,861,841,840,839
860,857,841,859,155,153,843,861,853,840,842,830
860,155,157,153,150,148,876,861,1052,858,857,843
877,158,847,155,157,153,859,858,876,857,841,840
859,858,153,876,1052,148,853,878,874,843,840,845
632,724,634,701,725,727,826,761,184,726,806,787
780,792,779,839,820,847,831,830,841,868,832,911
759,757,742,880,891,885,866,881,849,804,758,802
866,891,864,882,890,883,850,943,848,849,838,881
864,880,759,891,882,883,865,849,850,881,804,867
881,819,804,849,850,865,855,838,837,827,812,821
792,785,777,863,780,820,832,831,911,835,833,829
844,892,846,870,852,845,871,901,905,927,896,895
852,844,892,873,872,851,901,906,904,871,869,927
869,896,844,901,870,873,906,904,919,927,905,917
851,853,845,875,874,898,873,903,938,852,870,901
872,852,851,903,875,938,904,902,910,901,870,871
853,1052,861,878,879,900,875,898,903,851,872,852
874,878,853,879,897,900,898,903,938,872,851,873
859,153,155,150,148,147,1052,878,900,861,858,853
160,836,163,158,157,860,857,155,847,841,839,858
1052,861,148,900,147,145,879,875,898,874,853,851
900,878,1052,899,963,944,897,898,946,875,874,872
884,757,893,885,883,926,891,866,882,864,759,804
804,864,802,866,865,880,849,867,838,819,827,783
883,891,885,889,928,918,890,943,936,865,866,850
885,917,926,918,919,929,889,882,890,891,866,880
930,893,818,926,917,896,880,885,891,757,759,864
926,884,930,917,918,905,891,883,882,880,866,864
888,854,856,932,933,958,931,149,146,887,934,151
934,854,888,886,931,932,149,146,144,151,152,154
856,937,848,933,935,958,886,932,887,854,934,151
883,918,905,940,929,919,928,890,941,882,891,865
882,889,883,928,940,939,936,935,942,943,865,937
885,880,884,883,918,889,882,865,890,866,864,849
823,846,822,844,852,845,896,869,927,895,930,824
894,824,752,930,895,896,884,926,880,818,757,756
753,752,739,824,895,817,818,893,930,907,756,740
823,817,822,892,869,846,896,926,927,930,824,893
895,892,823,869,844,870,927,926,917,930,884,893
879,899,900,963,962,980,948,946,950,898,875,938
875,879,874,897,948,962,946,938,913,903,872,902
900,143,145,944,980,141,963,897,962,879,878,898
145,147,1052,143,141,944,899,879,897,878,874,861
870,852,869,873,902,872,904,998,910,906,871,905
903,873,872,938,913,898,908,909,914,904,910,901
875,872,874,898,946,879,938,902,908,873,904,901
901,873,871,902,903,908,910,909,916,906,998,919
927,869,896,906,871,901,919,998,929,917,918,926
871,870,927,901,904,873,998,929,910,905,919,918
753,740,739,894,752,893,756,818,742,744,738,733
902,938,903,913,946,922,914,912,988,909,910,904
902,904,938,914,908,912,925,988,923,910,915,916
904,906,901,909,902,914,915,925,924,998,916,929
832,868,835,831,830,863,825,822,817,833,816,805
908,913,938,922,954,945,921,988,992,914,909,925
946,938,898,945,948,949,912,922,921,908,914,902
908,902,938,912,921,913,988,925,992,909,915,910
910,998,904,925,909,914,923,994,951,924,916,941
929,998,919,915,910,909,924,941,923,940,928,889
926,927,896,905,871,906,918,919,883,885,884,891
917,927,926,919,905,906,889,929,940,883,885,891
905,917,871,998,906,904,929,940,916,918,889,883
771,710,795,690,646,645,250,689,247,251,814,254
912,922,913,954,949,979,984,992,983,988,914,994
913,945,946,949,947,955,921,954,984,912,908,988
925,915,916,994,988,992,960,993,995,924,951,941
916,929,910,915,923,925,951,993,970,941,940,939
914,909,910,988,992,912,923,994,960,915,924,916
930,896,895,927,905,869,917,885,918,884,880,757
896,892,895,871,869,870,917,905,906,926,930,885
889,929,883,940,941,916,936,939,942,890,935,882
919,918,906,998,910,915,940,916,928,889,883,890
824,894,823,895,896,927,926,884,917,893,818,757
886,934,888,932,975,959,956,144,957,146,887,149
933,888,937,958,959,942,975,956,989,931,886,887
935,937,936,942,974,970,932,958,959,888,886,856
854,856,837,886,888,932,151,887,149,152,154,156
943,890,865,936,939,928,933,942,958,937,888,848
928,890,940,939,941,951,942,970,933,935,943,937
943,850,865,935,936,890,888,933,886,856,848,854
903,898,875,946,948,945,908,913,912,902,873,904
941,928,940,951,924,923,970,974,961,936,942,935
929,919,998,916,924,915,941,939,936,928,889,890
940,916,929,924,915,923,939,951,970,928,936,890
936,935,928,970,939,951,958,974,1016,933,937,932
865,882,866,890,936,928,935,937,933,850,848,849
141,143,145,140,138,137,980,963,968,899,900,897
948,946,962,947,950,964,922,949,954,913,912,938
898,897,875,948,962,950,913,945,922,938,903,908
950,948,962,953,964,965,949,955,954,945,922,946
897,963,980,962,950,968,945,947,922,946,898,913
947,945,950,953,967,965,955,954,979,922,913,921
962,968,963,964,990,965,947,949,953,948,945,946
924,941,915,923,960,925,993,961,974,970,939,942
692,695,559,767,751,808,268,810,266,271,273,274
964,950,969,965,966,976,967,955,977,947,949,945
922,949,945,955,978,953,979,983,1008,921,984,912
949,953,947,977,967,981,979,978,1008,954,983,922
931,932,887,975,989,959,957,996,142,144,146,149
956,975,931,996,989,999,139,1000,136,142,144,146
942,933,935,974,970,972,959,1016,975,932,888,931
958,933,942,1016,1002,974,989,997,996,975,932,956
923,925,924,994,991,1010,995,1022,1011,993,951,961
951,939,923,993,995,960,972,1022,973,970,974,1016
963,980,899,968,964,990,950,945,947,948,897,946
899,944,140,980,968,138,962,948,950,897,879,946
990,968,134,965,969,132,953,966,949,950,947,962
969,131,990,976,971,128,966,967,982,964,953,947
965,976,969,971,1009,122,967,982,981,953,955,947
966,953,965,982,987,971,977,981,978,955,979,949
980,137,944,990,134,132,950,964,947,962,963,948
132,990,134,131,128,125,965,976,966,964,968,950
939,936,941,951,961,993,974,972,1016,942,958,935
976,125,128,122,120,118,1009,982,1033,966,965,967
961,970,993,1022,995,1018,1002,973,1001,1016,974,958
972,1022,961,1018,1011,1117,1013,1001,1023,1002,1016,997
970,942,939,961,972,993,1016,1002,973,958,959,933
932,958,886,959,997,1016,989,996,957,956,931,142
128,969,131,125,122,120,971,966,1009,965,964,953
967,953,966,981,982,987,985,1190,1007,978,955,979
955,967,949,977,985,981,1190,1007,1014,1008,979,983
955,954,949,978,977,967,1008,1190,1203,983,984,1015
944,140,141,138,137,134,968,962,990,963,899,897
982,967,966,987,1005,1033,985,986,1004,977,978,955
971,966,976,1009,1033,116,987,981,1005,967,977,953
954,921,922,1008,979,1190,1203,1014,1028,984,1015,1010
921,922,912,983,954,979,1015,1203,1012,992,1010,988
981,977,967,986,987,1006,1004,1040,1027,1007,978,1190
987,981,1033,1003,1005,110,1004,1006,1027,985,1040,977
982,1009,971,1005,1033,113,986,1003,1004,981,985,977
914,912,909,921,984,922,992,994,1010,925,915,923
975,959,1016,997,1024,1002,999,1000,1020,996,956,957
134,137,980,132,131,128,969,964,965,968,950,962
994,992,923,1010,1012,1015,1011,1017,1032,995,960,993
988,921,912,984,983,954,1010,1015,991,994,925,960
951,923,924,960,995,991,1022,972,1011,961,970,974
988,925,914,992,1010,984,991,995,1012,960,923,993
960,994,923,991,1012,1010,1011,1018,1017,1022,993,961
956,975,959,989,999,997,1000,139,136,957,142,144
1016,959,972,1002,1001,973,999,1024,1020,989,996,975
906,901,905,910,904,909,916,940,915,929,919,918
989,997,975,1024,1021,1001,1020,135,133,1000,996,136
996,957,989,999,1020,1024,136,135,133,139,142,144
1002,973,972,1013,1023,1018,1024,1025,1021,997,999,989
972,1016,974,973,1013,1022,1001,1024,999,997,959,989
1005,111,113,110,107,1036,1006,1057,1035,986,1004,985
986,985,981,1006,1003,1005,1027,1048,1209,1040,1007,1026
1033,115,982,111,110,113,1003,1057,1006,987,986,981
1003,986,110,1057,1049,1034,1035,1048,1080,1004,1027,1040
978,977,979,985,1004,981,1118,1040,1026,1190,1014,1008
979,954,955,1190,978,1007,1014,1028,1058,1203,983,1015
971,120,122,118,116,115,1033,114,987,982,966,981
992,988,921,1015,984,983,1012,1028,1011,991,994,960
995,991,960,1017,1012,1032,1018,1019,1030,1022,973,1013
1015,1010,984,1028,1203,1043,1017,1032,1030,991,1011,995
973,1022,972,1023,1018,1117,1025,1041,1042,1001,1002,1024
1190,1008,978,1007,1040,985,1058,1118,1038,1203,1028,1015
984,992,921,1203,983,1008,1028,1012,1032,1010,991,994
974,958,970,972,961,973,1002,997,989,959,975,932
1012,991,995,1032,1028,1044,1030,1019,1031,1011,1018,1022
1011,1022,995,1019,1017,1030,1117,1023,1041,1013,973,1001
1017,1011,1012,1030,1031,1032,1029,1041,1104,1117,1018,1023
999,1024,997,1021,127,1025,133,130,129,135,1000,136
1024,1001,1013,126,1025,124,129,127,130,1020,133,1042
993,961,960,995,1011,991,973,1018,1013,972,1002,974
1018,973,1011,1117,1029,1019,1041,1042,124,1013,1025,1001
1001,997,1002,1025,1013,1023,1020,1021,133,999,989,1000
1013,1001,973,1023,1041,1117,1042,126,124,1021,1024,1020
1118,1040,1007,1027,1004,1080,1209,1039,1037,1038,1058,1076
1004,1040,986,1048,1006,1035,1209,1080,1037,1026,1039,1118
1203,1015,1008,1058,1014,1038,1032,1043,1030,1012,1017,991
1019,1030,1018,1031,1104,1078,1074,1059,1101,1117,1041,1023
1017,1032,1011,1044,1043,1076,1031,1029,1078,1019,1117,1018
1030,1017,1032,1078,1044,1077,1104,1074,1101,1029,1019,1117
1028,1012,1015,1043,1058,1076,1030,1044,1031,1017,1019,1011
1009,118,971,114,115,116,113,1005,111,987,982,981
1036,110,107,1050,1056,1060,1049,1051,362,1057,1035,1003
1057,1006,1003,1049,1034,358,1047,357,356,1048,1027,1080
107,108,111,1055,1056,1090,1034,1050,1049,110,1057,1003
1209,1039,1026,1067,1080,1065,1079,1070,1096,1093,1092,1076
1058,1118,1014,1026,1209,1040,1039,1076,1093,1043,1028,1044
1038,1026,1118,1209,1027,1080,1093,1037,1079,1076,1077,1043
1007,985,978,1004,986,1006,1026,1027,1209,1118,1190,1038
1023,1117,1013,1029,1074,1104,1059,124,123,1042,1025,126
1025,1023,1117,1041,1059,1074,124,123,121,126,127,1021
1058,1028,1014,1038,1118,1039,1076,1044,1077,1032,1030,1017
1043,1032,1058,1076,1038,1093,1077,1078,1104,1030,1031,1017
98,100,102,96,94,93,1089,1046,1060,1090,1056,103
96,1045,98,94,93,91,1112,1113,1150,1089,1060,1090
1035,1057,1006,347,352,348,345,1066,344,1048,1065,1080
1006,1057,1004,1035,1047,1049,1080,1065,1066,1027,1209,1026
1034,1057,1036,355,1051,343,361,360,362,1035,1047,1048
1056,1089,1036,1060,1064,1148,1051,362,355,1034,1049,1057
1050,1034,1060,1061,1064,1148,346,351,343,355,362,361
876,150,859,147,148,145,878,900,879,861,853,843
70,59,53,1084,51,50,67,66,72,1206,73,1094
82,83,77,1073,74,1206,1085,1086,1099,85,87,1091
106,105,103,1090,102,100,1056,1034,1060,109,108,1036
1055,1090,109,1060,1089,1045,1050,1064,1051,1034,1036,108
1003,110,107,1034,1036,1056,1035,1049,1048,1006,986,1004
1014,1203,1190,1118,1007,1026,1038,1043,1076,1028,1032,1012
1041,1029,1117,1074,1097,1104,121,119,117,123,1042,124
1089,1045,1090,1112,1046,1150,1064,1051,1148,1056,1050,1034
1064,1050,1060,1148,1127,1150,1063,328,1149,340,338,342
91,93,94,87,1091,85,1098,1100,1099,1113,1150,1046
333,334,336,1149,1148,1155,1138,1087,1154,330,328,331
1060,1089,1056,1112,1150,1113,1148,1061,1127,1050,1051,340
1080,1048,1035,1066,1047,344,1068,1069,1071,1067,1070,1037
1047,357,358,344,341,345,1068,1088,1071,1065,1069,1080
1080,1209,1048,1065,1068,1066,1070,1069,1107,1037,1079,1093
1066,1065,1047,1088,1075,341,1071,1081,1072,1069,1067,1107
1067,1065,1080,1068,1071,1088,1072,1105,1082,1107,1070,1083
1067,1037,1080,1069,1065,1068,1107,1083,1105,1079,1096,1092
1068,1088,1075,1081,1087,317,1082,1124,1125,1072,1069,1107
1069,1068,1070,1082,1071,1124,1108,1123,1128,1107,1105,1184
77,74,72,1206,66,67,1164,1086,1116,1054,82,83
1029,1031,1117,1104,1101,1078,1097,119,1114,1059,1041,121
339,335,341,326,332,329,1088,1087,1081,1066,1068,1065
1038,1043,1058,1039,1026,1037,1077,1093,1092,1044,1078,1032
1076,1044,1043,1093,1039,1079,1092,1095,1103,1078,1031,1104
1044,1030,1043,1077,1092,1076,1095,1101,1103,1104,1031,1029
1037,1093,1039,1070,1067,1069,1096,1083,1107,1092,1103,1077
1048,1027,1006,1047,1035,1066,1065,1067,1069,1209,1037,1026
1088,317,1075,1087,1158,1154,1124,1126,1125,1071,1082,1072
1071,1069,1088,1125,1124,1081,1123,79,78,1072,1108,1105
1070,1079,1092,1107,1105,1072,1184,1106,1142,1096,1135,1103
67,59,1053,50,53,51,1094,47,1165,66,1206,1164
1054,85,83,1086,1073,1116,1099,1111,1109,1091,1062,1100
1054,1073,77,1164,1206,1165,1116,1111,1169,1085,1099,85
1138,317,318,1154,1155,1173,1158,1124,1197,1081,1088,1071
1075,326,329,317,318,1087,1081,1071,1124,1068,1065,1069
1045,1090,98,1046,96,94,1060,1112,1064,1056,1055,1034
102,103,100,1045,98,96,1056,1089,1060,1055,105,106
87,85,83,1085,1054,1086,1099,1100,1109,1062,1098,1113
1093,1077,1076,1079,1037,1070,1103,1096,1102,1095,1078,1101
1039,1076,1038,1037,1209,1067,1092,1079,1096,1077,1095,1044
1084,53,66,47,50,51,1165,1183,40,1164,1206,1116
1078,1077,1044,1092,1096,1093,1103,1102,1208,1101,1114,1104
1092,1079,1093,1083,1070,1107,1135,1106,1184,1103,1095,1102
1074,1104,1029,1114,1101,1208,117,1115,112,119,1059,121
1062,1113,87,1091,1099,1085,1198,1100,1122,1150,1127,1112
1085,1091,1054,1111,1086,1116,1109,1110,1167,1100,1098,1198
1098,1091,1062,1099,1109,1085,1122,1110,1120,1198,1151,1127
1104,1078,1031,1095,1102,1103,1114,1115,1208,1097,1074,1059
1095,1092,1078,1103,1135,1096,1208,1137,1163,1114,1101,1115
1095,1092,1077,1096,1083,1079,1135,1137,1106,1102,1208,1101
1031,1044,1030,1078,1095,1077,1101,1097,1114,1074,1029,1059
1107,1070,1069,1072,1108,1082,1128,1143,1130,1184,1083,1142
1083,1096,1103,1184,1105,1128,1142,1136,1143,1135,1137,1140
1070,1067,1079,1072,1069,1071,1105,1184,1108,1083,1096,1106
1072,1107,1071,1123,1082,1125,1130,1129,1139,1105,1128,1184
1099,1085,1091,1167,1111,1169,1120,1134,1121,1110,1100,1122
1100,1099,1098,1109,1120,1167,1131,1121,1175,1122,1119,1198
1086,1085,1164,1116,1169,1165,1167,1120,1207,1099,1109,1091
1046,1089,94,1113,93,1098,1150,1148,1127,1060,1064,1050
91,1046,93,1062,87,1091,1098,1150,1198,1112,1089,1064
1101,1074,1104,1102,1095,1137,1115,1208,112,1097,117,119
1114,1097,1101,1208,1102,1137,112,1163,104,117,119,121
1086,1164,1073,1165,1182,1183,1169,1167,1195,1111,1085,1099
1018,1017,1011,1019,1029,1031,1041,1074,1042,1023,1013,1025
1007,1014,1190,1040,985,1004,1038,1026,1039,1058,1043,1028
1151,1198,1127,1122,1131,1110,1153,1152,1157,1155,1173,1149
1109,1111,1099,1134,1167,1207,1121,1132,1133,1110,1131,1122
1120,1110,1109,1132,1134,1160,1175,1133,1146,1131,1152,1119
1198,1100,1098,1110,1109,1099,1131,1153,1121,1119,1151,1127
1082,1124,1072,1125,78,76,1129,75,80,1108,1130,1128
1081,1071,1087,1158,1197,65,1125,1126,79,1082,1072,1108
1124,1081,1071,1126,71,1158,79,78,76,1123,1082,1108
1124,1158,1081,1197,65,64,79,71,63,1125,78,1082
1150,1064,1112,1198,1122,1098,1151,1155,1119,1148,1149,1061
1184,1105,1072,1108,1130,1123,1139,1166,86,1142,1143,1106
1123,1125,1108,76,78,1170,75,80,81,1130,84,1139
1108,1082,1105,1129,1123,75,80,81,84,1139,1128,1166
1110,1122,1109,1121,1120,1133,1152,1175,1146,1119,1153,1151
1134,1120,1167,1160,1207,1161,1133,1145,1176,1121,1175,1131
1132,1121,1120,1145,1160,1159,1176,1147,1178,1175,1146,1152
1167,1169,1109,1207,1168,1195,1132,1160,1133,1120,1121,1110
1103,1096,1092,1106,1083,1184,1136,1140,1142,1137,1102,1208
1106,1137,1135,1142,1143,1184,1141,97,95,1140,99,101
1102,1103,1096,1135,1106,1142,1140,1136,101,1208,1163,1114
321,322,323,1149,1155,1173,1087,1154,1081,320,319,318
1128,1142,1108,1130,81,80,86,88,84,1166,1143,90
1137,1208,1135,1136,1106,1141,99,97,95,101,1163,104
1136,1142,1106,1143,1166,1139,95,92,90,97,99,1140
1184,1106,1135,1128,1105,1108,1143,1141,1166,1136,97,1140
1142,1184,1106,1128,1139,1130,1166,92,90,1141,1136,95
1176,1145,1133,15,1159,13,16,1177,18,1178,22,26
1160,1132,1134,1161,1162,1168,1159,1144,15,1176,1133,1178
1175,1152,1131,1147,1133,1178,1193,1202,30,1156,1192,1157
1133,1175,1152,1176,1144,1145,1178,26,30,1146,1193,1202
1064,1112,1060,1127,1150,1198,1149,1151,1155,1061,340,338
1148,1061,1064,1127,1151,1119,1155,1154,1173,1063,1138,331
1112,1113,1046,1098,1062,1100,1127,1198,1151,1148,1064,1060
1127,1198,1148,1122,1131,1100,1119,1155,1153,1149,1061,1063
1131,1119,1110,1175,1121,1133,1146,1156,1147,1153,1157,1191
1119,1151,1122,1152,1131,1175,1157,1156,1191,1173,1155,1172
1138,318,319,1173,1155,1157,1172,1197,1126,1087,1158,1081
1151,1149,1127,1119,1153,1122,1173,1157,1172,1154,1138,1063
1152,1153,1131,1146,1175,1147,1192,1193,1202,1157,1191,1173
1173,1153,1155,1156,1152,1146,1191,1199,1192,1172,1154,64
1087,1088,1138,1154,1172,1173,1197,1126,65,1081,1124,1125
1145,1161,1160,1162,10,1179,13,15,12,1144,1176,20
1134,1207,1195,1168,1180,1194,1161,1145,1159,1132,1133,1120
1160,1168,1194,1180,1181,1189,1162,1159,1179,1145,1132,1176
1161,1180,1168,1179,1181,1188,12,10,13,1159,1145,1144
1208,1115,1114,1140,1137,1136,104,101,99,112,117,119
1206,1073,66,1094,1084,1183,1165,1116,1111,1086,1054,1085
1094,1164,1084,1183,47,43,1182,1169,1195,1116,1086,1111
1143,1142,1128,88,1139,86,90,89,1141,92,95,97
1111,1116,1099,1169,1207,1195,1134,1132,1160,1120,1109,1110
1207,1195,1171,1194,1186,1196,1161,1180,1162,1160,1134,1145
1116,1165,1086,1182,1195,1183,1207,1134,1168,1167,1111,1109
76,78,79,69,58,1174,68,60,75,1129,80,61
34,29,40,21,23,19,1196,1194,1186,1195,1182,1207
1173,1154,1155,1157,1191,1153,1199,64,65,1197,1158,1126
1155,1151,1149,1153,1119,1156,1157,1172,1191,1154,1158,1138
61,69,63,54,48,55,56,58,52,60,1170,68
1121,1131,1120,1133,1132,1176,1146,1147,1193,1152,1156,1153
1133,1132,1121,1145,1159,15,1178,1144,20,1147,1175,1146
1144,1159,1176,16,15,13,18,20,22,1178,12,26
1176,1147,1133,1144,18,1177,22,26,20,30,31,1193
1180,1161,1189,1188,1181,3,10,8,4,1162,12,1159
1194,1168,1196,1189,1186,1185,1181,1162,1179,1161,1160,1159
1189,1180,11,1185,6,7,1188,1187,3,1179,1162,1161
1183,1165,43,34,40,1171,1195,1207,1194,1169,1116,1111
47,1094,50,43,40,29,1182,34,1171,1165,1116,1164
1083,1107,1096,1105,1108,1072,1142,1128,1143,1106,1135,1136
1189,11,1186,7,9,6,5,1187,1181,1180,1179,1188
1196,19,21,14,11,17,1189,1185,9,1194,1180,1168
6,7,1185,1,5,2,3,0,1188,8,1179,4
1181,1185,1189,1187,6,2,3,4,8,1179,10,1162
1186,14,17,11,9,7,1185,1181,6,1180,1162,1168
978,979,977,1007,985,1040,1014,1118,1058,1008,1203,983
1157,1173,1153,1192,1156,1202,1210,1204,1201,1199,1172,64
1156,1157,1152,1193,1146,31,1202,1204,32,1191,1210,1199
1146,1156,1152,1147,26,1178,1202,31,30,1192,1204,1191
1171,1195,34,1196,1186,21,1180,1189,1161,1168,1207,1160
1182,40,1183,1171,34,1196,1194,1168,1160,1207,1169,1134
21,23,1171,19,17,14,1186,11,1189,1194,1195,1168
1158,1154,1173,1172,1199,1191,65,64,62,1126,79,1124
1098,1150,1062,1100,1091,1110,1122,1151,1119,1127,1148,1149
1172,1157,1173,1210,1191,1192,57,55,1201,64,65,1197
44,48,49,33,38,1205,41,35,46,52,56,27
1210,1199,64,1204,39,37,45,42,44,49,55,57
1193,1192,1156,31,30,26,32,36,37,1204,1210,42
983,984,979,1008,1014,1190,1028,1058,1043,1015,1012,1010
1192,1191,1156,1202,36,32,37,39,42,1210,1201,45
38,44,45,28,24,27,25,33,35,1200,41,42
66,72,73,1084,1094,1053,1164,1165,1116,1073,74,77
1169,1182,1111,1195,1194,1171,1160,1168,1161,1134,1167,1132
1114,1102,1101,1137,1135,1103,1163,104,1140,1115,112,1097
1026,1027,1040,1080,1048,1065,1037,1067,1079,1039,1038,1093
1191,1172,1156,1204,1192,1202,1201,42,45,1199,57,64
