1626,2,1,1625,1628,1627,4,3
0,1628,3,1626,1625,1607,2,1605
0,1,1626,1627,4,1625,1622,1618
1,1626,0,2,1607,1628,5,1611
2,1626,0,1,3,1607,1627,1618
1607,3,1628,1,1626,0,2,1627
4,1627,2,1626,1625,0,1,1628
1611,5,1607,3,1628,1,1625,1626
1606,7,1611,5,1607,3,1628,1
6,1618,4,1627,1622,2,1626,1625
1614,8,1606,7,1611,5,1607,3
9,1609,6,1618,4,1627,1622,2
1604,10,1614,8,1606,7,1611,1597
11,1600,9,1609,6,1617,1618,4
12,1604,10,1614,8,1579,1606,7
13,1588,11,1600,9,1609,1584,1617
14,1602,12,1595,1604,10,1614,1579
16,14,1602,1578,12,1595,1604,1536
15,1623,1568,1588,13,1576,11,1600
1571,17,16,1564,14,1602,1578,12
1581,18,1570,15,1623,1568,1565,1588
1596,19,1571,1546,17,1529,16,1564
1573,20,1575,1570,1581,18,1517,15
1619,21,1509,1596,19,1571,1546,17
22,1559,1573,20,1575,1556,1570,1581
1551,23,1619,1531,21,1509,1596,1507
25,1551,23,1525,1619,1531,21,1509
1549,24,1500,1559,22,1569,1573,1575
26,1530,1524,25,1551,23,1525,1515
27,1554,1481,1549,24,1500,1557,1559
1589,28,1514,26,1530,1524,25,1521
29,1457,1554,27,1490,1481,1549,24
1503,30,1589,1514,28,26,1424,1530
1443,1520,31,1439,1457,29,1490,1554
1484,32,1503,1404,30,1386,1589,1514
1441,33,1443,1520,31,1439,1457,29
34,1484,32,1469,1404,1503,1386,1548
35,1441,1412,33,1343,1443,1520,31
1437,1473,36,34,1484,1432,1469,1404
1505,37,1433,35,1371,1441,1412,1343
1430,38,1437,1473,36,1428,1432,1469
1504,39,1420,1505,37,1433,1394,1371
1397,40,1430,1374,1429,38,1437,1428
41,1504,39,1505,1420,37,1395,1433
1475,41,1504,1420,39,1395,1505,37
43,44,1475,41,1504,39,1420,1505
43,45,44,41,1475,1504,39,1505
1303,42,1397,1374,40,1429,1430,1428
1608,46,43,45,44,41,1475,1504
45,44,1447,43,1475,41,1504,39
48,1608,46,43,1447,45,49,1461
1447,45,43,49,1461,44,1475,41
50,1621,48,1608,46,43,1447,51
46,1608,48,1621,50,52,43,1447
52,50,1621,48,1608,46,1567,53
54,52,50,1621,48,1608,46,1567
1513,1461,49,44,1475,45,41,1504
55,54,1624,52,50,1621,48,1608
1519,53,1567,46,1608,48,1621,50
1326,47,1303,1311,42,1397,1268,1429
1464,58,1519,53,1567,46,1608,1562
1396,51,1447,45,1461,49,43,1451
1577,57,55,1532,54,1624,52,1599
60,1464,58,1519,53,1567,1533,46
63,1419,60,1444,1464,58,1448,1519
1295,59,1326,1257,1434,47,1311,1303
1476,61,1362,1396,51,1451,1461,1447
64,63,1419,61,1476,66,60,51
1541,62,1577,1532,1496,55,57,54
65,1295,1209,1257,59,1434,1326,1285
67,1415,64,66,1476,61,1384,63
1384,66,1476,1362,1467,61,1396,1451
1561,68,1541,1496,1468,62,1577,1532
70,1407,67,71,1384,66,1415,1476
1309,69,1380,1209,1197,65,1249,1295
71,1282,1384,1467,66,1362,1476,73
73,1383,75,71,70,1406,1345,1384
1528,1566,72,1466,1561,1468,68,1541
1294,74,1309,1380,1197,69,1249,1209
1353,76,75,1345,73,1383,71,1384
1345,75,79,1243,1282,71,76,1353
1613,77,1528,1526,1466,1445,1566,72
80,79,1292,75,1345,1353,76,1243
1278,1176,78,1294,1207,74,1197,1380
1495,1613,81,1526,1445,1528,1436,77
1292,1228,80,82,1352,1243,1345,79
85,82,1292,1352,80,1228,79,1243
1442,1495,84,1560,1436,1445,1526,1613
1325,86,1298,85,1228,1292,82,80
1313,1152,83,1278,1176,1207,78,1189
87,1560,1442,1405,1436,1495,84,1445
1185,89,1313,1152,83,1278,1258,1176
1422,90,1405,1560,1323,87,1442,1381
1390,92,1323,1405,1422,90,1381,1322
1187,91,1185,1174,89,1313,1152,83
1289,93,1390,1323,1299,92,1322,1329
1083,94,1187,1271,91,1185,1137,1174
1365,95,1289,1299,93,1323,1322,1341
1280,1241,97,1299,1365,1341,95,1211
1167,96,1083,94,1169,1187,1271,91
1244,1208,98,1241,1280,1211,1341,97
99,1057,1167,96,1119,1083,1169,94
1208,100,1244,1206,1211,1241,98,1341
1194,102,1206,1188,1208,100,1211,1151
1025,101,1054,99,1057,1119,1167,96
1175,103,1188,1151,1194,1206,102,1125
1013,1074,104,1027,1025,101,1054,985
1175,1163,105,1151,1188,1125,103,1186
962,106,1013,976,1074,104,1027,985
1146,1131,107,1081,1163,1186,1175,105
108,962,925,976,106,949,1013,1074
1107,109,1076,1081,1146,1131,1096,1050
1076,111,1107,1050,1081,1096,109,1146
878,1024,110,925,875,108,962,976
1071,112,1026,1076,1050,111,1106,1107
909,113,878,1056,1024,110,875,925
1046,114,1071,1026,112,957,1106,1050
835,115,909,776,1056,878,113,758
1069,990,116,1046,952,957,114,1026
825,117,817,835,115,776,909,758
1064,950,118,990,1069,952,943,116
1007,893,120,950,943,1064,118,952
755,119,825,817,117,808,835,776
777,121,893,858,1007,120,943,950
794,122,755,728,119,825,694,817
725,123,777,858,121,893,712,841
801,124,794,702,122,728,694,755
671,125,725,711,123,777,704,858
814,126,801,702,124,591,794,694
127,671,725,711,125,638,704,777
814,128,629,126,801,591,702,124
129,601,600,127,671,638,704,711
620,130,559,629,814,128,547,591
579,132,507,559,620,130,466,547
580,131,583,600,601,129,512,638
513,133,579,507,463,132,466,559
557,134,576,580,583,131,600,641
136,538,557,134,602,580,576,583
484,135,513,463,133,448,507,579
546,137,494,538,136,557,134,602
627,138,451,484,135,463,448,513
139,612,546,137,494,538,136,557
407,627,140,451,138,484,437,448
575,141,612,139,546,137,494,538
382,540,142,482,407,627,140,381
656,143,575,141,612,139,544,546
430,144,382,425,540,142,482,376
726,680,145,656,143,565,575,141
147,726,608,680,145,656,565,143
403,146,430,388,144,425,382,393
148,677,633,147,726,608,611,680
415,149,383,403,146,445,384,430
684,150,148,677,633,147,726,611
428,151,383,417,415,149,384,445
152,684,654,150,647,148,677,633
154,152,684,654,150,647,652,148
440,153,428,402,417,151,383,384
155,673,154,659,152,684,654,150
444,156,440,153,406,402,428,417
157,778,155,724,673,700,154,659
465,449,158,444,156,661,406,440
159,737,157,778,960,155,724,700
486,160,449,465,158,487,444,625
161,824,159,737,157,960,778,769
859,163,824,161,780,159,737,769
162,524,486,160,518,449,487,465
164,859,163,768,824,161,780,159
592,165,524,639,162,486,518,607
166,905,164,916,859,163,768,824
167,592,165,584,639,524,162,607
934,914,168,870,166,872,905,816
667,169,642,167,592,165,672,584
170,924,934,914,168,872,870,166
820,171,772,667,169,784,642,167
173,844,820,171,772,784,667,169
919,172,1008,924,170,934,910,917
803,174,844,173,797,820,171,772
1040,175,1022,919,1008,172,1019,910
837,798,176,787,803,174,815,844
177,1022,1040,994,175,1019,1008,919
864,178,798,815,787,837,176,783
830,180,864,815,765,787,178,798
1091,179,1062,1065,993,177,994,1022
865,181,830,765,733,180,815,864
1092,182,1091,1011,1065,179,1062,993
927,865,183,851,733,765,181,830
851,927,185,865,774,733,802,183
1032,184,1092,1011,182,1091,1065,1035
863,186,851,802,927,185,774,869
862,863,188,802,793,186,851,869
1129,187,1032,1037,184,1092,1011,182
862,819,189,793,802,811,863,188
1077,190,1068,1129,1037,1032,187,1097
819,191,811,793,862,189,895,807
1068,192,1077,1097,1037,190,1063,1129
861,193,811,819,895,191,793,785
1059,194,1097,1068,1053,192,1063,1077
881,861,195,895,811,193,890,845
1031,1059,196,1053,1097,194,1068,1009
881,197,890,861,895,195,907,845
1031,198,1048,1053,1059,1009,196,1014
894,199,904,890,907,881,197,945
1048,200,1031,1014,1009,198,1053,1012
1021,904,204,945,966,938,907,201
904,938,201,1021,945,894,907,199
1044,972,206,986,978,966,1021,967
972,1021,203,966,945,978,904,986
1051,208,1010,1012,1023,988,209,1014
1010,209,1051,986,988,1044,1012,205
986,1044,205,978,1010,972,967,988
1023,202,211,1048,1014,200,207,1051
1023,207,1051,1012,1014,202,1048,1010
213,1339,1375,1274,1391,1399,1252,1478
212,1339,1274,1375,1399,1391,1252,1478
212,213,215,1339,1375,1274,1391,1399
213,212,214,1339,1274,1375,1399,1252
217,215,213,212,214,1339,1274,1375
216,215,213,212,214,1339,1274,1375
219,214,212,213,215,216,217,1339
218,214,212,213,215,216,217,1339
218,219,214,212,213,215,216,217
217,216,215,213,212,214,219,1339
221,217,216,215,213,212,214,219
220,218,219,214,212,213,215,216
222,221,217,216,215,213,212,214
1377,226,223,220,218,219,214,212
1377,223,220,218,219,214,212,213
224,222,221,1256,217,216,215,213
227,224,1256,222,221,217,216,215
225,226,1377,223,220,218,219,214
231,228,227,1256,224,222,221,217
230,228,1256,227,224,222,221,217
229,225,1377,226,223,220,218,219
231,230,228,1256,234,227,224,222
1256,233,231,230,228,227,1247,224
232,229,225,1377,226,223,220,218
234,233,1256,231,230,228,1247,227
235,232,229,225,1377,226,223,220
236,234,233,1256,1247,231,230,228
237,235,232,229,225,1377,226,223
238,236,234,233,1256,1247,231,230
239,237,235,232,229,225,1377,226
240,238,236,234,233,1247,1256,231
241,239,237,235,232,229,225,1377
242,240,238,236,234,1247,233,1256
243,241,239,237,235,232,229,225
245,243,241,239,237,235,232,229
244,1255,242,240,238,236,234,233
249,246,245,243,241,239,237,235
246,245,243,241,239,237,235,232
248,249,246,245,243,241,239,237
247,1255,244,242,240,238,236,234
250,248,249,246,245,243,241,239
251,247,1255,244,242,240,238,236
252,1372,250,248,249,246,245,243
253,251,247,1255,244,242,240,238
257,254,1372,252,250,248,249,246
254,1372,252,250,248,249,246,245
255,253,251,247,1200,1255,244,242
258,255,253,251,247,1200,1255,244
259,258,255,253,251,247,1200,1255
256,257,254,1372,252,250,248,249
261,256,257,254,1372,252,250,248
260,259,258,255,253,251,1200,247
262,261,256,1267,257,254,1372,252
266,263,260,259,258,255,253,251
263,260,259,258,255,253,251,1200
264,262,261,1267,256,257,254,1372
265,266,263,260,259,258,255,253
268,265,266,263,260,259,258,255
269,268,265,266,1203,263,260,259
270,269,268,265,266,1203,263,260
267,264,262,1267,261,256,257,254
271,270,269,268,265,1203,266,263
273,271,270,269,268,1203,265,266
274,273,271,270,269,1203,268,265
275,274,273,271,270,269,1203,268
276,275,274,273,271,270,1140,1203
272,267,264,1267,262,261,1238,256
277,276,275,274,273,1140,271,270
278,272,267,264,1267,262,261,1238
279,277,276,275,274,273,1140,271
281,279,277,276,275,1140,274,273
282,281,279,277,276,275,1140,274
283,282,281,279,277,276,275,1140
280,278,1225,272,267,264,1267,262
284,283,282,281,279,277,276,1140
286,284,283,282,281,279,277,276
287,286,284,283,282,281,279,277
285,280,278,1225,272,267,264,1267
288,287,286,284,283,282,281,279
290,288,287,286,284,283,282,281
289,285,280,278,1225,272,267,264
291,290,288,287,286,284,283,282
292,289,285,280,1225,278,272,267
293,291,290,288,287,286,284,283
295,293,1147,291,290,288,287,286
294,292,289,285,280,278,1225,272
296,295,1147,293,291,290,288,287
298,296,295,1147,293,291,290,288
297,294,292,289,285,280,1225,278
300,297,294,1199,292,289,285,280
299,298,296,1147,295,293,291,290
301,300,297,1199,294,292,289,285
302,299,298,296,1147,295,293,291
303,301,300,297,1199,294,292,289
304,302,299,298,296,1147,295,293
306,304,302,299,298,296,1147,295
305,303,301,300,297,1199,294,292
308,305,303,301,300,297,1199,294
309,308,305,303,301,300,297,1199
310,309,308,305,303,301,300,297
1118,307,306,304,302,299,298,296
311,310,309,308,305,303,301,300
313,311,310,309,308,305,303,301
314,313,311,310,309,308,305,303
315,314,313,311,310,309,308,305
316,315,314,313,311,310,309,308
312,1118,307,306,304,302,299,298
317,316,315,314,313,311,310,309
318,312,1118,307,306,304,302,299
319,1161,317,316,315,314,313,311
321,319,1161,317,316,315,314,313
322,321,319,1161,317,316,315,314
323,322,321,319,1161,317,316,315
320,318,312,1118,307,306,304,302
324,323,322,321,319,1161,317,316
325,320,318,312,1118,307,306,304
326,324,323,322,321,319,1161,317
327,325,320,318,1098,312,1118,307
328,326,324,323,322,321,319,1161
329,327,325,320,318,1098,312,1118
330,328,326,324,323,322,321,319
331,329,327,325,320,318,1098,312
332,330,328,326,324,323,322,321
333,331,329,327,325,320,1098,318
334,332,330,328,326,324,323,322
338,335,333,331,329,327,325,320
335,333,331,329,327,325,320,1098
336,334,332,330,328,326,324,323
339,336,334,332,330,328,326,324
337,338,335,333,331,329,327,325
340,339,336,334,332,330,328,326
341,1105,337,338,335,333,331,329
342,340,339,336,334,332,330,328
343,341,1105,337,338,335,333,331
344,342,340,339,336,334,332,330
345,343,341,1105,337,338,335,333
346,344,342,340,339,336,334,332
347,345,343,341,1105,337,338,335
348,346,344,342,340,339,336,334
349,347,345,343,341,1105,337,338
351,349,347,345,343,341,1105,337
350,348,346,344,1075,342,340,339
352,351,349,347,345,343,341,1105
353,350,348,346,344,1075,342,340
357,1104,355,353,350,348,346,344
356,1104,355,353,350,348,346,344
359,357,356,1104,355,353,350,348
358,357,356,1104,355,353,350,348
359,358,357,356,1104,355,353,361
362,354,352,351,360,349,1052,347
361,354,352,351,349,1052,360,347
360,364,359,358,357,356,367,1104
363,360,359,367,358,357,368,356
364,363,366,360,367,359,368,358
367,368,1112,361,365,362,364,363
368,361,362,364,363,354,360,352
361,367,362,364,354,352,363,351
370,373,372,393,394,391,389,371
372,394,373,371,405,391,375,393
394,405,385,390,414,379,391,396
371,375,394,405,385,373,390,391
389,391,394,376,381,405,425,396
395,409,372,375,370,435,378,369
371,385,411,379,394,414,405,429
381,389,482,382,391,404,437,144
393,445,369,373,388,376,370,403
375,411,379,385,392,372,371,446
429,385,446,414,511,471,458,426
424,435,392,422,378,411,409,525
482,437,404,407,453,413,540,142
482,540,142,407,381,627,140,437
445,415,403,149,388,377,393,430
445,383,377,393,388,403,369,415
414,429,390,426,405,471,441,412
395,387,374,369,397,370,372,377
369,395,377,384,370,445,393,374
425,376,430,382,146,381,373,389
391,381,404,396,482,437,413,410
412,426,396,420,421,474,410,441
396,405,404,410,381,390,412,413
455,411,446,468,379,481,511,509
388,373,376,425,389,381,391,430
405,391,390,396,389,385,412,414
369,370,372,409,375,377,394,373
410,412,421,404,413,474,436,420
384,387,377,445,383,369,393,395
397,417,387,384,386,377,383,369
435,409,380,374,378,424,375,411
399,380,431,435,438,424,409,378
504,427,400,399,408,450,374,435
398,417,440,397,384,416,153,387
388,430,146,425,382,393,376,144
413,453,437,410,434,421,436,448
390,396,412,414,410,426,421,420
423,402,444,398,440,417,416,397
627,451,140,437,448,138,463,484
431,400,490,438,380,504,399,447
375,378,372,424,411,371,385,379
421,413,436,474,453,432,434,473
379,446,385,455,429,511,414,468
421,474,420,410,426,432,460,436
453,434,436,421,473,448,464,432
429,426,390,471,441,420,412,460
149,403,146,430,445,388,425,144
386,398,387,397,427,395,374,369
384,397,383,428,445,377,151,387
442,477,433,408,419,554,490,476
401,408,400,504,431,399,427,380
474,460,462,421,432,469,499,470
474,436,432,473,500,460,462,434
392,455,481,424,468,411,509,446
398,416,402,461,450,444,397,386
411,392,378,379,455,375,446,385
382,376,482,381,144,389,540,407
420,441,460,474,479,462,421,470
504,374,386,399,395,409,400,435
151,383,415,149,384,403,445,146
471,458,426,441,479,390,539,420
382,144,425,540,482,142,376,381
438,380,422,443,525,424,435,392
500,499,462,473,510,489,496,550
490,408,447,431,485,443,419,438
464,452,436,473,483,491,466,480
409,424,378,411,375,392,422,379
473,432,500,464,489,491,483,510
453,448,413,451,434,463,410,452
422,380,525,392,424,435,481,457
423,461,416,450,406,454,398,386
153,417,428,383,151,398,384,397
479,460,470,420,469,462,498,474
408,419,433,400,401,431,490,504
457,525,438,422,537,481,380,558
440,156,402,153,417,398,428,397
393,388,403,425,376,149,373,430
511,472,429,458,471,385,539,528
490,443,493,517,431,457,525,438
463,434,452,466,484,507,464,135
465,444,158,406,156,440,402,423
416,386,427,504,374,395,387,398
448,463,138,484,135,513,453,466
466,480,464,483,507,547,491,529
434,448,436,452,464,463,473,421
401,450,427,504,386,416,419,399
468,446,472,511,509,379,475,528
661,439,423,406,502,449,461,416
537,481,525,506,509,422,553,543
539,471,479,441,498,549,470,602
477,401,454,419,442,461,504,418
462,469,470,432,503,499,496,500
450,454,416,386,427,401,504,398
499,503,469,496,510,500,501,515
466,452,507,513,434,133,480,579
483,491,489,548,480,495,500,466
158,444,156,440,406,153,402,428
480,547,579,559,483,529,552,132
502,459,454,461,401,439,450,477
472,475,511,446,528,544,458,539
503,501,492,496,499,515,551,523
469,492,641,503,501,462,551,512
441,479,426,539,470,460,498,420
528,511,539,458,602,494,549,538
500,489,491,464,495,510,483,550
432,460,462,436,500,499,473,510
528,472,494,612,546,538,511,139
485,447,433,490,493,521,443,517
442,419,401,408,400,433,454,504
418,477,442,541,459,419,433,408
470,498,469,460,549,641,492,462
547,529,552,548,559,591,542,629
509,468,455,506,475,543,544,472
407,437,142,627,451,140,448,404
548,480,529,495,568,542,552,550
135,513,463,133,507,579,466,132
447,493,517,596,490,443,593,558
160,449,487,465,158,444,661,406
661,449,456,160,406,444,465,423
478,459,477,467,418,419,442,401
491,495,550,510,483,548,533,568
443,431,438,493,525,457,422,400
483,495,548,550,568,510,533,529
551,512,501,562,531,503,571,600
517,443,457,537,558,525,481,553
538,546,137,602,136,557,576,549
550,533,568,548,566,587,516,585
515,516,523,560,563,550,566,531
625,519,456,518,487,508,661,439
641,470,492,576,512,583,469,551
510,496,503,516,550,515,489,566
489,510,499,550,491,495,496,516
523,551,531,515,496,563,598,562
461,439,454,450,459,416,423,401
496,501,515,523,510,516,563,551
399,400,374,409,435,380,386,378
467,508,502,459,488,519,454,461
543,565,544,509,475,656,612,575
579,466,559,547,132,480,620,130
502,467,439,461,456,454,459,423
475,468,544,472,543,528,511,446
550,516,496,495,566,515,533,560
458,539,528,471,429,479,602,549
562,600,551,638,571,601,531,501
133,579,507,132,559,466,620,547
505,488,467,459,478,508,502,477
563,523,516,560,598,566,531,628
566,560,585,533,563,586,523,628
558,537,457,553,611,443,506,525
487,625,486,162,449,661,160,456
508,456,439,502,661,461,423,467
476,555,485,521,447,433,589,493
596,593,485,517,623,493,558,652
564,526,616,478,561,541,418,488
531,563,598,606,610,571,560,628
162,486,518,160,487,449,625,465
422,481,392,509,455,468,506,424
541,478,561,418,554,477,442,556
514,530,532,505,488,534,564,467
602,494,539,538,549,458,576,546
552,542,568,573,653,591,587,650
534,505,508,514,519,497,467,502
571,598,606,563,668,610,651,624
564,488,514,478,522,505,526,459
585,657,587,853,634,560,586,682
519,508,497,505,456,502,625,467
594,577,530,534,567,497,527,519
535,604,567,594,577,584,534,530
506,553,481,543,525,509,565,544
136,557,576,549,134,580,583,641
549,498,479,602,470,641,441,576
142,407,627,140,482,451,138,437
418,554,433,442,476,477,520,408
653,573,587,609,674,853,643,650
544,612,475,575,656,141,143,139
475,612,575,494,141,139,546,528
595,532,588,527,577,564,514,522
137,538,136,557,602,134,576,580
591,552,629,529,130,650,814,702
568,529,542,587,533,552,653,657
498,576,641,583,512,557,136,492
533,566,516,568,585,560,548,657
562,531,571,523,606,598,638,668
573,542,650,653,702,643,694,674
608,506,565,543,680,145,726,656
476,520,433,485,447,490,442,555
521,589,593,485,476,596,652,517
520,554,476,541,555,710,485,433
134,576,580,583,131,600,641,512
553,611,537,506,633,608,457,565
620,629,547,130,591,814,128,552
586,628,585,682,687,610,598,634
556,554,541,520,418,476,570,433
571,638,531,668,704,601,606,523
598,560,610,628,606,586,624,640
478,526,488,514,418,477,541,459
656,543,143,145,680,575,141,544
585,533,560,586,657,634,682,563
607,594,497,639,625,518,534,519
587,533,542,657,853,609,585,653
578,582,545,595,599,590,577,527
710,556,520,555,603,554,589,476
668,606,704,598,712,651,766,610
718,582,569,597,658,590,545,617
653,650,643,674,694,686,609,961
663,618,572,709,569,683,688,718
141,612,139,546,137,494,538,136
583,641,580,134,512,600,131,492
530,527,534,594,514,505,532,508
599,595,577,535,545,536,527,530
132,559,620,130,547,629,814,128
131,583,600,601,129,512,638,562
614,616,561,556,522,526,570,631
590,545,588,617,595,605,532,522
600,512,131,562,601,638,492,129
639,607,567,592,524,518,167,165
657,586,634,682,853,687,628,727
682,687,628,634,727,640,756,708
853,657,609,653,644,585,674,634
522,564,532,616,526,478,488,527
593,521,652,596,623,659,485,647
588,605,545,522,616,532,564,648
552,702,650,573,694,801,126,542
165,639,524,162,518,607,486,160
596,623,647,517,558,611,633,654
534,497,530,519,607,625,508,456
577,527,530,532,514,535,505,588
517,623,558,611,493,553,647,537
617,590,630,582,605,588,648,545
606,610,624,651,628,640,692,766
536,535,577,595,530,594,604,527
638,601,562,704,129,571,551,671
129,671,638,127,704,711,725,125
538,549,576,136,557,498,641,583
589,619,555,701,593,521,652,659
584,567,607,535,639,594,497,518
616,588,581,522,526,679,561,564
651,610,624,766,698,712,692,628
518,625,497,524,487,456,486,162
726,565,680,145,147,656,143,543
961,674,644,691,689,643,944,703
624,628,640,692,651,681,687,756
633,553,608,677,726,565,147,537
139,546,494,137,538,136,528,557
536,599,604,535,672,578,567,594
631,556,570,561,616,710,520,554
618,688,574,683,635,663,705,762
526,561,541,564,556,554,478,418
605,590,648,588,616,581,522,751
663,683,569,635,578,572,599,613
701,589,659,652,593,555,623,521
130,629,814,128,591,547,126,801
705,750,709,574,626,572,636,663
626,670,621,705,574,615,645,618
647,611,633,558,517,553,677,608
692,640,681,698,770,716,756,810
456,487,661,519,449,406,486,423
615,574,618,645,705,688,663,683
138,451,484,135,463,448,513,437
640,687,682,756,624,681,692,727
814,591,128,702,801,126,650,552
617,648,751,605,679,715,590,581
710,570,637,603,555,556,520,589
622,670,626,731,699,615,645,621
677,608,148,726,147,553,680,145
682,727,666,644,687,730,944,708
683,613,599,578,536,669,535,569
658,718,597,788,572,630,582,714
818,603,710,619,664,589,701,570
704,668,571,711,671,712,127,725
607,524,518,165,162,486,625,487
681,756,687,692,716,757,708,727
512,492,583,562,600,551,580,501
667,584,169,592,167,639,604,165
689,662,686,961,691,703,690,808
944,961,691,666,745,689,703,727
615,688,649,618,635,762,683,574
719,697,695,637,748,664,818,769
633,611,677,684,150,148,152,608
679,581,605,614,660,616,723,678
762,738,688,613,635,615,669,781
694,686,643,653,728,674,808,662
766,698,624,790,692,841,810,770
623,593,647,654,596,633,611,684
674,643,609,961,689,853,644,686
684,647,152,150,623,677,148,633
697,646,678,719,637,660,631,695
143,575,141,612,139,544,546,137
853,634,644,682,609,586,666,727
597,630,718,617,590,693,582,648
673,654,652,154,647,684,155,152
678,614,631,581,697,570,710,556
406,423,449,439,444,402,398,465
690,676,707,703,691,839,771,795
569,572,683,578,582,718,635,545
818,701,700,619,960,659,724,603
649,738,762,696,781,669,645,613
944,730,745,763,691,821,708,747
169,167,592,165,584,639,524,162
712,606,651,766,841,711,598,698
613,734,672,604,536,784,584,599
645,626,615,688,618,574,649,621
725,711,125,704,777,712,123,858
604,584,642,639,567,536,607,592
154,155,654,152,684,150,652,647
961,643,689,691,644,662,703,686
636,788,742,658,709,714,597,630
839,707,758,795,942,805,776,771
148,147,726,608,680,145,553,565
697,631,637,710,614,646,719,570
614,660,581,678,631,616,570,556
145,656,143,575,141,543,612,139
716,756,757,761,791,770,708,796
687,727,666,708,730,756,640,757
578,599,569,613,536,595,577,535
150,148,677,633,147,726,611,608
741,646,748,655,900,695,719,697
808,662,690,689,676,755,817,758
756,727,708,681,757,730,821,666
635,683,618,613,599,578,663,669
662,703,691,707,745,676,944,771
676,758,839,776,707,805,795,942
944,703,745,747,771,707,763,730
681,770,716,761,810,782,756,791
751,715,630,648,717,679,723,660
728,686,808,755,643,690,662,122
664,769,818,637,700,701,960,619
783,781,738,787,797,734,762,784
637,719,631,710,818,603,695,664
790,810,770,692,813,846,782,857
645,706,670,649,665,615,688,762
701,724,659,673,619,778,155,157
659,724,652,589,673,654,593,778
694,650,728,794,124,686,573,755
745,771,707,747,795,676,763,786
668,712,711,841,725,766,858,651
709,574,572,663,636,618,718,569
665,649,762,738,696,645,688,815
795,771,839,942,856,747,804,805
757,821,730,796,828,791,716,871
572,636,718,658,663,597,582,569
603,555,589,818,619,520,521,593
725,712,858,125,841,777,123,766
841,766,858,651,790,846,698,777
655,685,646,697,741,723,678,719
693,630,658,751,715,648,717,597
751,723,743,660,679,648,678,655
791,761,757,773,796,806,792,782
866,743,715,723,751,713,655,660
597,582,590,617,569,545,588,630
695,637,818,664,603,701,619,769
731,622,632,736,621,739,626,670
809,750,675,636,621,709,742,754
699,632,670,774,645,622,706,626
678,660,655,697,679,631,614,646
673,778,155,157,659,154,654,152
777,123,858,893,712,841,121,846
680,145,656,565,143,575,141,543
730,666,708,821,756,757,944,796
755,808,686,122,817,690,119,825
812,866,779,732,717,752,743,713
821,828,763,757,796,745,789,747
622,621,705,626,750,574,709,670
717,693,715,714,866,743,751,779
706,765,665,699,830,649,696,181
784,672,642,772,604,584,613,667
685,746,741,713,900,646,748,655
731,621,721,750,705,622,709,809
960,159,778,157,724,700,155,673
762,669,781,734,613,672,688,635
736,721,809,750,829,731,621,675
760,775,720,759,739,736,744,731
748,646,695,780,769,768,719,655
788,714,658,636,630,693,732,597
723,655,713,678,660,697,751,646
829,739,809,721,880,736,754,750
747,763,771,789,786,707,827,856
900,741,768,685,816,748,916,713
771,786,789,827,856,860,828,795
769,695,780,719,664,960,737,700
632,722,720,622,670,731,760,626
709,636,675,705,572,658,788,718
648,679,660,723,614,581,678,605
779,735,833,866,713,685,746,743
749,722,759,869,632,720,699,670
800,767,742,959,675,788,714,764
817,119,825,808,117,835,690,776
757,708,716,791,796,821,730,761
796,791,821,792,828,773,871,761
776,839,805,1056,875,942,909,115
749,720,632,760,731,622,722,736
720,739,736,731,744,621,721,622
782,806,773,791,831,840,792,826
613,669,688,635,781,734,536,683
789,747,828,827,786,935,771,796
729,732,812,717,866,779,714,693
706,696,815,665,783,738,864,649
698,790,810,846,624,692,770,857
742,732,714,764,788,693,675,729
780,859,824,748,163,164,769,161
960,664,737,700,724,701,778,818
782,761,813,716,831,806,823,791
856,786,795,860,804,827,942,789
820,171,667,642,169,672,167,592
806,840,792,958,879,822,826,871
733,699,706,765,649,665,645,670
744,832,739,760,736,829,720,721
1056,909,115,875,878,805,113,839
893,858,121,846,943,841,1007,950
157,155,673,154,659,152,654,684
866,713,735,743,717,685,655,723
769,824,737,960,161,159,695,163
734,784,797,669,672,772,844,613
831,806,836,826,773,850,791,958
797,781,784,734,844,738,772,803
772,642,672,820,171,667,169,584
897,807,740,852,759,760,749,720
860,827,856,951,874,901,804,984
783,797,844,781,803,784,174,176
658,714,630,597,693,617,718,648
827,935,786,951,871,860,954,984
810,857,813,823,770,943,782,692
773,792,796,806,840,871,879,828
879,871,840,822,940,958,935,913
807,753,802,863,722,749,869,759
122,755,728,694,119,825,808,817
942,856,804,855,805,834,786,874
828,871,792,879,773,935,840,789
844,784,772,734,173,174,820,171
787,803,176,797,174,844,783,173
959,843,764,800,848,729,812,767
767,764,843,732,742,714,729,788
124,794,702,728,694,122,755,650
869,722,753,774,851,699,749,733
174,844,173,820,797,772,171,784
885,874,891,873,834,882,899,987
942,875,834,855,987,891,949,925
840,958,826,1055,792,822,849,879
753,759,749,897,722,720,802,632
690,817,758,676,662,119,825,776
754,742,675,750,767,788,800,636
813,770,782,823,831,836,761,876
819,807,785,793,845,897,753,759
752,779,847,866,717,735,713,732
782,836,831,761,876,850,806,826
126,801,702,591,124,794,694,650
787,696,783,798,797,781,738,665
916,768,905,900,166,914,164,859
835,117,776,758,690,115,909,1056
619,701,603,589,700,659,652,960
793,807,862,189,753,802,785,863
171,667,169,642,167,592,672,165
828,796,763,871,789,791,935,792
849,913,898,940,996,1016,983,954
836,813,876,883,831,782,850,952
161,737,159,960,769,157,778,724
117,817,835,115,909,776,758,1056
1055,958,936,912,849,840,822,970
951,860,984,901,954,1018,874,980
871,935,789,792,879,827,954,951
809,754,721,800,742,675,767,736
815,765,864,180,696,787,783,798
826,806,850,936,1055,958,773,883
744,829,880,739,971,809,721,760
746,867,735,838,900,741,685,779
987,891,949,885,964,925,899,976
115,909,776,1056,878,758,113,875
850,831,883,936,941,826,939,957
176,798,803,174,787,844,173,797
867,872,816,746,870,768,916,900
942,805,795,855,834,875,804,1056
958,822,879,849,1055,898,940,913
858,766,790,846,698,857,810,893
892,832,928,880,971,744,775,829
764,729,812,732,752,779,767,866
173,820,772,171,784,667,169,642
852,785,740,897,929,775,807,915
857,790,943,823,810,950,813,876
752,833,735,779,746,838,867,713
843,812,847,752,729,764,779,868
898,983,912,913,1016,970,1047,991
936,941,877,939,826,896,912,970
927,774,733,869,865,183,765,706
740,775,915,897,760,832,739,744
644,609,634,961,666,674,944,691
800,959,799,754,829,767,764,843
891,834,804,885,987,873,874,899
860,804,874,855,885,827,901,882
823,876,810,813,950,836,952,883
846,893,790,943,857,766,121,950
163,824,161,780,159,737,769,960
874,901,882,804,951,984,1018,885
811,193,895,819,785,191,793,845
863,188,802,793,186,851,869,753
802,851,186,869,774,927,185,733
798,787,178,815,837,783,797,176
181,830,765,733,815,180,864,774
743,713,715,723,655,735,685,678
746,816,768,900,916,735,870,741
833,838,847,867,910,746,752,872
722,774,699,733,706,749,670,632
816,905,916,914,166,168,164,768
879,935,940,954,840,822,996,913
870,816,867,916,914,905,934,768
899,1034,998,1094,1086,964,1145,1141
882,885,901,873,998,891,1018,899
925,834,949,1024,987,110,855,976
883,957,836,850,939,946,941,831
884,970,896,973,1036,889,969,991
1024,110,925,875,962,108,949,976
940,822,913,954,996,958,898,849
829,854,754,809,800,959,767,721
895,861,195,890,845,811,981,785
998,873,1018,1099,995,1094,1034,899
850,939,941,946,936,1003,896,877
1036,973,889,969,1033,991,1078,1049
873,899,987,1034,882,964,998,1145
848,847,868,975,833,752,812,917
848,886,799,843,959,812,911,847
886,887,848,911,1017,847,868,975
1078,1036,1033,1080,1134,969,1049,1093
981,933,845,895,852,929,963,785
987,885,899,964,873,1145,1034,985
971,880,832,854,920,829,744,977
943,950,846,1007,857,120,952,1064
199,881,197,890,907,895,861,981
811,785,845,819,981,897,807,852
889,884,1036,1110,970,1078,1033,1080
759,740,760,720,749,753,775,731
1016,983,1006,1047,982,991,1039,1060
1034,1086,1145,1094,1120,1141,985,998
741,768,748,780,916,769,695,824
882,1018,998,995,1099,873,1000,1094
915,842,832,775,892,908,852,744
908,842,902,892,937,928,915,832
945,907,890,894,966,933,199,963
166,164,859,163,768,824,161,780
903,1041,908,937,968,928,842,902
890,933,981,963,929,845,881,852
928,892,842,971,923,920,880,977
113,878,1056,1024,110,875,925,805
872,924,838,172,870,170,816,934
975,886,868,917,1019,847,848,910
970,973,877,983,884,991,898,1047
996,898,1016,982,1020,980,1006,1028
168,166,905,164,916,859,163,768
832,775,842,744,740,892,739,829
768,905,859,164,166,163,824,780
910,868,838,872,924,919,833,867
799,887,959,843,854,848,888,800
172,924,910,170,934,872,914,168
854,918,799,959,880,800,843,887
1017,911,888,932,886,975,887,1019
926,888,921,887,886,911,1017,918
977,928,930,920,918,971,892,931
170,934,914,872,870,168,166,816
949,976,962,108,987,985,1013,106
888,887,918,921,886,848,799,911
865,183,733,765,774,830,181,706
971,892,920,977,854,880,918,930
915,902,852,775,832,842,740,744
977,926,918,922,887,979,888,920
930,922,979,926,888,997,977,921
1017,994,1019,975,911,1022,1008,917
929,981,902,852,915,845,775,903
914,168,870,166,905,816,164,916
954,951,940,827,879,984,980,996
877,941,912,970,1055,884,896,958
923,908,928,953,977,892,971,920
201,894,904,199,890,907,881,945
1003,941,896,1106,1004,877,1110,889
996,913,954,980,1020,898,982,1016
877,896,1003,884,970,889,912,1004
855,834,804,891,875,885,856,987
950,857,952,876,823,1064,990,957
745,703,763,747,730,771,789,821
907,963,933,890,947,981,929,967
939,1106,1003,1004,941,1066,896,1110
906,903,963,955,902,908,842,933
993,932,921,1017,994,1065,1019,922
976,987,964,985,962,891,1027,1013
952,1064,990,876,118,957,1069,823
984,954,901,980,1018,1000,940,996
957,876,990,883,946,1046,939,1026
923,1005,930,977,931,956,928,908
980,996,984,913,1020,1000,1018,982
1041,906,968,937,953,903,908,923
1005,931,989,979,930,922,1015,997
946,883,1046,1026,939,1106,1003,941
1055,849,822,912,898,983,913,970
800,764,843,767,729,732,848,812
724,700,778,157,159,673,701,155
691,689,703,944,662,745,666,707
976,106,1013,1074,1027,104,985,964
933,902,903,929,906,981,842,915
985,1145,899,1082,1027,1086,1034,1013
1005,956,953,931,930,923,937,979
945,947,963,967,907,933,906,903
947,906,955,903,963,1041,968,908
1041,953,965,937,1005,923,956,908
1049,1030,1033,974,1070,1001,1073,1093
973,884,991,1036,983,969,1030,889
920,854,880,977,918,829,800,959
1021,966,203,978,945,986,904,204
991,969,1030,1036,1047,1001,1049,1060
1067,1073,1075,1072,1089,350,1104,348
917,868,1008,910,838,872,833,919
985,1013,1027,106,964,1074,1145,104
918,920,799,926,854,887,959,922
967,966,947,906,988,945,963,955
922,997,921,926,948,888,1017,932
1020,1000,982,1028,1018,1079,1016,995
845,852,929,785,775,915,902,740
1028,1029,1039,1006,1038,1100,1079,1042
1047,991,973,1006,1016,1060,1030,1001
1018,980,1000,901,995,1020,996,882
1027,1145,1082,1054,1086,1119,1074,1144
978,1010,967,988,966,947,955,906
964,985,899,976,1145,873,1027,1086
955,967,999,968,1041,906,947,992
1015,979,997,948,931,1035,922,921
957,1046,116,1026,946,876,1106,114
1047,1030,1001,1060,969,1006,1088,1073
965,968,1002,956,953,1005,1041,1058
1065,994,932,1062,179,1022,1019,1017
1022,1019,1008,177,1017,1040,975,175
1087,1099,1095,1079,1103,1094,1085,1028
980,1020,982,1016,1000,1028,898,1029
948,921,932,922,1017,993,911,888
1099,1094,995,1034,1103,1141,1095,1087
992,968,955,965,1041,1009,953,1002
1079,1028,1087,995,1038,982,1085,1095
1088,1073,358,356,363,359,360,357
956,1090,965,989,1005,1063,979,931
1004,896,1110,889,1066,1080,1078,877
1066,1110,1080,1096,896,889,1078,1116
931,930,923,979,977,922,926,989
1039,1060,1042,1029,1088,1112,366,368
120,950,1064,118,943,990,952,1069
910,919,917,924,172,872,170,934
1053,992,1002,1058,965,956,1090,1097
988,1012,999,955,967,978,1014,968
1065,182,1091,993,1062,179,948,994
1014,999,988,992,968,955,1009,1041
1074,1027,104,1025,985,1054,101,1057
999,1009,992,968,988,965,1053,1002
948,997,979,993,932,921,1011,922
1006,982,1039,1047,1029,1020,1060,1028
975,911,1019,917,886,868,1008,1022
995,1000,998,1087,1099,1079,1020,1095
1008,975,917,910,1040,919,175,868
1028,982,1000,1079,1038,1029,1087,1100
904,945,966,907,938,201,978,963
1040,1019,1008,175,919,910,172,975
1014,1048,1012,1051,202,999,1009,1010
110,925,962,108,976,949,106,1013
101,99,1054,1057,1167,96,1119,1083
1106,946,1050,1004,1066,1076,939,112
1054,1082,1025,104,101,1119,1145,1057
1038,1079,1029,1100,1087,1039,1061,1085
1100,1039,1038,1045,1061,1042,1108,1052
1001,1073,974,1049,1088,1060,356,358
1053,1059,196,1009,1097,1058,194,1068
1092,184,1011,1035,182,1091,1065,1043
1049,1093,1070,1102,1138,974,1142,1030
1094,1086,1141,1120,1145,1099,1103,1113
1015,948,1011,993,1065,997,1092,932
969,1033,1049,1078,1030,991,1070,974
1032,1011,1035,1043,187,1092,184,1090
1100,1061,1085,1045,1117,1084,1108,1095
1042,1045,1100,1112,362,1052,368,361
175,919,172,1008,924,910,170,934
937,953,923,908,965,928,903,1005
1112,368,362,361,366,367,1088,365
1035,1015,989,948,997,1011,993,979
986,972,978,206,966,967,1021,203
1108,1052,1061,362,352,1112,361,354
1026,114,1071,1106,946,1050,112,1076
1060,1006,1001,1030,1088,1042,1039,365
1014,1009,1031,1053,198,1012,992,999
1070,974,1067,1093,1073,1142,1072,1001
1096,1066,1004,1081,1107,1116,1186,1110
1010,1012,988,1014,999,986,1048,955
352,351,354,347,349,345,1105,343
1058,1097,1063,1002,1090,1068,1043,992
1057,1119,101,99,1167,96,1169,1083
849,912,970,983,822,898,973,877
875,878,113,925,1024,805,110,834
99,1167,96,1083,1169,94,1271,1187
1090,1063,1002,1043,989,956,1015,1035
1097,1053,194,1068,1063,1058,192,1077
1042,1088,1001,366,365,1039,367,368
1084,1117,1108,1109,1111,1115,1052,1114
179,177,1022,994,1040,175,1019,932
1043,1090,1037,1035,1015,989,1032,1011
118,990,1069,116,952,1046,957,1026
1062,179,994,177,1022,932,1040,1019
1096,1110,1080,1116,1078,1121,1081,1186
1072,1089,1075,342,339,340,346,336
1077,1037,1063,1032,190,1043,1129,1058
116,1046,990,114,1026,1071,957,952
974,1142,1072,1067,1138,1201,1073,1179
112,1076,1026,1050,1106,111,1096,1107
1179,1089,1130,1136,1173,1161,324,330
1075,1104,355,353,350,1067,356,348
104,1025,101,1027,1054,99,1057,1119
346,344,342,350,348,340,339,336
1050,1107,1096,1081,1066,109,1146,1186
1037,190,1129,1032,187,1063,1092,1011
1134,1033,1093,1121,1102,1049,969,1138
1087,1038,1085,1095,1100,1029,1061,1117
1134,1078,1121,1116,1124,1102,1033,1093
1186,1146,1125,1116,1163,1131,107,1124
1144,1119,1054,1169,1057,1132,1120,1137
1271,94,1187,1137,91,1174,1185,89
1109,1111,1114,1128,1098,1156,1143,325
1117,1115,1061,1111,1164,1084,1156,1135
1120,1082,1144,1141,1132,1113,1119,1139
1095,1085,1038,1115,1117,1135,1103,1061
365,363,364,360,366,359,358,367
330,328,324,326,332,323,334,322
989,1043,1015,1035,956,997,979,948
179,1062,1065,993,177,994,1022,1040
1011,182,1091,1065,179,1062,993,994
1138,1070,1142,1171,1201,1148,1072,974
1141,1099,1103,1120,1086,1113,1135,1126
1135,1085,1164,1115,1126,1117,1162,1156
1081,1116,1186,1080,1124,1146,1110,1121
1068,1063,1058,1037,1090,1043,1077,1035
325,327,318,320,312,1118,1128,307
1103,1095,1141,1135,1087,1126,1113,1120
1061,1045,1108,1084,1052,1085,1109,1117
1157,1147,302,299,298,296,295,293
1171,1093,1138,1201,1148,1198,1142,1150
1135,1126,1095,1113,1164,1162,1123,1139
355,353,350,348,346,344,1075,342
341,337,338,335,333,331,329,327
1004,1066,1050,1003,1110,1096,1076,1080
1081,109,1146,1131,1096,1186,107,1163
1109,1084,1098,1105,341,338,345,335
1128,1098,1114,325,327,331,329,318
1080,1078,889,1134,1121,1033,1116,1036
1156,1114,1127,1109,1128,1143,1154,1122
361,368,362,367,354,364,352,351
1139,1126,1123,1218,1135,1162,1181,1137
1143,1122,1127,1101,1157,1160,1153,1118
1156,1111,1154,1162,1127,1084,1172,1181
1124,1121,1125,1166,1133,1134,1102,1078
1111,1115,1084,1156,1164,1114,1109,1127
307,306,304,302,299,298,1147,296
1169,1057,1144,1083,99,1167,96,1137
1132,1113,1144,1139,1103,1123,1126,1137
1134,1133,1102,1171,1166,1093,1150,1138
1153,1160,1155,1178,1157,1212,1192,1180
1218,1158,1181,1162,1168,1149,1193,1172
1121,1166,1133,1102,1150,1171,1170,1134
1151,1166,1170,1124,1188,1150,1133,1165
1162,1123,1164,1181,1139,1158,1218,1154
1159,1153,1122,1143,1190,1155,1160,1212
1143,1114,1101,1118,312,1157,307,306
187,1032,184,1092,1037,1011,182,1091
1136,1161,311,314,316,310,313,315
107,1163,1175,105,1151,1125,1188,1186
1139,1137,1113,1169,1218,1123,1149,1271
1171,1150,1102,1198,1170,1214,1093,1138
1102,1093,1033,1171,1133,1138,1166,1070
1164,1126,1162,1115,1181,1123,1154,1156
1254,1199,1219,1220,303,300,301,305
1271,1174,1149,1218,1187,94,91,1258
1201,1142,1148,1173,1179,1072,1286,1235
1218,1123,1137,1149,1168,1158,1174,1271
276,1203,275,274,1177,273,271,270
1120,1113,1103,1126,1132,1135,1139,1123
1201,1072,1179,1173,1067,1148,1130,1136
1157,1160,1122,1101,1177,1153,304,1147
1169,1132,1137,1139,1083,1271,1057,1113
1086,1082,1144,1120,1119,1132,1054,1169
1131,1163,107,1186,1125,1151,1175,105
295,293,291,290,288,287,286,284
1286,1235,1173,1251,1246,88,1220,1179
1258,1168,1152,1189,1158,1202,89,1185
1214,1198,1171,1239,1184,1286,1251,1148
1188,1170,1165,1166,1206,1196,1214,1150
1313,1207,1189,1176,83,1278,1205,78
1155,1212,1190,1192,1160,1178,1213,1222
1172,1127,1159,1191,1153,1193,1158,1190
1178,1222,1192,1180,1215,1182,1229,1213
1154,1127,1159,1114,1172,1153,1122,1181
1177,1160,1140,1183,1180,287,286,284
1193,1168,1172,1191,1202,1258,1189,1195
1153,1190,1191,1212,1122,1155,1210,1213
1178,1180,1155,1177,1183,1222,1182,1140
319,317,316,315,314,313,311,310
1181,1154,1172,1158,1156,1193,1218,1159
1151,1125,1175,1188,105,1170,1166,1165
1162,1115,1154,1156,1181,1172,1111,1127
1214,1184,1196,1150,1239,1232,1259,1198
1133,1150,1170,1171,1214,1198,1165,1102
96,1083,94,1187,1271,91,1185,1137
1258,1193,1189,1202,1152,1207,1191,1172
1137,1083,1271,1167,96,94,1174,1187
1150,1214,1165,1184,1198,1239,1196,1171
1138,1198,1148,1286,1201,1142,1235,1214
1191,1159,1193,1127,1190,1153,1195,1210
1220,1136,88,1325,1130,1254,1246,1219
1149,1185,1152,91,1258,89,1313,1168
1188,103,1151,1206,1194,102,1125,1165
78,1294,1197,1205,74,1380,1309,1249
1183,1180,1203,1204,274,273,1200,271
1222,1180,1182,1192,1215,1183,1237,1204
1173,1136,1130,1220,1254,1161,316,311
1183,1182,1204,1222,1237,1215,1307,1200
1172,1158,1193,1154,1191,1168,1159,1127
1237,1215,1307,1250,1265,1229,1245,1231
1204,1200,1182,1230,259,255,266,260
1239,1232,1275,1284,1259,1260,1251,1319
89,1313,1152,83,1278,1258,1176,1207
1125,1116,1124,1163,1166,1151,1121,1170
91,1185,1174,89,1313,1152,83,1149
1206,1165,1196,1194,1170,102,1184,1211
1207,1202,1205,1216,1176,1195,1197,83
1212,1210,1213,1195,1192,1223,1217,1155
1190,1195,1210,1202,1212,1213,1153,1216
1222,1229,1217,1215,1245,1182,1226,1223
1191,1202,1195,1189,1190,1159,1210,1216
102,1206,1208,1211,100,1244,1196,1241
1210,1216,1224,1223,1205,1213,1253,1212
1232,1184,1259,1211,1214,1239,1275,1260
1249,1380,1253,1236,1209,1309,1261,69
1286,1148,1251,1239,1235,1184,1246,1201
300,294,297,292,289,285,1225,280
255,251,253,247,1255,244,242,240
1148,1173,1179,1235,1072,1286,1220,1136
1195,1205,1216,1207,1210,1253,1176,1197
269,268,266,265,263,260,259,1200
1230,1307,1182,1231,1237,1255,251,244
1216,1253,1197,1249,1294,1236,1380,1261
1196,1211,1208,1165,1259,1232,100,1184
1176,1205,1197,1278,1294,1216,78,1253
1211,1244,1241,1341,98,1259,1280,1196
1434,1285,1257,1295,65,1268,1311,59
1213,1223,1224,1217,1216,1269,1192,1261
1341,1259,1241,1260,1221,1232,1299,1280
1213,1192,1155,1217,1210,1229,1222,1223
1217,1223,1192,1229,1269,1224,1226,1222
1184,1239,1198,1232,1284,1251,1275,1286
1237,1245,1250,1265,1226,1307,1316,1342
1253,1261,1224,1197,1236,1249,1223,1240
1229,1269,1226,1245,1215,1234,1316,1240
1149,1168,1158,1258,1174,1181,1193,1189
1238,1228,1225,1243,285,1264,289,278
1325,88,1219,1228,85,1254,86,1298
1260,1329,1314,1290,1322,1335,1289,1275
1215,1182,1229,1237,1245,1217,1250,1226
1224,1269,1217,1240,1234,1261,1226,1229
1261,1240,1269,1233,1234,1236,1242,1217
278,280,272,267,264,1238,1267,262
1316,1245,1227,1234,1250,1262,1266,1270
1270,1266,1262,1300,1304,1306,1305,1272
1292,1243,80,1238,82,1345,1264,75
1245,1215,1226,1316,1269,1250,1237,1227
1231,1247,1276,1307,234,1252,1256,1293
1276,1293,1288,1265,1310,1317,1252,1342
1275,1260,1239,1284,1221,1290,1302,1319
1242,1248,1285,1234,1304,1263,1268,1434
1242,1227,1266,1304,1316,1270,1306,1263
1246,88,1173,1325,1220,1298,86,85
1233,1285,1209,1240,1248,1434,1242,1268
1307,1265,1250,1245,1342,1231,1288,1293
1264,1267,1273,272,267,264,1330,262
1284,1275,1251,1319,1286,1302,1337,1246
1234,1233,1242,1304,1226,1266,1248,1227
1341,1280,1299,1221,97,1259,1329,1260
1304,1266,1248,1263,1272,1227,1306,1268
1264,1238,1345,1282,75,1273,1467,1277
98,1241,1280,1211,1341,97,1299,1365
1316,1250,1262,1265,1227,1342,1234,1307
88,1298,1325,86,85,1220,1352,82
1252,1276,1231,224,222,1310,1274,221
1268,1263,1304,1301,1311,1367,1272,1266
1209,1236,1285,1434,1261,1233,69,1248
1265,1342,1316,1262,1288,1279,1227,1293
1246,1319,1235,1284,88,1298,86,1337
1274,1276,1310,1283,1339,1359,1399,1293
1236,1249,1261,1233,1224,1380,1209,1240
1219,1225,1199,294,289,300,292,297
244,242,240,238,236,234,1247,233
224,222,221,1252,1247,217,216,215
1311,59,1326,1268,47,1303,1429,1248
1189,1152,1207,1202,89,1205,1313,1176
1260,1232,1221,1275,1290,1299,1314,1329
1290,1314,1275,1329,1315,1302,1284,1336
1233,1240,1236,1242,1234,1269,1285,1248
1279,1270,1297,1305,1300,1291,1308,1318
1272,1367,1301,1281,1306,1296,1320,1455
1273,1277,1282,1330,1467,1358,1327,262
1342,1288,1293,1279,1291,1262,1317,1276
1306,1270,1300,1272,1263,1296,1305,1262
262,261,256,257,1372,254,1330,252
1311,1301,1263,1429,1367,1455,1303,1304
1234,1226,1240,1227,1316,1245,1242,1266
1300,1305,1306,1354,1297,1272,1279,1296
1174,1187,94,91,1185,1149,89,1152
1306,1296,1281,1367,1300,1320,1364,1360
1330,1277,1327,1358,1467,1338,1372,1452
1283,1399,1287,1310,1478,1359,1391,1351
1284,1302,1290,1319,1337,1315,1251,1346
1310,1293,1317,1359,1283,1288,1274,1331
1358,1327,1451,1452,1362,56,1513,1338
78,1176,1294,74,1380,1309,1197,69
1291,1297,1308,1350,1305,1370,1317,1318
97,1299,1365,1289,95,1341,1221,1329
1364,1320,1340,1360,1411,1418,1354,1431
1467,71,1384,1362,1277,66,1273,1451
1359,1324,1287,1333,1331,1312,1334,1332
1319,1302,1337,1346,1290,1315,1246,1352
1248,1268,1311,1257,1263,1242,1301,1304
1235,1251,1246,88,1173,1319,1325,1220
1334,1351,1324,1312,1413,1394,1371,1333
1293,1317,1291,1279,1350,1331,1262,1310
1323,1322,93,1390,1329,1347,1381,92
1315,1302,1336,1402,1349,1346,1337,1335
1350,1308,1331,1344,1297,1328,1370,1359
80,1243,1345,75,79,1282,1264,71
1317,1310,1291,1331,1359,1350,1279,1344
74,1380,1309,1197,69,1249,1209,1253
59,1326,1257,1434,47,1311,1303,1285
1281,1364,1360,1354,1320,1340,1369,1418
1308,1318,1370,1354,1350,1321,1369,1403
86,85,82,1352,1292,80,1228,79
1329,1221,1289,1322,1314,1260,1323,1335
1305,1354,1296,1297,1318,1369,1360,1281
1455,1367,1429,1320,1428,1411,1281,1374
1337,1315,1346,1349,1402,1352,1353,1336
42,1397,1374,1429,40,1430,1428,1301
1266,1272,1263,1306,1270,1296,1300,1367
1297,1354,1318,1370,1308,1369,1296,1403
1300,1296,1354,1281,1305,1360,1367,1364
1231,1265,1293,1288,1250,1276,1342,1247
1370,1328,1318,1321,1465,1344,1403,1354
69,1209,65,1295,1249,1434,1257,59
1359,1283,1331,1317,1333,1324,1344,1287
1429,1301,1303,47,1455,1374,42,1397
1413,1332,1379,1392,1423,1373,1343,1435
83,1278,1176,78,1207,1294,1189,74
1335,1290,1336,1347,1315,1348,1402,1393
1402,1349,1336,1346,1368,1406,1353,1383
1227,1262,1270,1342,1266,1265,1279,1305
1331,1291,1350,1344,1359,1308,1356,1333
1370,1369,1403,1321,1446,1328,1357,1465
1337,1246,1352,1298,1302,86,82,1346
1340,1411,1364,1431,1428,1360,1418,1432
1403,1465,1355,1357,1416,1366,1400,1479
1347,1335,1381,1314,1393,1348,1398,1405
1381,1322,1347,1405,1398,1393,1335,1422
1312,1333,1332,1334,1373,1413,1379,1423
85,86,1298,1228,1292,82,80,1219
47,1303,1311,42,1397,1429,1268,1374
1338,1452,1358,1482,1449,1375,1513,1451
1465,1401,1366,1321,1355,1479,1421,1403
1314,1322,1335,1347,1290,1323,1336,1348
1327,1338,249,246,1277,245,243,1358
1344,1333,1356,1350,1401,1324,1373,1328
1373,1423,1379,1460,1425,1453,1392,1401
1332,1373,1356,1344,1312,1423,1401,1460
1413,1312,1343,1371,1392,1379,1332,1412
1348,1393,1336,1381,1361,1363,1398,1368
1402,1368,1348,1361,1349,1406,1388,1363
1346,1352,82,1298,79,1315,1353,1349
1482,1375,1452,1377,225,226,223,220
1274,1399,1391,1478,1287,1283,1351,1394
1431,1418,1378,1360,1382,1485,1548,1432
1221,1259,1260,1299,1329,1314,1232,1290
1288,1279,1262,1291,1293,1317,1350,1297
1412,1392,1413,1441,1443,35,1439,33
1356,1401,1328,1373,1366,1465,1460,1332
75,1282,71,1384,1467,1264,66,1362
1349,1353,79,76,1402,1383,82,1406
1335,1393,1381,1348,1398,1363,1336,1417
1361,1363,1368,1398,1385,1388,1402,1376
1353,1383,1406,76,1368,73,79,1407
1308,1344,1328,1370,1356,1401,1465,1321
1334,1371,1343,1413,1312,1392,1324,1433
82,79,1346,80,1353,1292,76,75
76,1383,73,1406,75,70,71,1345
1369,1318,1360,1446,1403,1370,1364,1321
1357,1479,1400,1408,1421,1416,1438,1501
1401,1373,1460,1366,1328,1332,1423,1465
1416,1400,1438,1454,1408,1479,1462,1426
1452,1513,1451,56,44,1482,1475,1449
1333,1331,1324,1344,1356,1332,1373,1312
1418,1446,1483,1369,1378,1491,1426,1485
1388,1389,1376,1385,1406,1407,1415,1387
1451,1476,1396,56,61,1461,49,1358
1385,1361,1376,1389,1388,1387,1440,1444
1340,1360,1418,1378,1483,1431,1446,1485
95,1289,93,1299,1323,1390,1322,1329
1421,1479,1355,1460,1408,1498,1497,1357
1320,1281,1455,1340,1364,1296,1411,1428
1406,1388,1361,1407,1383,1389,70,1415
1446,1403,1483,1416,1321,1357,1426,1418
1321,1328,1403,1465,1369,1355,1357,1366
1343,1433,1412,37,1413,1392,1505,35
252,250,248,249,246,245,243,241
1423,1460,1401,1379,1425,1453,1366,1497
1430,1428,40,1437,1432,1455,38,1411
1482,1391,1339,1449,1478,1399,1452,1394
1387,1389,1444,1419,1440,63,60,1448
223,220,218,219,214,212,213,215
1485,1537,1382,1491,1414,1424,1483,1386
1423,1453,1435,1425,1460,1490,1439,1540
1309,1249,1209,69,1236,1434,65,1295
1398,1393,1417,1410,1348,1560,1363,1436
1537,1386,1424,1485,1414,1404,1521,1514
73,70,1407,67,1388,1415,71,64
66,1362,1476,1467,61,1396,1451,1277
1376,1387,1440,1389,1444,1463,1448,1388
1404,1424,1514,1537,1503,30,32,1589
1444,1448,1474,1464,60,1419,58,63
1389,1407,1415,1376,64,67,70,1419
1415,1419,64,63,1444,1387,67,60
92,1323,1405,1422,1381,90,1560,1322
1478,1449,1394,1399,1395,1351,1287,1371
1439,1412,1435,1379,1443,1490,1453,1441
1398,1348,1363,1410,1385,1361,1417,1376
1371,1351,1420,1433,1343,1334,1505,39
1394,1420,1371,1504,1433,39,41,1505
1461,49,51,45,1447,56,43,1513
40,1374,1430,38,1437,1428,1432,1455
1417,1410,1363,1385,1436,1470,1440,1463
1287,1478,1351,1334,1394,1283,1371,1324
1409,1462,1408,1501,1456,1477,1427,1511
1366,1460,1465,1421,1479,1423,1355,1497
1368,1349,1406,1383,1388,1361,1353,1407
1357,1416,1446,1355,1438,1465,1400,1426
32,1503,1514,30,1589,1424,28,1537
1560,1381,1417,1398,1436,1442,87,1410
1383,1407,70,1388,73,67,1415,1389
70,67,1415,64,1389,63,1419,66
1501,1498,1409,1511,1502,1512,1427,1544
1427,1511,1477,1539,1492,1512,1487,1488
1385,1470,1363,1440,1463,1387,1376,1450
1431,1340,1432,1548,1382,1364,1378,1469
1441,1443,35,33,1439,1520,31,1435
1392,1379,1332,1435,1412,1423,1439,1453
1494,1521,1515,1493,1486,1499,1524,1459
64,67,63,1419,1444,60,1464,58
1438,1454,1426,1400,1456,1462,1486,1491
1410,1436,1470,1463,1445,1385,1450,1363
1483,1378,1491,1485,1446,1426,1537,1414
63,60,1464,58,1448,1519,53,1567
39,1505,1433,37,1371,35,1343,1412
1479,1497,1498,1408,1544,1502,1501,1458
90,1560,87,1442,1405,1436,1495,84
1425,1460,1453,1497,1435,1421,1458,1366
1521,1514,1414,1524,1515,1530,1589,1494
1453,1497,1458,1544,1540,1421,1490,1555
1454,1486,1456,1438,1494,1459,1414,1493
1539,1492,1488,1487,1553,1523,1508,1591
1432,1411,1431,1548,1437,1340,1469,38
1455,1374,1428,1397,1411,1367,1430,1432
38,1437,1473,1428,1432,36,1469,1548
1382,1548,1378,1537,1469,1386,1485,1418
1548,1431,1469,1382,1386,1473,1404,36
37,35,1412,1343,1441,33,1443,1392
1257,1285,1268,1311,1248,59,1326,1301
1490,1453,1540,1425,1481,1457,1458,1557
1445,1470,1450,1410,1526,1463,1466,1471
1473,36,1432,1469,1484,1548,34,1404
1400,1454,1462,1456,1409,1477,1459,1486
1490,1457,1435,1520,31,29,1481,1554
1387,1474,1448,1480,1444,1533,1464,1519
33,1443,1520,31,1439,1457,29,1490
1495,1436,84,1445,1526,1613,81,1417
1439,1520,31,1457,29,1490,1435,1554
60,1419,1464,63,1448,58,1519,53
1526,1450,1466,1470,1528,1471,1463,1468
1483,1426,1416,1454,1491,1357,1438,1485
45,43,44,1475,41,1504,39,1420
1519,1464,58,53,1567,60,1533,46
1395,1394,1475,1478,1420,1504,41,44
1471,1466,1463,1480,1468,1472,1474,1620
56,1513,1461,49,1396,44,1452,1475
1513,1482,1449,1475,44,56,1395,1391
1540,1458,1490,1497,1544,1481,1557,1506
1456,1486,1459,1462,1518,1400,1494,1493
1428,1411,1320,1432,1340,1431,1281,1364
1459,1518,1462,1477,1508,1489,1493,1487
29,1554,1481,27,1549,1557,1540,1500
1544,1555,1506,1557,1502,1574,1535,1481
1518,1493,1489,1508,1499,1462,1477,1601
1425,1421,1497,1479,1453,1498,1544,1458
49,45,44,1447,43,1475,41,1504
1477,1409,1518,1487,1427,1508,1539,1511
1480,1440,1471,1474,1533,1472,1387,1448
58,1519,53,1567,46,1608,1562,48
1366,1355,1479,1421,1357,1408,1460,1400
1468,1471,1472,1566,1561,1496,72,1620
1277,1362,1451,1358,66,56,1476,1513
1472,1496,1620,1561,1599,1480,1562,1532
1386,1404,1484,1382,32,34,1424,1503
1463,1450,1471,1480,1440,1466,1474,1472
1472,1480,1468,1620,1533,1474,1562,1496
1620,1562,1496,1533,1599,1621,50,1474
36,1484,34,1469,1404,32,1548,1386
1448,1533,1519,1567,53,58,1562,1464
41,1504,1420,39,1395,1505,1394,1433
61,1396,51,1447,1461,49,1451,45
1487,1508,1539,1427,1553,1550,1489,1488
1394,1351,1287,1395,1371,1334,1343,1420
1408,1498,1501,1400,1497,1502,1409,1511
1474,1533,1472,1562,1448,1620,1567,1608
1554,1557,1500,1549,27,1569,1506,24
1449,1391,1395,1478,1394,1475,1339,1513
1426,1491,1485,1454,1416,1486,1494,1414
32,1404,1503,30,1386,1589,1514,28
1491,1414,1537,1494,1424,1426,1521,1486
1459,1494,1493,1456,1518,1489,1499,1515
1553,1539,1550,1516,1552,1591,1488,1522
1523,1590,1558,1553,1591,1563,1592,1552
1527,1601,1508,1516,1534,1507,1487,1550
1540,1481,1457,1557,1554,1458,29,1500
1426,1494,1414,1486,1454,1493,1459,1521
1488,1523,1539,1542,1547,1590,1553,1583
1499,1515,1489,1601,1518,1525,1527,1507
1493,1515,1459,1499,1521,1456,1489,1518
1613,81,1526,1445,1528,1436,77,1466
1620,1532,1624,1599,52,54,1577,50
1544,1458,1498,1502,1555,1408,1540,1535
1502,1501,1512,1544,1511,1535,1409,1555
1601,1525,1489,1507,1527,1531,1551,1509
1569,1559,1556,24,1575,22,1510,1573
1409,1511,1427,1512,1492,1502,1462,1539
1512,1535,1555,1542,1511,1574,1583,1492
30,1589,28,1514,26,1530,1524,1521
39,1420,1505,37,1433,1371,35,1441
37,1433,35,1441,1412,1343,33,1443
1569,1510,1574,1556,1500,1587,1535,1583
1509,1529,1534,1546,1596,21,1619,19
1487,1516,1550,1527,1553,1539,1534,1522
1596,21,19,1546,1571,1529,17,1564
1587,1556,1517,1545,1583,1538,1575,1572
1492,1427,1512,1539,1542,1488,1535,1523
1535,1542,1492,1583,1427,1523,1574,1547
44,1475,1461,49,41,1504,1449,1395
1589,28,1530,1524,26,1521,25,1515
1499,1525,1601,1531,1551,1507,1530,1489
1522,1550,1534,1543,1552,1529,1536,1578
1570,1538,1565,1568,1576,1572,20,1581
1508,1489,1477,1487,1527,1601,1499,1516
53,1567,46,1608,48,1621,50,52
31,1457,29,1554,27,1490,1481,1549
1515,1524,1525,1530,1499,1493,26,1551
1543,1536,1578,1586,1595,1564,1602,1558
1590,1563,1547,1558,1592,1591,1585,1545
1530,1515,1525,26,1551,25,1531,1499
1531,1551,1601,1507,23,1509,25,1619
1528,1466,77,1450,1468,1566,1471,1470
1534,1516,1507,1529,1543,1550,1522,1546
1466,1566,72,1468,1561,1450,1496,1471
1546,1564,1543,1578,17,1571,16,19
26,25,1551,23,1525,1619,1531,21
1509,1507,1619,23,21,1596,19,1546
54,1624,55,52,1599,57,50,1621
1562,1567,1608,46,48,53,1621,1519
1529,1543,1522,1546,1578,1564,1536,1552
1542,1583,1574,1547,1545,1492,1510,1523
1595,1586,1579,1602,1604,12,1593,1614
1424,1414,1521,1491,1494,1514,1515,1524
1565,1572,1576,1585,1580,1568,1584,1615
1553,1488,1591,1523,1550,1558,1552,1590
1458,1557,1481,1506,1569,1500,1555,1544
62,1577,1532,55,1496,57,54,1624
1583,1547,1545,1523,1585,1488,1563,1510
1578,1536,1564,1595,1602,14,16,12
1555,1502,1535,1512,1574,1506,1542,1583
1547,1585,1572,1538,1580,1517,1563,1565
17,1571,1564,19,16,1578,1543,14
1585,1563,1572,1590,1580,1538,1592,1582
1469,1382,1386,1404,1537,1378,1424,1484
24,1559,1500,22,1569,1575,1573,1556
1552,1522,1591,1543,1534,1536,1558,1586
23,1619,1531,21,1509,1596,1507,1601
1522,1586,1536,1558,1543,1603,1578,1595
1591,1550,1552,1558,1516,1522,1523,1590
27,1549,24,1500,1557,1559,1569,22
1535,1574,1506,1583,1510,1542,1512,1569
1575,1517,1587,1570,1538,22,1573,1565
1500,1569,1506,1549,1556,1510,1559,27
1592,1603,1586,1563,1598,1616,1593,1536
22,1575,1573,20,1556,1570,1517,1581
1436,1442,1417,1445,1398,1470,1495,84
1496,68,1541,1532,1620,1577,62,1624
1621,48,1608,50,1599,46,1567,52
1592,1598,1582,1580,1616,1615,1610,1603
16,1578,1602,14,17,1595,12,1536
1576,1568,1584,1588,1600,1580,1623,18
72,1561,68,1541,1468,1496,62,1532
53,46,1608,48,1621,50,52,43
1588,1576,1623,15,1600,13,11,1584
1556,1510,1575,1587,1559,1517,1574,24
1581,18,1568,1565,1623,15,1538,1576
17,16,1564,14,1602,1578,12,1595
1580,1565,1576,1615,1584,1563,1582,1568
20,1581,18,1570,1517,15,1623,1568
1583,1510,1545,1587,1542,1547,1556,1538
1570,1517,1573,20,1587,1581,18,1565
1584,1600,1588,1617,1615,1609,11,1623
55,1532,57,54,1624,52,1599,50
1602,1595,1536,14,16,12,1604,10
1614,8,1606,7,1604,1597,10,1611
1615,1582,1584,1594,1576,1617,1598,1610
18,15,1623,1568,1588,13,1565,1576
1594,1615,1610,1605,1616,1617,1612,1584
1545,1547,1585,1587,1572,1538,1523,1563
1617,1600,1594,1609,1618,9,1622,6
1572,1580,1563,1615,1582,1584,1565,1598
1603,1593,1579,1616,1597,1595,1614,1598
1517,1538,1545,1565,1572,1570,1585,1576
13,11,1600,9,1609,1617,6,1618
28,26,1530,1524,25,1551,23,1525
1563,1592,1558,1598,1603,1616,1585,1582
1558,1552,1586,1590,1522,1592,1603,1536
1598,1603,1616,1610,1586,1582,1612,1593
1597,1579,1612,1606,7,1611,1614,8
1622,1617,1605,1625,1618,1627,4,1612
1604,1602,12,10,14,1579,1614,8
19,1571,17,1546,16,1564,14,1578
1611,5,7,1606,1607,3,1628,8
1616,1610,1582,1603,1612,1605,1594,1615
50,52,1624,1621,48,54,1608,46
1609,9,11,1617,6,1618,1622,4
1507,1527,1531,1534,1529,1509,1516,1546
14,12,1604,10,1614,1579,8,1606
1616,1593,1597,1612,1610,1579,1582,1611
10,1614,8,1606,7,1611,1597,5
1625,1622,1628,1626,1,3,1627,1607
7,1611,5,1607,3,1628,1,1625
3,1,1626,0,2,5,1628,1611
46,43,45,44,41,1475,1504,39
9,6,1618,4,1627,1622,2,1626
1612,1605,1594,1625,1597,1628,1622,1607
5,1607,3,1628,1,1625,1626,0
1597,1605,1628,1607,1611,5,3,1625
1526,1528,77,1466,1445,1566,72,1450
8,1606,7,1611,5,1607,3,1628
1594,1584,1617,1622,1610,1605,1600,1618
1612,1610,1597,1593,1605,1611,1594,1628
1618,1622,6,1609,1627,9,4,1605
6,4,1627,2,1626,1625,0,1
21,1596,1509,19,1571,1546,17,1529
1599,1562,1624,52,50,1621,1532,54
50,48,1608,46,43,1447,45,49
1627,1618,4,1625,2,1626,6,0
15,1588,13,11,1600,9,1609,1584
52,54,50,55,1621,48,1608,46
1626,1628,1,2,0,1627,3,4
0,2,1,1625,1627,1628,1622,4
4,2,1626,0,1,1628,3,1607
3,1,1607,1626,0,2,4,1625
