x,y,region
0.4627659574468085,0.8976063829787233,1
0.45716325913067885,0.8922872340425532,1
0.4501194172464949,0.8922872340425532,1
0.4416344317942567,0.8922872340425532,1
0.4332763825174454,0.8920529782621262,1
0.4259039887851046,0.8899997334659557,1
0.4185315950527639,0.8879464886697852,1
0.41209387388378005,0.8841683419688865,1
0.40565615271479616,0.8803901952679877,1
0.4006979498479736,0.8754319924011652,1
0.3962765957446808,0.869589526767308,1
0.39226106241648984,0.8643355305015963,1
0.38629067752918445,0.8596949328483333,1
0.37985295636020056,0.8559167861474347,1
0.3734152351912167,0.8521386394465358,1
0.36968085106382975,0.8460806145145572,1
0.3683510638297872,0.8392680686620515,1
0.3660157275586816,0.8327710467076178,1
0.36436170212765956,0.8260602411940157,1
0.36303191489361697,0.81924769534151,1
0.36542324582012164,0.8127682435415805,1
0.36788974836430005,0.8063123792952743,1
0.36968085106382975,0.7996445862579438,1
0.36968085106382975,0.7924147761684626,1
0.36968085106382975,0.7851849660789816,1
0.36968085106382975,0.7779551559895006,1
0.36968085106382975,0.7707253459000194,1
0.36968085106382975,0.7634955358105383,1
0.3683510638297872,0.7566829899580327,1
0.3670212765957446,0.749870444105527,1
0.3656914893617021,0.7430578982530214,1
0.36436170212765956,0.7362453524005156,1
0.36255970214608924,0.729580978741834,1
0.3603723404255319,0.7230375249324797,1
0.3590425531914893,0.7162249790799742,1
0.35771276595744683,0.7094124332274684,1
0.35573023803082454,0.702804706115931,1
0.3537234042553192,0.6962046057594327,1
0.3523936170212766,0.689392059906927,1
0.351063829787234,0.6825795140544214,1
0.34973404255319146,0.6757669682019157,1
0.3484042553191489,0.6689544223494102,1
0.34700431488865185,0.662163889356737,1
0.34352563032399064,0.6560256303239906,1
0.34105912777981234,0.6495697660776847,1
0.3365682611946683,0.6437491122584982,1
0.3320773946095243,0.6379284584393117,1
0.32758652802438026,0.632107804620125,1
0.3220834794187533,0.6266047560144979,1
0.3186047948540922,0.6204664969817516,1
0.31310174624846526,0.6149634483761249,1
0.30638397259285827,0.6117021276595745,1
0.3006936401921761,0.6065447040219634,1
0.2942559190231923,0.6027665573210648,1
0.2882855341358869,0.5981259596678018,1
0.28191489361702127,0.5943267642189751,1
0.2770488469493881,0.589095744680851,1
0.2713865614944537,0.5838865614944536,1
0.26642835862763126,0.5789283586276313,1
0.25999063745864737,0.5751502119267325,1
0.2530855800079851,0.572234516178198,1
0.24618052255732284,0.5693188204296633,1
0.2388081288249821,0.5672655756334929,1
0.2314643221854686,0.5651595744680851,1
0.22442048030128475,0.5625,1
0.2171582839096384,0.560243390292617,1
0.20961222474888988,0.5585106382978724,1
0.20194616016327843,0.5569993516526401,1
0.19480396919649462,0.5545212765957448,1
0.1870395555282833,0.5531914893617021,1
0.18029631524793413,0.5499771663117639,1
0.17367244354394218,0.5465425531914894,1
0.16590802987573083,0.5452127659574468,1
0.15814361620751952,0.5438829787234042,1
0.1508067403185704,0.5417641871270811,1
0.14343434658622947,0.5397109423309102,1
0.13629151877093992,0.5372340425531915,1
0.12868955912154761,0.5356044527385689,1
0.12271917423424211,0.5309638550853059,1
0.11660113668644183,0.526595744680851,1
0.10955729480225769,0.523936170212766,1
0.10293867444561165,0.5204918659349733,1
0.09546961103388939,0.5186170212765957,1
0.08772655069925131,0.5173266407901104,1
0.08066135548149392,0.5199468085106382,1
0.07217637002925538,0.5199468085106382,1
0.06369138457701685,0.5199468085106382,1
0.055926970908805544,0.5212765957446808,1
0.04852790062915437,0.5192725814802182,1
0.042090179460170435,0.5154944347793193,1
0.03713197659334778,0.5105362319124969,1
0.03162892798772072,0.5050331833068697,1
0.027925531914893616,0.4989654348592711,1
0.025265957446808502,0.49257015324374076,1
0.022606382978723406,0.48617487162821044,1
0.024462030166922555,0.4795273315352052,1
0.02393617021276596,0.47296704416017443,1
0.021061171674365803,0.46675531914893614,1
0.014231822187675155,0.46369990729405813,1
0.010753137623013873,0.4575616482613117,1
0.009298817099318318,0.45078817880144595,1
0.009607006195025348,0.44813829787234044,1
0.014627659574468078,0.4437548231398603,1
0.010381655307361012,0.4385731446690632,1
0.00441127042005556,0.4339325470158002,1
0.002659574468085098,0.4272523888225776,1
0.0013297872340425568,0.42043984297007186,1
0.0,0.4136272971175662,1
0.0034303757156923073,0.40747387960345655,1
0.007921242300836446,0.40165322578426993,1
0.011399926865497744,0.39551496675152353,1
0.015014594707581892,0.3896276595744681,1
0.02084899631746457,0.38473611006551417,1
0.026819381204770117,0.38009551241225126,1
0.03131024778991421,0.3742748585930645,1
0.03681329639554126,0.36877180998743736,1
0.04130416298068545,0.3629511561682507,1
0.04579502956582965,0.357130502349064,1
0.050285896150973834,0.35130984852987723,1
0.053191489361702135,0.3449917633411908,1
0.05669841954149192,0.3395781762031889,1
0.060177104106153255,0.3334399171704425,1
0.0631109429320101,0.32784650387650055,1
0.0651595744680851,0.321259518934427,1
0.06851128430204534,0.31579722633625246,1
0.07047872340425533,0.3091847646125573,1
0.07180851063829786,0.30237221876005166,1
0.0733415821548104,0.2963392689090194,1
0.07579787234042552,0.28988020020120653,1
0.0771276595744681,0.2830676543487009,1
0.07845744680851063,0.27625510849619517,1
0.07978723404255318,0.26944256264368943,1
0.08111702127659574,0.26263001679118375,1
0.08377659574468083,0.2562347351756534,1
0.08643617021276595,0.24983945356012308,1
0.09003705644678897,0.24373953929789188,1
0.09308510638297872,0.23746615456603787,1
0.09441489361702128,0.23065360871353216,1
0.09574468085106383,0.22384106286102656,1
0.09574468085106383,0.21661125277154544,1
0.09441489361702128,0.2097987069190397,1
0.09175531914893617,0.2034034253035094,1
0.08823551552802149,0.19727806871951084,1
0.08475683096336013,0.1911398096867644,1
0.08026596437821597,0.18531915586757763,1
0.0747629157725889,0.17981610726195063,1
0.06980471290576624,0.17485790439512802,1
0.06484651003894358,0.1698997015283053,1
0.05988830717212112,0.1649414986614828,1
0.055151635768747216,0.15957446808510636,1
0.050439237720154274,0.1541626419754734,1
0.0459483711350101,0.14834198815628674,1
0.041457504549865916,0.14252133433709996,1
0.03856382978723404,0.13619950934551614,1
0.03723404255319148,0.12938696349301046,1
0.03856382978723404,0.12257441764050475,1
0.04186440871274769,0.11638027213831617,1
0.04853501988644955,0.11303191489361705,1
0.057020005338688055,0.11303191489361705,1
0.06351425362809202,0.1140461685217091,1
0.06893979277659311,0.11814192043616763,1
0.07241847734125441,0.124280179468914,1
0.0769093439263986,0.13010083328810065,1
0.08241239253202567,0.13560388189372777,1
0.08885011370100969,0.1393820285946267,1
0.09576085553066963,0.14228723404255322,1
0.10352526919888093,0.14361702127659576,1
0.11096729489803245,0.14554176298313892,1
0.1183335247512764,0.14760638297872342,1
0.12609793841948774,0.14893617021276595,1
0.13314178030367194,0.14627659574468088,1
0.1416267657559104,0.14627659574468088,1
0.15011175120814893,0.14627659574468088,1
0.1571555930923331,0.14893617021276595,1
0.16444339615113276,0.15114552381070734,1
0.16888297872340427,0.15698226966623827,1
0.17140076528045542,0.16342204187620005,1
0.17386726782463383,0.16987790612250622,1
0.17734595238929515,0.17601616515525256,1
0.18331633727660065,0.18065676280851561,1
0.18975405844558463,0.18443490950941444,1
0.19712645217792557,0.1831926967582446,1
0.1981382978723404,0.17628038634901935,1
0.19725368453984704,0.1693281526249535,1
0.1954787234042553,0.16265529464400805,1
0.19333286147197323,0.1560988189187818,1
0.189854176907312,0.14996055988603535,1
0.18617021276595747,0.14388671403439252,1
0.1874192537129597,0.13704883139342325,1
0.18887357423665532,0.13027536193355735,1
0.19522057119911182,0.12632978723404253,1
0.2017490165746233,0.12271906853175968,1
0.2067072194414459,0.11776086566493706,1
0.21221026804707302,0.11225781705930997,1
0.21823242674242613,0.10771276595744675,1
0.2250857103850406,0.11072400825738113,1
0.22606382978723402,0.11764690139384992,1
0.22739361702127658,0.12445944724635563,1
0.22944867195612728,0.13104441663697836,1
0.23544437106794064,0.13563829787234036,1
0.24248821295212475,0.13563829787234036,1
0.24728231716091786,0.13037725730716715,1
0.25465471089325886,0.12965471089325883,1
0.2606250957805643,0.13429530854652175,1
0.2670628169495483,0.1380734552474207,1
0.27396787440021053,0.13560659368489575,1
0.276595744680851,0.1292013638436311,1
0.2732784278526519,0.12301247040584333,1
0.2673080429653463,0.11837187275258042,1
0.26234984009852375,0.11341366988575781,1
0.2579787234042553,0.10755544062174412,1
0.25290077064655686,0.10263481319974832,1
0.25398936170212766,0.0958979505368499,1
0.2506273400262851,0.0897230847071362,1
0.24512429142065809,0.08422003610150922,1
0.24016608855383542,0.07926183323468651,1
0.2352078856870129,0.074303630367864,1
0.23227404686115605,0.06871021707392201,1
0.2327127659574468,0.06217727299309353,1
0.2337732420444159,0.055851063829787245,1
0.23670212765957446,0.049685254434248496,1
0.24323944790956264,0.04665416911171384,1
0.2496771690785467,0.04287602241081499,1
0.25265957446808507,0.03658203955546505,1
0.2553191489361702,0.03018675793993474,1
0.2566489361702127,0.023374212087429028,1
0.25954317925526016,0.01705256542559077,1
0.26302186381992154,0.010914306392844405,1
0.26595744680851063,0.004605631477813596,1
0.27227802763650777,0.001329787234042549,1
0.28004244130471906,0.0,1
0.2866708749977658,0.0034261941467019566,1
0.2916290778645884,0.008384397013524567,1
0.2961199444497326,0.014205050832711348,1
0.29959862901439377,0.020343309865457605,1
0.30307731357905504,0.026481568898204078,1
0.30655599814371637,0.03261982793095043,1
0.3100346827083777,0.0387580869636968,1
0.31351336727303897,0.04489634599644316,1
0.3169920518377001,0.05103460502918953,1
0.32047872340425526,0.057170357878867165,1
0.3249616029875056,0.06299351788112258,1
0.3304646515931326,0.06849656648674966,1
0.3359677001987597,0.07399961509237664,1
0.34240542136774366,0.07777776179327561,1
0.3483758062550491,0.08241835944653841,1
0.3543461911423546,0.08705895709980144,1
0.3607839123113386,0.09083710380070029,1
0.36805077264570707,0.09308510638297872,1
0.375061363494342,0.09580604434540581,1
0.38196642094500444,0.0987217400939406,1
0.38840414211398844,0.10249988679483946,1
0.3947849966143893,0.1063829787234042,1
0.4011082667145461,0.11037234042553196,1
0.407431536814703,0.1143617021276596,1
0.4141550267899242,0.11761247359843499,1
0.4207986487990441,0.12101063829787234,1
0.42856306246725545,0.12234042553191489,1
0.43627220798694705,0.12377220798694703,1
0.443644601719288,0.12582545278311777,1
0.4511357316878623,0.1276595744680851,1
0.4581795735720464,0.13031914893617016,1
0.4652234154562306,0.1329787234042553,1
0.4722672573404148,0.13563829787234036,1
0.48003167100862576,0.13696808510638295,1
0.4877960846768366,0.13829787234042556,1
0.4955604983450477,0.1396276595744681,1
0.5033249120132592,0.1409574468085107,1
0.5109308178737126,0.14257975404392542,1
0.518133167565655,0.1449468085106383,1
0.5258975812338661,0.14627659574468088,1
0.5329414231180508,0.14893617021276595,1
0.5407058367862624,0.1502659574468085,1
0.5484702504544734,0.15159574468085107,1
0.5562346641226851,0.1529255319148936,1
0.5639990777908966,0.15425531914893617,1
0.572484063243135,0.15425531914893617,1
0.5802484769113468,0.1555851063829787,1
0.5880128905795579,0.15691489361702124,1
0.5964978760317964,0.15691489361702124,1
0.604262289700008,0.1582446808510638,1
0.6127472751522465,0.1582446808510638,1
0.6205116888204576,0.15957446808510636,1
0.6285267680840043,0.16044166170102558,1
0.6360405161568803,0.16223404255319143,1
0.6432715555486863,0.16454815129336714,1
0.6508487717092765,0.1662234042553191,1
0.6584836792950471,0.16465461857729324,1
0.66538873674571,0.16173892282875812,1
0.6727008691458572,0.15957446808510636,1
0.679744711030042,0.15691489361702124,1
0.6875059179427332,0.1555791884402455,1
0.6945529665824373,0.1529255319148936,1
0.7022507054074152,0.15147269884790396,1
0.7093612221348324,0.14893617021276595,1
0.717125635803044,0.14760638297872342,1
0.7248352228861161,0.14617541541175616,1
0.7322076166184569,0.14412217061558563,1
0.7396983050236509,0.14228723404255322,1
0.747462718691862,0.1409574468085107,1
0.7552271323600735,0.1396276595744681,1
0.7622709742442577,0.13696808510638295,1
0.7690695852801619,0.1338559466347317,1
0.775638086228599,0.13031914893617016,1
0.7824123638998085,0.12716210418529783,1
0.7890051982129405,0.12367021276595742,1
0.7957551425194553,0.12046826173586364,1
0.8026601999701176,0.11755256598732919,1
0.8101367238654928,0.11569148936170215,1
0.8183396599981563,0.11517097829971598,1
0.8263861229859424,0.1143617021276596,1
0.8335517837445167,0.11679646459558052,1
0.8399895049135004,0.12057461129647926,1
0.8444803714986451,0.12639526511566646,1
0.8470744680851063,0.13281109255808893,1
0.8484042553191489,0.13962363841059497,1
0.8484042553191489,0.1468534485000748,1
0.8475230390653553,0.15380674816868725,1
0.8450565365211764,0.1602626124149937,1
0.8405656699360319,0.16608326623418082,1
0.8342054582241739,0.16665226673481207,1
0.8273004007735114,0.16871023752436093,1
0.8218085106382977,0.17421678746503128,1
0.8257656899550505,0.17948909421036965,1
0.8297872340425531,0.18247505811142548,1
0.8239587605716293,0.18617021276595744,1
0.8178191489361701,0.1896002556116543,1
0.8164893617021276,0.19641280146416024,1
0.8221585482464583,0.20044783473226496,1
0.8293920650029317,0.19813829787234044,1
0.8357153351030885,0.2021276595744681,1
0.8404595297329276,0.2074808063286724,1
0.8464299146202334,0.21212140398193555,1
0.8531244923302742,0.21542553191489358,1
0.8602400295215583,0.21555784281886714,1
0.8656655686700595,0.2193889729253787,1
0.8704141400522271,0.22473404255319143,1
0.877061492705866,0.22400233708136794,1
0.8837812520365683,0.22074468085106377,1
0.8904042713255126,0.21730849463193408,1
0.8971483640209098,0.21409574468085105,1
0.9042143862268379,0.21671438622683784,1
0.9082446808510638,0.22267955956232374,1
0.9101595733356777,0.22930850950589046,1
0.9122340425531915,0.23588738703035944,1
0.9068838063597044,0.240722576619019,1
0.900913421472399,0.24536317427228183,1
0.8962765957446809,0.25113802863671664,1
0.8989361702127658,0.2575333102522472,1
0.90308800573143,0.263460346156962,1
0.9055851063829786,0.26990660924633264,1
0.9069148936170213,0.27671915509883716,1
0.9104875133639647,0.2828279388958795,1
0.9169252345329485,0.28660608559677825,1
0.9220681523194365,0.2912234042553192,1
0.9209274046254364,0.2971577017575423,1
0.9209524478131524,0.3039311712174078,1
0.9269559575228149,0.30851063829787234,1
0.9339997994069995,0.30851063829787234,1
0.9401595744680851,0.31192350047321304,1
0.9414893617021277,0.3187360463257178,1
0.9414893617021277,0.3259658564151976,1
0.9440837271523852,0.33238159949281076,1
0.9490419300192082,0.33733980235963373,1
0.9565754230381783,0.339095744680851,1
0.9601063829787233,0.34474854400032173,1
0.9587765957446808,0.3515610898528269,1
0.9574468085106383,0.35837363570533287,1
0.9547872340425532,0.3647689173208629,1
0.9561170212765957,0.37158146317336804,1
0.9590180133849915,0.3779009921083958,1
0.965472100457459,0.3816489361702128,1
0.9732365141256705,0.3829787234042554,1
0.980200522018658,0.3857856284016367,1
0.9873241978940398,0.3882978723404255,1
0.9925311186178217,0.39279707606463027,1
0.9970219852029659,0.39861772988381694,1
1.0,0.4049130904311645,1
0.9973404255319148,0.4113083720466943,1
0.9933510638297872,0.41728638942524965,1
0.9893617021276595,0.4232644068038047,1
0.9845724099532446,0.42899141983398953,1
0.9785362533268243,0.43351063829787234,1
0.9714924114426406,0.4361702127659574,1
0.9658040921850973,0.4397810141978815,1
0.9589653807475582,0.44281914893617025,1
0.9515266410020935,0.4420903802745022,1
0.9448776969791894,0.4454787234042553,1
0.9414893617021277,0.4512530490642083,1
0.9386763964425913,0.4576001993020894,1
0.9341855298574475,0.4634208531212759,1
0.9296946632723032,0.46924150694046257,1
0.928191489361702,0.4759996470523772,1
0.9285847744780079,0.4831060510737527,1
0.9295212765957446,0.49004200299436296,1
0.9275491376660906,0.4966529899934839,1
0.9242021276595744,0.5028325662254237,1
0.9216039505572504,0.5092471132725368,1
0.9188829787234043,0.5156231294564849,1
0.9156587634484109,0.521841236551589,1
0.9121800788837493,0.5279794955843359,1
0.9076892122986048,0.5338001494035229,1
0.9031983457134605,0.5396208032227097,1
0.8982401428466381,0.5445790060895319,1
0.8922697579593324,0.5492196037427953,1
0.8858320367903483,0.5529977504436943,1
0.8793943156213642,0.5567758971445933,1
0.8738912670157372,0.5622789457502202,1
0.8683882184101097,0.5677819943558475,1
0.8628851698044825,0.573285042961475,1
0.8573821211988552,0.5787880915671022,1
0.851879072593228,0.5842911401727294,1
0.8463760239876007,0.5897941887783568,1
0.8417553191489362,0.5955741015989848,1
0.8359147725151512,0.600255440250806,1
0.8300295444382143,0.6050531914893617,1
0.8244680851063829,0.6104074789683661,1
0.8204787234042553,0.6163854963469211,1
0.816471787872413,0.6223579993616294,1
0.8129931033077517,0.6284962583943758,1
0.8098404255319148,0.6347368127195616,1
0.8071808510638298,0.6411320943350917,1
0.8058510638297872,0.6479446401875963,1
0.8045212765957447,0.6547571860401016,1
0.8031914893617021,0.661569731892607,1
0.8022428161246145,0.6685018647264493,1
0.800531914893617,0.6751948235976173,1
0.7962976290157746,0.6810959880055019,1
0.7928189444511137,0.6872342470382481,1
0.788328077865969,0.6930549008574353,1
0.7838372112808251,0.6988755546766215,1
0.779346344695681,0.7046962084958083,1
0.7758676601310195,0.710834467528555,1
0.771376793545875,0.7166551213477419,1
0.7672872340425532,0.7226016983890822,1
0.7623950603755868,0.7282964289861152,1
0.756303155356692,0.7327127659574468,1
0.7499798852565348,0.7367021276595745,1
0.7435492331503131,0.7404933200411762,1
0.7375788482630077,0.7451339176944393,1
0.7320757996573808,0.7506369663000659,1
0.7261054147700752,0.7552775639533291,1
0.7190841065397777,0.7579787234042553,1
0.7105991210875392,0.7579787234042553,1
0.7039882335730522,0.7545201484666693,1
0.6980178486857469,0.7498795508134065,1
0.6916293107870681,0.7460106382978724,1
0.6860266124709383,0.7406914893617021,1
0.6797033423707811,0.7367021276595745,1
0.6727343002914888,0.7368401677936174,1
0.6688829787234043,0.7428614997789975,1
0.6709768442641588,0.7494342910726696,1
0.6742021276595744,0.7556520630100568,1
0.6735065879871173,0.76266362477884,1
0.6700279034224564,0.7688018838115859,1
0.6645248548168291,0.7743049324172134,1
0.6595624166210243,0.7792553191489362,1
0.6526615944993441,0.7821788310325709,1
0.6481707279142,0.7879994848517572,1
0.6445539937563838,0.7938829787234043,1
0.637786985898876,0.7970534396330389,1
0.6316489361702128,0.8009256180494541,1
0.6254563892997123,0.8040648872960324,1
0.6186598510769601,0.8071808510638298,1
0.6131766622660622,0.8111702127659575,1
0.606132820381878,0.8111702127659575,1
0.5988483415175451,0.8133857010356463,1
0.5928779566302398,0.818026298688909,1
0.5873749080246129,0.8235293472945361,1
0.5818718594189858,0.8290323959001632,1
0.5763688108133583,0.8345354445057905,1
0.5694637533626962,0.8374511402543251,1
0.5625586959120333,0.8403668360028601,1
0.5555466595806223,0.8404255319148937,1
0.5477822459124113,0.839095744680851,1
0.5400178322441997,0.8377659574468085,1
0.5322534185759886,0.839095744680851,1
0.5247620546869723,0.8382698602066446,1
0.5186170212765958,0.8421398472645127,1
0.5199468085106382,0.848952393117018,1
0.5172872340425532,0.8553476747325477,1
0.5159574468085106,0.8621602205850527,1
0.5132978723404255,0.8685555022005833,1
0.5146276595744681,0.875368048053088,1
0.5118338316256161,0.8816489361702128,1
0.504069417957405,0.8829787234042552,1
0.4971362257858574,0.885842497618398,1
0.4892611624050093,0.886968085106383,1
0.4822173205208256,0.8896276595744682,1
0.47606382978723405,0.8937616853522496,1
0.47125094289902963,0.8976063829787233,1
0.13031914893617022,0.17154255319148937,2
0.12898936170212763,0.17021276595744683,2
0.1276595744680851,0.17021276595744683,2
0.12632978723404256,0.1688829787234043,2
0.12499999999999999,0.16755319148936162,2
0.12499999999999999,0.1662234042553191,2
0.12499999999999999,0.16489361702127656,2
0.12499999999999999,0.16356382978723402,2
0.12499999999999999,0.16223404255319143,2
0.12499999999999999,0.1609042553191489,2
0.12499999999999999,0.15957446808510636,2
0.12499999999999999,0.1582446808510638,2
0.12499999999999999,0.15691489361702124,2
0.12632978723404256,0.1555851063829787,2
0.1276595744680851,0.1555851063829787,2
0.12898936170212763,0.15691489361702124,2
0.13031914893617022,0.15691489361702124,2
0.13164893617021275,0.1582446808510638,2
0.13297872340425532,0.15957446808510636,2
0.13297872340425532,0.1609042553191489,2
0.13430851063829788,0.16223404255319143,2
0.13430851063829788,0.16356382978723402,2
0.13430851063829788,0.16489361702127656,2
0.13297872340425532,0.1662234042553191,2
0.13297872340425532,0.16755319148936162,2
0.13297872340425532,0.1688829787234043,2
0.13297872340425532,0.17021276595744683,2
0.13164893617021275,0.17154255319148937,2
