x,y,region,classification
0.0003564766865167567,0.675693353629521,1,boundary
0.0,0.6843653675158179,1,boundary
0.006123419959269081,0.6944055702114151,1,boundary
0.008530858495760447,0.667361815362868,1,boundary
0.013964625519955703,0.7037387440054831,1,boundary
0.01958380019911145,0.6632269688290633,1,boundary
0.02285326119990384,0.7099230042005765,1,boundary
0.029584974647866278,0.6559301698651631,1,boundary
0.03369646644271686,0.7146883863478257,1,boundary
0.03951889620645845,0.6484311869688848,1,boundary
0.04522522890592925,0.7173927618326804,1,boundary
0.04924981016148419,0.6403218975788272,1,boundary
0.0546631088490071,0.7241544111981241,1,boundary
0.059250984610239046,0.6330250986149273,1,boundary
0.058718961422982455,0.7339550026589239,1,boundary
0.05791071488714437,0.7517413965999539,1,boundary
0.0641127661675485,0.7430693827136569,1,boundary
0.06746459352240368,0.6356289916421815,1,boundary
0.06782128488168142,0.7539018308782194,1,boundary
0.0753406890506766,0.6264007083714812,1,boundary
0.07680962000107851,0.7457887044236552,1,boundary
0.08019792289017252,0.6147825358198484,1,boundary
0.08595621503586491,0.7484930799085098,1,boundary
0.08586121873884893,0.8200605277898411,1,boundary
0.08958413448572354,0.6078655546960637,1,boundary
0.08981927949881187,0.7938718259636487,1,boundary
0.08981927949881187,0.8079811856711894,1,boundary
0.09387584272609396,0.7859344046045421,1,boundary
0.0975189234827971,0.5988137229696513,1,boundary
0.09748497749907747,0.7511974553933646,1,boundary
0.09722308200220711,0.7735417832233714,1,boundary
0.09671042996323069,0.8188068425147329,1,boundary
0.10118653307340793,0.7614652056976063,1,boundary
0.10198896918065814,0.5869969686413871,1,boundary
0.104335267932402,0.816460543762989,1,boundary
0.10880220069786768,0.5780651315575891,1,boundary
0.11280647112007709,0.8221427440474877,1,boundary
0.11944879501315754,0.5727086733929523,1,boundary
0.11967740150521528,0.8309765321965793,1,boundary
0.12646071467438377,0.5631109930659277,1,boundary
0.13133868835613838,0.833282496523512,1,boundary
0.13221173128217484,0.5519512254884271,1,boundary
0.1379627478899659,0.5407914579109266,1,boundary
0.13955229726830296,0.8414961054356768,1,boundary
0.14371376449775694,0.5296316903334262,1,boundary
0.14465133102426955,0.5180135177817933,1,boundary
0.14618693742788902,0.8458505973632803,1,boundary
0.1464941729163945,0.509155849498866,1,boundary
0.15584952237537342,0.4999174918042539,1,boundary
0.15798156821601336,0.8477556867015409,1,boundary
0.15878085436260753,0.3887068277094332,1,boundary
0.16013304210503487,0.4375156282397203,1,boundary
0.16148522984746227,0.859226512028844,1,boundary
0.16356913852682997,0.4003603632991897,1,boundary
0.16318570373340738,0.4249719233248517,1,boundary
0.1646655390788358,0.4442508378623524,1,boundary
0.16551318344023652,0.4916060184818182,1,boundary
0.16689398081717174,0.41276447168821856,1,boundary
0.16786107404079312,0.38069801396826625,1,boundary
0.1682461685595991,0.4788983572824451,1,boundary
0.1678147932783854,0.8684064137033318,1,boundary
0.17095054404445384,0.45206666301279524,1,boundary
0.16959835630202647,0.4654825101476202,1,boundary
0.17501941893789713,0.8837118541512465,1,boundary
0.17795837016709445,0.3741839626666333,1,boundary
0.1772676802058362,0.8728943522118275,1,boundary
0.18569254709588223,0.8808754165511191,1,boundary
0.18863457138363238,0.37653586405336137,1,boundary
0.19123336018086431,0.8913014238393123,1,boundary
0.19123336018086431,0.9040237584014212,1,boundary
0.1917426231746518,0.9170072847181432,1,boundary
0.192598022454833,0.36445928652759657,1,boundary
0.19821868993326808,0.9229252986816401,1,boundary
0.20368115313929075,0.36311957331671046,1,boundary
0.20475523760513795,0.9312971277366058,1,boundary
0.21016398857484744,0.3530036272677962,1,boundary
0.21168979423325926,0.9393251695067529,1,boundary
0.2128683640597022,0.9528300621223242,1,boundary
0.2155727395445569,0.34166831785111906,1,boundary
0.21782913083907077,0.9643951345065476,1,boundary
0.22098149051426638,0.3303330084344421,1,boundary
0.2263902414839758,0.31983926888212116,1,boundary
0.2263769306884811,0.9716040574090253,1,boundary
0.23044680471125795,0.9805476033324291,1,boundary
0.2317989924536853,0.30934552932980003,1,boundary
0.23650493722145197,0.9884796918586383,1,boundary
0.23720774342339476,0.29885178977747895,1,boundary
0.2399121189082495,1.0,1,boundary
0.24261649439310423,0.2883580502251579,1,boundary
0.2480252453628137,0.2778643106728368,1,boundary
0.24901951058872362,0.9922447960619531,1,boundary
0.2534339963325231,0.26737057112051593,1,boundary
0.25749055955980527,0.2561833189954791,1,boundary
0.26019493504466,0.24346098443337053,1,boundary
0.2613287789106129,0.9918868735454358,1,boundary
0.26289931052951476,0.23073864987126186,1,boundary
0.26560368601436946,0.21801631530915297,1,boundary
0.26679726578908824,0.9758192286040159,1,boundary
0.26830806149922415,0.20529398074704397,1,boundary
0.26966024924165155,0.9863943153068008,1,boundary
0.2710124369840789,0.19257164618493508,1,boundary
0.27371681246893365,0.17984931162282608,1,boundary
0.27642118795378834,0.1671269770607174,1,boundary
0.277082186417767,0.9716040574090253,1,boundary
0.28122909448118844,0.1554835054252055,1,boundary
0.2894427033933529,0.1472698965130411,1,boundary
0.28861094888097905,0.9688996819241705,1,boundary
0.2987315718492033,0.031156768696155458,1,boundary
0.2987258708215709,0.9641734397079438,1,boundary
0.2994083795750536,0.14163803086040166,1,boundary
0.3049193939604299,0.020913811066920075,1,boundary
0.3048171305447631,0.13030272144372487,1,boundary
0.3080577195301742,0.04048291637712636,1,boundary
0.3078595824401293,0.09369613616315321,1,boundary
0.30940207203810877,0.9589059894611153,1,boundary
0.31022588151447256,0.10624507746493905,1,boundary
0.3098333722888821,0.11876610116294764,1,boundary
0.31022588151447256,0.9250732374548751,1,boundary
0.31182303351133006,0.08161955863738829,1,boundary
0.31187578346198713,0.9118100825371339,1,boundary
0.3115780692568999,0.9384890845896997,1,boundary
0.31336597710628683,0.06293389449783528,1,boundary
0.31428244474175465,0.9512114191518083,1,boundary
0.3152580817930762,0.014631686461555882,1,boundary
0.31563463248418194,0.05070621482918967,1,boundary
0.3196911957114641,0.07238720650654784,1,boundary
0.32288949806241685,0.907557306648841,1,boundary
0.3269468231612895,0.012408259290334152,1,boundary
0.33076559359068936,0.9123646926820275,1,boundary
0.3382980511456112,0.009170157760576668,1,boundary
0.3423798079205252,0.9148121722270759,1,boundary
0.3453991212889689,0.015623681984262228,1,boundary
0.3536515952586632,0.02372044996744162,1,boundary
0.3539085703837373,0.9121077967422211,1,boundary
0.36325046800757527,0.9050575934916489,1,boundary
0.36563013893174284,0.025072637709869006,1,boundary
0.3741901072492943,0.017900297156996585,1,boundary
0.37392666922411316,0.9027904463607841,1,boundary
0.3769733103470491,0.9139502139382841,1,boundary
0.37994112385708495,0.006740529579496491,1,boundary
0.3802968661600183,0.9242774864240675,1,boundary
0.3893860289214362,0.0,1,boundary
0.3917086928381982,0.9246290332021512,1,boundary
0.3954137092873966,0.9152627610382204,1,boundary
0.39861217798527593,0.0012273515592010889,1,boundary
0.40209818728497293,0.9054233187446449,1,boundary
0.4078492038927635,0.8942635511671448,1,boundary
0.41030529177054886,0.0034376338310311014,1,boundary
0.41091887219566897,0.8817285686672478,1,boundary
0.4179011849556465,0.8720418804224156,1,boundary
0.42063960718613613,0.00973290333578757,1,boundary
0.4197530886510892,0.087010038940089,1,boundary
0.4251618396207987,0.07567472952341199,1,boundary
0.4254258397741086,0.0942982127269745,1,boundary
0.42836416337258093,0.8661334134996908,1,boundary
0.4305705905905081,0.016224132149161782,1,boundary
0.4305705905905081,0.0643394201067344,1,boundary
0.4315335331863677,0.835422340570429,1,boundary
0.4305705905905081,0.8476507993369816,1,boundary
0.4349417460899837,0.02809160546691724,1,boundary
0.4346271538177902,0.8588380514620183,1,boundary
0.43628635139434957,0.05316157046671178,1,boundary
0.43569307356464776,0.10079515128580144,1,boundary
0.4386837170450723,0.04028177612794826,1,boundary
0.4391356432824626,0.13775614656873056,1,boundary
0.4400359047874997,0.8373006070729574,1,boundary
0.44274028027235446,0.11027039013061878,1,boundary
0.443741024234992,0.1295425376565659,1,boundary
0.44274028027235446,0.850022941635066,1,boundary
0.44760407420622905,0.12188519812880447,1,boundary
0.4487993043473256,0.14606761989116637,1,boundary
0.4520429594652771,0.8473654201097764,1,boundary
0.4588004787960805,0.15336441885506644,1,boundary
0.4589665331814828,0.8368070358102031,1,boundary
0.46031872092391013,0.8120558792587018,1,boundary
0.46302309640876493,0.7866112101344844,1,boundary
0.46302309640876493,0.8247782138208103,1,boundary
0.4643752841511923,0.800027057269309,1,boundary
0.4666765743243534,0.16259270212576674,1,boundary
0.4703918877428011,0.7762811698775852,1,boundary
0.47113622286332907,0.17441478896828244,1,boundary
0.47568695502984654,0.767423708302493,1,boundary
0.47639104200334514,0.18582904722903218,1,boundary
0.4852796776832934,0.19077015263274452,1,boundary
0.48758986253832387,0.7658441337941991,1,boundary
0.49438706936375304,0.18301494869471205,1,boundary
0.4972535236031865,0.757532660471764,1,boundary
0.5055537507247192,0.1819264158314434,1,boundary
0.5059336902361973,0.7484930799085098,1,boundary
0.5167520119485043,0.17822844676151664,1,boundary
0.5158058203479969,0.7430369269542356,1,boundary
0.5264507878188059,0.7430843289388004,1,boundary
0.527765726548934,0.17397567087322363,1,boundary
0.5335830917078928,0.7468946594731778,1,boundary
0.5372106316132852,0.17768706197517656,1,boundary
0.5435842661566471,0.7395978605092781,1,boundary
0.5491283732337521,0.17922204034658876,1,boundary
0.5544736155121198,0.7349712024842362,1,boundary
0.5611069169068318,0.17786985260416138,1,boundary
0.5652610754709864,0.7322668269993814,1,boundary
0.570489290181335,0.1798654024673969,1,boundary
0.5738734446881627,0.19001049568636147,1,boundary
0.5763400567243309,0.7282102637720994,1,boundary
0.5808557574481401,0.1803819006408218,1,boundary
0.586969256767808,0.72280151280239,1,boundary
0.5903006625124912,0.1736413710613254,1,boundary
0.5974137969841946,0.16434797517988767,1,boundary
0.5968652736222055,0.717417171119549,1,boundary
0.6015839397275611,0.1528927796492641,1,boundary
0.6050788825343699,0.7092035622073849,1,boundary
0.6076724697192434,0.14274768643029964,1,boundary
0.6104115603333479,0.13088472649282004,1,boundary
0.6117236819104556,0.6985021996040169,1,boundary
0.6168752239144871,0.12243015516463934,1,boundary
0.6232391170761727,0.6957577579538425,1,boundary
0.6279542051678317,0.12378234290706673,1,boundary
0.6338698684946953,0.6925822659289057,1,boundary
0.6390331864211762,0.12783890613434876,1,boundary
0.6442085563273415,0.6863001413235414,1,boundary
0.6503280825823925,0.13124635933785458,1,boundary
0.654835195912126,0.6808836927871416,1,boundary
0.6616409301377331,0.13459984484648568,1,boundary
0.6646671759921222,0.6753068358557524,1,boundary
0.6727199113910777,0.13865640807376772,1,boundary
0.673964384227434,0.6668074155222427,1,boundary
0.6837067397675735,0.14299001264419767,1,boundary
0.6831007153535524,0.6582254842367495,1,boundary
0.690639297497933,0.6479825266075142,1,boundary
0.6937079142163278,0.1502868116080973,1,boundary
0.6969515758486993,0.6371106200001477,1,boundary
0.7010081390759815,0.5982501037411061,1,boundary
0.7023603268184088,0.6116659508759306,1,boundary
0.7023603268184088,0.625775310583471,1,boundary
0.7037090886650823,0.15758361057199688,1,boundary
0.7045145596797925,0.5867806934406968,1,boundary
0.7077690777881183,0.3260019906159672,1,boundary
0.7091212655305457,0.23940695511651056,1,boundary
0.7118256410154002,0.21257526084686149,1,boundary
0.710473453272973,0.22599110798168606,1,boundary
0.711240967618574,0.31367330024372425,1,boundary
0.7107510107673956,0.3363533759625857,1,boundary
0.710473453272973,0.5831852222871026,1,boundary
0.7137102631138366,0.1648804095358965,1,boundary
0.714530016500255,0.5711564002977099,1,boundary
0.7185865797275371,0.17648879487868338,1,boundary
0.7185865797275371,0.18782410429536017,1,boundary
0.7185865797275371,0.2019334640029006,1,boundary
0.7187162062722332,0.2387183010133928,1,boundary
0.7178857669946597,0.30297193764035657,1,boundary
0.7189646196795598,0.34456698487475,1,boundary
0.7213070703221718,0.5605228686013262,1,boundary
0.7256661635446036,0.24579788483045917,1,boundary
0.7254243491390403,0.2927289800111211,1,boundary
0.729303307512206,0.34023315585019537,1,boundary
0.7288456524665524,0.5502799109720906,1,boundary
0.7323109629206892,0.25649924743382696,1,boundary
0.7348128326366654,0.2693254435325833,1,boundary
0.733856714051716,0.28294442735601794,1,boundary
0.7334606448942382,0.5399245223385433,1,boundary
0.739979508728744,0.33496570560336697,1,boundary
0.7406621718860559,0.5303502650980232,1,boundary
0.7509881445769964,0.5240299146655671,1,boundary
0.7514277492881382,0.3320192552408811,1,boundary
0.7576456590947876,0.5133667778892912,1,boundary
0.7625067305414827,0.3333714429833085,1,boundary
0.7632087752276402,0.4456732007353934,1,boundary
0.7632087752276402,0.4597825604429339,1,boundary
0.7618565874852129,0.47319840757775844,1,boundary
0.7618565874852129,0.48730776728529895,1,boundary
0.7618565874852129,0.5014171269928394,1,boundary
0.7690118261760537,0.4347855236653609,1,boundary
0.7723946280806142,0.33878019395301795,1,boundary
0.7786958252141029,0.4287637878758898,1,boundary
0.7815717748260891,0.3463256916120479,1,boundary
0.7899787049685298,0.4253202094683693,1,boundary
0.7902525300761876,0.35514127950300506,1,boundary
0.7951988869621522,0.36671374246024785,1,boundary
0.799717844273179,0.3785054109090746,1,boundary
0.7991544448788838,0.41777048240810055,1,boundary
0.8010700320156064,0.3919212580438991,1,boundary
0.802422219758034,0.4053371051787237,1,boundary
0.2632551756011705,0.7832940961399656,1,boundary
0.26289931052951476,0.7850019723094286,1,boundary
0.26289931052951476,0.7868923652209384,1,boundary
0.26289931052951476,0.7887827581324482,1,boundary
0.26289931052951476,0.7906731510439582,1,boundary
0.26289931052951476,0.792563543955468,1,boundary
0.26289931052951476,0.794453936866978,1,boundary
0.26289931052951476,0.7963443297784879,1,boundary
0.26289931052951476,0.7982347226899978,1,boundary
0.26311855708150766,0.7998762141207498,1,boundary
0.26425149827194205,0.7800243061476146,1,boundary
0.26425149827194205,0.7819146990591246,1,boundary
0.2646508764181917,0.8002755922669994,1,boundary
0.2655370952790885,0.7795933979843392,1,boundary
0.26599910662337645,0.8012284018631771,1,boundary
0.26720226065495656,0.7795933979843392,1,boundary
0.2676642719992446,0.8012284018631771,1,boundary
0.2703148500777366,0.7789387971482543,1,boundary
0.2688674260308247,0.7795933979843392,1,boundary
0.2693294373751127,0.8012284018631771,1,boundary
0.27174797557269353,0.7782412102419118,1,boundary
0.2706615408882597,0.8022296935097853,1,boundary
0.27220998691698156,0.8025805896056045,1,boundary
0.2734131409485617,0.7782412102419118,1,boundary
0.2738751522928497,0.8025805896056045,1,boundary
0.2750783063244298,0.7782412102419118,1,boundary
0.2754226742787296,0.8029342636729732,1,boundary
0.2766630279316964,0.777999370264004,1,boundary
0.2767557018347186,0.8039327773480318,1,boundary
0.27795885586629865,0.7768890224994847,1,boundary
0.27842086721058673,0.8039327773480318,1,boundary
0.27962402124216684,0.7768890224994847,1,boundary
0.2798462942853077,0.8046535081946965,1,boundary
0.281289186618035,0.7768890224994847,1,boundary
0.28130141675245557,0.8052849650904592,1,boundary
0.2826828698283958,0.8061378959953572,1,boundary
0.2829543519939031,0.7768890224994847,1,boundary
0.28418196629432435,0.8066371528328866,1,boundary
0.28628468274563945,0.7768890224994847,1,boundary
0.28584713167019254,0.8066371528328866,1,boundary
0.2877723391761261,0.7763553732165658,1,boundary
0.28803650893738625,0.7869087053947246,1,boundary
0.28723868989320733,0.790280304297519,1,boundary
0.28723868989320733,0.792170697209029,1,boundary
0.2878638640942408,0.7937404496096465,1,boundary
0.28710648983497394,0.8078571405170806,1,boundary
0.28916523228750834,0.7755368347570573,1,boundary
0.2899430653780621,0.7765441861508716,1,boundary
0.2899430653780621,0.7784345790623814,1,boundary
0.2894595021825987,0.7800769611798026,1,boundary
0.2885908776356347,0.7815218523126854,1,boundary
0.2885908776356347,0.7834122452241953,1,boundary
0.2885908776356347,0.7853026381357053,1,boundary
0.289113395173839,0.7949899806892446,1,boundary
0.2899430653780621,0.8093415283177413,1,boundary
0.2903629262534372,0.7962395117688429,1,boundary
0.29129525312048943,0.797651731136921,1,boundary
0.29160823075393,0.8093415283177413,1,boundary
0.2919682056443385,0.7991969789021715,1,boundary
0.2931171543050418,0.8088718148756163,1,boundary
0.2944672678035349,0.8016960410613678,1,boundary
0.29448878029579884,0.807989340575314,1,boundary
0.29535181634777147,0.803132765064813,1,boundary
0.29607254719443615,0.8046535081946966,1,boundary
0.29615394567166703,0.807989340575314,1,boundary
0.29732207827403434,0.8059030392742947,1,boundary
0.2975407743116199,0.8071525703538929,1,boundary
0.42921840284808077,0.7796484495934682,1,boundary
0.42996413439218106,0.7816913172708669,1,boundary
0.431831996375611,0.776979804456809,1,boundary
0.43011520356666255,0.7782412102419118,1,boundary
0.4305705905905081,0.7838056167475141,1,boundary
0.4313828203384768,0.7858143787020175,1,boundary
0.4334351221170539,0.7753766787153661,1,boundary
0.43192277833293546,0.7879627839015599,1,boundary
0.4328015062847726,0.789937440133168,1,boundary
0.4332749660753628,0.7921199510556058,1,boundary
0.4332749660753628,0.8052849650904592,1,boundary
0.4350382478584968,0.7737735529739231,1,boundary
0.4342201922310684,0.7940605015643185,1,boundary
0.4346271538177902,0.7962771182096516,1,boundary
0.4346271538177902,0.7987024580730325,1,boundary
0.4346271538177902,0.8011277979364134,1,boundary
0.4339843090485107,0.8032234343748841,1,boundary
0.43521560520069746,0.804696513707552,1,boundary
0.43664137359993976,0.7721704272324802,1,boundary
0.43681873094214047,0.803093387966109,1,boundary
0.4385481825916532,0.771480271529775,1,boundary
0.43875937006747523,0.8025049365832017,1,boundary
0.44018513846671753,0.76997885010813,1,boundary
0.44036249580891823,0.8009018108417587,1,boundary
0.44178826420816036,0.768375724366687,1,boundary
0.44196562155036107,0.7992986851003157,1,boundary
0.44339138994960337,0.766772598625244,1,boundary
0.443568747291804,0.7976955593588727,1,boundary
0.4452945658116457,0.7660715205600657,1,boundary
0.44517187303324696,0.7960924336174299,1,boundary
0.4474316417869409,0.7478582816212056,1,boundary
0.44679684349963655,0.7499580449543676,1,boundary
0.44679684349963655,0.7523833848177485,1,boundary
0.44679684349963655,0.7548087246811294,1,boundary
0.44679684349963655,0.7572340645445101,1,boundary
0.44679684349963655,0.7596594044078909,1,boundary
0.44679684349963655,0.7620847442712718,1,boundary
0.44679684349963655,0.7645100841346527,1,boundary
0.44677499877469007,0.7944893078759868,1,boundary
0.44903476752838367,0.7462551558797627,1,boundary
0.44837812451613285,0.7928861821345439,1,boundary
0.45097540665371855,0.7456667044968552,1,boundary
0.44998125025757596,0.7912830563931009,1,boundary
0.45270258356513987,0.7444365166812278,1,boundary
0.4515843759990188,0.789679930651658,1,boundary
0.4545191715204961,0.743475127372505,1,boundary
0.4549099699542007,0.7636237349905929,1,boundary
0.4540310235763695,0.7655982791954695,1,boundary
0.45355778221177334,0.7677809021446388,1,boundary
0.45355778221177334,0.7702062420080197,1,boundary
0.45431878699832573,0.7722412763163276,1,boundary
0.4547906274819047,0.7864736791687721,1,boundary
0.4531875017404619,0.788076804910215,1,boundary
0.45522851449364404,0.7447550612206711,1,boundary
0.4562621576966281,0.7466502642291764,1,boundary
0.45634349229096033,0.7619336227384513,1,boundary
0.4562585175144817,0.7728324592722025,1,boundary
0.45639375322334763,0.7848705534273291,1,boundary
0.45754098320823483,0.7484197176776891,1,boundary
0.4582503261813826,0.7504812483932645,1,boundary
0.4576143454390555,0.760160080409263,1,boundary
0.4579451133194798,0.7741846470146299,1,boundary
0.45799687896479074,0.7832674276858862,1,boundary
0.4589665331814828,0.7525392586738872,1,boundary
0.4596690121276784,0.754604309824415,1,boundary
0.45936530397869896,0.7562074355658579,1,boundary
0.45865596100555117,0.7582689662814331,1,boundary
0.4598031909904381,0.7750213048235852,1,boundary
0.4594155649110864,0.7791443662547356,1,boundary
0.4589665331814828,0.7813394058866787,1,boundary
0.46031872092391013,0.7771822387326328,1,boundary
0.17771148275659063,0.5078036617564388,1,boundary
0.17906367049901806,0.5064514740140114,1,boundary
0.17906367049901806,0.509155849498866,1,boundary
0.17906367049901806,0.5105080372412935,1,boundary
0.1804158582414454,0.505099286271584,1,boundary
0.1804158582414454,0.513212412726148,1,boundary
0.18176804598387275,0.5145646004685754,1,boundary
0.18312023372630012,0.5037470985291567,1,boundary
0.18312023372630012,0.5159167882110028,1,boundary
0.18312023372630012,0.5172689759534302,1,boundary
0.18447242146872753,0.5037470985291567,1,boundary
0.18447242146872753,0.5186211636958576,1,boundary
0.18447242146872753,0.519973351438285,1,boundary
0.18582460921115487,0.5023949107867293,1,boundary
0.18582460921115487,0.5213255391807123,1,boundary
0.18582460921115487,0.5226777269231397,1,boundary
0.18717679695358222,0.5010427230443019,1,boundary
0.18852898469600957,0.5023949107867293,1,boundary
0.18852898469600957,0.5037470985291567,1,boundary
0.18717679695358222,0.5240299146655671,1,boundary
0.18852898469600957,0.5253821024079945,1,boundary
0.18852898469600957,0.5267342901504218,1,boundary
0.18988117243843697,0.505099286271584,1,boundary
0.18988117243843697,0.5267342901504218,1,boundary
0.19123336018086431,0.5064514740140114,1,boundary
0.19123336018086431,0.5267342901504218,1,boundary
0.1925855479232917,0.509155849498866,1,boundary
0.1925855479232917,0.5105080372412935,1,boundary
0.19393773566571904,0.5118602249837209,1,boundary
0.19393773566571904,0.5145646004685754,1,boundary
0.19393773566571904,0.5159167882110028,1,boundary
0.19393773566571904,0.5172689759534302,1,boundary
0.19393773566571904,0.519973351438285,1,boundary
0.19393773566571904,0.5213255391807123,1,boundary
0.19393773566571904,0.5226777269231397,1,boundary
0.19393773566571904,0.5267342901504218,1,boundary
0.19528992340814644,0.5253821024079945,1,boundary
0.19528992340814644,0.5267342901504218,1,boundary
0.27328214606146256,0.24580534083638428,1,interior
0.25909959508669106,0.2900071286080667,1,interior
0.26063491648862636,0.30913728376594585,1,interior
0.2350145629263245,0.32353769885961836,1,interior
0.2940774161710834,0.26832766713970513,1,interior
0.2755427157960759,0.2795322485857779,1,interior
0.28610823779281874,0.19484014292336105,1,interior
0.279799333135854,0.3009744475365576,1,interior
0.2773473309672274,0.3248453418138242,1,interior
0.24651339267877176,0.3163749935695265,1,interior
0.25785248844334063,0.3302789957385467,1,interior
0.29928758381000575,0.31507807406044164,1,interior
0.29709449166904156,0.3000881314055784,1,interior
0.2956629990486258,0.285924012516108,1,interior
0.30599234713198387,0.19779169833795954,1,interior
0.2966926104860022,0.17542036731773558,1,interior
0.2902494910485482,0.21463381120613567,1,interior
0.28327679646893345,0.23105445895064491,1,interior
0.31136144273091243,0.2563883565419587,1,interior
0.29170523889734234,0.2494965801645468,1,interior
0.31384814556503243,0.2760163164444886,1,interior
0.24081646207718346,0.3344379464100363,1,interior
0.22861455457851912,0.347239524475232,1,interior
0.29404402814133307,0.33319995118039164,1,interior
0.2825957417408477,0.3478573940116303,1,interior
0.302266876209485,0.3499242003467887,1,interior
0.31295010847532845,0.33245473281422455,1,interior
0.30142793701056564,0.15671160606018425,1,interior
0.31883627993132757,0.1635264872187433,1,interior
0.3212069254809883,0.18347791060647467,1,interior
0.24830873372273538,0.35164032375771725,1,interior
0.30713562145954226,0.23403139958459807,1,interior
0.331413049068291,0.28445727730245396,1,interior
0.31398895106186786,0.29728184266083485,1,interior
0.3332366668072449,0.2630777761231407,1,interior
0.34718438786306066,0.2754348794530319,1,interior
0.35687649719364,0.25940757573874007,1,interior
0.3455556127540915,0.24304730290723203,1,interior
0.3648626012828895,0.27767469383767623,1,interior
0.32596423325749113,0.24453865212689033,1,interior
0.3497343728235432,0.29288088303635895,1,interior
0.368119091245523,0.298545819063367,1,interior
0.380241796225589,0.26075655760662403,1,interior
0.27463965341107116,0.26248908475360716,1,interior
0.40408290443895606,0.2680389216498779,1,interior
0.3676168848709799,0.2403419951037565,1,interior
0.3986141276070816,0.24633844709180894,1,interior
0.39837366012507397,0.28366262234098333,1,interior
0.2267379990962842,0.36508361073251394,1,interior
0.24694685025862093,0.3703869645383413,1,interior
0.3126560201319305,0.21616289288768165,1,interior
0.33150813415421754,0.22540761342590643,1,interior
0.26762590580088014,0.3654465600865771,1,interior
0.2904199676531869,0.3670424078574561,1,interior
0.3463634498886733,0.31309314763825047,1,interior
0.35513764070215614,0.22325012197612087,1,interior
0.38330981696287364,0.2466165196150945,1,interior
0.3767595141418904,0.2159656046718575,1,interior
0.33865035822608275,0.15005049223599728,1,interior
0.3365743159762158,0.17015646306100374,1,interior
0.4112568972659585,0.23362143612105246,1,interior
0.3844798115933968,0.23289929772213216,1,interior
0.36204355621577156,0.20180488890083284,1,interior
0.3441424203888232,0.20841489543718972,1,interior
0.25631859973875604,0.3875055379943827,1,interior
0.2340205525571314,0.3842929617422307,1,interior
0.3232238460326035,0.3164037253036393,1,interior
0.19916711353545713,0.38490383655497656,1,interior
0.3330579145867211,0.3015371979628707,1,interior
0.3641543344805067,0.3169556439942598,1,interior
0.322544881086385,0.35054271121102165,1,interior
0.3357463373547913,0.33473768080799965,1,interior
0.1825119182352869,0.3982283838804891,1,interior
0.383184547014797,0.2799417401502002,1,interior
0.4294579361930877,0.2702931091184456,1,interior
0.41906511789762,0.2506999839928457,1,interior
0.413666917684548,0.29147381066819555,1,interior
0.35490093081634466,0.3440684800239131,1,interior
0.3443466254837338,0.35770747621433746,1,interior
0.353876241084483,0.3289656143474318,1,interior
0.29164839124180847,0.4029308893688753,1,interior
0.31099056427907107,0.3680235266394247,1,interior
0.2794052669914944,0.3849676571281039,1,interior
0.30172480206896596,0.385620703661098,1,interior
0.33645665964788635,0.1266915563539842,1,interior
0.3186605959095726,0.14237863023693456,1,interior
0.3201238434938995,0.12254276210708351,1,interior
0.35139629206645173,0.13515651165130171,1,interior
0.34462604775933936,0.10683386975532096,1,interior
0.34690601062228005,0.07392663663463231,1,interior
0.32842232488436635,0.09107524162948143,1,interior
0.3670607022562716,0.08902890608237968,1,interior
0.36669777855606905,0.10963220331339699,1,interior
0.35462586780863825,0.12077964035940499,1,interior
0.32780350967829935,0.3674747146069497,1,interior
0.4289656400960844,0.23144666460361543,1,interior
0.4160563974415843,0.20040424907293428,1,interior
0.434011169389033,0.2119250467862431,1,interior
0.39633961566153647,0.2238919947405697,1,interior
0.3726351353054905,0.3344713067768938,1,interior
0.3810431843382307,0.3144503673820135,1,interior
0.3914624292855914,0.32820451706953063,1,interior
0.21511721386493132,0.38310504041066595,1,interior
0.26689900940417655,0.34440300034797683,1,interior
0.38269211150071997,0.19141076401575643,1,interior
0.36513948235872395,0.1825412337180939,1,interior
0.19359834924578403,0.4195142493859684,1,interior
0.20454268969077027,0.4025135892191241,1,interior
0.27029446842196275,0.404273847470183,1,interior
0.3863763657278669,0.07031523183903546,1,interior
0.3689538918717338,0.07140896952064422,1,interior
0.38535922926042243,0.0845876240878938,1,interior
0.3850432081020947,0.10322277043917456,1,interior
0.40744907619811566,0.18439332468141587,1,interior
0.3968934609232478,0.20426761954837927,1,interior
0.38070923212526275,0.16769561886398218,1,interior
0.1834447384192494,0.438544357742623,1,interior
0.21553022733510355,0.4233647252412008,1,interior
0.200438192734949,0.4365652432992258,1,interior
0.17598845290627355,0.42529593082272255,1,interior
0.33967749520915036,0.3767592312483502,1,interior
0.3566561701516962,0.3763429213308161,1,interior
0.369313693926422,0.3573759467096358,1,interior
0.3612056040962506,0.05125953996771747,1,interior
0.3346964461085436,0.055725933407730854,1,interior
0.4514570707378223,0.23104898994975676,1,interior
0.3233336766511987,0.3870026604188615,1,interior
0.25234881348211574,0.4072498312347479,1,interior
0.23957732961704764,0.3995659698658376,1,interior
0.3711654291003017,0.13273703677386248,1,interior
0.3506752224818037,0.09311028542338126,1,interior
0.3283487842720358,0.03167476199279714,1,interior
0.40418136098519175,0.07505069679111104,1,interior
0.3866359623351801,0.041428845849854436,1,interior
0.41025157844983356,0.05486198853482817,1,interior
0.3947282042577922,0.05828496363508974,1,interior
0.3566356545728098,0.16600661512384932,1,interior
0.35816262037866786,0.14774339506742207,1,interior
0.37829026078590716,0.0568588337369375,1,interior
0.3433428245749178,0.3938793778722517,1,interior
0.39372587745343013,0.14612414807030874,1,interior
0.404264837805263,0.16391328235971728,1,interior
0.36095876942650307,0.39580485772892665,1,interior
0.37716724064541624,0.380390978573718,1,interior
0.3493759286251352,0.03908588269332774,1,interior
0.43038830462029926,0.18851407378732166,1,interior
0.31217011907512254,0.4049244011312077,1,interior
0.3019074597297502,0.42180940681774903,1,interior
0.28097068747767345,0.4195851195182493,1,interior
0.32836201615066907,0.10906152237413202,1,interior
0.4296323130997525,0.3028167487976572,1,interior
0.4184008280350189,0.31440179429073123,1,interior
0.39046024587075473,0.2976419757548081,1,interior
0.40124082369929626,0.3126998124490184,1,interior
0.4373764221761874,0.2894893538045319,1,interior
0.44692952425251203,0.30851737181994365,1,interior
0.4360592799960816,0.3177506704522562,1,interior
0.4518267438773725,0.2775288654345996,1,interior
0.4491780705403618,0.26314753704676813,1,interior
0.23491044308267583,0.43890584403346167,1,interior
0.23613655336143596,0.4177717888982133,1,interior
0.4282378281958664,0.16797143836047848,1,interior
0.4124650698122345,0.13273241981561107,1,interior
0.4696672242701915,0.2644233857753256,1,interior
0.4387853792813097,0.24907486721410033,1,interior
0.470368203452882,0.28248828458970787,1,interior
0.45708237493120124,0.24952204797893845,1,interior
0.40505916436929723,0.11383290619581915,1,interior
0.42852575000667686,0.11975352517658244,1,interior
0.49039117842735824,0.27776705350341985,1,interior
0.48924916201992624,0.2565868798142147,1,interior
0.3445569116080579,0.18772669662915223,1,interior
0.2571796917083599,0.42385252971724935,1,interior
0.38914369438302404,0.3619864176490499,1,interior
0.39073767181521807,0.3452799781573701,1,interior
0.24260138433365458,0.4618689137436552,1,interior
0.22478008560565188,0.45844409943732445,1,interior
0.25634055045649556,0.44437974833453586,1,interior
0.33071687949941986,0.40843086920729116,1,interior
0.34922824064064445,0.41430961688393736,1,interior
0.4136000519259658,0.21675968492800762,1,interior
0.39300414501823777,0.1771067254197764,1,interior
0.3270973380486061,0.2030621535294123,1,interior
0.3734768450980446,0.15229751502316813,1,interior
0.41094263708193274,0.35581581735832524,1,interior
0.4104812654492904,0.33377467485616785,1,interior
0.39922635462240574,0.3747540495328919,1,interior
0.4111642775222164,0.39127551867096716,1,interior
0.3921429811033145,0.3925950489968357,1,interior
0.4181793108725522,0.3737591377890572,1,interior
0.4520704200245939,0.17574556115631904,1,interior
0.4790562936461312,0.29951111621998844,1,interior
0.42151884000057094,0.15031298438174887,1,interior
0.4985644131948921,0.29657844912705206,1,interior
0.39988326273301067,0.41258888064388594,1,interior
0.4228183731543692,0.4073491752018766,1,interior
0.43427265680896543,0.3858958041607626,1,interior
0.29142757937140124,0.43734890546838573,1,interior
0.31125639917006453,0.4416113941312237,1,interior
0.3205388985772969,0.42514322387888953,1,interior
0.2774847031345487,0.44928530864016913,1,interior
0.25541675543846476,0.47882216629723195,1,interior
0.2632640608160943,0.46200542041650483,1,interior
0.27243553415550525,0.43393533706038423,1,interior
0.4508661511078231,0.3319688931001968,1,interior
0.42947677515976573,0.32967022679093483,1,interior
0.27323695496352274,0.4793770976261045,1,interior
0.2989913866581309,0.457777037104827,1,interior
0.38847770727002806,0.12384279731958533,1,interior
0.44843457396451414,0.3522450310843541,1,interior
0.4815145005509157,0.31923966380633007,1,interior
0.47455644830106214,0.33433351662481053,1,interior
0.46444600812038095,0.31539281990859497,1,interior
0.4307115467425229,0.3450438303875867,1,interior
0.2129296076592891,0.4468669743756513,1,interior
0.19128001630697256,0.4563646211246075,1,interior
0.41802939695068886,0.10334857154768981,1,interior
0.3650951628301163,0.42346760493694025,1,interior
0.331464354826349,0.44375035487063363,1,interior
0.3680007078672236,0.4389327057151565,1,interior
0.38687447539307357,0.025268374482439987,1,interior
0.39938022916193555,0.014083135106589,1,interior
0.4108077895879678,0.03040493336122855,1,interior
0.312585514880389,0.47640097543351423,1,interior
0.321875362855177,0.45960401837628334,1,interior
0.29323899977809564,0.47789866914168133,1,interior
0.28132123725297264,0.464496974862257,1,interior
0.264765903325273,0.49819581116582407,1,interior
0.2395485141068422,0.48173883961135183,1,interior
0.3276638105622027,0.4921612847400042,1,interior
0.3313801640364504,0.4748310369924684,1,interior
0.3066594234890568,0.49513119992503907,1,interior
0.51226820177578,0.2856535937135974,1,interior
0.5117734389158013,0.26334557722628593,1,interior
0.4682325760573858,0.1989394884167847,1,interior
0.44763305624527394,0.19696553040701079,1,interior
0.5304255400436504,0.27412410070890103,1,interior
0.5157498631816063,0.3108534488401708,1,interior
0.5287447075664579,0.29352688537901067,1,interior
0.43366661470678114,0.364201951359118,1,interior
0.4444984148402954,0.405526653186801,1,interior
0.4545911326644621,0.3892814475126831,1,interior
0.20710789305497138,0.4707818025937402,1,interior
0.4951693075130096,0.3121731468032054,1,interior
0.45475985981476885,0.21360546007764994,1,interior
0.4551586238207686,0.3705540667566532,1,interior
0.3780745882804692,0.4059174395913165,1,interior
0.4240652078283261,0.04475839146491201,1,interior
0.47362046756133414,0.3825446737769136,1,interior
0.4677988840834906,0.40289377623970973,1,interior
0.475985377233841,0.3658293662021985,1,interior
0.41636821668297763,0.42891169542497665,1,interior
0.3824460781499911,0.42743117083351506,1,interior
0.39803587503367194,0.4373292107837582,1,interior
0.48932762885867653,0.20310579764650952,1,interior
0.4559055097928819,0.4214519496401592,1,interior
0.4733613592485802,0.41994047373518745,1,interior
0.48687639399441596,0.4104567972505713,1,interior
0.4890580278452617,0.3923421619673684,1,interior
0.3948722845816547,0.4595512512045071,1,interior
0.4146302655553403,0.4510394231164695,1,interior
0.508733433495584,0.19861020169403387,1,interior
0.5091180618634371,0.3867170661865852,1,interior
0.5048402516256525,0.40418000162360135,1,interior
0.4949413505629159,0.3712281532456144,1,interior
0.4360912682950915,0.4248137018891177,1,interior
0.4325920764738902,0.44551630694979655,1,interior
0.37152477986749893,0.47154651863885005,1,interior
0.41293463766996197,0.4701375476110688,1,interior
0.3948913180547136,0.47871910776026155,1,interior
0.38042460142303997,0.44923722861723203,1,interior
0.4661695403618716,0.35081568682823405,1,interior
0.3369716422938028,0.42663633499087883,1,interior
0.3456568722346476,0.4615713033737646,1,interior
0.3505516283666083,0.43826122681448815,1,interior
0.5169670525277411,0.3328470844941862,1,interior
0.5343877808861685,0.32577557284724146,1,interior
0.5403260016900486,0.3071017105857172,1,interior
0.4976087052993743,0.33087803820799144,1,interior
0.4020981772009016,0.09438403234864373,1,interior
0.504068873235937,0.24718259026761402,1,interior
0.47222953651262867,0.2425228672970632,1,interior
0.48990801369041326,0.23583822770111112,1,interior
0.36229669821703203,0.45432248369603195,1,interior
0.4335534781694752,0.4673836363877134,1,interior
0.4127396324696384,0.48889417555150605,1,interior
0.42672407795391804,0.48220551718597515,1,interior
0.47461633220194777,0.22092536891269146,1,interior
0.5567205206526296,0.3216861451201744,1,interior
0.547731930917018,0.3387954465283094,1,interior
0.5301168303733331,0.34877978477657384,1,interior
0.3631962446505914,0.4100450934806701,1,interior
0.497973876625711,0.21771430472069886,1,interior
0.4534805991565639,0.4794003859495306,1,interior
0.4501066605321396,0.4596484958757861,1,interior
0.44183070518735923,0.4891259685514946,1,interior
0.5208669780754688,0.2412770883470643,1,interior
0.4279511151578619,0.4993019166985466,1,interior
0.3995854962709109,0.49505403321902164,1,interior
0.5774079877063067,0.32546885478121107,1,interior
0.5511796431907319,0.35725893395685643,1,interior
0.3449539462609546,0.5029663726204235,1,interior
0.3481755426088148,0.48181182383691323,1,interior
0.36272938076721095,0.490949776135911,1,interior
0.28577675832662786,0.49486969807645764,1,interior
0.5729612075223681,0.31039331643531265,1,interior
0.5597937880120158,0.3000494787884638,1,interior
0.5670410808556987,0.34344637707196507,1,interior
0.5071177498652285,0.2317303623932704,1,interior
0.5557728029396048,0.3791896506752693,1,interior
0.5703807844158308,0.36504722884993623,1,interior
0.5369909238982757,0.3687155905017018,1,interior
0.5082204020230823,0.4343147579201211,1,interior
0.5177688012324702,0.41903005242169195,1,interior
0.523532529768979,0.40178342467072536,1,interior
0.5275646433552407,0.3851027416292548,1,interior
0.29810914543027184,0.5128563085822877,1,interior
0.280063623363146,0.5106706473915662,1,interior
0.5008903454611692,0.41958276259726973,1,interior
0.48744927546780903,0.35067085161995887,1,interior
0.5303705916763304,0.19847823171277784,1,interior
0.5361454453330695,0.41650370570032536,1,interior
0.5297660743868321,0.4357372102137253,1,interior
0.546361116707328,0.2867701862458786,1,interior
0.5919313874005333,0.30810357713792685,1,interior
0.595858472386178,0.32768855306571576,1,interior
0.5846955694238584,0.3400562403750934,1,interior
0.579042086306189,0.2930448003922903,1,interior
0.5859578349241349,0.3555516499785778,1,interior
0.6128469487426917,0.33438674625352405,1,interior
0.6060669149300064,0.3633238262552987,1,interior
0.48162881536197527,0.44639704479790404,1,interior
0.4972804367398312,0.4485174357284481,1,interior
0.5499777691350279,0.4293150423874845,1,interior
0.5437951422358042,0.3977285955422417,1,interior
0.5534470627359632,0.41280451937389134,1,interior
0.2825465407624954,0.531006836585792,1,interior
0.322592477581476,0.5140852204595691,1,interior
0.3050941265166039,0.5317733543971239,1,interior
0.5047185381512123,0.46619229108702265,1,interior
0.4882777051690812,0.4305934443983034,1,interior
0.522334360162359,0.46858720619051164,1,interior
0.46912403424642346,0.43554714234911596,1,interior
0.5151448946666213,0.45058134048102616,1,interior
0.5902240524002018,0.3723812530688322,1,interior
0.5934957846450157,0.3885402199637775,1,interior
0.5758338253582652,0.38463024003558904,1,interior
0.45804453116990274,0.2956200606060967,1,interior
0.2930878934398542,0.5512513026008452,1,interior
0.2720196312170055,0.5539668900914002,1,interior
0.266266731877917,0.5176168384852048,1,interior
0.2533511189620797,0.5705725896853648,1,interior
0.25982376446793176,0.5333584002629058,1,interior
0.2893615341042682,0.5724689302877347,1,interior
0.27277783881620954,0.5747381690805196,1,interior
0.2498881961347447,0.5491909176795797,1,interior
0.24776486564426947,0.5917944110305722,1,interior
0.22997432464674142,0.5778688080101785,1,interior
0.2359515482278013,0.5612781412675462,1,interior
0.2641754964425735,0.5880902884597393,1,interior
0.5173007961028292,0.3680067394303295,1,interior
0.457800117312071,0.4998485352800156,1,interior
0.443468685713113,0.5100117567995155,1,interior
0.47111161630129694,0.4897587515110171,1,interior
0.28338032117572937,0.5935510263941165,1,interior
0.30663016397262816,0.5906648054083024,1,interior
0.307549067405566,0.5681269045448327,1,interior
0.1852059407632587,0.4793777809025488,1,interior
0.2263279896062183,0.47700137173191753,1,interior
0.2647568869635753,0.60752625478753,1,interior
0.2306266890511859,0.5990403029892721,1,interior
0.2456831549012926,0.6121663799714838,1,interior
0.6238491792923939,0.32400169281421265,1,interior
0.60097514493507,0.34581527373360965,1,interior
0.5369824276843067,0.22778367860713256,1,interior
0.5525021638063522,0.19418626447886106,1,interior
0.4670246040055388,0.4531241214098852,1,interior
0.4851532018677351,0.46330104497513386,1,interior
0.4676796663567212,0.4706515635623374,1,interior
0.507659038270726,0.35090669794853346,1,interior
0.5645536944013094,0.3993705933927053,1,interior
0.22994812795295305,0.5458306025870355,1,interior
0.23771960330698075,0.5318841574433002,1,interior
0.49576144845698294,0.47895186013801416,1,interior
0.4747442626498156,0.5084799237673178,1,interior
0.49137382685813447,0.49671858493463344,1,interior
0.24712317304919298,0.5138020591048551,1,interior
0.22587500086536796,0.5175308508392172,1,interior
0.21490931070569202,0.6104893022895935,1,interior
0.21277915004899262,0.5919286991416567,1,interior
0.21487293745633668,0.5568135845761526,1,interior
0.45098263008776707,0.4403293140676119,1,interior
0.6401885303736141,0.2954549350407009,1,interior
0.6310764385396833,0.3392421756642656,1,interior
0.6482445021727645,0.3065921066909679,1,interior
0.6278595694995923,0.3081509994615445,1,interior
0.5853613842712339,0.4049007703755517,1,interior
0.5698192600701368,0.4203438966004352,1,interior
0.5649362120226457,0.2798556204979344,1,interior
0.21409961594836013,0.49099691673057244,1,interior
0.22898476453611896,0.499080910201375,1,interior
0.45879986511041526,0.5207508247111028,1,interior
0.310688255430587,0.5494969208651231,1,interior
0.5118501666932506,0.48766706007665017,1,interior
0.6097699082298228,0.38171435107550555,1,interior
0.32528607567083284,0.5581079806155244,1,interior
0.3252311284424446,0.5781809869611618,1,interior
0.43854294914136016,0.5321244005969451,1,interior
0.4161204809734721,0.5277390005801774,1,interior
0.5497612318118409,0.2664189057389508,1,interior
0.6272108303528061,0.37288723855148637,1,interior
0.6196616864369768,0.3525159406077965,1,interior
0.6399760619449488,0.3562277313461082,1,interior
0.5482631420733564,0.21118572665027557,1,interior
0.591425070915951,0.1999509372061584,1,interior
0.5707985043456482,0.21258189934577443,1,interior
0.5888918402253714,0.42647591071520685,1,interior
0.5635755633252185,0.43849820142674956,1,interior
0.34029253558707884,0.5679585835380918,1,interior
0.3434820768863591,0.548621706175727,1,interior
0.39430438394430495,0.5075849879764539,1,interior
0.6116445204447435,0.20300290895072717,1,interior
0.6054604205944563,0.22045340971062635,1,interior
0.6051467920070868,0.18295267242832183,1,interior
0.23995369939208777,0.6343925685153805,1,interior
0.2567372952502775,0.6264632075385962,1,interior
0.5270582719902546,0.5039916435301688,1,interior
0.5332305876571539,0.48454780278430226,1,interior
0.5075674257660207,0.5123959398884308,1,interior
0.36420524519276076,0.5090783983098841,1,interior
0.3474404956487853,0.5257982882349553,1,interior
0.5189987988652172,0.21867553243481475,1,interior
0.6509369657859452,0.33975165893529713,1,interior
0.6743201355583868,0.3173288251370471,1,interior
0.6658289474049709,0.3011796138005959,1,interior
0.6399688838060611,0.32355459892240546,1,interior
0.3716181739003078,0.5274473675936697,1,interior
0.5497246677995705,0.4486332032129844,1,interior
0.5316857966768606,0.4531996282715005,1,interior
0.48185681564492056,0.4802427729404422,1,interior
0.1928385812473905,0.5851959537569529,1,interior
0.23071881802425379,0.6171143704404276,1,interior
0.21882991546602376,0.6292179753676926,1,interior
0.20105452749340946,0.6240627490803696,1,interior
0.19625877657171345,0.604433447474619,1,interior
0.5562713072464115,0.22662521666866456,1,interior
0.5707209122231558,0.2372791218751309,1,interior
0.587102476036468,0.23094058520987304,1,interior
0.34701737924147036,0.5881361265660476,1,interior
0.35749248143114853,0.5656993104468249,1,interior
0.39465249791685575,0.5243336864696401,1,interior
0.38111247528928094,0.49398788130783045,1,interior
0.3807255473491242,0.5128224270321242,1,interior
0.22273635324094926,0.40209742447001173,1,interior
0.1679029094194193,0.5361840467926374,1,interior
0.168239850990118,0.5190786751320595,1,interior
0.1492056946616033,0.5478720203314795,1,interior
0.32605373289691886,0.536757377514799,1,interior
0.6015477607274061,0.4167769736361866,1,interior
0.6617707103127263,0.35612290307750705,1,interior
0.6403219893311788,0.38670280225624853,1,interior
0.6503078770571539,0.3723871064954438,1,interior
0.4767439862512326,0.5281191282320499,1,interior
0.6261875364017249,0.39839307919717876,1,interior
0.606913267291669,0.40093109589612386,1,interior
0.2988151762448574,0.608704343038061,1,interior
0.2828285648704861,0.6136877882858778,1,interior
0.6271374187274487,0.19301047728905887,1,interior
0.6122438628971271,0.16262704648255233,1,interior
0.6270774103553008,0.17275740913966509,1,interior
0.5523124672276475,0.24530307000008772,1,interior
0.568128423488506,0.25888472574282456,1,interior
0.5339650093914328,0.25304309088750454,1,interior
0.35332273866472624,0.6111941083901282,1,interior
0.33621741505935276,0.6069354814998662,1,interior
0.36748418627100593,0.6004731149327988,1,interior
0.36721346806521504,0.5815408258684366,1,interior
0.32562042945081004,0.5955819334766674,1,interior
0.5593896138400986,0.46569437313904904,1,interior
0.5724236072516603,0.45580745388395144,1,interior
0.5859961379398074,0.25154994847412715,1,interior
0.590767262617657,0.44766622510992693,1,interior
0.22404656125024452,0.6446445439237679,1,interior
0.20318979091290426,0.6452315428932904,1,interior
0.21734332231205428,0.6591957253342979,1,interior
0.6733222468870772,0.3363305933515994,1,interior
0.6821521302007727,0.35566592827492577,1,interior
0.671879668418652,0.375215491765696,1,interior
0.3173111284080107,0.6164339926924298,1,interior
0.3388547001063365,0.6251820311042265,1,interior
0.6193076303400893,0.42005012046355594,1,interior
0.6394536094248808,0.4229167541151312,1,interior
0.6444916053381557,0.4035280028420615,1,interior
0.6467543388013463,0.44718493717194124,1,interior
0.6610567784640021,0.4311581825486542,1,interior
0.6258277635413191,0.44620717408706123,1,interior
0.6620558754405139,0.41139564196501144,1,interior
0.44598613217286975,0.5449681867568216,1,interior
0.4607082873589213,0.5413361400047862,1,interior
0.5461671007027135,0.5004218327892682,1,interior
0.5532363775912399,0.4816334853505183,1,interior
0.637192514592223,0.2803286596763089,1,interior
0.6554384847465583,0.2840897379277563,1,interior
0.6257543994261927,0.29136166495768945,1,interior
0.3558727867091893,0.6287926498341886,1,interior
0.3498924376167537,0.6449710903494995,1,interior
0.32895254651361994,0.6382812860070699,1,interior
0.3361830761080684,0.6552983745460669,1,interior
0.33144357717114276,0.6735369841041575,1,interior
0.3481134642673157,0.6803513066031414,1,interior
0.3115550939057874,0.6379991700831172,1,interior
0.3124937985219677,0.6719236840594605,1,interior
0.4282381062505274,0.5160983532297243,1,interior
0.41907025977378,0.5467927588132154,1,interior
0.47852389264932643,0.5465495471620659,1,interior
0.46663592242389657,0.564752462958782,1,interior
0.1614653089088221,0.5578195594980372,1,interior
0.17941865138651816,0.5501451502648466,1,interior
0.14070257737999536,0.569104527713786,1,interior
0.5243011802618673,0.5226019653742301,1,interior
0.4954432905430021,0.5347983681859042,1,interior
0.6021736526625139,0.26430167928758697,1,interior
0.6036936718864531,0.24301126731065406,1,interior
0.3842757760372533,0.5885144174421288,1,interior
0.3730831710044519,0.6223739963485588,1,interior
0.3846092739248069,0.6081385913609134,1,interior
0.4008113199315775,0.5575213595755109,1,interior
0.3843713063507089,0.5433538093536865,1,interior
0.18748505059727494,0.6370656202984453,1,interior
0.20025442440386035,0.6657097098200357,1,interior
0.17827440704210165,0.656446806547353,1,interior
0.5122534872763475,0.5318881150879867,1,interior
0.5409907060041336,0.5227368764981934,1,interior
0.527272652325965,0.543684081693757,1,interior
0.5554960702230618,0.5318233129344571,1,interior
0.43430127922247724,0.5543565152216691,1,interior
0.421069221017917,0.5696621671177651,1,interior
0.19406169384925503,0.5635593628951742,1,interior
0.5979298168806039,0.28559811869997875,1,interior
0.6188227252756928,0.27569008621188423,1,interior
0.5833474006625079,0.2725595345188825,1,interior
0.4113330673992386,0.5089596661329279,1,interior
0.4972801059694811,0.5762200683225491,1,interior
0.5077790202343971,0.548239653527099,1,interior
0.15537135360138493,0.6683327738657506,1,interior
0.1561182422449089,0.6495869113944395,1,interior
0.1708123616795793,0.6359753869159753,1,interior
0.185167169393741,0.6752774585666474,1,interior
0.17390211324211033,0.575114934500814,1,interior
0.1740193814820841,0.5981144702398703,1,interior
0.182448387548943,0.618658387354371,1,interior
0.5621447813511182,0.5139038046080959,1,interior
0.5636437059691203,0.4950558683754581,1,interior
0.16419663674939583,0.6177544150946984,1,interior
0.14414518701001738,0.6200650580938687,1,interior
0.29890682729372653,0.6536548945466714,1,interior
0.3032867539966062,0.6862463021474119,1,interior
0.3184166458030509,0.693342796259588,1,interior
0.29540673243543547,0.6718560788726751,1,interior
0.6917902389243917,0.3188026146743879,1,interior
0.6937847292447757,0.3385580913566715,1,interior
0.7012059098969327,0.2964053978469813,1,interior
0.6830916697747903,0.30162980150694707,1,interior
0.3849957639948236,0.6426020578244629,1,interior
0.6407502755231383,0.46936210479383844,1,interior
0.665502936340446,0.4495265368760789,1,interior
0.574735845615436,0.4797288527940913,1,interior
0.5821492080272009,0.5220749082502014,1,interior
0.5955000920432689,0.49255083885887757,1,interior
0.5697244270844753,0.5309001318745943,1,interior
0.5462476594147561,0.5467610676454957,1,interior
0.6406587307819512,0.26311668856109727,1,interior
0.6211374413418378,0.2543362110033321,1,interior
0.6106553434212284,0.29706145023062525,1,interior
0.7043514512673044,0.2770392031828507,1,interior
0.6802770448488197,0.2796557330121511,1,interior
0.13803472511700715,0.6578918548552486,1,interior
0.1546741678266894,0.6326101627498476,1,interior
0.1691344038034062,0.6767281394247416,1,interior
0.1373557580291275,0.678096855059594,1,interior
0.13864329597654773,0.6383315521008175,1,interior
0.2095802864303603,0.5749761346613929,1,interior
0.2475765913176886,0.4951934492310399,1,interior
0.6293616514859383,0.2162131178417638,1,interior
0.6196349979812785,0.23431187708748313,1,interior
0.5886324875282816,0.21561030403797318,1,interior
0.4009666277667108,0.6013696821553,1,interior
0.39563484261847,0.6252891047045454,1,interior
0.19844996377227261,0.4932539671210224,1,interior
0.20525285761647627,0.5117654598828603,1,interior
0.21297616864882749,0.5322623919203237,1,interior
0.19472546745360814,0.5395871874423159,1,interior
0.6096364985829614,0.31576937911071473,1,interior
0.5825166516306763,0.5417460050888213,1,interior
0.6104282549154902,0.5115927565937155,1,interior
0.6024783754348432,0.5329848621022174,1,interior
0.60627851475727,0.4360878025113866,1,interior
0.4035510721763414,0.6458277862539874,1,interior
0.37129034437351505,0.6577809911324931,1,interior
0.39690292662311366,0.6624698277894256,1,interior
0.6515666295327373,0.24521792193370012,1,interior
0.6363058955488525,0.23917644311385292,1,interior
0.6621749491212419,0.26230589613003796,1,interior
0.4236050013410479,0.6215698912880347,1,interior
0.45146942195919754,0.5577482661240356,1,interior
0.44403022685498694,0.5726854955671205,1,interior
0.3798188662176404,0.5651874240761008,1,interior
0.4000092220348197,0.5778402933113281,1,interior
0.6068476730911199,0.45786425135538744,1,interior
0.4589372356396356,0.586711769885842,1,interior
0.4361627641465272,0.5910888366091241,1,interior
0.15720800605578225,0.5733797343334682,1,interior
0.15148436160590129,0.5879962898669171,1,interior
0.5416137977678253,0.3831915032571568,1,interior
0.1543112619357325,0.6910053331921119,1,interior
0.6813487277949525,0.406232722918516,1,interior
0.6574865576233082,0.39033039751229426,1,interior
0.4025614483969407,0.5394629772504781,1,interior
0.3636199176885544,0.5456728554300391,1,interior
0.6780971042317757,0.25603553930137546,1,interior
0.6948198953615697,0.25795574248448017,1,interior
0.13486039824056414,0.6040963077954996,1,interior
0.15410689996513527,0.6046165573015778,1,interior
0.7211548306824793,0.2728815542645483,1,interior
0.6871461293823486,0.23853427382210834,1,interior
0.6903310758588529,0.3715503644867249,1,interior
0.49066087594502267,0.5161283253312824,1,interior
0.49057716000813106,0.5593296386151362,1,interior
0.6582802032738219,0.321803728744281,1,interior
0.2954045959112365,0.62964140685623,1,interior
0.3381873347896041,0.6934372556481804,1,interior
0.31359058322357447,0.7186397860478303,1,interior
0.2812036897695654,0.6453486331519405,1,interior
0.11450314499728609,0.6035729679770881,1,interior
0.12303108312625427,0.6233695216303055,1,interior
0.6674866101408746,0.2397179832441542,1,interior
0.26004134840523724,0.6478435886088829,1,interior
0.23803619692499164,0.6595380626393412,1,interior
0.3059510814161701,0.7382877626819492,1,interior
0.29273899136790904,0.7242537691205589,1,interior
0.34678278865820156,0.7128404712358816,1,interior
0.32875512963367304,0.7074217952990682,1,interior
0.2991235680411845,0.7035778326192637,1,interior
0.3240238783648399,0.7441291582746239,1,interior
0.5415443885685507,0.46688171256000954,1,interior
0.6876214446651835,0.38916517703620346,1,interior
0.2782882781662806,0.6652977196797384,1,interior
0.6055441422508592,0.47755266580231326,1,interior
0.3575567010739894,0.6953366637978802,1,interior
0.37834739427943154,0.6934643998890494,1,interior
0.3679819591146299,0.7123542973191554,1,interior
0.27180332341890057,0.684598765640752,1,interior
0.2576190190020928,0.6710939020806146,1,interior
0.28679747484916923,0.6868582740864763,1,interior
0.45473812562481797,0.6064606833722126,1,interior
0.4369882041940458,0.6123894242700727,1,interior
0.41590585586697054,0.5881458530289574,1,interior
0.4204633098641466,0.6048858080228423,1,interior
0.3816939366282417,0.67374664571055,1,interior
0.41644679551752495,0.6787015390232303,1,interior
0.421244817252066,0.6606567609130379,1,interior
0.43751904105452166,0.6805933943705137,1,interior
0.44430908356097715,0.6645216348859408,1,interior
0.4283337645735316,0.7002935411466676,1,interior
0.39611294903907796,0.6998051811949972,1,interior
0.4108350601838418,0.6949005455588421,1,interior
0.4357191442297915,0.6319811088468632,1,interior
0.3472579420008815,0.7466297293471441,1,interior
0.33687776082401,0.7638091703267673,1,interior
0.31540193488136015,0.7697585539971314,1,interior
0.3037414477082127,0.759501751859805,1,interior
0.3414430572095348,0.7316064509262588,1,interior
0.6527622938424513,0.2229156655151488,1,interior
0.6761479608690866,0.22026003728634885,1,interior
0.39692260711406235,0.6823983375704216,1,interior
0.4099058811875214,0.71557298962898,1,interior
0.3878535705268778,0.7141383473312575,1,interior
0.7517504275181854,0.3478634667815678,1,interior
0.41653410937482904,0.6373243992971102,1,interior
0.6214598003211953,0.4712432626387959,1,interior
0.6253113587179805,0.15468061343553552,1,interior
0.4526522362084681,0.6439032430791561,1,interior
0.4338861081844929,0.648615458124016,1,interior
0.7526878626055128,0.36373027698022475,1,interior
0.7715538192493512,0.3614692767922036,1,interior
0.7356424328340271,0.3620385920153223,1,interior
0.12108610357055566,0.6664651036295943,1,interior
0.13420968412485618,0.6967720257980196,1,interior
0.11922969365007091,0.687423557374121,1,interior
0.6228263618340489,0.5267903531452142,1,interior
0.5942562282524575,0.5516482045389225,1,interior
0.6246786594796565,0.5441098991875133,1,interior
0.21986687317938503,0.6783522341714915,1,interior
0.4678826998722055,0.6263767171774436,1,interior
0.4609526454965147,0.6621382205609244,1,interior
0.14212226413287274,0.7121717289128964,1,interior
0.10153979864016623,0.696091846289671,1,interior
0.11692390108176129,0.7096504213864736,1,interior
0.10440928761855557,0.6749723113761454,1,interior
0.7031726320924915,0.3570987055858801,1,interior
0.5898955193400054,0.46923544828951325,1,interior
0.5777322936965587,0.4375518681794144,1,interior
0.36481632396245117,0.6772509250021075,1,interior
0.27797592594873244,0.7065303981683843,1,interior
0.25936035014290304,0.693800503285702,1,interior
0.4284868638522051,0.7258331782685281,1,interior
0.6312805501092007,0.5089836850105252,1,interior
0.6158961486496299,0.49288384450430445,1,interior
0.6471372965748464,0.2005227467756611,1,interior
0.6440799541959163,0.18007490315413482,1,interior
0.7188139680092658,0.3697179992334643,1,interior
0.6456619350251295,0.15508894596285505,1,interior
0.3674792478226261,0.6403503232418895,1,interior
0.17791597460294112,0.6936782151465851,1,interior
0.3033998452317661,0.7897274642731421,1,interior
0.33104949457908184,0.7843565974172564,1,interior
0.3786266176320163,0.7318633125256508,1,interior
0.35888233709797707,0.7301713956747993,1,interior
0.2733603162126069,0.6286478186692792,1,interior
0.6018469765618559,0.5665659759389774,1,interior
0.6431000472043388,0.557387651185977,1,interior
0.64396201272236,0.5324290672099011,1,interior
0.6092749850364892,0.5513209060885339,1,interior
0.7547356056960323,0.37941479187188804,1,interior
0.7345204658929123,0.38366272520535205,1,interior
0.716427526166251,0.3917705166124147,1,interior
0.628685947464068,0.1387931568926427,1,interior
0.6992056146664782,0.4048096312408682,1,interior
0.7804707673455924,0.38267887638258374,1,interior
0.6666243149207711,0.2048106055029901,1,interior
0.10497379836881994,0.6538804491101261,1,interior
0.08775685387443238,0.6827885009502319,1,interior
0.08883537227097785,0.6616045577521328,1,interior
0.631302600336638,0.48749946341823247,1,interior
0.6459625078564963,0.49296605498559504,1,interior
0.6485941195205158,0.5112540433717231,1,interior
0.35635095530467853,0.7618570958927336,1,interior
0.35306862055600174,0.7790018703712993,1,interior
0.36864178676178705,0.7486583992433873,1,interior
0.17962998433062505,0.7148858596695084,1,interior
0.21280495047460316,0.7025238850714485,1,interior
0.16297232580242996,0.7075518356245153,1,interior
0.19941824790680474,0.686109247948469,1,interior
0.3281912750269615,0.8030202251393925,1,interior
0.309487586331365,0.8145171643754077,1,interior
0.6653990411603461,0.1875674509980343,1,interior
0.10040292304644646,0.6184885344536579,1,interior
0.12529631849261957,0.587444238590137,1,interior
0.5651469923464585,0.5484679413724495,1,interior
0.5806227071473811,0.5635550220975595,1,interior
0.28959974499045366,0.7487230064822716,1,interior
0.7660590772903001,0.39626258333901215,1,interior
0.7839923240701491,0.4067299236327631,1,interior
0.5581752992005065,0.5685140786774525,1,interior
0.5946988341864743,0.5819555557035404,1,interior
0.5756865888919515,0.5812014305535932,1,interior
0.3509586475544979,0.6640570058998453,1,interior
0.7479984072214876,0.40237133822216203,1,interior
0.7654833457798067,0.415336785810279,1,interior
0.1221309646717815,0.6456933094022621,1,interior
0.08776498972851612,0.6379174969797275,1,interior
0.461564024741307,0.6818030773266313,1,interior
0.4510351213846697,0.6985236466287305,1,interior
0.7035731516576615,0.38113309699608977,1,interior
0.39274624206111786,0.7526213757302239,1,interior
0.37467896284878516,0.7705883940580271,1,interior
0.3195221028790693,0.6554773412624892,1,interior
0.7349463279840501,0.418411355146906,1,interior
0.7522906559420832,0.42580996225238676,1,interior
0.7302102756429929,0.4012767081693538,1,interior
0.2750225651502003,0.7333463149905193,1,interior
0.2616091427904873,0.7162353608809253,1,interior
0.2457310962754542,0.7030543535034149,1,interior
0.23062899520840902,0.7131106182885918,1,interior
0.2354780494383158,0.732001351494372,1,interior
0.2469772663303944,0.7213738856048203,1,interior
0.2574100475277754,0.7407912428414185,1,interior
0.3500270140166749,0.79875257897874,1,interior
0.621482273112466,0.5622639488399972,1,interior
0.6113589085169872,0.5973379488621102,1,interior
0.6019639339867231,0.6117125380391554,1,interior
0.5858071676523715,0.5985803209310848,1,interior
0.6319520665822701,0.604022897613306,1,interior
0.6316407771992982,0.5885352542841064,1,interior
0.6218896419035073,0.618555704315358,1,interior
0.06849906214435311,0.6541521639062143,1,interior
0.10728172197474456,0.6354031953352728,1,interior
0.7218125408619878,0.43088245046010154,1,interior
0.7407431053801347,0.43834087361814755,1,interior
0.3974695403913482,0.7321613926667653,1,interior
0.6958954366161985,0.2221100317003199,1,interior
0.48704141981400145,0.6379367805003813,1,interior
0.4850027934456219,0.6212090490740915,1,interior
0.47221946642405294,0.6485996210975964,1,interior
0.47534491595431067,0.6033060442563168,1,interior
0.47921486163735827,0.5805801687364595,1,interior
0.5138088526449403,0.5647610237176486,1,interior
0.6614353863790309,0.46486881985375517,1,interior
0.6687044325823259,0.15694961146403102,1,interior
0.6799940821691491,0.17766335280453477,1,interior
0.6594672673039388,0.17054952167050824,1,interior
0.6901178654635033,0.19990626480422433,1,interior
0.06901165489116298,0.6912119295009235,1,interior
0.07442915277775008,0.672394485093804,1,interior
0.05617737426638759,0.6755459623341711,1,interior
0.24266522638148968,0.768606280686134,1,interior
0.25382750932488,0.7831670798353159,1,interior
0.2611532669626624,0.7667628269465211,1,interior
0.2502719359646452,0.796820130332116,1,interior
0.585870991216488,0.6175491965106606,1,interior
0.5632291998818701,0.5914653660103966,1,interior
0.6149792892054939,0.579313094207621,1,interior
0.5687261753379722,0.6106203915855462,1,interior
0.5360831789697258,0.563687177972671,1,interior
0.04866665397744477,0.6582831082365918,1,interior
0.32896581981008777,0.8211183125454075,1,interior
0.34669822583319343,0.8165962318831732,1,interior
0.5753907175458404,0.6318327463440664,1,interior
0.5372367569299308,0.6188660489428532,1,interior
0.5490903912143282,0.6035812154476591,1,interior
0.5564291451690344,0.6212807573933281,1,interior
0.09296547389447193,0.7152836045477706,1,interior
0.10569569073084104,0.730580946534916,1,interior
0.03600914746208131,0.6702095064225468,1,interior
0.6013347640084664,0.6312205463379927,1,interior
0.23432106633463423,0.8147756784994759,1,interior
0.24882600203222255,0.8290318777010182,1,interior
0.22370806469109408,0.7962857385332073,1,interior
0.27523367612895544,0.8119344437777435,1,interior
0.23252655685672796,0.7829881201820387,1,interior
0.082385950207277,0.7326286451552141,1,interior
0.12177407887643103,0.7458707804230729,1,interior
0.12509782838054737,0.725381875981572,1,interior
0.21612890064118062,0.7243141243855292,1,interior
0.22958341406929064,0.6951755412207172,1,interior
0.19844325018310216,0.7204844267092008,1,interior
0.1603105739400073,0.7264851754108758,1,interior
0.1812312642945121,0.7341213017186933,1,interior
0.19418028362227227,0.7033048925309682,1,interior
0.19998835232659484,0.741108416647025,1,interior
0.14669512598779078,0.7442564903015552,1,interior
0.13697147462134493,0.7580622339943142,1,interior
0.4765064712578389,0.6693445136666069,1,interior
0.4889176286090975,0.6562110298718861,1,interior
0.22042353557919042,0.7407859423128244,1,interior
0.6481893855599109,0.5774941609307511,1,interior
0.6502164930086889,0.596439470208769,1,interior
0.6467602129065794,0.6167478989557149,1,interior
0.5296785625190685,0.59737939592978,1,interior
0.5141017192942356,0.6080693028163905,1,interior
0.5368154345266355,0.6407455930393615,1,interior
0.5546201019720532,0.6372926665588716,1,interior
0.2907984516494106,0.8203467080406643,1,interior
0.30291888106806797,0.8387839164621,1,interior
0.48681048445348,0.6883207727781695,1,interior
0.47270762400257194,0.70227912614864,1,interior
0.7166514091219472,0.41211065346581377,1,interior
0.23777323704462633,0.7516857557604252,1,interior
0.5945168892792202,0.512667084382756,1,interior
0.5791680156253711,0.5020307094021623,1,interior
0.6233157548261585,0.6402672699402019,1,interior
0.5906584323831754,0.6464139995780069,1,interior
0.6101334265830455,0.6534222124016624,1,interior
0.6693875725300771,0.5955515308163823,1,interior
0.6632225907701876,0.6083972771436733,1,interior
0.638148497216852,0.6308923487289964,1,interior
0.6686902279564952,0.6217925988032627,1,interior
0.19677837747746235,0.7602973500078751,1,interior
0.21426282084586845,0.756249523928458,1,interior
0.17843142334940174,0.7561882062062335,1,interior
0.5028614673670658,0.6640518353356388,1,interior
0.06764504152583124,0.7141258708770325,1,interior
0.5515922644436706,0.6553606301023154,1,interior
0.5733404564847168,0.6539615277077799,1,interior
0.5227095454137063,0.6266096581307038,1,interior
0.533918628512466,0.6635132604814785,1,interior
0.16916921195217688,0.7791625787110361,1,interior
0.16478764680706043,0.7447930308055163,1,interior
0.18644305075673837,0.773587405343407,1,interior
0.5440718749026946,0.5836246657436261,1,interior
0.20744481466194517,0.7786699573696364,1,interior
0.22530016817575965,0.7671698720621252,1,interior
0.5170763142428424,0.6640207015033492,1,interior
0.5203951096542443,0.6448486203783292,1,interior
0.55005842575377,0.6933852399139389,1,interior
0.523426151585476,0.6830421486924655,1,interior
0.08335439598712224,0.7009414318881373,1,interior
0.40939568564390927,0.6185806850999436,1,interior
0.4502286567563982,0.6242869801001346,1,interior
0.5044722810524389,0.6279686137493148,1,interior
0.6620818709992643,0.5494682442430636,1,interior
0.6650205180706432,0.5675210965906139,1,interior
0.7459916417458814,0.4586260063117068,1,interior
0.21427375523739062,0.826675550925088,1,interior
0.21527323279186206,0.8104207981743898,1,interior
0.7028964216818491,0.4256675242797049,1,interior
0.6721014061072035,0.3943268767238639,1,interior
0.6827331851248171,0.423279115454409,1,interior
0.13778804392486765,0.7753967039317766,1,interior
0.15576614832131772,0.7637063568912004,1,interior
0.16515786971626617,0.8048025853892108,1,interior
0.1846313897574724,0.7911827014333916,1,interior
0.14605962403293785,0.8058721778369886,1,interior
0.4809311392924053,0.72233875833651,1,interior
0.4654917897256705,0.7398714819099648,1,interior
0.44271690330638763,0.7143427458924937,1,interior
0.4941109221032283,0.707979434729791,1,interior
0.6833949994353294,0.4610107438330775,1,interior
0.6577738194114501,0.48179969176066895,1,interior
0.6762014219136644,0.4812212928778048,1,interior
0.018145434954215098,0.6802375360711769,1,interior
0.038686702357135186,0.6843804313144859,1,interior
0.24165638704810194,0.6822409638290197,1,interior
0.5060497848849818,0.6796953790379253,1,interior
0.5097430554708521,0.6960085563639754,1,interior
0.537620831613522,0.6841305393914914,1,interior
0.42066166953933265,0.7650760725329608,1,interior
0.385437783485709,0.7877929488735202,1,interior
0.39859463949141927,0.7739359375455208,1,interior
0.36879346786939277,0.7935833671894059,1,interior
0.36844627835216215,0.8171246552968056,1,interior
0.41458959554869945,0.740986909204256,1,interior
0.4355979251761728,0.7533776799151541,1,interior
0.4465113930763104,0.7351027485017599,1,interior
0.1932703455354207,0.830730306842002,1,interior
0.20928522519535456,0.8447585077222959,1,interior
0.20044098568610763,0.8161763609012118,1,interior
0.3320811749683669,0.8508680063258058,1,interior
0.32028932922134307,0.836923273820755,1,interior
0.3574847140125973,0.8323482006267012,1,interior
0.1360020718867143,0.7933952252400596,1,interior
0.10858081740030462,0.7783073950541564,1,interior
0.6660205154858673,0.5008189871532491,1,interior
0.6937440433742934,0.4431197303677057,1,interior
0.6775644280471593,0.4410620769573063,1,interior
0.5117839816020271,0.5868693869892637,1,interior
0.6877916909411783,0.5002013102390697,1,interior
0.6792596974972535,0.5206540992502853,1,interior
0.6606637957614674,0.5193670517765104,1,interior
0.12227260222609782,0.78713751449798,1,interior
0.28514636468442983,0.8399368950796291,1,interior
0.31429109135158007,0.8593914078912103,1,interior
0.2919818008588384,0.8584121255840553,1,interior
0.2771955271715791,0.873610908420782,1,interior
0.30000928516665476,0.8801698008185982,1,interior
0.27073382060304896,0.8513879071450878,1,interior
0.04908344030618598,0.6989349126229056,1,interior
0.7021065820279269,0.18065415488979064,1,interior
0.20152410788282082,0.798984111593141,1,interior
0.46062741424403064,0.7183505365578343,1,interior
0.3205030047772503,0.878490990380265,1,interior
0.3377035590557305,0.8683330528562087,1,interior
0.6837300351626077,0.5831052253949952,1,interior
0.6827222755935222,0.6058123671457895,1,interior
0.49503557858971564,0.6104291035633113,1,interior
0.13998994580147378,0.7311353529415929,1,interior
0.5333510485958644,0.7040326530035836,1,interior
0.2700551698764455,0.8291150922135785,1,interior
0.5504850238540764,0.674767385305223,1,interior
0.5603087559374407,0.7097712075834838,1,interior
0.7416920194116289,0.4801142340632201,1,interior
0.7460874133821146,0.5013922323488027,1,interior
0.4880497670675791,0.7401142507578148,1,interior
0.5033156644784076,0.7279781518776662,1,interior
0.41981503395317654,0.78303047662473,1,interior
0.5260529651947968,0.7264121092520308,1,interior
0.513683361500833,0.7123072219850907,1,interior
0.6839654041748378,0.558405111912086,1,interior
0.6990013827222499,0.5718272790456604,1,interior
0.6638836499472555,0.5834201365101266,1,interior
0.4247334482749362,0.7986902358095241,1,interior
0.5469330212967327,0.7219550671411321,1,interior
0.6776564543664768,0.5405564598565532,1,interior
0.7135894567599853,0.25630486774787803,1,interior
0.7280771710344122,0.4663244319499721,1,interior
0.7260502829548964,0.4499219317293764,1,interior
0.5807562417898683,0.6774297849795412,1,interior
0.5648121884598328,0.6686639739930202,1,interior
0.17164539852736388,0.8307667153427347,1,interior
0.1839343123740968,0.8119939295949126,1,interior
0.14927400893335108,0.8262766961977566,1,interior
0.3298636563154682,0.7233927381221575,1,interior
0.12576321636864143,0.8113798998072592,1,interior
0.10639466908451257,0.7976114316351067,1,interior
0.4466428831218375,0.8147104474160308,1,interior
0.6879443603914043,0.162741711464358,1,interior
0.42962900708026464,0.8183112880491855,1,interior
0.49484876058984445,0.5943377549579811,1,interior
0.403378532546628,0.7946174764984171,1,interior
0.18703809548701592,0.8488464164881849,1,interior
0.1732994347483634,0.8533170267588355,1,interior
0.687386077726949,0.6229417390140688,1,interior
0.26009326829501805,0.8643773575019505,1,interior
0.24819555789498926,0.8489709406982402,1,interior
0.2094572296378488,0.877651066927368,1,interior
0.6567936069344723,0.6351855320211148,1,interior
0.6303612354349434,0.6627212717440977,1,interior
0.2695358176118455,0.8920470509505967,1,interior
0.2569271516715959,0.8821914123716748,1,interior
0.28560627682339773,0.891793059458454,1,interior
0.2437926826173116,0.8681695673654573,1,interior
0.25948581839077156,0.8397371314769337,1,interior
0.706692974001549,0.5539288221376153,1,interior
0.6433256969270663,0.6484604932467176,1,interior
0.5822883990383064,0.7036982953811979,1,interior
0.5658421447225108,0.687976596856541,1,interior
0.526440776341911,0.5788549883054069,1,interior
0.22470441980703826,0.8869247718821369,1,interior
0.22952066211967273,0.8537299423428579,1,interior
0.2119583045420446,0.8964354215527892,1,interior
0.1973780363631699,0.8616732030394899,1,interior
0.19398260257535432,0.8753458993278329,1,interior
0.6772455899405359,0.6392779032985946,1,interior
0.5978356218643486,0.6882127043231783,1,interior
0.5954454623163814,0.6659786855284074,1,interior
0.7073239870661852,0.46139890951058915,1,interior
0.7182084550707446,0.4804945356104862,1,interior
0.35068050911036114,0.8497406534334557,1,interior
0.35193336675417025,0.8806526590540288,1,interior
0.3346199957965805,0.8933283127980196,1,interior
0.36040610398623785,0.8629621520348021,1,interior
0.38648769928921994,0.8068496380342346,1,interior
0.3135130814686059,0.8951338887806015,1,interior
0.7289139281050405,0.49448764857232264,1,interior
0.7322606493805753,0.5119845848975412,1,interior
0.618514805864336,0.6776870991818703,1,interior
0.6937111984185866,0.5380988927061622,1,interior
0.7107609884991035,0.5009527879970628,1,interior
0.7207787787628144,0.5222389206206784,1,interior
0.7000441413711861,0.518924452980166,1,interior
0.7132622597224644,0.536749042755919,1,interior
0.2571113486927014,0.8129213109052993,1,interior
0.2766826928368564,0.7632572699753083,1,interior
0.6971443419897764,0.4806687496976595,1,interior
0.296765057695485,0.9065796365302066,1,interior
0.6487128173567905,0.6672098002370352,1,interior
0.5044692724704793,0.6481009498615895,1,interior
0.20956656964379453,0.9139897792441114,1,interior
0.230871306059745,0.9074051803384947,1,interior
0.23945493314708624,0.8879146890686187,1,interior
0.2146844472592264,0.8612461840790036,1,interior
0.40770748056972705,0.8136108648793294,1,interior
0.39047773047412876,0.8273917567427226,1,interior
0.3513065643338641,0.8978013574303032,1,interior
0.664175248121035,0.5331374943967824,1,interior
0.6634937181806165,0.6546929631813665,1,interior
0.2762060517361852,0.9079827101890401,1,interior
0.372936642250919,0.8445054622121686,1,interior
0.1524913760654421,0.7865569555171272,1,interior
0.37988705242824033,0.8707128494390823,1,interior
0.39238250629356713,0.857138082138178,1,interior
0.47542146121201734,0.7530615563581095,1,interior
0.4144014438346646,0.8317581199660451,1,interior
0.6322836373234855,0.572983956800321,1,interior
0.4918048007023904,0.6726393266805184,1,interior
0.22815676016277525,0.8714831728712069,1,interior
0.36927373247007217,0.8890728321322164,1,interior
0.36647474171399363,0.8755497912882821,1,interior
0.41454437885606654,0.8583254755715554,1,interior
0.40602722902603294,0.8434285560487736,1,interior
0.39951928220849775,0.8751279287643514,1,interior
0.23047497606986558,0.8360828045867477,1,interior
0.027420238016895422,0.6965925470582999,1,interior
0.38837182043823915,0.8950863859556712,1,interior
0.7100139537734886,0.4428948866890581,1,interior
0.2644223756715121,0.9206522320785541,1,interior
0.2539944883472003,0.90383110537203,1,interior
0.33983024210527063,0.8346865471026292,1,interior
0.28410840083752603,0.9275043655385794,1,interior
0.2620499188776647,0.9379209839098275,1,interior
0.27630030204805744,0.9487368439901035,1,interior
0.2860625197154225,0.9576572316223753,1,interior
0.24583687012843813,0.9243647821669257,1,interior
0.38884554937580584,0.8423381380686954,1,interior
0.22525667991307755,0.929618576520162,1,interior
0.2972003655202396,0.9444337314578038,1,interior
0.12110979237754622,0.7664074048615495,1,interior
0.2495361284513164,0.9776998014098109,1,interior
0.2595527449696317,0.9593431380830066,1,interior
0.243266238901718,0.9445954565158889,1,interior
0.2404373775710953,0.9644882240830865,1,interior
0.22714162603575846,0.9515651584352458,1,interior
