880,2,837,1,3,5,881,4,836,906,7,799
2,837,4,0,880,3,881,906,5,836,6,799
4,906,6,1,0,837,880,836,881,3,831,5
880,881,837,0,1,2,5,7,9,836,799,906
6,8,10,2,1,880,906,837,836,831,0,881
881,799,836,3,880,0,7,9,777,837,1,2
8,10,12,4,837,2,906,831,836,838,880,1
799,777,836,5,881,3,9,11,13,880,837,0
10,12,818,6,906,4,831,838,789,836,14,837
777,776,791,7,5,799,11,13,17,881,790,3
12,14,668,8,831,6,818,789,907,838,906,16
777,776,791,9,7,799,13,17,19,5,775,773
14,650,16,10,8,831,818,668,789,907,15,20
17,776,775,11,9,777,19,21,24,771,791,7
16,650,20,15,12,10,8,818,668,907,18,874
18,32,30,12,10,8,16,14,20,650,22,874
18,20,22,15,14,12,818,650,668,874,10,29
771,773,725,776,11,777,13,19,775,21,9,791
32,30,27,15,16,14,20,22,650,874,29,668
775,771,833,17,13,776,21,24,797,11,28,773
22,29,32,18,15,650,16,14,874,633,661,668
797,775,833,19,17,13,24,28,834,33,835,776
29,32,30,18,15,20,874,650,633,661,664,16
36,38,40,31,26,34,643,25,679,27,641,642
797,833,835,21,19,775,28,834,33,851,35,17
26,643,31,23,22,18,27,641,30,34,679,642
31,34,679,23,643,25,27,641,36,642,30,38
641,643,642,25,26,23,22,18,20,30,680,32
834,797,835,24,21,19,33,851,35,833,850,37
32,628,680,30,18,27,22,874,20,633,629,664
641,632,643,27,25,26,22,20,18,32,680,631
36,38,40,23,26,25,27,34,643,679,642,641
680,631,641,30,27,25,29,22,20,628,633,570
834,851,835,28,24,797,35,37,39,850,21,792
36,38,40,31,23,643,26,25,679,642,639,641
851,792,850,33,834,28,37,39,41,24,835,797
38,40,43,34,31,643,679,639,642,26,23,640
792,850,902,35,851,33,39,41,794,834,28,42
40,43,46,36,679,34,639,640,642,31,643,23
792,788,850,37,35,851,41,794,42,817,33,44
43,46,49,38,639,36,640,624,579,679,34,642
794,792,788,39,37,35,42,817,44,787,802,45
817,794,787,41,39,37,44,802,45,47,862,788
46,49,52,40,38,639,640,579,624,36,60,679
817,802,787,42,41,39,45,47,862,794,800,48
802,817,800,44,42,41,47,862,48,911,56,419
49,52,60,43,640,40,579,624,557,38,558,639
862,802,800,45,44,42,48,911,56,419,421,422
862,911,419,47,45,44,56,912,59,420,421,423
52,558,60,46,43,640,579,557,627,40,65,624
53,933,57,58,64,67,917,54,900,934,71,1107
55,61,62,50,54,897,900,57,899,898,901,53
60,65,63,49,46,43,558,579,557,563,66,640
57,917,900,54,51,50,933,58,64,67,934,897
897,55,61,51,50,57,900,53,917,901,899,933
61,62,898,51,54,53,897,900,57,899,59,901
912,911,420,48,862,47,55,59,936,62,423,419
900,897,901,54,51,55,53,50,917,933,58,1107
933,917,934,50,53,57,64,67,71,73,900,1042
912,911,935,56,48,862,55,51,62,936,898,61
65,63,66,52,49,46,558,563,557,68,579,559
898,982,936,62,59,56,55,51,54,897,899,900
936,912,935,59,56,48,55,51,54,898,61,982
68,69,592,60,52,49,66,65,563,559,558,70
67,934,917,58,933,50,71,73,1042,53,75,57
66,68,559,63,60,52,49,563,558,590,592,69
68,592,69,63,65,60,558,559,563,590,52,591
934,1068,1107,933,58,917,64,71,73,1042,75,50
592,69,672,66,63,65,559,563,590,70,591,72
70,672,72,66,63,65,68,592,591,559,675,74
72,74,675,69,68,66,672,592,673,76,591,63
1042,934,1068,67,64,933,73,75,78,58,1067,1069
74,76,665,70,69,68,672,675,592,673,77,671
1042,1068,1069,71,67,934,75,78,1067,64,1137,80
76,665,77,72,70,69,675,672,673,671,666,79
1067,1069,1068,73,1042,71,78,1137,80,67,1131,81
77,666,79,74,72,70,665,675,605,671,672,673
79,82,83,76,74,72,666,665,675,605,1116,667
1067,1131,1069,75,73,1042,80,1137,81,1132,71,84
82,83,1116,77,76,74,666,665,564,667,85,605
1137,1067,1131,78,75,73,81,1132,84,1208,1247,86
1132,1137,1247,80,78,75,84,86,1208,1131,88,1284
83,1116,85,79,77,76,666,667,564,90,87,665
85,87,90,82,79,77,1116,667,666,94,97,564
1208,1132,1247,81,80,1137,86,88,1284,1299,89,1303
87,90,94,83,82,79,1116,667,97,99,666,565
1208,1132,1303,84,81,80,88,1284,89,1299,1286,91
85,83,82,90,1116,94,99,667,97,79,103,565
1284,1208,1303,86,84,81,89,91,1286,92,1299,1305
1284,1286,1303,88,86,84,91,92,1305,1208,93,1285
87,85,1116,83,94,99,97,667,82,103,565,79
1286,1304,1303,89,88,1284,92,1305,93,1285,86,95
1305,1286,1304,91,89,88,93,1285,95,1311,1320,1284
1285,1305,1320,92,91,89,95,1311,96,1378,1456,98
90,87,1116,85,667,99,97,103,565,83,106,82
1311,1285,1320,93,92,91,96,1378,98,1456,1305,1318
1311,1456,1285,95,93,92,98,1378,100,1318,101,1333
99,94,90,1116,565,667,564,103,106,530,85,108
1378,1318,1311,96,95,93,100,101,1333,1456,102,1332
94,90,87,97,565,667,103,106,530,1116,85,108
1318,1378,1311,98,96,95,101,1333,102,1445,1332,104
1333,1318,1332,100,98,96,102,1445,104,1444,105,1378
1445,1333,1332,101,100,98,104,1444,105,1406,109,1388
97,99,94,565,667,528,106,530,108,564,114,90
1444,1445,1406,102,101,100,105,109,111,1333,1388,1628
1444,1406,1445,104,102,101,109,111,1628,1485,1388,116
103,97,99,530,565,528,108,114,527,122,94,120
112,124,1648,110,1661,123,1654,127,121,1653,1636,1649
106,103,97,530,565,528,114,527,122,120,99,512
1406,1628,1519,105,1444,104,111,1485,116,1445,1388,102
1661,112,1654,107,123,127,129,1653,1648,124,1649,131
1485,1628,1406,109,105,1444,116,1495,115,1660,1494,104
124,1648,121,107,110,1661,1654,123,1636,1653,127,125
115,1495,1650,111,109,118,1624,125,116,121,1660,1629
108,106,103,527,530,512,122,120,117,528,565,97
1495,1660,1485,116,111,109,113,1650,1624,118,1613,125
1485,1660,1628,111,109,105,113,1495,115,1650,1624,1494
120,122,527,512,114,513,505,514,119,126,128,506
1624,1650,1495,113,115,116,112,125,121,1629,1636,124
128,130,122,117,120,512,513,505,494,126,506,589
122,527,114,108,117,512,513,119,128,126,530,106
125,1629,1624,118,113,115,112,1661,107,124,1636,1648
114,108,530,120,527,117,128,126,130,106,512,119
1654,1653,131,110,1661,107,127,129,112,1648,1649,124
1636,125,1662,121,118,113,112,1661,107,1648,1654,1649
1629,1624,1612,118,113,115,121,124,112,1636,1662,1648
128,130,133,119,117,513,506,783,494,589,593,595
1653,131,1649,123,1654,1661,129,110,132,1648,112,107
130,138,117,120,122,126,589,119,593,133,594,506
131,132,1649,127,1653,123,139,1654,135,1661,110,1648
140,117,120,122,128,593,589,133,134,620,126,594
132,135,136,1653,1649,1654,129,127,123,139,1657,141
135,1643,1646,1649,1654,1662,131,1653,129,136,139,1657
138,140,142,130,128,117,593,594,589,134,620,137
138,140,143,133,130,128,620,593,594,137,621,602
1646,1647,1627,1643,1649,1662,132,131,1653,136,139,1657
1647,1646,1645,135,132,1643,131,129,127,139,1657,141
138,140,143,134,133,130,620,593,583,621,602,623
140,142,143,130,137,134,133,621,145,623,620,602
1657,1647,1645,136,135,132,141,144,147,1646,131,1639
142,138,137,134,143,621,145,133,620,623,130,146
144,147,1645,139,1657,136,1647,150,135,1640,1639,1646
140,138,621,143,145,146,137,134,623,133,620,619
142,140,138,621,137,145,146,623,134,619,148,602
147,1645,150,1657,139,1647,141,136,1640,155,1639,135
143,142,138,623,621,619,146,148,149,137,140,602
145,621,143,623,619,636,148,149,154,602,142,137
150,155,1640,1645,1657,139,144,141,1647,159,1639,136
146,623,145,636,619,622,149,154,730,621,649,160
148,146,619,636,649,622,154,730,160,623,158,648
155,159,163,1640,1645,1657,147,144,141,1638,1639,1647
153,162,1527,1596,1610,1617,1626,1608,1659,152,156,161
153,162,166,1626,151,1608,1659,1625,1638,156,161,163
162,1527,166,1596,1610,1617,151,152,1626,156,161,1608
149,636,148,730,648,649,160,158,168,171,157,165
159,163,161,1640,1645,1638,150,147,144,1639,1657,141
162,166,152,1659,1626,1638,1625,1640,161,163,159,151
165,168,160,158,648,730,706,654,705,739,738,358
160,168,730,154,649,648,654,705,157,165,171,706
163,161,1638,156,1639,155,1640,150,1645,147,1659,1625
154,149,636,158,730,648,168,171,165,157,649,173
156,1659,152,1638,159,1640,163,1626,1625,155,151,1639
166,1528,169,1596,1527,1617,153,151,152,161,167,1523
161,1638,156,159,1640,155,1659,150,152,1639,1625,1645
170,1591,172,1512,1416,1513,1523,1528,1529,167,169,166
168,171,158,648,160,157,706,705,739,173,176,738
169,167,170,1528,1527,1523,162,153,1596,164,151,1529
170,172,178,164,1523,1591,1528,166,1527,169,1529,1512
160,154,730,158,165,157,171,173,739,648,706,176
170,172,178,167,164,1523,1528,166,1527,162,1529,1591
172,1488,178,1591,1416,1512,164,167,169,1523,1528,180
168,160,158,165,739,157,173,176,174,154,706,648
178,180,1413,1488,1591,1416,170,164,167,1415,169,1512
171,165,168,739,157,738,176,174,177,158,706,160
176,739,173,706,738,754,377,177,175,418,375,386
177,176,400,392,754,410,417,405,179,181,184,399
173,739,171,174,738,754,177,175,179,165,706,168
174,738,371,754,175,400,179,181,184,392,399,390
180,182,183,1488,1413,1415,172,170,1591,1416,185,164
418,416,417,415,409,404,181,184,186,175,410,405
182,183,185,1413,1415,1392,178,1488,172,1371,1591,187
179,415,418,819,414,408,184,186,826,409,413,416
183,1369,1356,1413,1371,1392,180,178,1488,185,187,189
1369,1354,1372,1371,1356,1358,182,180,1413,185,187,189
181,179,415,819,413,414,186,826,188,418,412,408
1369,1372,1470,183,182,1371,180,178,1488,187,189,192
184,181,179,826,819,941,188,190,870,191,825,412
1372,1470,1355,185,1369,183,180,178,189,192,194,182
186,184,181,826,941,825,190,870,191,885,193,869
1470,1372,1383,187,185,1369,180,192,194,198,1355,196
191,193,188,186,826,870,869,941,885,195,883,884
193,188,186,826,190,870,869,885,195,883,884,197
194,1383,196,1470,189,1372,187,1355,198,185,1442,1369
188,186,191,885,190,195,197,884,870,883,199,869
196,198,1442,1470,1383,189,192,1372,1471,187,1355,200
193,191,190,885,883,870,197,884,199,1014,202,888
1442,1471,200,1383,1470,1443,194,192,189,198,205,201
195,193,191,884,885,883,199,1014,202,888,1017,204
200,201,203,1442,196,1471,194,192,205,206,1487,1493
197,195,193,1014,884,888,202,204,1017,890,207,885
203,201,1493,1442,1471,1383,198,196,194,205,206,1487
1493,1503,1504,1471,1600,1383,200,1442,198,203,205,206
199,197,195,1014,890,888,204,1017,207,1015,884,209
1493,1504,1515,201,1442,1503,200,198,196,205,206,1487
202,199,197,1017,1014,890,207,209,1015,212,888,1013
1515,1504,1550,203,200,1493,206,1487,208,201,198,1514
1487,1515,1514,205,203,1504,208,210,1489,200,1493,201
204,202,1014,1017,1015,890,209,212,1082,214,199,1013
1487,1514,1515,206,205,203,210,211,1489,213,1530,215
207,204,1017,1015,1082,890,212,214,1138,216,202,1013
1489,1514,1530,208,206,1487,211,213,215,217,205,1570
1489,1570,1514,210,208,206,213,215,217,1487,219,1530
209,1015,207,1082,1079,1013,214,1138,216,1145,1017,204
215,217,1489,211,210,208,219,1570,1530,1514,206,221
212,209,1015,1138,1082,1079,216,218,1145,1144,207,220
217,219,1570,211,1489,210,213,221,1530,208,1573,1514
214,212,209,1138,1145,1079,218,1144,220,1082,222,1184
219,1570,221,1489,211,210,215,213,1530,1573,223,1514
216,214,212,1144,1145,1138,220,222,1177,1236,1184,224
221,223,1573,1570,1489,1530,217,215,213,1593,225,211
218,216,214,1144,1236,1145,222,1177,224,1189,1184,1321
223,225,1593,1570,1573,1530,219,217,215,228,1572,1489
220,218,216,1177,1236,1144,224,1189,1321,226,1184,227
225,1593,228,1573,1570,1572,221,219,217,1632,233,1530
222,220,1144,1177,1321,1236,1189,226,227,1238,218,1295
228,233,1633,1593,1632,1573,223,221,219,1572,242,1570
1189,224,1177,1321,1238,1295,227,229,1253,222,1236,220
226,1189,1321,1238,1253,1295,229,232,231,224,1177,222
233,1633,242,1593,1632,1587,225,223,221,1656,1572,1573
227,1238,226,1253,1295,1327,232,231,230,1189,1321,1294
231,232,1327,1253,1294,1362,1363,1326,234,241,243,1296
232,1253,229,1294,230,1327,1326,234,241,243,1362,1238
229,227,1238,1253,1327,230,231,234,241,1294,1295,226
242,1656,244,1633,1632,1587,228,225,1593,1652,245,223
230,1327,231,1363,1362,1297,241,243,250,1360,1326,1296
240,249,253,1561,1597,1566,1511,1510,1497,239,248,252
1526,251,255,1635,1541,1642,1544,1547,1543,247,238,237
247,251,1526,238,1547,236,1586,1652,1546,246,245,244
247,251,1526,236,1635,1544,1547,1586,1543,237,246,245
249,253,259,235,240,1597,1510,1511,1496,248,252,1508
249,1563,253,1561,1566,1567,235,1597,1511,239,259,248
234,230,1362,1363,1360,1297,243,250,254,231,1327,1449
244,245,246,1656,1633,1652,233,228,225,1632,1587,1586
241,1363,234,1360,1297,1452,250,254,1449,230,1362,258
245,246,1656,1652,1586,242,1633,233,1587,228,237,1632
246,1586,237,1547,1656,1652,242,244,1633,1587,233,1546
247,251,237,238,1547,1586,1652,1656,245,244,1546,1587
251,255,1559,236,1526,1635,238,237,1544,1547,1541,256
259,253,249,239,235,1511,1510,1508,1496,252,257,1559
1560,1605,1569,1563,1568,1567,240,1561,235,253,259,262
243,1363,241,1449,1360,1452,254,258,1450,234,260,1297
255,256,257,1526,1559,1642,247,236,238,1635,237,1544
259,262,253,248,1510,239,1508,1559,1642,257,256,255
1605,1560,1562,249,1563,1561,240,235,239,259,262,264
250,1360,243,1449,1450,1452,258,260,261,1363,1479,241
256,257,1559,1642,1508,251,1526,247,236,1635,252,238
257,1559,252,255,251,1526,1508,1642,247,248,236,1510
252,1508,248,1559,255,1642,256,1510,1526,251,239,1496
254,1449,250,1450,1452,1453,260,261,1451,1360,1479,263
1605,1562,1581,253,1560,249,235,239,248,262,264,240
258,254,1449,1451,1450,1453,261,263,269,1452,1548,250
260,258,1450,1451,1522,1548,263,269,268,254,1453,1449
264,1581,271,259,1605,1562,235,239,248,253,1560,1583
261,260,258,1451,1522,1539,269,268,267,1548,1450,1453
271,1581,273,1562,259,1605,262,1583,253,275,1582,1622
266,1540,267,1535,1616,1598,1619,270,272,274,1655,1590
267,1535,1539,1540,1616,1598,265,270,272,268,1534,1522
268,269,1539,1535,1522,1540,1534,1598,266,265,270,1502
269,1522,263,1548,1539,1535,1540,267,266,265,1451,1502
263,261,1451,1522,1539,1548,268,267,266,1535,260,1502
265,1616,266,1619,1590,1620,272,274,1658,1540,1598,278
273,275,1622,1581,1583,1562,264,262,259,1605,276,1582
270,265,1616,1619,1620,1590,274,1658,278,1631,280,266
275,1622,276,1581,1583,1562,271,264,262,1585,1623,1582
272,270,265,1658,1619,1620,278,1631,280,1651,279,1616
276,277,279,1622,1583,1623,273,271,1581,1585,264,1651
277,279,280,1623,1585,1651,275,1622,273,1583,1581,271
279,280,1623,1651,1631,276,1622,275,1585,1583,273,1658
274,272,270,1631,1658,1651,280,279,277,1620,1619,1623
280,1631,1651,278,277,1623,276,1658,1622,1585,274,1620
278,1658,274,1631,279,1651,277,1623,272,1620,276,1619
293,295,297,282,283,284,457,461,464,292,291,294
283,284,285,459,463,462,457,461,464,281,292,291
284,285,286,463,471,462,459,457,461,282,281,292
285,286,287,463,471,462,459,457,461,283,282,281
286,287,288,463,471,467,459,457,462,284,283,282
287,288,289,463,471,467,459,457,462,285,284,283
288,289,290,463,471,467,459,457,462,286,285,284
289,290,293,471,467,718,463,459,457,287,286,285
290,293,295,471,467,718,463,459,457,288,287,286
293,295,297,471,467,718,289,288,287,281,292,291
292,293,295,281,282,283,457,461,460,294,296,299
293,295,297,281,282,283,457,461,464,291,294,296
295,297,300,471,467,718,290,289,288,294,296,299
296,299,295,291,292,281,457,461,460,298,301,304
297,300,302,471,467,718,293,290,289,296,299,298
299,331,297,294,291,292,458,457,461,298,301,304
300,302,303,295,471,467,293,290,289,325,324,299
331,332,330,299,296,294,458,457,461,301,304,306
331,332,322,296,294,291,458,457,461,298,301,304
302,303,305,297,295,471,293,290,289,325,324,334
304,306,331,298,299,296,458,457,461,308,310,312
303,305,307,471,467,603,300,297,295,325,324,334
305,307,309,471,467,603,302,300,297,325,324,334
306,331,332,301,298,299,458,457,461,308,310,312
307,309,311,303,471,532,302,300,297,325,324,334
331,332,330,304,301,298,458,457,461,308,310,312
309,311,313,471,532,467,305,303,302,325,334,324
331,330,332,306,304,301,458,548,457,310,312,314
311,313,315,479,471,532,307,305,303,325,334,336
312,314,317,308,306,304,458,548,457,321,327,328
313,315,316,309,479,471,307,305,303,325,334,336
314,317,319,310,308,306,458,548,457,321,327,328
315,316,318,479,471,532,311,309,307,339,334,337
317,319,331,312,310,308,458,548,457,321,327,328
316,318,320,479,471,532,313,311,309,339,337,336
318,320,326,479,471,532,315,313,311,339,337,336
319,329,330,314,312,310,458,548,457,321,327,328
320,326,335,479,471,532,316,315,313,339,341,337
329,330,331,317,314,312,486,458,548,321,327,328
326,335,338,318,479,471,316,315,313,339,341,343
328,329,330,319,317,314,486,548,458,327,549,487
334,336,337,323,324,325,319,321,317,333,332,331
324,325,334,315,313,311,319,317,314,322,333,332
325,334,336,315,313,320,319,317,314,323,322,333
334,336,337,320,315,318,324,323,319,322,333,332
335,338,340,479,471,532,320,318,316,343,344,341
328,329,330,321,319,331,486,548,458,549,487,546
329,536,535,330,319,331,327,321,486,549,487,546
535,336,337,330,331,332,327,321,319,328,536,549
535,336,337,331,332,333,321,319,327,329,328,536
332,333,334,322,323,324,319,321,317,330,329,328
333,334,336,322,323,324,319,321,317,331,330,329
334,336,337,322,323,324,319,321,317,332,331,330
336,337,339,320,318,316,325,324,323,535,330,329
338,515,516,477,479,532,326,320,318,340,342,345
337,339,341,320,326,318,334,325,324,535,536,550
339,341,343,320,326,318,336,334,325,535,536,550
515,516,560,335,477,479,326,320,318,340,342,345
341,343,344,320,326,338,337,336,334,535,536,550
515,516,560,338,335,477,326,320,318,342,345,347
343,344,346,340,338,335,339,337,336,535,536,550
345,515,516,340,338,335,341,326,320,347,346,344
344,346,347,342,340,338,341,339,337,535,561,536
346,347,345,342,340,338,343,341,339,535,561,536
515,516,560,342,340,338,344,343,341,347,346,535
347,515,516,345,342,340,344,343,341,535,561,536
515,516,560,345,342,340,346,344,343,535,561,550
349,352,353,741,755,707,709,708,723,351,350,354
352,353,355,741,755,707,348,709,708,351,350,354
355,356,357,351,348,349,709,723,708,354,359,366
352,353,355,348,349,741,709,708,723,350,354,359
353,355,356,741,755,707,349,348,351,350,354,359
355,356,357,755,707,705,352,349,348,350,354,359
360,361,390,350,351,348,709,723,708,359,366,368
356,357,360,755,705,686,353,352,349,354,359,366
357,360,361,755,705,686,355,353,352,354,359,366
360,361,362,755,705,686,356,355,353,390,354,359
738,739,174,705,706,686,755,356,355,365,364,367
409,392,390,354,350,351,709,723,708,366,368,370
361,362,363,364,755,358,357,356,355,388,390,392
362,363,367,364,358,755,360,357,356,377,386,388
363,367,369,364,358,705,360,357,356,361,375,377
367,365,369,364,358,705,360,357,755,362,361,371
365,738,739,358,705,706,755,357,356,363,367,362
738,739,174,358,705,706,364,363,362,367,369,371
398,404,409,359,354,350,709,722,723,368,370,372
738,174,739,365,364,358,363,362,361,369,371,373
398,404,409,366,359,354,722,709,723,370,372,374
738,174,739,367,365,364,363,362,361,371,373,375
397,398,404,368,366,359,722,709,723,372,374,376
738,174,739,369,367,363,362,361,360,373,375,377
397,398,404,370,368,366,722,723,704,374,376,385
738,174,177,371,369,367,362,361,360,375,377,386
396,397,398,372,370,368,722,723,704,376,385,384
738,177,174,373,371,369,361,360,357,377,386,388
396,397,398,374,372,370,722,721,723,385,384,383
754,177,174,375,373,371,360,357,356,386,388,390
406,407,411,379,380,381,721,704,703,387,389,391
380,381,382,722,376,374,721,704,703,378,387,389
381,382,383,722,376,374,721,704,703,379,378,387
382,383,384,722,376,374,721,704,703,380,379,378
383,384,385,376,374,372,722,721,704,381,380,379
384,385,394,376,374,372,722,721,704,382,381,380
385,395,394,376,374,372,722,721,704,383,382,381
395,396,397,376,374,372,722,721,704,384,383,382
754,177,174,377,375,373,360,357,356,388,390,392
402,406,407,378,379,380,721,703,704,389,391,393
754,177,174,386,377,375,357,356,355,390,392,400
402,406,407,387,378,379,721,703,704,391,393,401
754,177,174,388,386,377,356,355,353,392,400,399
401,402,406,389,387,378,721,703,704,393,820,825
754,177,174,390,388,386,355,353,352,400,399,405
401,402,406,391,389,387,721,703,704,820,825,877
404,409,415,395,396,397,384,383,382,403,408,414
398,404,409,396,397,376,385,384,383,394,403,408
397,398,404,372,370,368,385,376,384,395,394,403
398,404,409,368,366,400,385,376,384,396,395,394
404,409,415,400,392,359,397,396,395,394,403,408
175,177,174,400,392,390,398,397,396,405,410,417
754,177,174,392,390,388,355,353,368,399,405,410
402,406,407,389,387,378,393,391,721,820,825,877
406,407,411,378,379,380,401,393,391,820,825,877
409,415,418,394,395,396,383,382,381,408,414,413
409,415,418,399,400,392,398,397,396,403,408,414
175,177,174,399,400,392,404,398,397,410,417,416
407,411,412,379,380,381,402,401,393,820,825,877
411,412,413,408,403,380,406,402,401,820,825,826
409,415,418,403,394,395,383,382,406,414,413,412
415,418,416,405,399,400,404,398,397,414,413,181
175,177,174,405,399,400,409,404,398,417,416,418
412,413,181,414,408,403,407,406,402,819,820,825
415,181,418,413,414,408,411,407,406,819,820,825
415,181,418,414,408,403,411,407,406,412,819,820
415,418,181,408,403,394,407,406,402,413,412,411
418,179,175,416,417,410,409,404,398,181,819,184
175,177,174,417,410,405,409,404,398,418,415,179
175,177,174,410,405,399,409,404,398,416,418,415
175,177,174,416,417,410,415,409,404,179,181,819
421,422,424,800,862,802,911,56,48,420,423,426
421,422,424,419,800,862,911,56,48,423,426,429
422,424,425,800,862,802,419,911,56,420,423,426
424,425,427,800,862,802,419,911,56,421,420,423
424,441,425,420,419,421,912,56,48,426,429,432
425,427,428,800,862,802,422,421,419,423,426,429
427,428,430,800,862,802,424,422,421,426,429,446
429,437,441,423,420,421,912,56,48,432,435,436
428,430,431,800,786,802,425,424,422,446,448,447
430,431,433,800,786,802,425,424,422,427,449,448
437,441,443,426,423,420,912,56,48,432,435,436
431,433,434,800,786,802,428,427,425,450,449,448
433,434,438,800,786,802,428,427,425,430,450,449
436,437,441,429,426,423,912,56,936,435,935,1103
434,438,439,800,786,802,431,430,428,451,450,449
438,439,440,800,786,802,431,430,428,433,452,451
436,437,441,432,429,426,912,56,936,935,938,974
437,441,443,432,429,426,435,912,56,935,1103,938
441,443,445,429,426,423,432,435,912,436,1103,935
439,440,442,786,802,787,434,433,431,453,452,451
440,442,444,786,802,787,438,434,433,453,452,451
442,444,454,786,802,787,438,434,433,439,453,455
443,445,446,423,420,421,437,436,432,1103,935,938
444,454,456,440,801,786,439,438,434,455,453,452
445,446,447,420,425,427,441,437,436,1103,935,974
454,456,758,442,440,801,439,438,434,455,453,452
446,447,448,427,425,428,443,441,437,1103,935,974
447,448,449,427,430,425,443,441,437,445,1103,935
448,449,450,427,430,428,446,445,443,1103,974,938
449,450,451,430,433,427,446,445,443,447,1103,1168
450,451,452,433,430,431,446,445,443,448,447,1103
451,452,453,433,430,438,446,445,427,449,448,447
452,453,455,444,439,442,430,446,445,450,449,448
453,455,454,444,442,439,431,430,446,451,450,449
455,454,456,444,442,439,433,431,430,452,451,450
456,758,757,444,442,440,439,438,434,455,453,452
456,758,859,454,444,442,453,452,451,872,1103,1168
758,859,810,454,444,442,453,452,451,455,872,1103
459,291,281,462,481,467,464,460,474,458,461,548
296,298,301,294,291,292,461,460,483,548,486,469
283,284,285,463,462,467,457,464,460,282,281,292
457,458,459,474,464,475,466,521,484,465,461,483
548,458,294,460,457,459,465,470,466,483,469,488
463,467,285,468,480,472,481,464,482,457,459,284
288,289,290,467,468,718,462,457,464,459,287,286
462,457,459,481,482,468,474,475,521,460,461,465
461,457,469,460,466,474,484,503,552,470,483,504
474,460,464,521,551,475,520,552,588,484,465,470
471,603,473,718,472,525,462,468,481,463,290,289
467,718,525,480,472,653,481,482,475,462,464,463
487,486,549,548,461,458,488,483,504,485,489,502
483,488,461,465,484,466,503,596,586,524,504,510
532,477,478,603,718,473,467,463,459,295,479,293
525,718,473,534,533,557,480,653,482,468,467,462
562,490,476,500,590,499,718,525,472,603,471,532
464,457,462,475,481,482,521,466,551,460,465,461
481,464,462,497,482,541,551,520,543,521,474,466
491,492,496,490,493,500,562,603,473,478,532,531
516,478,531,532,603,476,326,479,320,335,338,340
531,492,507,476,491,562,532,477,603,516,515,335
477,515,478,471,532,603,307,305,303,309,313,311
472,467,533,653,534,627,482,541,497,468,481,462
468,462,467,482,480,541,475,497,521,464,474,457
480,468,462,541,653,627,497,542,551,481,475,464
469,548,458,461,465,460,470,524,484,488,504,485
465,483,460,552,466,520,586,553,658,503,470,524
489,487,519,469,483,548,488,502,504,501,508,517
327,321,319,317,314,312,548,469,461,549,487,546
549,546,536,486,548,327,469,485,488,489,519,547
485,469,489,483,461,548,504,470,524,502,501,511
546,549,547,487,469,548,485,488,502,519,501,517
493,491,496,499,498,591,500,473,590,562,476,603
496,494,505,493,495,498,476,490,562,492,507,478
507,494,783,491,496,493,478,476,532,531,582,516
496,495,505,498,556,671,490,499,562,491,476,494
506,513,119,496,505,493,492,491,476,507,783,531
514,505,513,556,529,671,493,498,490,496,491,494
505,513,506,495,514,498,491,493,490,494,492,507
482,481,480,542,541,554,543,544,740,475,551,521
495,556,605,673,671,672,591,499,592,493,490,496
498,493,671,591,559,592,590,525,563,500,490,562
490,493,498,499,590,559,525,533,472,473,562,603
517,519,545,485,489,488,508,502,511,518,572,574
485,501,489,488,504,483,510,524,522,511,508,509
470,504,465,484,552,553,586,598,798,524,596,765
488,485,469,470,483,465,524,596,503,502,510,511
513,512,119,514,556,529,496,495,493,494,506,507
126,589,128,119,513,117,494,507,496,783,595,594
783,506,595,494,491,496,492,478,516,531,582,567
501,518,517,502,485,488,509,511,526,572,538,573
508,572,518,511,502,510,526,537,523,538,540,637
502,488,508,524,596,504,522,523,765,511,526,509
508,501,485,502,510,504,526,522,523,509,538,572
527,120,122,528,530,529,514,505,495,513,117,119
119,117,120,512,514,528,505,494,496,506,126,589
512,528,530,529,605,564,556,495,671,505,513,496
516,560,567,477,478,532,345,347,342,561,566,580
531,567,582,478,532,492,515,477,345,560,561,568
545,547,609,519,489,485,518,501,508,574,575,577
517,574,577,501,519,502,572,508,509,575,573,637
547,584,610,489,546,487,501,485,508,517,545,574
521,466,474,740,551,543,588,604,587,552,553,484
474,464,460,551,475,497,520,740,588,466,552,465
510,511,504,596,524,598,765,597,727,523,526,537
526,510,511,522,765,596,597,975,827,537,539,615
504,483,488,470,503,484,596,598,765,510,522,511
473,500,562,533,590,563,472,534,653,718,603,467
509,511,508,510,522,502,537,523,539,538,540,615
122,114,530,108,106,512,528,513,120,117,119,103
530,527,103,565,564,97,529,514,605,512,505,120
528,565,530,605,564,665,556,671,498,514,495,512
106,108,114,565,103,97,528,564,529,527,512,122
582,783,569,507,492,476,516,478,477,567,560,568
478,492,531,603,476,562,471,303,302,477,479,316
590,500,559,563,558,65,534,557,653,525,472,473
533,525,590,558,563,49,557,653,627,472,480,468
561,515,560,337,336,339,324,323,322,550,549,580
535,550,561,329,330,331,328,327,321,549,546,585
526,538,509,523,522,597,539,975,651,615,540,618
572,637,573,509,526,508,540,537,615,616,617,681
537,526,540,975,523,597,670,669,724,615,651,652
538,616,637,537,526,509,615,652,539,618,617,719
480,653,468,627,554,557,542,555,543,482,497,481
541,482,627,555,554,626,544,625,571,497,543,551
497,475,541,544,542,555,571,604,570,551,740,520
542,554,497,555,625,632,570,630,690,543,571,740
610,584,655,547,519,546,517,518,501,609,574,577
585,580,674,549,550,536,487,489,469,547,519,584
584,585,656,546,549,550,519,517,489,545,610,609
486,310,312,458,306,304,461,483,460,469,487,489
550,585,580,536,328,327,487,548,489,546,547,519
580,674,566,535,561,330,549,536,329,585,546,547
475,474,482,543,497,542,740,571,588,521,520,466
466,465,474,520,521,740,553,588,587,484,586,503
552,484,466,588,646,520,587,658,659,586,798,503
627,579,653,624,640,639,555,626,625,542,541,497
554,541,627,626,624,642,625,632,570,542,544,543
529,514,528,671,605,665,498,673,591,495,493,505
534,533,563,579,558,49,627,624,640,653,480,541
563,66,590,52,60,65,49,579,46,557,534,533
591,672,673,592,68,66,563,65,533,590,499,500
567,568,569,516,477,531,561,515,347,566,644,580
560,566,568,346,347,344,535,341,339,580,550,674
476,491,493,490,500,499,473,718,525,603,532,478
559,592,499,65,66,60,558,52,557,590,533,534
565,97,530,667,666,1116,605,665,556,529,528,514
97,103,106,667,1116,94,564,529,605,528,530,527
644,568,612,560,515,567,580,561,550,678,674,676
569,645,600,582,531,507,516,560,515,568,566,644
645,581,601,567,569,516,560,566,561,644,612,678
581,583,594,600,582,783,567,531,560,645,568,612
625,544,555,631,632,680,628,629,29,630,571,690
543,551,542,544,570,625,630,690,635,740,604,634
518,573,575,508,511,501,509,538,526,637,616,578
575,576,574,518,517,508,637,572,538,578,681,688
609,607,610,517,545,519,518,573,572,575,577,576
577,609,608,574,518,517,573,572,637,576,578,717
608,607,696,575,577,574,578,573,637,717,688,745
607,606,655,609,574,545,575,573,518,608,576,717
576,717,577,573,575,572,681,637,616,688,687,702
558,534,60,49,46,43,640,624,554,557,627,653
566,678,644,561,535,560,550,549,536,674,585,656
583,599,602,600,594,582,645,569,568,601,612,613
600,595,594,783,507,492,531,516,478,569,567,568
602,134,137,594,620,593,581,600,569,599,622,601
657,656,710,585,546,674,547,545,519,610,609,655
674,656,678,580,550,566,547,546,549,584,657,610
503,484,524,553,552,587,658,798,659,598,596,727
553,588,552,646,634,604,659,689,693,658,586,910
520,552,551,604,740,690,587,646,634,553,658,586
128,593,130,126,119,117,506,783,494,595,594,600
499,591,490,559,563,66,533,534,558,500,525,473
673,498,671,592,672,69,559,68,590,499,500,490
672,673,675,69,70,72,68,66,63,591,559,499
130,133,134,128,126,119,589,595,506,594,620,583
620,134,133,593,595,589,600,783,569,583,581,602
593,128,130,589,506,126,783,582,507,594,600,583
524,504,470,503,586,484,765,598,597,522,510,523
523,522,596,765,727,598,827,669,683,975,539,670
596,503,524,586,658,553,798,727,728,765,522,597
622,602,619,583,620,600,581,601,645,613,649,614
594,583,593,595,783,589,582,567,507,569,581,645
613,599,622,645,581,569,612,611,644,614,654,677
621,623,146,620,137,134,583,599,581,619,622,636
476,478,491,473,562,500,718,467,463,532,471,479
740,520,543,571,630,544,634,690,647,588,646,587
564,528,667,666,76,77,665,671,675,529,556,514
695,832,723,655,609,710,607,608,577,694,696,698
606,655,832,609,610,545,577,574,576,608,696,694
606,694,695,577,607,609,576,575,578,696,717,745
655,657,710,610,545,584,574,575,517,607,577,608
657,710,832,584,547,656,545,574,519,609,655,607
614,601,613,612,644,645,678,676,674,677,686,685
601,599,613,645,568,581,644,678,566,611,614,676
649,622,636,599,581,602,601,614,611,654,686,157
613,654,649,601,612,599,611,677,676,686,707,705
540,538,616,537,539,526,651,670,736,652,618,617
637,681,573,538,572,509,617,540,618,638,711,687
616,638,681,540,538,615,618,719,652,711,729,701
617,616,638,615,540,537,652,720,651,719,711,729
623,148,146,602,621,137,622,599,583,636,149,649
134,137,138,593,133,130,594,595,600,583,602,619
145,143,142,137,138,134,602,620,583,623,619,146
636,619,148,602,583,621,599,613,601,649,730,648
146,145,621,143,137,619,602,622,148,636,149,138
627,579,557,640,639,40,626,642,679,554,555,541
555,626,542,632,642,641,570,631,680,544,571,543
624,554,640,642,639,679,625,632,641,555,542,544
557,653,534,579,640,49,554,624,542,541,480,482
631,570,632,680,32,30,29,633,22,629,630,660
630,570,571,628,633,29,664,661,663,660,635,690
571,544,625,570,628,631,629,635,660,690,634,604
632,625,642,641,30,27,680,32,628,570,629,544
626,555,639,642,641,679,631,680,30,625,570,544
628,680,631,29,22,32,874,661,650,664,629,660
604,588,740,690,635,571,647,689,662,646,587,659
690,630,604,629,664,570,660,662,663,647,634,689
149,148,146,619,623,602,622,649,613,730,154,648
573,578,575,572,518,509,616,538,540,681,638,688
681,687,688,616,637,540,711,617,719,701,733,873
40,640,43,38,36,34,679,642,643,624,626,554
46,579,49,43,40,38,639,36,626,624,627,554
642,679,626,643,25,26,27,30,32,631,632,680
639,624,40,679,643,34,641,631,27,632,626,625
34,679,36,26,31,23,25,27,30,641,642,632
612,645,601,568,560,569,566,674,580,678,611,676
581,599,583,569,600,582,568,644,567,612,601,611
588,740,552,634,647,604,689,693,662,587,659,553
634,690,604,635,660,630,662,692,691,689,646,659
158,730,160,649,636,149,654,613,686,157,165,706
730,636,149,622,619,599,613,614,601,648,654,158
20,22,633,16,18,15,14,12,818,668,874,661
615,618,537,670,539,975,724,761,684,652,736,720
618,540,617,651,615,539,736,724,762,720,719,843
534,472,533,557,579,558,627,541,554,480,482,468
648,157,158,649,613,636,686,614,677,706,705,358
832,710,708,610,657,584,607,609,577,606,695,608
676,685,677,674,678,580,584,585,547,657,710,610
685,708,707,656,585,676,610,584,609,710,655,832
553,586,552,587,646,588,659,910,742,798,598,728
587,658,553,689,646,647,693,692,806,910,798,742
635,630,690,664,629,661,663,714,712,662,647,691
664,633,29,874,668,650,714,907,818,663,660,713
647,635,634,660,663,664,691,712,715,689,692,693
660,635,629,664,661,907,713,714,725,712,662,691
629,628,630,633,874,29,661,714,907,660,663,635
605,666,564,76,77,79,675,74,673,671,556,529
667,1116,565,77,79,82,665,76,74,605,564,529
97,90,94,1116,83,82,666,79,605,564,565,528
874,20,22,650,14,12,818,789,10,907,661,714
975,597,539,827,683,727,976,684,682,670,724,651
539,615,537,669,975,976,684,737,682,651,724,736
605,529,514,665,675,76,673,672,591,556,498,495
675,671,76,72,70,74,592,69,68,673,591,498
671,665,556,672,675,72,591,592,69,498,499,495
678,676,644,580,566,561,585,550,547,656,584,685
665,605,666,74,72,76,672,70,69,673,671,591
677,611,614,678,644,566,674,656,580,685,657,707
614,686,654,611,678,644,676,685,656,707,755,741
611,612,601,644,566,568,674,580,585,676,656,677
639,38,40,36,34,31,643,641,26,642,626,632
631,632,625,30,641,27,32,29,22,628,570,629
578,688,576,637,573,538,638,616,617,687,702,701
976,684,669,780,749,683,748,751,753,747,737,750
827,727,597,764,728,742,780,778,749,976,669,682
669,670,651,976,827,780,682,747,748,724,737,761
677,707,741,676,674,678,657,656,584,710,708,832
705,654,706,614,613,649,677,707,685,755,358,364
702,688,774,681,578,616,701,638,711,873,700,735
774,717,745,578,576,573,687,681,638,702,873,871
646,634,587,647,662,635,692,691,716,659,693,910
604,571,740,630,629,570,635,647,660,634,646,588
662,689,647,663,713,660,712,715,772,692,716,693
689,659,647,691,662,712,715,805,772,693,716,806
659,658,646,692,689,691,716,715,805,910,806,742
698,695,704,606,607,832,696,608,745,699,697,743
704,723,721,832,655,710,694,606,696,698,697,703
694,698,695,608,606,607,717,576,774,745,699,746
756,703,877,698,694,704,699,696,745,743,824,844
703,704,721,695,606,723,694,699,696,697,756,743
697,743,698,694,696,608,745,746,774,824,744,845
735,702,766,873,701,687,734,784,733,731,732,816
687,873,702,638,681,617,711,733,729,734,700,784
774,746,745,688,717,681,873,687,700,871,735,821
721,820,391,704,695,722,697,698,743,756,877,844
721,722,378,723,832,709,695,698,694,703,697,756
706,739,157,654,648,614,755,686,741,358,365,364
157,165,739,654,648,158,705,686,755,358,365,738
755,686,355,677,676,614,708,685,710,741,709,348
709,707,741,685,677,656,710,832,657,723,722,695
351,350,348,741,707,685,723,708,832,722,372,374
708,707,709,657,685,656,655,610,584,832,723,695
638,701,687,617,618,616,719,729,720,733,734,785
691,662,660,713,663,714,725,772,771,715,692,805
663,662,664,714,907,661,725,726,773,712,691,772
661,663,664,907,668,789,726,773,790,713,725,712
691,692,662,712,725,713,772,875,833,805,716,804
693,689,910,692,715,691,805,804,1128,806,803,809
696,699,694,576,608,577,688,578,681,745,774,702
473,603,562,525,500,533,472,468,462,467,471,463
711,617,638,618,652,540,720,842,736,729,733,853
719,618,617,652,736,651,843,762,761,842,729,853
387,378,389,722,374,372,703,704,698,820,877,825
382,383,384,359,709,354,723,704,695,381,380,379
709,722,366,708,710,707,832,695,606,704,721,378
651,652,539,670,684,669,737,747,752,761,736,762
713,712,663,726,714,790,773,771,791,772,715,833
714,713,661,907,789,838,791,790,776,773,725,771
765,598,596,798,586,658,728,683,764,597,827,975
727,598,597,798,910,658,764,742,778,683,827,976
733,711,734,719,720,617,842,853,843,785,887,784
154,160,149,636,148,648,649,654,158,168,157,165
766,811,871,735,700,873,732,769,734,767,816,770
731,767,735,734,700,733,795,784,858,769,816,814
734,701,700,711,719,638,785,729,853,784,732,858
700,873,731,701,711,687,784,733,785,732,795,769
871,821,828,873,702,687,700,732,734,731,766,767
652,618,615,724,651,670,761,737,763,762,720,843
761,724,736,684,682,748,752,747,750,763,762,808
174,739,176,705,706,165,369,371,367,377,386,754
173,171,165,157,168,738,706,705,176,174,754,365
551,521,497,543,571,544,604,690,634,520,588,552
353,355,356,707,686,677,708,723,685,349,352,348
728,798,727,910,693,659,806,778,803,764,683,780
756,844,703,697,698,694,824,699,744,845,822,860
824,845,743,699,745,696,746,821,871,823,822,903
699,694,697,696,717,608,774,688,871,746,744,824
744,699,824,745,717,696,774,871,702,821,823,822
737,684,724,748,682,751,750,753,810,752,782,763
682,684,976,749,780,779,751,753,760,747,750,737
780,764,976,781,778,809,751,779,768,748,682,753
752,747,737,753,748,760,810,757,859,782,808,866
748,749,682,779,781,793,760,768,759,753,747,750
737,763,761,747,753,684,750,782,810,808,807,963
748,747,682,751,768,749,760,757,759,750,810,782
177,174,176,375,373,371,388,390,386,399,405,175
362,363,364,686,654,677,741,707,709,361,360,357
877,867,820,703,698,721,697,743,824,844,845,860
753,750,751,760,759,768,801,786,454,758,810,456
810,782,753,757,786,760,456,454,801,859,1168,866
760,768,751,788,793,792,787,794,817,786,757,801
751,753,748,768,779,793,759,788,786,757,810,750
736,651,652,724,684,670,737,763,752,762,843,882
720,652,719,761,736,724,763,807,752,843,882,842
761,762,843,737,724,747,752,808,782,807,882,1025
728,727,827,742,806,910,778,749,781,683,780,976
522,596,510,598,503,798,727,827,728,597,523,975
828,821,823,735,871,873,731,816,700,767,811,812
811,828,812,731,766,735,816,814,732,770,815,847
779,751,749,793,809,792,759,788,787,760,757,753
816,731,767,732,784,734,795,892,858,814,796,857
815,811,812,767,816,731,814,857,769,847,813,849
725,713,712,773,791,726,775,776,17,772,833,875
715,712,691,771,725,773,833,775,797,875,805,1128
725,713,714,791,726,790,776,777,17,771,775,772
746,745,696,717,578,576,702,688,873,871,821,735
771,772,725,17,776,773,19,21,13,833,797,24
773,771,725,791,777,790,13,11,9,17,19,775
791,790,773,799,881,5,9,11,7,776,13,17
764,742,728,803,806,910,781,809,779,780,749,976
781,749,778,809,902,803,768,793,788,751,760,748
683,728,827,764,778,742,749,781,751,976,682,748
778,780,764,803,804,806,779,809,793,749,751,748
752,763,737,750,810,753,859,758,1168,866,808,963
595,589,126,506,494,119,507,531,492,582,600,569
734,732,700,733,701,729,858,785,830,795,769,892
784,733,734,729,842,711,853,887,922,830,858,795
757,760,810,787,759,788,800,802,817,801,440,442
759,757,768,794,788,41,817,802,42,786,800,801
768,793,760,792,902,37,794,817,41,759,787,786
818,907,668,831,10,12,838,790,836,726,791,714
789,726,907,838,836,831,799,777,881,791,773,776
726,725,713,790,799,838,777,11,9,773,776,771
793,902,809,851,850,834,37,39,35,788,794,768
809,779,781,902,850,804,788,792,794,768,759,751
788,759,793,39,792,37,41,42,44,817,787,802
769,732,816,784,734,785,858,892,893,796,814,857
814,816,847,769,795,858,892,1106,893,857,886,913
833,875,1128,775,19,17,24,28,21,834,835,33
598,586,503,658,553,659,910,742,764,728,727,683
838,790,789,836,837,906,881,7,5,777,9,791
438,439,440,802,787,817,862,911,48,431,428,430
758,757,810,786,759,787,440,439,438,442,444,454
787,786,801,817,42,794,44,45,47,862,800,911
806,742,764,716,693,805,804,809,902,781,778,779
803,716,806,805,875,715,1128,902,850,809,781,793
716,692,691,715,772,712,875,833,835,1128,804,803
742,910,659,693,716,692,803,804,809,778,764,781
882,762,843,808,763,752,963,866,972,1025,964,928
763,882,761,782,752,750,866,859,986,807,963,1025
781,803,778,804,1128,716,902,793,850,779,768,749
750,752,747,757,753,760,758,801,456,782,859,866
812,828,839,766,735,821,767,770,816,815,840,813
829,839,895,828,766,823,811,815,767,840,841,813
840,848,829,815,770,812,847,849,814,846,865,855
770,767,815,769,816,795,796,886,892,857,847,913
840,812,829,811,767,828,770,847,816,813,848,846
767,811,766,731,732,700,769,795,796,814,770,857
787,786,788,794,41,39,42,44,45,802,862,800
668,650,16,12,10,14,789,831,8,907,714,726
181,184,179,412,411,413,407,406,402,826,825,941
819,826,181,393,401,391,703,756,704,825,877,867
823,744,822,746,774,702,871,766,735,828,839,811
845,860,844,824,744,743,823,839,821,903,861,895
822,861,845,744,824,746,821,828,766,903,839,895
743,845,756,699,697,745,744,746,821,822,823,860
826,870,186,820,819,393,877,703,756,941,867,876
186,188,193,819,184,181,825,820,393,870,941,190
597,975,765,727,728,598,683,976,780,669,670,539
839,823,903,821,871,744,766,811,767,812,829,815
895,894,861,839,903,828,812,840,815,841,896,848
858,784,795,887,785,853,891,922,968,893,892,959
10,12,818,8,6,4,906,836,837,838,789,790
723,708,709,710,657,685,655,606,607,695,704,694
875,772,805,775,771,17,797,24,21,835,834,1128
835,850,1128,797,24,833,28,33,851,35,37,21
1128,875,805,797,833,21,834,28,24,850,851,902
838,831,8,906,837,4,881,880,5,799,790,777
906,6,831,2,4,880,1,0,836,881,5,3
789,10,818,831,906,8,836,799,881,790,791,777
903,895,861,823,821,744,828,812,811,829,841,840
829,841,896,812,811,839,815,813,770,848,864,846
896,894,924,829,895,812,840,848,815,864,905,863
729,719,733,720,762,736,843,852,882,853,887,785
842,720,729,762,736,761,882,1025,763,852,853,928
867,876,825,756,877,697,845,743,824,868,860,914
844,868,877,743,756,697,824,822,744,860,861,914
848,863,864,813,847,840,849,856,854,865,855,909
813,815,840,814,770,816,857,913,886,849,846,854
864,841,896,840,815,829,846,813,849,863,865,904
846,813,865,847,857,770,854,913,939,855,856,921
902,1128,804,835,875,797,851,834,37,792,793,788
850,902,1128,834,835,28,35,33,37,792,39,797
853,842,887,843,882,762,928,1025,930,922,968,891
785,729,733,842,843,720,852,882,968,887,922,830
849,855,846,913,886,847,940,1243,1056,939,856,945
865,909,863,846,849,813,856,854,945,908,921,943
855,846,908,854,849,913,939,1243,940,921,945,944
847,770,813,814,796,769,886,892,1106,913,940,854
795,784,769,785,733,853,830,887,891,892,893,796
866,782,750,758,810,801,1168,872,456,986,974,963
868,878,867,845,844,824,822,903,823,914,861,1041
914,918,868,860,822,845,903,895,839,1041,894,932
800,427,428,45,802,44,47,48,911,419,422,421
904,905,923,864,848,841,865,846,855,909,1078,997
905,896,925,841,840,829,848,865,846,863,904,909
863,909,904,846,848,813,855,849,921,908,997,952
808,807,752,782,810,750,859,986,1168,963,1054,972
941,869,826,877,825,820,844,756,860,876,868,878
876,941,879,867,844,877,860,845,861,914,878,918
885,190,191,870,941,188,876,867,878,883,879,889
190,191,193,188,826,186,941,876,825,869,885,883
821,746,744,702,774,688,735,873,731,766,828,767
758,859,810,451,452,453,450,449,448,1168,974,986
702,871,774,687,688,638,701,734,733,735,700,731
22,633,29,650,20,16,668,14,818,661,664,714
805,715,716,772,775,771,833,835,797,1128,804,850
869,870,883,941,867,825,868,844,914,879,878,920
825,941,819,820,703,393,756,697,743,867,844,868
879,869,889,876,868,867,918,914,1041,919,920,960
883,889,885,869,876,941,878,868,918,920,994,919
837,836,906,1,2,0,3,881,5,799,4,7
799,836,906,880,837,0,5,3,7,777,9,1
843,842,720,762,763,761,1025,807,964,928,852,930
884,195,193,885,869,191,879,920,876,889,888,994
197,199,202,195,885,193,883,889,869,1014,888,890
193,195,197,191,190,870,869,879,941,883,884,889
857,913,814,796,892,769,1106,1055,1056,940,854,1243
785,858,784,853,842,729,922,852,968,830,891,893
1014,1017,199,884,883,197,889,994,920,1016,890,992
888,884,1014,883,869,885,879,920,878,994,1016,958
1017,204,202,888,1014,199,1016,994,992,1015,1013,1082
830,893,858,922,887,852,929,968,971,967,959,970
796,795,769,858,830,784,893,959,998,1106,886,1055
892,795,796,830,858,887,959,891,967,1106,998,1055
932,1041,931,895,861,903,841,829,839,896,924,905
861,1041,932,903,823,822,829,839,812,894,841,896
924,932,926,894,895,829,841,864,848,905,925,904
899,898,982,55,51,61,54,57,53,900,901,917
982,936,938,62,59,912,61,55,897,899,937,915
982,937,981,898,61,62,897,55,900,915,901,916
901,899,915,897,54,51,57,53,933,917,1107,934
915,937,956,899,897,54,900,917,57,916,1107,934
809,804,803,1128,835,875,850,792,851,793,779,788
861,860,1041,823,822,744,839,828,812,895,829,894
923,925,927,905,864,896,863,909,865,1078,1123,997
925,924,926,896,841,894,864,863,848,904,923,1078
831,8,10,6,4,837,2,880,836,838,799,881
661,874,664,668,818,12,789,790,838,714,726,713
997,909,1078,855,865,863,921,942,856,952,943,953
1078,904,923,863,864,848,865,908,855,997,995,952
658,798,553,659,693,587,806,716,803,742,728,764
419,420,421,862,47,802,56,48,59,423,426,429
435,426,432,420,419,911,56,59,62,935,936,938
847,849,813,857,814,796,886,940,1106,854,939,856
878,876,920,860,868,844,861,822,903,918,1041,960
981,1050,988,937,899,982,901,897,1107,916,956,954
956,1020,1050,915,901,899,1107,917,934,954,955,1018
901,916,899,900,57,54,933,53,58,1107,934,67
919,878,920,914,868,860,1041,932,861,960,947,931
920,994,889,878,914,879,918,960,1041,947,958,957
994,889,883,879,878,876,919,918,947,958,992,957
908,952,865,856,855,854,944,945,939,942,943,949
887,830,785,852,853,842,968,928,930,891,929,967
927,1060,1097,925,905,864,904,1078,909,1123,1122,1028
931,946,960,932,894,1041,896,905,864,926,925,927
927,926,931,924,896,932,905,904,864,923,1122,1060
946,947,966,931,924,932,925,905,923,927,965,1060
965,946,1059,926,924,931,925,923,905,1060,1122,1097
852,922,887,1025,882,807,964,973,1027,930,968,971
967,891,959,968,922,930,971,969,1026,970,978,977
968,922,852,928,964,1025,973,1027,972,971,929,1026
947,957,919,932,960,1041,924,894,925,946,926,965
960,918,947,1041,861,914,894,896,895,931,924,926
917,1107,900,53,57,54,58,50,64,67,934,71
1107,955,1019,933,917,53,67,64,71,1068,1042,73
1103,447,448,435,436,437,936,59,898,938,982,937
935,938,435,59,912,56,898,62,61,982,937,899
981,938,980,982,898,936,899,901,61,915,956,988
974,1168,1147,935,1103,435,982,937,936,980,981,915
856,849,921,854,940,913,1243,1004,1048,945,950,944
854,913,856,886,1106,857,1055,1056,1108,1243,939,1048
870,188,190,825,826,819,867,877,868,869,876,879
943,953,908,921,945,856,944,948,950,949,951,1006
952,961,997,921,908,855,942,944,949,953,951,962
942,921,943,945,856,939,950,1005,1004,949,948,1006
921,855,943,939,856,1243,1004,1011,1048,944,950,942
957,966,993,931,947,960,926,927,924,965,1061,1060
958,993,920,960,919,918,931,932,926,957,946,966
949,942,1007,950,944,945,1005,1012,1011,1006,1009,1040
951,943,953,942,944,921,948,950,1009,1006,1007,1040
944,949,942,1004,945,939,1011,1008,1070,948,1005,1006
953,962,952,942,943,921,949,1006,944,1007,990,1023
995,996,1078,997,908,909,943,951,942,953,961,962
961,989,995,943,952,997,951,942,949,962,990,1033
1020,1050,1051,916,956,915,955,1107,1068,1018,1019,1021
954,1018,956,916,1107,901,1068,934,1042,1019,1069,1077
1050,988,1051,915,981,937,916,955,901,954,1020,1018
993,992,1081,947,958,919,946,931,926,966,1036,965
994,992,1016,919,920,889,947,946,960,957,993,966
893,1106,892,891,830,858,967,978,929,998,1055,999
919,958,920,918,914,878,932,1041,894,947,931,946
996,1127,1028,952,995,997,953,943,951,989,962,1033
989,996,1125,953,961,952,951,1007,942,1033,990,991
807,964,1025,866,808,782,1054,986,1147,972,973,1053
1025,928,882,807,808,866,972,963,1054,973,930,1027
966,1061,1036,946,926,957,927,925,1122,1060,1059,1097
1036,993,1081,957,947,958,946,965,926,1061,1178,1059
959,893,1106,891,968,922,970,929,969,978,998,999
922,891,887,928,852,1025,930,971,964,929,969,967
970,929,967,971,1027,968,1026,984,1001,977,985,979
967,998,959,929,971,891,969,984,985,978,977,979
929,968,922,930,973,928,1027,1026,1047,969,970,984
964,930,807,963,986,866,1054,1053,1147,973,1057,1027
930,928,1025,972,964,963,1057,1053,1054,1027,971,1047
986,1054,866,1168,1103,872,938,935,981,1147,980,1053
523,537,522,597,765,727,669,827,976,539,670,651
669,827,975,780,683,764,682,749,748,684,670,747
978,967,999,970,969,929,985,984,1002,979,983,1093
998,959,1055,970,967,929,977,969,983,979,999,1093
999,1108,998,978,977,970,983,985,1035,1093,987,1034
1147,1053,1054,974,938,1103,981,937,956,988,1052,1050
980,974,1052,938,982,898,937,915,899,988,956,1050
938,1103,980,936,62,935,898,899,61,937,981,915
1093,979,987,985,977,984,1002,1003,1102,1034,1035,1083
969,977,970,1026,1047,971,1003,1001,1044,985,1002,983
977,979,1093,984,969,1026,1003,1000,1001,1002,983,1035
866,963,808,859,872,782,1168,974,1103,1054,1147,1053
1108,1048,1056,999,979,978,1093,1034,983,1083,1049,1164
1052,1147,1217,981,980,937,956,915,954,1050,1051,1020
1127,1029,1095,961,996,995,962,953,990,1033,1125,991
991,1033,989,962,951,953,1007,1022,949,1024,1023,1031
1030,1125,1126,1033,962,989,1024,990,1023,1031,1032,1064
1016,1013,890,994,888,920,993,958,957,1081,1080,1036
1081,992,1016,958,994,919,957,966,947,1036,1280,1061
1016,888,890,889,879,883,920,958,919,992,1013,993
1123,1028,1029,997,1078,909,952,953,908,996,961,989
1029,1028,1094,995,1123,997,961,952,962,1127,989,1095
1078,1123,1028,909,865,904,908,943,855,952,995,961
1055,1106,892,959,967,893,978,970,979,999,1056,1108
1055,1056,1106,998,978,967,979,1093,977,1108,987,1048
1002,985,1035,1003,1045,1001,1085,1086,1165,1102,1135,1084
984,1026,985,1047,1217,1027,1044,1046,1146,1003,1045,1000
983,1034,977,985,1003,984,1000,1085,1045,1035,1102,1084
985,984,983,1001,1026,1044,1045,1046,1058,1000,1002,1085
939,945,944,1048,1243,1056,1049,1108,1070,950,1011,1005
948,1006,944,950,1011,1004,1008,1010,1070,1012,1009,1038
1007,951,990,948,949,944,1009,1005,1012,1040,1022,1037
990,962,953,949,951,942,1006,1040,948,1022,1023,1062
1005,1009,950,1070,1011,1164,1071,1072,1130,1012,1010,1038
1006,1040,949,1005,948,950,1012,1038,1010,1039,1037,1062
1012,1005,1009,1071,1008,1072,1130,1163,1149,1038,1129,1039
950,948,945,1004,1049,1048,1070,1071,1164,1008,1005,1012
1009,948,1006,1008,1005,1011,1010,1071,1129,1038,1039,1037
1082,1015,1017,1016,890,888,992,1081,993,1080,1079,1280
199,202,204,197,884,195,888,889,883,1017,890,1016
209,207,1017,890,204,1013,1016,1080,1082,212,1138,214
890,1017,1015,888,1014,889,992,994,958,1013,1081,1080
204,207,202,1014,199,890,888,1016,1015,209,212,1013
1021,1020,1076,954,916,956,1019,955,1068,1077,1074,1088
1018,1021,1020,955,954,1107,1069,1068,1042,1077,1088,1074
1076,1051,1146,1050,956,988,954,1018,955,1021,1075,1077
1075,1076,1058,1020,954,1050,1018,1077,1019,1074,1090,1087
1023,1024,990,1007,1006,949,1062,1040,1037,1043,1066,1104
1024,991,1031,990,1007,1006,1022,1062,1040,1066,1043,1032
991,1031,1033,990,1007,962,1023,1022,1043,1032,1066,1064
882,852,843,807,763,808,964,963,973,928,930,968
969,971,929,1027,1057,973,1047,1001,1044,984,1003,985
971,930,968,973,972,964,1047,1057,1217,1026,969,984
1094,1097,1099,1123,1122,1078,996,995,997,1029,1127,1098
1098,1099,1096,1028,1094,1123,1127,996,995,1095,1100,1125
1126,1154,1118,1125,1033,989,1031,991,1024,1152,1063,1064
1030,1152,1126,991,1033,990,1032,1024,1066,1064,1063,1065
1064,1031,1063,1024,991,1023,1066,1104,1043,1065,1187,1186
1125,1127,1126,989,962,961,990,1024,951,991,1030,1031
1093,1083,987,983,979,985,1035,1084,1002,1092,1164,1120
1034,1093,1083,1002,983,985,1102,1000,1135,1084,1092,1115
1280,1081,1080,993,957,992,966,1061,965,1178,1279,1281
1062,1040,1022,1009,1006,1012,1039,1222,1038,1073,1197,1105
1039,1009,1037,1012,1010,1008,1129,1130,1151,1265,1222,1150
1037,1040,1062,1009,1012,1010,1038,1265,1129,1222,1073,1220
1022,1007,1023,1006,948,949,1037,1009,1039,1062,1043,1073
960,918,919,861,914,860,894,895,903,932,931,924
1068,1069,1019,67,934,64,73,71,75,1067,78,1107
1066,1024,1032,1062,1022,1023,1073,1037,1198,1104,1105,1143
1047,1001,1026,1217,1057,1052,1146,1058,1051,1046,1045,1003
1003,1002,985,1046,1001,1044,1058,1086,1075,1000,1085,1165
1001,1003,984,1044,1146,1217,1058,1076,1051,1045,1086,1000
1026,1027,971,1057,973,1053,1044,1217,1146,1001,1046,984
1243,939,945,1056,999,940,1108,1049,987,1004,1011,1070
1048,1004,1243,1108,987,1056,1164,1083,1093,1070,1011,1072
1051,1146,1052,988,981,980,956,954,1018,1020,1076,1021
1146,1217,1044,988,1052,981,1050,1020,956,1076,1058,1021
1053,1057,1047,1147,980,1054,988,1050,981,1217,1051,1146
972,973,1027,1054,986,963,1147,1052,980,1057,1217,1047
972,963,973,986,866,1168,1147,974,980,1053,1057,1052
940,886,796,1106,959,967,998,999,978,1056,1108,1243
1243,940,939,1055,998,1106,1108,999,987,1048,1004,1049
973,1027,964,1053,972,1054,1217,1052,1146,1047,1044,1026
1046,1045,1044,1146,1051,1217,1076,1075,1021,1086,1090,1113
1061,1281,1178,965,966,946,1097,1060,1122,1099,1133,1096
1059,1061,966,927,965,926,1122,923,1123,1097,1099,1094
1178,1036,1280,966,993,946,1059,965,1060,1281,1133,1099
1022,1023,1066,1040,1007,1009,1037,1222,1039,1043,1073,1105
1152,1173,1154,1031,1030,1126,1064,1032,1065,1210,1187,1212
1063,1210,1152,1031,1024,1030,1032,1065,1066,1187,1188,1254
1064,1187,1063,1032,1066,1031,1186,1104,1143,1188,1201,1254
1032,1064,1031,1024,1023,1022,1043,1062,1105,1104,1065,1186
1069,1088,1019,1042,73,1068,75,78,80,1137,1131,1132
1019,955,1018,934,1107,916,1042,73,67,1069,1067,1077
1019,1077,1018,1068,955,934,1067,1042,73,1088,1131,1139
1011,1005,1004,1049,1083,1048,1072,1164,1091,1008,1071,1010
1008,1012,1011,1072,1070,1164,1163,1091,1159,1010,1130,1038
1070,1008,1011,1164,1092,1049,1091,1134,1120,1071,1163,1130
1043,1022,1104,1062,1037,1039,1197,1222,1220,1105,1198,1199
1090,1075,1113,1077,1021,1018,1088,1139,1069,1089,1087,1142
1058,1086,1046,1076,1020,1146,1021,1074,1077,1090,1113,1087
1058,1146,1046,1051,1050,988,1020,1021,1018,1075,1090,1086
1021,1075,1090,1019,1018,955,1069,1067,1131,1088,1074,1089
1123,923,1122,904,863,925,909,997,952,995,1028,996
1145,1138,212,1082,1013,1015,1124,1080,1280,1148,1184,1343
1079,1082,1138,1013,992,1016,1081,1280,1036,1124,1279,1148
1080,1013,1082,992,1016,958,993,1036,966,1280,1124,1178
212,209,214,1015,890,207,1080,1013,1081,1138,1079,1124
1049,1108,1048,987,1093,979,1034,1092,1035,1164,1091,1070
1092,1034,1083,1035,1002,983,1115,1102,1135,1120,1121,1091
1000,1102,1002,1045,1003,1058,1165,1086,1113,1135,1167,1115
1085,1045,1000,1058,1046,1076,1090,1075,1087,1113,1165,1114
1113,1114,1165,1090,1074,1075,1089,1141,1088,1142,1140,1166
1074,1021,1087,1077,1069,1019,1131,1067,1137,1139,1089,1141
1087,1142,1090,1074,1088,1077,1139,1248,1131,1141,1140,1175
1086,1165,1085,1075,1021,1058,1074,1089,1077,1113,1087,1114
1072,1164,1071,1092,1084,1083,1120,1134,1121,1163,1159,1130
1083,1164,987,1034,1035,1093,1084,1120,1115,1091,1072,1134
987,999,1108,979,977,978,1034,983,1035,1083,1092,1164
1099,1096,1059,1097,1122,1060,1028,1123,996,1029,1098,1095
1100,1098,1101,1029,996,1094,1127,1125,989,1118,1126,1117
1111,1133,1200,1099,1097,1059,1098,1094,1029,1101,1112,1100
1059,1133,1061,1060,927,965,1122,1028,1123,1099,1094,1096
1096,1101,1111,1094,1099,1028,1029,1095,1127,1100,1118,1110
1133,1281,1200,1097,1059,1060,1094,1122,1029,1096,1098,1111
1101,1110,1112,1098,1096,1029,1095,1118,1127,1117,1154,1119
1112,1111,1191,1096,1099,1133,1100,1098,1095,1110,1109,1117
1084,1035,1034,1000,1002,1003,1135,1085,1165,1115,1136,1120
872,1168,859,443,445,441,935,435,912,974,938,980
1065,1032,1064,1066,1043,1023,1105,1073,1199,1186,1143,1188
1104,1186,1066,1073,1043,1062,1198,1197,1221,1143,1199,1290
886,796,857,892,893,858,959,998,967,1055,940,1056
916,954,915,917,901,900,934,933,67,955,1068,1019
1048,1056,1243,999,1055,998,987,1083,1093,1049,1164,1011
1190,1237,1455,1112,1101,1191,1110,1119,1100,1192,1157,1181
1109,1112,1192,1101,1111,1098,1117,1100,1118,1157,1119,1155
1200,1191,1228,1133,1099,1281,1096,1101,1098,1112,1190,1109
1190,1191,1455,1111,1096,1200,1101,1110,1100,1109,1192,1157
1165,1085,1135,1090,1086,1075,1087,1074,1089,1114,1142,1167
1165,1167,1135,1113,1090,1086,1142,1087,1174,1166,1207,1205
1084,1120,1092,1102,1035,1085,1136,1135,1224,1121,1169,1171
90,94,99,83,85,87,82,79,666,667,97,564
1110,1157,1109,1100,1095,1101,1154,1118,1126,1119,1153,1172
1117,1100,1110,1095,1127,1098,1126,1125,1030,1154,1152,1153
1157,1109,1181,1117,1110,1100,1153,1154,1173,1155,1172,1156
1091,1092,1164,1084,1035,1102,1121,1115,1136,1134,1170,1163
1120,1134,1091,1115,1084,1135,1169,1136,1239,1171,1170,1182
1097,1060,1099,923,927,925,1123,1078,995,1094,1028,1029
1122,1094,1097,923,904,925,1078,995,997,1028,996,1029
1079,1145,1138,1080,1081,1082,1280,1178,1036,1279,1148,1185
1118,1095,1100,1127,989,996,1033,991,962,1126,1030,1154
1154,1118,1117,1125,1095,1127,1030,1033,1031,1152,1153,1063
1095,1029,1098,996,1028,995,989,961,1033,1125,1118,1126
804,716,803,875,805,833,835,850,834,902,809,792
1265,1038,1039,1130,1010,1071,1149,1158,1160,1151,1150,1220
1010,1038,1008,1163,1071,1072,1159,1160,1134,1149,1129,1151
1139,1088,1089,1067,1069,75,1137,1132,80,1247,1248,1299
1247,1131,1139,1137,80,78,81,84,86,1208,1299,1284
1281,1200,1228,1059,1061,1060,1096,1099,1097,1111,1101,1191
1163,1091,1072,1120,1092,1115,1170,1121,1171,1159,1179,1160
1102,1115,1084,1085,1000,1086,1165,1167,1114,1136,1224,1169
1115,1121,1084,1135,1102,1165,1224,1167,1207,1169,1171,1266
1131,1139,1069,78,1067,75,80,81,1132,1247,84,1088
214,216,218,212,1082,209,1079,1080,1124,1145,1144,1148
1089,1140,1074,1088,1067,1077,1131,1247,1132,1141,1248,1299
1142,1166,1114,1089,1087,1074,1141,1175,1248,1174,1176,1205
1140,1142,1174,1139,1089,1088,1248,1247,1282,1175,1176,1353
1166,1114,1167,1087,1113,1090,1140,1089,1141,1174,1205,1176
1186,1188,1065,1105,1104,1043,1199,1198,1307,1290,1201,1386
218,220,222,216,1138,214,1145,1184,1079,1236,1177,224
1144,216,218,1138,214,1082,1079,1148,1124,1184,1236,1343
1044,1217,1047,1052,988,1053,1051,1076,1050,1046,1058,1045
1053,1054,972,974,986,1168,980,988,938,1052,1057,1217
1184,1145,1144,1124,1079,1080,1279,1280,1185,1343,1183,1249
1129,1010,1265,1130,1159,1163,1160,1161,1179,1151,1158,1150
1220,1265,1222,1129,1149,1038,1151,1162,1158,1194,1223,1196
1150,1265,1220,1149,1129,1130,1158,1160,1195,1162,1194,1637
1154,1153,1117,1126,1030,1118,1063,1031,1064,1173,1210,1211
1119,1155,1156,1154,1117,1126,1152,1063,1210,1172,1173,1211
1117,1119,1110,1118,1125,1100,1126,1152,1030,1153,1173,1172
1181,1192,1252,1119,1157,1110,1172,1153,1211,1156,1180,1232
1180,1552,1181,1155,1119,1157,1172,1211,1153,1232,1218,1231
1192,1181,1190,1109,1110,1112,1119,1117,1172,1155,1180,1156
1151,1150,1129,1160,1149,1159,1195,1161,1261,1162,1637,1196
1130,1071,1129,1163,1134,1091,1179,1170,1182,1160,1149,1161
1149,1151,1130,1159,1170,1163,1161,1179,1261,1158,1195,1162
1160,1158,1149,1179,1182,1159,1292,1379,1215,1261,1195,1260
1150,1194,1220,1158,1151,1149,1637,1195,1260,1196,1193,1203
1071,1010,1070,1072,1091,1164,1134,1170,1179,1130,1159,1149
1070,1049,1011,1083,1034,987,1091,1092,1120,1072,1071,1163
1085,1135,1000,1086,1045,1075,1113,1114,1090,1167,1166,1136
1167,1224,1136,1114,1087,1113,1142,1174,1140,1207,1205,1225
1135,1136,1115,1165,1113,1085,1114,1166,1142,1224,1207,1169
986,859,866,872,448,449,1103,447,446,974,1147,1054
1171,1121,1170,1136,1167,1115,1224,1266,1207,1239,1182,1256
1134,1159,1163,1121,1120,1115,1171,1182,1169,1179,1160,1292
1170,1134,1120,1121,1136,1115,1169,1239,1266,1182,1215,1179
1156,1155,1232,1153,1119,1117,1173,1209,1152,1211,1218,1214
1172,1218,1119,1153,1152,1154,1210,1063,1187,1211,1209,1212
1205,1166,1207,1142,1140,1087,1176,1175,1141,1206,1225,1288
1176,1140,1174,1248,1141,1139,1282,1299,1306,1353,1283,1288
1174,1205,1166,1140,1141,1142,1175,1353,1282,1283,1206,1288
222,224,220,1144,218,1236,1184,1249,1321,1189,226,1238
1280,1279,1124,1036,966,1081,1061,1059,1133,1185,1281,1228
1160,1159,1149,1170,1171,1134,1292,1182,1215,1161,1261,1195
1252,1230,1251,1155,1181,1157,1232,1156,1218,1552,1231,1293
1251,1226,1361,1192,1237,1109,1157,1155,1156,1252,1180,1230
1179,1170,1159,1171,1169,1121,1239,1256,1242,1215,1292,1216
1343,1249,1184,1148,1279,1124,1228,1185,1200,1229,1250,1227
1236,1144,1177,1145,1079,1138,1343,1148,1183,1249,1321,1295
1183,1148,1343,1279,1178,1280,1281,1061,1133,1228,1200,1229
1188,1065,1187,1104,1066,1032,1143,1290,1105,1201,1287,1387
1210,1209,1173,1064,1063,1032,1188,1065,1186,1254,1212,1287
1254,1187,1212,1065,1064,1104,1186,1201,1143,1287,1255,1387
224,1177,222,1321,1236,1295,226,227,1238,220,229,1249
1455,1226,1296,1191,1227,1111,1109,1112,1157,1192,1237,1181
1227,1229,1262,1200,1228,1133,1112,1111,1101,1190,1455,1109
1237,1251,1455,1109,1190,1112,1157,1110,1155,1181,1252,1180
1196,1203,1194,1637,1162,1195,1263,1260,1264,1202,1268,1204
1220,1223,1197,1150,1151,1265,1196,1162,1637,1219,1203,1316
1158,1162,1151,1161,1160,1149,1261,1292,1291,1637,1260,1193
1194,1219,1223,1637,1162,1195,1193,1263,1260,1203,1202,1204
1073,1105,1062,1222,1265,1037,1223,1220,1194,1198,1221,1219
1105,1143,1043,1197,1073,1222,1223,1220,1219,1221,1199,1307
1290,1143,1201,1198,1105,1197,1307,1221,1223,1308,1386,1407
1228,1227,1229,1281,1185,1178,1111,1133,1096,1191,1112,1190
1287,1188,1254,1186,1143,1104,1290,1199,1308,1387,1386,1380
1204,1203,1194,1193,1196,1637,1263,1264,1271,1268,1315,1435
1219,1316,1223,1196,1194,1162,1202,1193,1263,1204,1435,1314
1314,1316,1407,1203,1219,1196,1315,1202,1268,1435,1317,1599
1207,1266,1224,1166,1142,1140,1174,1206,1176,1225,1241,1242
1205,1225,1207,1176,1174,1166,1288,1283,1352,1259,1241,1289
1224,1169,1136,1166,1167,1114,1205,1174,1206,1266,1225,1242
1299,1247,1248,1132,81,80,84,86,88,1284,1303,1286
1211,1214,1218,1173,1063,1153,1212,1210,1187,1213,1234,1235
1173,1209,1211,1063,1152,1031,1187,1064,1254,1212,1213,1234
1218,1156,1232,1172,1173,1153,1209,1210,1212,1214,1213,1246
1209,1213,1214,1210,1187,1173,1254,1188,1287,1234,1255,1233
1214,1235,1246,1209,1211,1210,1234,1212,1381,1233,1438,1385
1218,1246,1231,1211,1172,1173,1213,1209,1212,1235,1233,1245
1292,1179,1161,1182,1239,1171,1256,1312,1242,1216,1379,1261
1379,1292,1261,1215,1256,1182,1312,1258,1240,1345,1291,1465
1047,1057,1027,1052,1053,972,1146,1051,988,1044,1046,1001
1232,1231,1552,1156,1172,1155,1211,1214,1209,1246,1359,1235
1221,1307,1198,1223,1194,1220,1203,1196,1202,1316,1204,1314
1197,1222,1198,1265,1039,1129,1150,1194,1151,1223,1219,1221
1199,1105,1290,1223,1198,1197,1219,1316,1194,1307,1407,1308
1037,1073,1062,1039,1038,1009,1265,1220,1150,1197,1223,1198
1197,1198,1199,1220,1222,1150,1194,1203,1196,1219,1221,1316
1169,1136,1171,1167,1135,1114,1207,1166,1225,1266,1239,1242
1266,1224,1239,1205,1207,1166,1206,1259,1288,1241,1242,1240
1362,1326,1363,1296,1455,1262,1237,1192,1190,1251,1297,1361
1262,1250,1294,1229,1228,1183,1191,1200,1111,1455,1190,1296
1229,1183,1250,1185,1279,1178,1200,1281,1133,1227,1191,1262
1250,1343,1249,1183,1185,1279,1228,1200,1191,1227,1262,1455
1479,1361,1452,1252,1251,1181,1552,1180,1232,1478,1293,1453
1293,1552,1478,1232,1156,1180,1246,1218,1214,1359,1429,1245
1552,1180,1230,1156,1155,1181,1218,1172,1211,1231,1293,1246
1235,1244,1246,1213,1234,1214,1381,1255,1382,1438,1385,1440
1213,1214,1235,1212,1209,1210,1255,1254,1287,1381,1233,1382
1246,1245,1359,1214,1218,1209,1233,1213,1234,1244,1438,1576
1177,222,220,1144,218,1145,1184,1249,1343,1321,226,1295
1226,1296,1297,1190,1455,1191,1192,1109,1157,1251,1181,1252
227,226,1321,1189,224,1295,1294,1249,229,1253,232,1177
1171,1182,1121,1169,1224,1207,1266,1242,1225,1256,1215,1312
1312,1256,1216,1242,1241,1225,1257,1259,1289,1404,1258,1615
1242,1266,1256,1225,1206,1205,1259,1288,1289,1240,1257,1404
1256,1239,1215,1266,1225,1207,1241,1259,1257,1240,1312,1404
939,854,856,940,1055,886,1048,1056,1108,1004,945,950
1245,1428,1359,1235,1246,1214,1438,1440,1233,1576,1427,1439
1428,1429,1293,1359,1246,1231,1244,1235,1576,1427,1553,1555
1359,1231,1293,1218,1232,1211,1235,1214,1213,1245,1244,1428
1248,1139,1141,1131,1137,1088,1132,1208,81,1299,1282,1303
1141,1140,1089,1139,1131,1088,1299,1247,1303,1282,1175,1353
1236,1321,1177,1343,1184,1148,1183,1229,1227,1295,1250,1294
1295,1321,1253,1249,1183,1343,1229,1227,1228,1262,1294,1326
1297,1360,1362,1237,1226,1296,1181,1192,1180,1252,1361,1230
1361,1297,1452,1251,1181,1237,1180,1155,1232,1230,1552,1479
232,229,227,1238,1295,1321,1294,1326,1250,1327,231,230
1212,1234,1210,1187,1065,1064,1287,1188,1201,1255,1381,1380
1381,1234,1233,1254,1212,1188,1287,1380,1387,1382,1430,1385
1215,1182,1292,1239,1266,1171,1242,1240,1404,1312,1216,1258
1404,1240,1312,1259,1241,1288,1289,1338,1337,1615,1344,1347
1345,1216,1379,1312,1240,1256,1404,1344,1615,1465,1346,1301
1241,1225,1240,1206,1205,1176,1288,1289,1352,1257,1404,1615
1637,1193,1196,1261,1195,1161,1270,1291,1379,1263,1264,1267
1195,1160,1637,1161,1292,1179,1379,1345,1216,1291,1260,1270
1294,1327,1295,1250,1229,1249,1455,1227,1191,1296,1326,1226
1193,1202,1196,1260,1637,1291,1270,1267,1269,1264,1268,1271
1202,1193,1315,1263,1270,1260,1267,1269,1275,1268,1271,1272
1222,1039,1037,1038,1010,1012,1129,1150,1151,1220,1197,1223
1239,1169,1171,1224,1207,1136,1225,1205,1241,1242,1256,1240
1264,1263,1268,1270,1301,1291,1275,1302,1300,1269,1271,1273
1315,1204,1317,1264,1202,1263,1271,1269,1272,1373,1374,1274
1271,1264,1268,1267,1270,1301,1275,1273,1300,1272,1276,1274
1263,1260,1193,1291,1261,1345,1301,1275,1302,1267,1264,1269
1268,1373,1315,1264,1267,1263,1272,1269,1276,1274,1375,1277
1271,1373,1268,1269,1264,1275,1273,1278,1298,1276,1274,1277
1272,1269,1271,1275,1267,1302,1298,1300,1367,1276,1278,1309
1375,1373,1374,1272,1271,1268,1276,1309,1273,1277,1310,1329
1267,1269,1270,1302,1301,1465,1300,1366,1367,1273,1298,1272
1274,1271,1310,1272,1273,1269,1278,1328,1298,1277,1309,1331
1310,1375,1373,1274,1276,1272,1309,1278,1328,1329,1331,1330
1276,1272,1277,1298,1273,1300,1357,1358,1367,1328,1309,1356
1148,1343,1079,1124,1280,1080,1178,1281,1061,1185,1183,1228
1124,1080,1079,1081,993,1013,1036,1178,1061,1279,1185,1281
1185,1228,1279,1178,1061,1036,1133,1059,1099,1200,1111,1191
1175,1283,1141,1299,1248,1247,1303,1208,1284,1353,1306,1336
1206,1259,1174,1176,1175,1248,1353,1336,1282,1288,1352,1289
1303,1299,1306,86,1208,84,88,89,1286,91,1305,1282
1320,1304,1335,1305,92,91,93,95,96,1311,1456,1378
1306,1282,1336,1284,1303,88,89,91,92,1305,1304,1285
1255,1254,1234,1188,1186,1187,1387,1201,1386,1380,1382,1430
1259,1206,1241,1283,1176,1175,1352,1353,1336,1289,1337,1257
1259,1257,1241,1288,1283,1206,1337,1352,1417,1338,1615,1400
1201,1387,1186,1143,1105,1198,1199,1308,1307,1386,1454,1408
1260,1195,1193,1379,1261,1216,1345,1301,1465,1270,1267,1263
1161,1179,1160,1182,1170,1239,1215,1216,1256,1379,1261,1291
1478,1486,1453,1552,1232,1230,1359,1231,1246,1429,1428,1502
1253,1238,232,1295,1250,1249,1262,1296,1455,1326,1327,231
1238,1321,227,1249,1236,1343,1250,1262,1229,1294,1253,1327
1326,1294,1327,1262,1227,1250,1455,1237,1190,1226,1362,1297
1363,243,234,1226,1362,1296,1251,1252,1237,1360,1361,1452
1273,1276,1272,1300,1275,1313,1367,1393,1364,1278,1357,1328
1248,1175,1141,1247,1132,1139,1208,1284,86,1303,1282,1306
1275,1273,1269,1366,1302,1348,1313,1364,1393,1298,1367,1357
1291,1270,1260,1345,1379,1258,1302,1465,1346,1267,1275,1269
1301,1267,1291,1465,1345,1344,1366,1346,1348,1275,1300,1273
1282,1353,1248,1299,1208,1247,1284,88,86,1306,1286,1304
1336,1334,1353,1306,1286,1303,1305,1285,91,1335,1320,1324
1304,1335,1306,1286,91,89,92,93,95,1285,1320,1311
1353,1283,1175,1303,1282,1299,1286,1284,1305,1336,1304,1335
1308,1199,1290,1221,1198,1223,1316,1219,1314,1407,1408,1464
1290,1386,1201,1199,1221,1143,1307,1407,1316,1454,1408,1464
1277,1329,1274,1276,1278,1272,1328,1356,1357,1331,1354,1330
1384,1374,1411,1375,1274,1373,1277,1309,1276,1329,1376,1349
1320,1324,1335,1285,93,92,95,96,98,1378,1456,1318
1216,1215,1379,1256,1242,1241,1240,1404,1257,1258,1345,1344
1366,1300,1302,1348,1346,1347,1368,1365,1399,1364,1367,1398
1407,1307,1464,1316,1203,1219,1435,1204,1317,1599,1409,1396
1435,1204,1599,1202,1203,1263,1268,1373,1271,1317,1374,1375
1307,1221,1199,1219,1223,1194,1204,1203,1435,1314,1407,1409
1599,1314,1409,1435,1315,1204,1374,1373,1375,1396,1384,1420
1456,1319,1324,1378,96,1311,1333,98,100,1332,1323,1445
1325,1340,1341,1456,1324,1311,1318,1378,1332,1323,1322,1391
1335,1341,1334,1305,1304,92,1285,1311,93,1324,1456,1319
1189,224,226,1177,1236,222,1295,1249,1343,1238,227,229
1340,1480,1342,1325,1319,1324,1323,1390,1318,1391,1468,1389
1322,1325,1480,1319,1318,1456,1332,1388,1333,1390,1391,1389
1341,1342,1334,1320,1335,1285,1456,1311,1378,1325,1319,1322
1342,1400,1417,1324,1341,1335,1319,1456,1323,1340,1322,1480
1327,230,1253,1294,1262,1250,1296,1226,1455,1362,234,1363
231,232,229,1253,1294,1295,1326,1362,1296,230,234,241
1309,1331,1276,1278,1357,1298,1356,1358,1371,1354,1350,1369
1376,1384,1374,1310,1277,1375,1331,1309,1350,1330,1349,1377
1349,1376,1412,1329,1309,1310,1350,1331,1355,1377,1351,1443
1330,1329,1349,1309,1277,1276,1354,1328,1356,1350,1377,1355
1323,1319,1391,1318,100,1378,1333,1445,101,1388,1390,1406
1332,1318,1323,100,98,1378,101,102,104,1445,1388,1444
1337,1352,1289,1336,1283,1306,1335,1304,1324,1417,1341,1342
1334,1417,1352,1304,1336,1306,1320,1305,1285,1341,1324,1325
1352,1283,1288,1306,1353,1282,1304,1286,1305,1334,1335,1337
1289,1259,1257,1352,1288,1336,1334,1341,1335,1417,1338,1400
1615,1257,1344,1337,1289,1259,1417,1400,1342,1347,1395,1339
1395,1365,1347,1400,1342,1417,1340,1480,1322,1399,1446,1397
1339,1400,1395,1342,1325,1341,1322,1391,1319,1480,1399,1446
1417,1337,1400,1335,1334,1336,1324,1320,1319,1342,1325,1340
1400,1417,1395,1341,1334,1337,1325,1324,1322,1340,1339,1480
1184,1236,1144,1148,1145,1124,1183,1279,1229,1249,1250,1295
1258,1465,1345,1404,1312,1257,1615,1347,1338,1346,1348,1302
1379,1291,1261,1216,1312,1292,1465,1258,1344,1301,1302,1270
1465,1302,1301,1344,1258,1615,1348,1347,1365,1366,1313,1300
1346,1344,1465,1615,1338,1404,1395,1400,1339,1348,1365,1366
1366,1346,1302,1347,1344,1615,1365,1395,1399,1313,1368,1300
1376,1412,1410,1329,1310,1384,1330,1377,1331,1351,1425,1443
1377,1330,1329,1331,1328,1309,1354,1369,1356,1355,1372,1443
1425,1412,1426,1349,1330,1329,1377,1443,1355,1600,1471,1601
1288,1289,1259,1283,1353,1176,1336,1334,1335,1337,1417,1338
1283,1176,1288,1282,1175,1248,1306,1303,1304,1336,1352,1334
1350,1331,1330,1328,1358,1309,1356,1371,183,1369,1355,185
1377,1443,1330,1350,1354,1331,1372,1369,189,1383,1470,194
1354,1328,1331,1358,1357,1370,1371,182,1392,183,1369,185
1278,1273,1276,1298,1367,1364,1370,1393,1392,1358,1328,1356
1328,1278,1309,1357,1393,1298,1370,1392,1413,1356,1371,1354
1293,1429,1478,1231,1552,1232,1246,1235,1244,1245,1428,1427
250,243,241,1363,1297,1362,1361,1479,1251,1452,1449,254
1360,1449,1363,1297,1251,1226,1252,1230,1180,1452,1479,1450
234,1327,230,1326,1296,1294,1226,1251,1455,1363,1297,241
234,241,230,1362,1327,1326,1297,1226,1361,243,1360,250
1367,1300,1298,1313,1365,1366,1398,1368,1397,1393,1394,1370
1348,1313,1366,1395,1347,1400,1399,1339,1446,1368,1364,1397
1302,1275,1301,1346,1465,1347,1348,1313,1365,1300,1367,1364
1298,1273,1278,1300,1313,1366,1364,1393,1398,1357,1370,1358
1364,1313,1367,1365,1348,1395,1397,1399,1446,1398,1402,1393
1350,1355,1331,1354,1371,1356,183,185,182,1372,187,189
1358,1357,1328,1393,1367,1398,1394,1401,1402,1392,1356,1415
1356,1354,1328,1358,1370,1357,1413,1392,180,183,182,1369
1355,1383,1443,1369,1350,1354,189,187,185,1470,192,194
1374,1315,1317,1268,1264,1202,1271,1274,1272,1375,1310,1384
1317,1396,1435,1315,1268,1204,1375,1373,1310,1384,1411,1376
1374,1396,1317,1373,1271,1315,1274,1277,1272,1310,1384,1376
1410,1411,1419,1384,1310,1375,1349,1329,1330,1412,1424,1351
1351,1349,1425,1330,1331,1329,1355,1350,1372,1443,1383,1600
1456,1319,1320,96,1311,95,98,100,101,1318,1333,1332
1261,1161,1260,1292,1215,1256,1216,1345,1258,1291,1301,1270
1255,1382,1381,1287,1201,1254,1387,1418,1386,1430,1498,1469
1233,1213,1438,1234,1254,1212,1255,1382,1380,1385,1499,1440
1381,1385,1233,1255,1234,1287,1430,1380,1469,1499,1498,1473
1443,1471,1600,1355,1377,1350,1470,1372,192,194,196,1442
1396,1411,1420,1375,1374,1317,1310,1329,1274,1376,1410,1349
1440,1438,1576,1381,1233,1234,1499,1382,1634,1473,1472,1439
1387,1380,1287,1290,1201,1143,1308,1408,1307,1454,1418,1538
1380,1287,1255,1201,1188,1186,1386,1454,1290,1418,1430,1469
1390,1323,1389,1332,1333,1318,1406,1445,1444,1519,1405,1628
1468,1421,1480,1391,1323,1322,1405,1390,1519,1466,1467,1482
1389,1391,1322,1332,1323,1333,1388,1406,1445,1405,1519,1467
1480,1340,1446,1322,1323,1319,1390,1332,1388,1389,1468,1405
1358,1371,1356,1370,1394,1393,1415,1401,1416,1413,182,1488
1367,1357,1298,1364,1368,1313,1398,1394,1402,1370,1392,1358
1370,1393,1358,1402,1398,1364,1403,1414,1422,1401,1392,1415
1347,1348,1615,1338,1417,1337,1400,1339,1340,1365,1399,1368
1599,1420,1409,1317,1435,1315,1374,1384,1375,1411,1376,1419
1368,1398,1364,1399,1365,1480,1446,1441,1468,1402,1403,1394
1364,1393,1367,1368,1313,1399,1402,1397,1441,1394,1370,1401
1368,1365,1348,1339,1395,1340,1446,1480,1468,1397,1441,1398
1395,1338,1347,1417,1337,1334,1342,1340,1341,1339,1399,1480
1392,1370,1393,1394,1403,1402,1414,1422,1423,1415,1416,1488
1398,1393,1364,1397,1368,1446,1441,1421,1423,1403,1394,1401
1394,1398,1392,1402,1441,1397,1422,1423,1421,1414,1401,1416
1312,1258,1216,1240,1241,1242,1615,1257,1338,1344,1465,1346
1389,1466,1468,1390,1388,1391,1519,1628,1406,1467,1482,1481
1388,1519,1390,1445,1332,102,1444,109,105,1628,1485,1494
1408,1308,1454,1307,1316,1221,1314,1599,1435,1464,1409,1517
1454,1386,1418,1308,1307,1290,1464,1407,1517,1462,1538,1463
1464,1408,1462,1314,1407,1316,1599,1435,1396,1517,1420,1434
1431,1419,1433,1411,1384,1420,1412,1376,1349,1424,1426,1436
1419,1420,1434,1396,1374,1599,1384,1376,1375,1410,1431,1424
1424,1410,1431,1376,1411,1329,1349,1351,1330,1425,1426,1600
1371,183,1358,1392,1401,1370,1415,1488,1416,182,180,178
1401,1415,1394,1422,1403,1423,1448,1513,1447,1416,1512,1591
1413,1392,182,1401,1394,1370,1416,1591,1414,1488,180,178
1415,1488,1413,1414,1401,1422,1512,1448,1523,1591,170,172
1338,1289,1615,1337,1334,1352,1342,1341,1335,1400,1340,1395
1430,1380,1498,1387,1386,1287,1454,1538,1408,1469,1463,1501
1434,1432,1460,1420,1517,1396,1410,1411,1376,1433,1431,1424
1517,1464,1460,1599,1409,1317,1396,1411,1384,1434,1419,1432
1441,1403,1402,1468,1446,1480,1466,1447,1467,1423,1422,1448
1403,1401,1394,1423,1421,1402,1448,1447,1513,1414,1512,1416
1403,1402,1401,1421,1441,1466,1447,1506,1481,1422,1448,1414
1431,1433,1437,1410,1419,1376,1412,1425,1349,1426,1436,1484
1426,1424,1484,1412,1349,1330,1600,1351,1443,1601,1503,1549
1436,1431,1483,1424,1412,1410,1425,1600,1351,1601,1484,1549
1553,1428,1598,1244,1245,1235,1576,1439,1438,1555,1554,1655
1534,1502,1486,1429,1359,1293,1245,1427,1244,1553,1598,1655
1486,1548,1453,1293,1478,1231,1359,1245,1246,1428,1502,1534
1382,1499,1381,1380,1387,1255,1418,1463,1454,1498,1469,1518
1433,1432,1461,1419,1411,1434,1424,1410,1426,1436,1437,1483
1459,1457,1476,1434,1460,1517,1433,1419,1431,1461,1458,1437
1432,1461,1459,1419,1434,1460,1431,1436,1424,1437,1475,1483
1460,1462,1459,1517,1420,1409,1419,1411,1396,1432,1433,1431
1314,1409,1316,1204,1203,1202,1315,1374,1268,1317,1599,1396
1437,1433,1516,1424,1431,1410,1426,1601,1412,1484,1483,1607
1475,1461,1458,1433,1431,1432,1436,1484,1424,1483,1516,1607
1244,1427,1245,1233,1235,1213,1385,1381,1473,1440,1576,1439
1576,1554,1427,1440,1438,1385,1472,1557,1473,1556,1575,1588
1576,1244,1427,1438,1233,1381,1385,1473,1499,1439,1472,1556
1402,1397,1398,1446,1399,1480,1421,1468,1466,1403,1423,1422
201,1493,1503,1471,1383,1600,196,194,1470,198,200,203
1600,1351,1425,1377,1330,1350,1383,1355,1470,1471,1442,196
1406,1388,1519,1445,102,1333,105,104,109,1628,111,1485
1388,1332,1390,1333,101,100,102,104,105,1444,1406,109
1397,1399,1368,1480,1339,1340,1468,1466,1391,1441,1421,1402
1423,1421,1422,1466,1467,1389,1481,1482,1507,1506,1448,1513
1422,1414,1403,1423,1447,1421,1506,1618,1505,1513,1512,1529
254,250,1360,243,1363,1452,1479,1361,258,1450,260,1453
258,260,254,1449,1452,250,1453,1479,1478,1451,261,1548
261,260,263,1450,258,1479,1548,1453,1486,1522,269,1539
1449,254,258,1361,1360,1297,1479,1230,1252,1450,1453,260
1450,1451,260,1479,1452,1230,1486,1478,1293,1548,1522,1502
1418,1387,1430,1386,1308,1290,1408,1464,1407,1538,1463,1462
1296,1262,1326,1227,1191,1229,1190,1192,1109,1237,1226,1251
1324,1325,1335,1311,1320,1285,1378,1318,96,1319,1323,1322
1463,1501,1469,1462,1538,1408,1460,1432,1517,1459,1476,1458
1474,1476,1533,1459,1432,1457,1461,1475,1437,1477,1521,1520
1476,1501,1533,1460,1457,1462,1432,1461,1433,1458,1475,1474
1457,1538,1463,1462,1517,1464,1434,1419,1420,1432,1459,1433
1458,1459,1476,1432,1460,1419,1433,1437,1431,1475,1477,1516
1538,1463,1418,1464,1408,1454,1517,1434,1409,1460,1457,1459
1469,1518,1430,1418,1454,1408,1538,1457,1462,1501,1500,1476
1408,1538,1454,1407,1308,1307,1409,1420,1314,1517,1462,1460
1345,1301,1291,1258,1404,1216,1346,1344,1348,1302,1366,1275
1421,1441,1446,1468,1389,1391,1467,1405,1482,1447,1481,1423
1466,1421,1468,1405,1389,1390,1482,1519,1494,1481,1447,1506
1446,1441,1397,1480,1391,1322,1389,1467,1405,1466,1421,1447
1498,1634,1499,1430,1418,1380,1463,1538,1457,1518,1501,1500
1383,1443,1471,1372,1355,1369,189,187,185,192,194,196
1600,1503,1601,1443,1351,1355,1383,196,194,1442,201,198
1439,1576,1554,1440,1385,1438,1473,1558,1499,1556,1557,1575
1472,1440,1439,1499,1385,1382,1634,1498,1518,1558,1557,1531
1533,1492,1641,1476,1500,1459,1477,1458,1475,1490,1521,1491
1477,1458,1521,1461,1433,1459,1437,1483,1436,1516,1520,1536
1533,1500,1518,1501,1457,1463,1459,1458,1461,1474,1492,1477
1474,1490,1492,1458,1461,1476,1475,1516,1437,1521,1520,1491
1453,1479,1450,1552,1230,1361,1293,1359,1231,1486,1429,1548
1452,1450,1449,1361,1252,1297,1230,1478,1552,1453,1486,1451
1339,1399,1395,1340,1325,1342,1322,1391,1389,1446,1468,1397
1447,1423,1448,1467,1466,1405,1507,1482,1494,1506,1505,1513
1481,1467,1447,1405,1519,1389,1494,1628,1485,1507,1604,1506
1516,1475,1520,1437,1436,1431,1484,1549,1426,1607,1536,1565
1483,1437,1536,1436,1426,1424,1601,1425,1503,1607,1549,1565
1628,1494,1519,109,1406,1444,111,116,115,1660,1495,1650
1548,1453,1522,1478,1479,1552,1429,1293,1428,1502,1535,1534
1515,1578,1571,205,203,1504,206,208,1514,210,1489,1493
180,1413,182,1415,1401,1392,1591,1416,170,178,172,164
1530,1571,1573,1514,208,1487,210,211,213,1570,215,217
1641,1497,1511,1492,1474,1533,1521,1477,1524,1491,1496,1509
1496,1641,1510,1490,1521,1477,1524,1520,1537,1509,1642,1541
1497,1532,1597,1533,1500,1476,1474,1521,1477,1641,1490,1511
1504,1549,1550,1503,1471,1601,201,203,200,205,1515,206
1482,1481,1405,1628,1519,1406,1660,1485,1495,1604,1613,1507
1660,1494,1604,116,1485,111,115,113,118,1650,1624,1613
1510,1511,248,1641,1490,1497,1509,1491,1521,1642,1508,1541
1597,1566,235,1532,1533,1574,1492,1490,1474,1641,1511,1496
1499,1473,1385,1430,1382,1380,1469,1418,1463,1634,1518,1531
1385,1472,1440,1382,1381,1380,1498,1430,1518,1473,1634,1558
1531,1634,1574,1501,1518,1469,1476,1457,1459,1533,1532,1492
1518,1531,1498,1463,1469,1538,1457,1459,1462,1500,1476,1533
1548,1522,1539,1486,1429,1453,1428,1553,1359,1535,1534,1540
1601,1549,1484,1600,1425,1443,201,1471,1442,1493,1504,203
1550,1549,1565,1503,1601,1471,1493,203,201,1515,1487,206
1513,1529,1448,1506,1507,1481,1594,1604,1602,1618,1595,1617
1448,1423,1422,1481,1447,1467,1507,1594,1604,1505,1513,1618
1481,1506,1447,1482,1494,1467,1604,1613,1602,1505,1594,1595
252,248,1510,1496,239,1642,1526,1509,1559,257,256,1511
1642,1496,1508,1491,1490,1521,1524,1525,1520,1541,1526,1635
248,239,235,1511,1641,1497,1496,1642,1509,1508,252,1559
239,235,240,1497,1597,1492,1641,1496,1490,1510,248,1508
1591,1416,172,1414,1448,1422,1529,1513,1618,1523,164,170
1512,1422,1414,1448,1506,1447,1618,1505,1595,1529,1617,1523
1571,1578,1592,1487,1515,205,206,208,210,1530,1489,1570
1578,1550,1564,1504,1493,1549,1487,205,206,1514,1571,1530
1520,1477,1521,1475,1437,1461,1483,1607,1565,1536,1537,1551
1462,1408,1538,1464,1409,1407,1420,1599,1396,1434,1460,1432
1634,1499,1558,1469,1498,1430,1501,1463,1476,1531,1500,1532
1405,1467,1389,1388,1390,1445,1628,1406,1485,1482,1494,1481
1521,1491,1474,1477,1475,1458,1516,1536,1483,1537,1524,1525
1490,1492,1641,1477,1474,1458,1520,1475,1537,1491,1524,1509
269,263,261,1548,1451,1453,1535,1502,1486,1539,268,267
164,170,1591,1512,1513,1448,1529,1527,1617,1528,167,169
1491,1509,1490,1521,1520,1477,1537,1542,1516,1525,1541,1544
1541,1635,1509,1524,1537,1491,1542,1545,1551,1544,1543,1547
1559,255,256,1642,1509,1496,236,1635,1541,251,247,238
1528,1523,169,1529,1618,1512,1596,1617,153,162,166,167
169,167,164,1523,1529,1512,1527,162,1596,166,170,153
1523,1512,164,1513,1448,1506,1618,1617,1505,1527,1528,1596
1592,1572,1577,1571,1514,1578,1489,217,210,1570,1573,219
1574,1558,1557,1634,1518,1473,1500,1533,1501,1532,1566,1597
1566,1574,1561,1531,1500,1518,1533,1492,1474,1497,1597,1641
1532,1531,1597,1500,1501,1518,1474,1476,1458,1492,1497,1490
1535,1539,266,1502,1429,1486,1428,1553,1427,1598,1540,1655
1539,1522,268,1502,1548,1486,1534,1598,1428,267,1540,266
1537,1520,1524,1516,1483,1475,1607,1565,1484,1551,1564,1542
1524,1521,1491,1520,1516,1475,1551,1536,1565,1542,1525,1630
1463,1418,1469,1454,1408,1386,1462,1464,1460,1457,1501,1459
268,269,263,1522,1548,1451,1535,1540,1502,267,266,265
266,267,1539,1535,1534,1502,1598,1655,1553,265,1616,270
1642,1526,1559,1509,1524,1491,1525,1543,1542,1635,1544,236
1525,1544,1524,1537,1536,1520,1630,1551,1564,1545,1543,1546
1544,1635,238,1542,1525,1551,1545,1630,1579,1547,1546,1586
1635,236,247,1541,1525,1524,1543,1542,1545,1547,238,237
1543,1547,1525,1542,1551,1537,1630,1579,1577,1546,1580,1587
1586,1547,237,1545,1543,1630,1580,1579,1632,1587,1652,1656
238,1635,236,1543,1544,1525,1546,1545,1587,237,1586,246
1451,263,269,1453,1478,1450,1486,1502,1429,1522,1535,1539
1607,1565,1483,1484,1601,1426,1504,1503,1493,1550,1515,1564
1565,1564,1551,1549,1607,1503,1515,1504,1493,1578,1577,1571
1542,1537,1525,1536,1607,1516,1564,1565,1550,1630,1545,1577
1230,1479,1361,1180,1252,1155,1232,1231,1156,1293,1478,1359
1598,1534,1540,1428,1245,1429,1427,1555,1554,1655,1616,1590
1555,1655,1590,1576,1427,1440,1439,1556,1575,1621,1588,1568
1655,1553,1598,1427,1576,1428,1554,1439,1556,1621,1590,1588
1554,1621,1555,1439,1472,1440,1557,1558,1473,1575,1567,1588
1556,1575,1439,1472,1473,1440,1558,1574,1531,1567,1566,1568
1557,1472,1556,1473,1499,1498,1634,1531,1518,1574,1567,1566
257,252,1508,1642,248,1526,247,236,256,255,251,1510
1569,1582,1584,1568,1588,1567,253,249,1563,1605,1562,259
1563,249,1568,1566,1567,1574,1597,1497,1511,240,235,253
1582,1583,1585,1560,1569,1584,1605,259,253,1581,262,264
1568,1560,1569,1567,1575,1574,1561,240,235,249,253,1605
1630,1551,1542,1565,1536,1607,1578,1550,1515,1577,1571,1579
1536,1551,1516,1607,1483,1484,1550,1549,1504,1564,1578,1630
1567,1563,1568,1574,1531,1557,1532,1497,1492,1561,1597,240
1568,1575,1588,1557,1556,1558,1566,1574,1597,1563,1561,249
1588,1569,1584,1575,1557,1556,1563,1567,1561,1560,249,253
1584,1582,1606,1588,1621,1575,1560,1568,1563,1562,1605,259
1573,1592,1593,1530,1489,1514,217,215,213,219,221,223
1577,1579,1630,1578,1515,1564,1514,1487,1489,1592,1530,1572
1580,1587,1546,1592,1579,1577,1573,1530,1570,1632,1593,1633
1593,1572,1632,1530,1592,1571,1570,219,217,221,223,225
1557,1567,1575,1558,1634,1473,1531,1532,1500,1566,1561,1597
1588,1554,1621,1556,1439,1472,1557,1567,1574,1568,1563,1569
1427,1245,1553,1244,1438,1235,1439,1440,1472,1554,1556,1555
1630,1545,1542,1564,1550,1551,1571,1578,1530,1579,1592,1572
1577,1564,1630,1550,1504,1565,1515,1514,1487,1571,1592,1530
1545,1546,1543,1577,1630,1564,1592,1571,1578,1580,1572,1587
1546,1652,1586,1579,1545,1577,1572,1592,1573,1587,1632,1633
1583,1622,275,1562,1582,1560,264,262,1605,271,273,259
1606,1585,1651,1584,1589,1588,1569,1562,1605,1583,1581,1622
1622,1585,276,1582,1606,1569,1581,1562,264,273,275,271
1589,1606,1620,1588,1621,1590,1569,1568,1560,1582,1585,1562
1623,1651,277,1606,1620,1584,1583,1582,1581,1622,276,275
237,246,238,1547,1543,1544,1652,1546,1587,245,1656,244
1652,1586,245,1580,1546,1579,1632,1572,1593,1633,1656,233
1621,1589,1590,1554,1556,1555,1575,1568,1563,1584,1569,1560
1619,1658,1616,1590,1621,1655,1584,1588,1569,1620,1606,1651
1616,1619,270,1655,1555,1598,1621,1588,1554,1589,1620,1584
1488,178,1415,1416,1414,1401,164,1512,1523,170,172,167
1579,1580,1630,1571,1577,1578,1530,1570,1514,1572,1573,1593
1632,1633,233,1572,1580,1592,223,1573,221,225,228,1587
1505,1618,1506,1604,1507,1481,1602,1613,1614,1595,1603,1610
1618,1617,1529,1594,1505,1604,1603,1602,1609,1610,1596,1608
1527,166,1528,1617,1529,1595,1610,1626,1608,153,151,162
1561,240,1563,1566,1532,1574,1497,1641,1492,1511,235,239
1540,265,1535,1534,1428,1502,1655,1553,1555,1616,1590,270
1409,1517,1464,1435,1314,1204,1317,1396,1374,1420,1411,1434
1425,1601,1426,1351,1377,1412,1471,1443,1383,1503,1442,201
1484,1436,1607,1425,1426,1424,1503,1600,1471,1549,1493,1504
1594,1595,1507,1604,1613,1650,1612,1644,1629,1614,1603,1611
1595,1610,1617,1602,1594,1604,1614,1611,1644,1609,1608,1626
1507,1505,1481,1494,1660,1482,1613,1650,1612,1594,1602,1595
1562,1581,1582,1560,1569,1563,259,253,249,262,264,271
1620,1651,1619,1589,1621,1590,1582,1584,1569,1585,1623,1583
1536,1516,1537,1483,1484,1436,1549,1601,1504,1565,1550,1551
151,153,1596,1610,1603,1595,1609,1625,1627,1626,1659,152
1608,1626,1610,1603,1614,1602,1611,1627,1646,1625,1659,1639
1596,1617,1527,1595,1618,1594,1603,1609,1625,1608,151,1626
1609,1603,1608,1614,1644,1602,1643,1662,135,1627,1646,1625
1602,1604,1603,1624,1650,1613,1629,125,118,1614,1644,1611
1604,1594,1507,1660,1495,1494,1650,1624,115,1602,1612,1614
1603,1594,1595,1602,1612,1613,1644,1629,1662,1611,1609,1627
1344,1404,1258,1257,1289,1240,1338,1395,1337,1347,1346,1348
265,266,267,1598,1540,1553,1655,1590,1589,270,1619,272
1527,1529,1523,1618,1513,1505,1610,1595,1608,1596,153,151
1513,1529,1523,1505,1506,1507,1595,1594,1603,1617,1527,1610
270,272,265,1616,1655,1598,1589,1590,1606,1620,1658,1651
1658,1631,272,1589,1619,1590,1606,1584,1582,1651,1585,1623
1590,1655,1619,1555,1554,1553,1588,1575,1568,1589,1584,1569
276,1623,277,1585,1651,1582,1583,273,1581,275,271,1606
279,1631,280,1651,1606,1620,1622,1585,1583,277,276,275
1650,1613,1660,113,115,1495,118,125,121,1612,1629,1636
1659,1608,1626,1609,1611,1603,1639,1627,1646,1638,1640,161
151,153,1596,1608,1610,1603,1625,1609,1627,152,1659,156
1609,1625,1608,1611,1644,1614,1646,1643,135,1639,1647,1638
1519,1482,1405,1406,1444,1388,1485,109,111,1494,1660,1495
1612,1614,1602,1624,118,1650,125,1636,121,1644,1662,1611
1545,1542,1543,1551,1565,1537,1564,1577,1578,1579,1546,1580
280,278,1658,274,272,1651,1623,1620,279,277,276,1619
1633,1587,1652,1572,1580,1579,1593,1573,223,228,233,225
1656,1652,244,1587,1580,1572,1632,228,1593,233,242,245
1473,1558,1472,1498,1499,1382,1518,1469,1500,1531,1574,1532
1526,251,1642,1541,1509,1524,1544,1547,1525,236,247,238
1629,1644,1612,121,125,118,124,112,1654,1662,1648,1649
1162,1194,1150,1195,1158,1151,1260,1261,1270,1193,1196,1263
161,156,152,1659,1625,1626,1640,1639,1645,163,159,155
1625,1638,1659,1646,1627,1609,1647,1657,136,1645,1640,150
159,1638,163,1639,1625,1659,1645,147,1657,155,150,161
1511,1597,239,1497,1492,1532,1490,1491,1474,1496,1510,1509
1508,1510,252,1496,1491,1641,1509,1541,1635,1559,1526,236
1627,1611,1614,1662,1644,1636,1649,132,1648,1646,135,1647
1614,1602,1609,1629,1612,125,1662,1636,1648,1611,1643,1627
1640,1638,159,1647,1639,1646,1657,144,141,147,150,155
1627,1625,1609,1643,1611,1644,135,136,132,1647,1639,1657
1639,1640,1625,1646,1627,1643,136,135,139,1657,1645,141
1662,1629,1643,124,1636,121,1654,112,1661,1649,1653,127
1643,1644,1646,1648,1662,1636,1653,1654,129,132,131,135
1613,1604,1494,1495,1660,115,1624,113,118,1612,1629,1602
1631,1658,280,1620,1589,1619,1585,1606,1582,1623,279,277
1586,245,246,1546,1547,1579,1587,1633,1580,1656,244,242
1649,132,135,1654,1648,1661,127,123,110,131,129,136
1648,1649,1662,112,124,107,1661,123,110,1653,127,129
1598,1616,1540,1553,1534,1427,1555,1621,1554,1590,1619,1589
245,246,237,1652,1587,1586,1633,233,1632,244,242,228
1645,1639,1640,1647,136,135,139,141,144,147,1646,150
274,278,272,1619,270,1620,1651,1606,1631,280,279,1589
152,151,153,1626,1608,1609,1625,1639,1627,156,1638,161
1494,1482,1507,1485,111,1628,1495,116,115,1650,1613,1604
1654,1648,124,112,107,110,123,127,1653,1649,129,1636
1644,1611,1612,1636,1629,125,1648,124,1654,1649,1643,132
