28,16,17
89,87,84
143,139,163
2055,5,1
11,15,20
15,11,9
16,24,17
36,24,16
24,36,37
162,152,784
2107,1747,2106
1747,2120,2106
760,518,507
175,166,163
2671,2617,2669
0,2055,1
50,44,51
36,39,37
2002,1847,1903
39,2002,1903
2002,39,36
1847,1706,1903
1564,1706,1847
34,40,28
1962,34,28
172,168,784
168,162,784
162,168,165
186,927,191
927,186,180
177,168,172
177,180,165
168,177,165
1274,1252,1275
1129,1252,1571
1634,1264,1635
1252,1052,1275
1052,1252,1129
1052,1051,1092
154,1239,997
512,2107,2106
2107,512,515
2008,506,2106
2120,2008,2106
758,518,760
523,519,1349
539,1553,538
539,540,1553
572,438,571
166,156,163
156,143,163
143,156,147
2896,2946,2911
2953,134,139
134,2953,130
109,134,130
143,2960,139
2960,2953,139
2960,143,147
2953,131,130
133,1129,1571
132,133,1571
347,375,374
310,2823,309
15,1969,20
1969,15,9
33,24,37
1953,39,1903
39,1953,37
1963,1953,1904
1953,33,37
33,1953,1963
1706,1953,1903
1953,1706,1904
1563,1564,1558
1563,1706,1564
27,1962,28
27,26,1962
27,21,26
21,27,28
193,991,198
185,195,191
927,185,191
194,193,198
774,927,678
774,185,927
152,146,784
146,776,784
776,962,678
962,774,678
774,962,961
927,775,678
775,927,180
177,775,180
776,775,784
775,776,678
775,172,784
775,177,172
1258,1274,1275
1258,1256,1238
1634,1265,1264
1239,1212,997
1155,1052,1092
34,1933,40
21,1952,26
1952,1963,1904
1954,1952,1904
26,1952,1962
1952,1954,1962
1484,52,1641
1613,1484,1641
1484,1613,1513
154,151,1239
151,154,173
506,508,2106
508,512,2106
512,508,506
2008,2493,1975
2493,2008,2120
512,504,515
504,512,506
1303,1490,1873
1490,1303,1426
1491,1490,1426
2107,1746,1747
1746,2107,515
1721,2120,1747
1553,1794,538
1554,1794,1553
1746,1794,1554
540,1481,1553
2119,498,500
498,497,500
536,758,535
518,536,537
758,536,518
782,758,760
804,782,760
782,804,1184
770,653,668
485,488,469
1007,903,969
758,534,535
782,534,758
534,781,531
781,534,782
1830,1237,1247
1495,1285,1304
608,599,916
704,608,916
608,704,696
625,629,628
719,666,686
661,660,686
666,661,686
569,567,575
574,639,800
639,608,696
838,796,795
639,695,800
695,639,696
695,687,800
687,695,718
660,687,686
687,718,686
849,695,696
695,849,718
704,849,696
978,849,704
452,462,450
543,452,450
103,109,2927
103,96,139
134,103,139
103,134,109
169,166,175
2930,169,175
2932,2923,2931
2923,2932,2911
2906,2907,2930
2960,2954,2953
109,119,2927
119,109,130
131,119,130
288,1517,290
137,1052,1129
1052,137,1051
2129,2084,167
174,2044,190
57,53,58
2667,53,57
2779,2788,2778
2130,2129,2126
2130,2084,2129
329,624,331
403,402,400
402,403,407
407,419,409
405,407,409
405,402,407
393,380,391
306,657,308
657,807,806
807,304,303
301,807,303
380,383,391
715,841,898
843,841,388
1550,1545,1547
1101,1124,1024
323,311,313
387,390,2004
449,2510,447
2823,2672,2671
2617,2672,2616
2672,2617,2671
629,591,628
591,587,592
587,591,629
1593,1502,1501
1758,1593,1501
1756,1758,1755
1758,1756,1593
1967,1939,20
1969,1967,20
1994,2056,1993
1994,1967,1969
2056,1994,2055
5,1994,6
1994,5,2055
6,1994,9
1994,1969,9
0,2,3
2,0,1
4,2,1
2056,2149,1993
2579,2372,2542
2372,2494,2542
2494,2372,2371
1496,1559,1322
1559,1496,1558
1577,1578,1322
1265,1578,1264
1578,1265,1322
1559,1576,1322
1576,1577,1322
1643,1576,1642
1576,1643,1577
210,174,190
1264,1633,1635
1578,1633,1264
1273,1252,1274
1964,33,1963
1952,1964,1963
1964,1952,21
33,1964,24
24,1964,17
154,176,173
171,164,173
991,171,173
733,834,183
834,176,183
991,834,198
834,991,173
176,834,173
733,201,208
201,733,183
201,157,208
834,203,198
203,834,733
241,780,239
780,241,247
218,208,150
865,864,121
138,146,121
962,866,961
963,866,960
866,968,961
968,866,963
110,865,121
110,146,152
146,110,121
162,110,152
1257,1258,1238
1257,1634,1635
1274,1257,1635
1258,1257,1274
1263,1265,1634
1327,1263,1259
1170,1195,1167
1091,1155,1092
1196,1195,1170
1195,1196,1212
1091,1196,1170
1196,1091,1364
1052,1156,1275
1155,1156,1052
1156,1258,1275
1258,1156,1256
1169,1170,1167
1169,1091,1170
1091,1169,1155
1156,1169,1256
1169,1156,1155
52,45,1641
94,97,91
94,1145,97
1260,1259,1238
1145,1260,1238
1256,1168,1238
1168,1145,1238
1169,1168,1256
1614,1613,1641
45,1614,1641
1483,1464,1514
176,159,183
159,176,154
159,154,997
208,153,150
157,153,208
864,1133,960
1133,864,865
1099,104,106
160,155,164
164,155,173
155,151,173
1502,1757,1503
1757,1502,1593
1757,2493,2120
1721,1757,2120
1757,1721,1503
2008,505,506
505,504,506
501,2119,500
2009,2008,1975
2009,505,2008
505,2009,504
1302,1303,1128
1303,1302,1426
1302,1368,1426
1301,1302,1128
1368,1302,1301
1478,1303,1873
1479,1478,1873
1478,1479,1291
1368,1427,1426
1427,1491,1426
1427,1368,1425
1499,1427,1425
1427,1499,1491
1491,1500,1490
1500,1502,1503
1721,1712,1503
1712,1500,1503
1500,1712,1490
527,1794,1746
533,522,530
1481,1290,1291
1290,533,530
533,1290,1481
1480,1481,1291
1479,1480,1291
1481,1480,1553
1480,1554,1553
1480,1479,1554
970,1242,969
1241,523,1349
1241,522,523
1242,1241,1349
522,524,530
1197,1007,969
1242,1197,969
1197,1242,1349
1197,519,520
519,1197,1349
516,520,526
514,516,526
516,514,1007
516,1197,520
1197,516,1007
513,514,526
514,513,1007
513,903,1007
928,782,1184
928,781,782
759,760,507
759,804,760
502,759,507
480,485,469
1071,955,1042
1414,1366,1575
781,529,531
529,928,526
928,529,781
672,737,721
663,664,779
664,656,779
631,630,596
653,631,668
630,631,653
1424,1369,1477
1424,1477,1425
1368,1424,1425
1424,1368,1301
1369,1424,1301
1236,1369,1078
1236,1237,1830
1477,1236,1830
1369,1236,1477
1237,1175,1247
1175,1246,1247
1246,1175,1148
856,816,1019
816,856,857
897,1236,1078
1236,897,1237
1285,1307,1304
1495,1284,1285
1366,1343,1367
1267,1307,1285
1307,1267,1375
859,973,974
973,1175,974
1175,973,1148
972,859,1013
972,973,859
972,954,1011
796,835,836
1180,1161,1178
588,601,600
601,607,600
599,607,916
607,599,600
648,813,811
625,586,629
587,586,589
586,587,629
811,750,812
1161,1159,1178
956,838,837
835,956,1645
956,796,838
956,835,796
853,882,795
665,816,857
816,665,666
858,859,974
858,850,859
850,858,1019
858,856,1019
856,858,863
718,720,686
720,719,686
859,860,1013
850,860,859
817,816,666
719,817,666
816,817,1019
817,850,1019
817,860,850
610,569,574
610,618,577
618,610,574
639,576,608
576,639,574
576,569,575
569,576,574
623,687,660
849,789,836
789,849,978
789,796,836
570,572,571
556,570,558
570,556,572
570,768,558
768,570,580
561,550,559
550,561,560
569,562,567
555,562,559
562,561,559
542,543,450
572,440,438
440,441,438
441,440,572
556,548,572
548,441,572
548,443,441
443,548,445
2933,169,2930
2933,2954,2960
2954,2933,2931
182,175,163
182,2930,175
182,2906,2930
2923,2945,2931
2945,2954,2931
2954,2945,2953
2945,131,2953
131,2945,2944
2946,2855,2911
2855,2826,2849
2905,2907,2904
2896,2905,2904
2905,2896,2911
2932,2905,2911
2908,2932,2931
2933,2908,2931
2908,2905,2932
2905,2908,2907
2907,2908,2930
2908,2933,2930
119,2926,2927
2926,131,2944
2926,119,131
291,288,290
288,291,292
288,1515,1517
1517,1515,1444
1829,1731,1732
330,332,2621
332,2594,2621
1174,1172,1194
1245,1095,1337
1321,1295,1320
133,136,1129
136,137,1129
140,144,1051
137,140,1051
136,140,137
144,140,133
140,136,133
170,2084,2044
174,170,2044
2084,170,167
48,47,46
48,2667,47
48,53,2667
58,2666,46
53,2666,58
2666,48,46
48,2666,53
2610,2601,2599
2611,2610,2599
63,2611,2599
65,2611,64
59,61,63
59,57,58
61,59,58
87,2869,84
2869,78,84
2561,2744,2707
2744,2561,2743
2691,2550,2551
2550,2662,2551
2662,2454,2551
2548,2550,2549
2550,2548,2662
2496,2548,2549
2548,2496,2497
2084,2085,1906
2130,2085,2084
2157,2178,2532
2112,2111,2177
2454,2426,2453
2203,2227,2201
2132,2227,2313
2130,2125,2128
2125,2127,2128
2125,2130,2126
680,624,329
895,899,900
376,373,1034
376,378,380
378,1034,772
378,376,1034
949,657,806
674,301,300
807,674,300
674,807,301
298,808,300
808,807,300
807,808,806
297,808,298
807,658,304
658,807,657
658,306,304
658,657,306
383,385,391
394,841,715
771,383,380
1357,1206,1353
1206,1183,1353
1192,1174,1194
1174,1192,1191
953,1077,952
1077,953,1076
1014,1015,1057
1546,1545,1548
1545,1546,1547
1386,1335,1309
1550,1549,1545
1434,1549,2105
1549,1736,2105
1736,1549,1550
1685,1114,1209
1435,1434,2105
1434,1435,1262
1435,1616,1685
1262,1435,1209
1435,1685,1209
1101,1122,1124
1731,1697,1732
1744,1860,1858
953,926,1076
315,323,313
390,382,381
346,340,347
340,346,342
1627,2062,2563
1059,995,1035
995,1037,1035
996,1037,793
996,1036,1035
1037,996,1035
2510,2511,447
2511,2510,2781
2668,449,451
2668,2510,449
447,439,436
2417,439,2575
2562,455,457
2510,2392,2781
314,316,2952
2672,314,2952
320,312,310
316,312,320
314,312,316
312,2823,310
312,2672,2823
312,314,2672
318,316,320
841,830,898
843,830,841
830,764,898
830,833,764
1915,1756,1755
1756,1915,1975
1449,1844,1450
1844,1449,1609
1594,1758,1501
1366,1413,1575
1413,2014,1575
1413,1366,1367
495,2401,494
2401,495,497
1974,2159,2119
2159,498,2119
498,2159,497
2159,2401,497
492,495,494
495,492,497
2002,1800,1847
1967,1937,1939
1920,1937,1929
31,36,16
25,31,16
23,11,20
29,23,20
11,23,16
23,25,16
2370,2494,2371
2184,2370,2371
2317,2329,2148
2319,2372,2579
1557,1559,1558
1557,1574,1572
1564,1557,1558
1265,1323,1322
1323,1496,1322
1560,1576,1559
1557,1560,1559
1560,1557,1572
2129,2012,2126
2215,2012,2129
2012,2037,2126
2037,2012,1867
1748,1578,1577
1748,1633,1578
1643,1748,1577
1633,1748,1519
1308,1633,1519
1633,1308,1635
1308,1274,1635
1308,1273,1274
1252,1223,1571
1273,1223,1252
1411,1437,1590
1483,1504,1464
1613,1611,1513
1611,1610,1513
1614,1611,1613
1964,19,17
19,1964,21
19,28,17
19,21,28
195,181,184
181,179,184
185,181,195
171,992,164
717,733,208
251,780,247
735,823,231
823,735,228
236,228,239
236,823,228
823,236,824
780,1224,239
823,238,231
238,823,246
179,178,184
968,178,179
1066,864,960
866,1066,960
1066,866,962
864,129,121
129,864,1202
129,138,121
138,129,1202
141,138,1202
146,141,776
138,141,146
1050,1133,865
110,966,865
966,110,105
100,966,105
1255,1263,1634
1263,1255,1259
1257,1255,1634
1259,1255,1238
1255,1257,1238
1263,1324,1265
1323,1324,1408
1324,1323,1265
1348,1263,1327
1348,1327,1514
1464,1348,1514
1204,1196,1364
1204,159,997
1212,1204,997
1196,1204,1212
1313,1327,1259
1260,1313,1259
94,92,1145
92,1260,1145
92,94,91
1313,92,91
92,1313,1260
1145,1146,97
1168,1146,1145
1146,1169,1167
1146,1168,1169
1614,43,1933
43,1614,45
1933,43,40
1614,1932,1954
1932,1614,1933
1954,1932,1962
1932,34,1962
1932,1933,34
1484,56,52
62,56,1484
1485,62,1484
1485,1484,1513
159,158,183
158,201,183
201,158,157
158,1204,157
1204,158,159
1134,1099,126
1099,1134,1074
1131,963,960
1072,1050,1074
1050,1072,1133
1134,1072,1074
1072,1134,1443
1131,1072,1443
1133,1072,960
1072,1131,960
1099,116,126
116,1099,106
1075,1099,1074
1099,1075,104
1050,1075,1074
1922,1757,1593
1757,1922,2493
1756,1922,1593
2493,1922,1975
1922,1756,1975
504,503,515
2009,503,504
501,503,2119
503,2009,2119
1482,1478,1291
1499,1498,1491
1722,1712,1721
1722,1721,1747
1746,1722,1747
1722,1746,1554
1479,1711,1554
1711,1722,1554
1722,1711,1712
1711,1479,1873
1490,1711,1873
1712,1711,1490
521,1746,515
521,527,1746
1794,532,538
532,527,538
527,532,1794
541,1481,540
541,533,1481
525,524,522
524,525,1240
1241,525,522
525,1241,1240
528,1290,530
524,528,530
510,509,526
509,513,526
928,517,526
517,510,526
517,511,510
868,840,752
868,928,1184
517,868,511
868,517,928
868,839,840
745,710,709
839,803,770
803,868,1184
868,803,839
803,805,770
804,805,1184
805,803,1184
499,502,488
502,499,759
1246,1325,1247
1325,1830,1247
1071,957,955
957,1071,1011
954,957,1011
957,954,1645
957,956,837
956,957,1645
1414,1365,1366
1499,1567,1575
1567,1414,1575
1567,1499,1425
632,488,485
630,632,596
582,632,485
632,582,596
643,632,630
1020,897,863
1020,858,974
858,1020,863
897,1020,1237
1175,1020,974
1020,1175,1237
1343,1342,1367
1284,1269,1285
1269,1267,1285
973,1012,1148
1012,972,1011
972,1012,973
948,972,1013
948,954,972
954,948,1645
948,835,1645
1216,1180,1179
1216,1506,1508
648,791,601
791,607,601
647,588,589
588,647,601
647,648,601
647,813,648
698,586,625
647,698,813
586,698,589
698,647,589
813,749,811
749,750,811
855,750,690
750,855,812
920,855,690
855,920,881
881,920,1046
1176,1180,1178
1180,1176,1179
1047,1176,983
1159,1176,1178
1176,1159,983
1160,1159,1161
838,913,837
913,838,795
882,913,795
1159,1162,983
618,622,616
622,574,800
622,618,574
662,664,663
661,662,663
662,661,666
665,662,666
849,848,718
848,720,718
848,849,836
848,852,720
948,852,835
835,852,836
852,848,836
720,851,719
851,817,719
817,851,860
852,851,720
860,851,1013
851,948,1013
851,852,948
608,609,599
576,609,608
609,576,575
621,623,616
623,621,687
622,621,616
687,621,800
621,622,800
623,617,616
617,623,606
623,636,606
636,623,660
636,661,663
661,636,660
562,1250,567
1250,562,555
1250,555,558
768,1250,558
567,581,575
579,581,567
581,609,575
599,581,600
609,581,599
584,588,600
581,584,600
584,581,579
566,579,567
1250,566,567
566,1250,768
566,768,580
579,566,580
460,551,462
561,563,560
563,573,560
549,550,560
562,568,561
568,610,577
610,568,569
568,562,569
563,568,577
568,563,561
448,542,450
299,302,2767
2823,2822,309
2822,2823,2671
268,266,260
278,272,283
2955,2933,2960
2933,2955,169
169,2955,166
2955,156,166
156,2955,147
2955,2960,147
2897,2896,2904
2856,2855,2946
2855,2856,2826
295,284,293
282,284,295
284,282,1488
1515,284,1488
282,281,1488
1387,295,293
292,1387,293
1489,1445,1488
1445,1515,1488
1515,1445,1444
1445,1448,1444
2044,2180,190
332,334,2594
2592,334,336
2594,334,2592
2341,2285,2340
2285,2088,2340
1193,1174,1191
1077,1193,1191
1193,1077,1076
1282,1095,1245
1282,1433,1279
1244,1282,1279
1282,1244,1095
1415,1539,1456
1539,1415,1439
1415,2214,1439
1095,1093,1337
1093,941,1337
1093,944,941
1652,1539,1439
1041,1091,1092
1091,1041,1364
1051,1041,1092
1364,1041,150
1041,148,150
144,1041,1051
148,1041,144
49,2556,51
44,49,51
49,44,47
60,61,58
60,65,64
2742,2691,2551
2467,2454,2453
2296,2535,2252
47,41,46
2488,2296,2298
2296,2488,2535
2535,2488,50
50,2488,44
2488,2489,44
2416,2488,2298
2488,2416,2489
2869,2861,2867
2861,87,89
2861,2869,87
86,2869,2867
2526,2496,2549
2863,2871,2881
2945,2941,2944
2941,2945,2923
2796,2835,2707
2744,2796,2707
2676,2561,2707
2383,2505,2497
2548,2505,2506
2505,2548,2497
2439,2385,2437
2888,2777,2892
2888,2814,2759
2851,2901,2886
2789,2851,2803
2758,2779,2778
2777,2758,2778
2739,2758,2759
2758,2888,2759
2888,2758,2777
2786,2787,2779
2826,2787,2849
2779,2787,2788
2787,2826,2788
2780,2786,2779
2758,2780,2779
2780,2758,2739
2085,2083,1906
2227,2131,2201
2131,2227,2132
2179,2112,2177
2427,2454,2662
2427,2426,2454
2427,2548,2506
2548,2427,2662
2227,2314,2313
1990,2182,1949
1990,2203,2201
2182,1990,2201
2042,2218,2040
644,680,702
337,338,331
337,335,645
899,923,900
1190,923,1187
871,899,895
1185,1171,1189
1164,1082,1057
1082,1014,1057
361,877,367
345,880,348
880,827,915
880,345,344
403,404,407
404,403,400
399,404,400
404,399,406
438,612,571
626,591,592
2082,626,592
676,2082,592
626,675,767
675,626,2082
677,675,2082
655,419,598
892,655,598
655,892,893
425,423,428
423,655,893
655,423,425
419,424,409
441,424,438
433,425,428
707,315,313
315,707,317
949,730,657
730,311,308
657,730,308
311,730,313
730,707,313
1001,950,806
950,949,806
950,1000,1003
950,1001,1000
1140,297,296
1140,808,297
1140,1387,1001
1140,1001,806
808,1140,806
295,1140,296
1387,1140,295
842,843,388
1203,842,875
842,1203,843
385,392,391
841,389,388
394,389,841
392,389,394
389,385,388
389,392,385
873,938,939
1203,873,939
873,1203,875
833,831,939
831,1203,939
830,831,833
1203,831,843
831,830,843
620,771,380
620,378,772
378,620,380
842,874,875
894,895,900
1009,894,900
894,874,895
1214,1190,1187
1008,1089,985
1114,1116,1209
1370,1373,1357
1356,1206,1357
1205,1356,1452
1356,1205,1206
1835,1815,1781
2075,2327,2074
2587,1192,1194
1192,2587,1309
1311,2587,1194
1531,1311,1194
1311,1531,1332
1332,1531,1300
1172,1531,1194
1531,1172,1300
1532,1311,1332
1430,1532,1332
933,953,952
725,933,731
1056,1164,1057
1164,1056,1165
1056,1086,1165
1086,1055,1087
1077,1055,952
1015,1053,1057
1053,1056,1057
1055,1053,952
1056,1053,1086
1053,1055,1086
946,945,1141
945,946,1117
1086,1163,1165
1163,1086,1087
1546,1475,1547
1475,1546,1743
1476,1540,1561
1476,1550,1547
1475,1476,1547
1540,1379,1561
1549,1528,1545
1528,1549,1434
1528,1434,1331
1372,1370,1357
1370,1372,1728
1372,1760,1728
1372,1805,1760
1683,1736,1684
1736,1683,2105
1683,1435,2105
1435,1683,1616
1205,1207,1206
1647,1698,1684
1736,1647,1684
1697,1637,1732
1646,1637,1697
1913,1850,1852
1913,379,381
379,1913,1852
382,1913,381
1744,1861,1946
377,379,1852
379,377,381
377,390,381
944,905,941
905,944,907
818,943,819
943,905,819
798,818,819
818,798,743
820,798,819
797,798,820
744,797,829
693,744,829
798,744,743
744,798,797
691,692,829
692,693,829
694,692,323
692,694,693
646,691,702
680,646,702
646,680,329
327,646,329
386,387,2004
1733,1697,1731
1697,1733,1734
1829,1828,1731
1851,1894,1852
1894,377,1852
375,1894,374
377,1894,375
351,352,1839
352,353,1839
368,352,351
339,2592,336
1390,1391,2563
1391,1627,2563
1980,1390,2563
1036,1389,1035
920,979,1046
979,920,936
979,1037,995
979,936,793
1037,979,793
980,1047,983
1048,995,1059
1048,1059,1142
1047,1048,1142
980,1048,1047
794,990,1036
996,794,1036
990,794,917
794,792,917
924,1023,889
1022,924,889
888,1023,1120
1627,1314,1452
1314,1579,1452
1314,1391,1316
1391,1314,1627
990,1317,1316
1317,1314,1316
1314,1317,1579
1317,990,917
2511,444,447
444,439,447
2634,444,2511
2637,2562,2450
453,2637,451
2637,2668,451
455,2637,453
2562,2637,455
1718,1423,1817
1423,1980,1817
1980,1423,1390
1374,1506,1507
1523,1506,1521
1506,1523,1507
1653,1523,1521
2668,2512,2510
2512,2392,2510
2512,2394,2392
2394,2512,2450
2512,2637,2450
2637,2512,2668
1668,1739,1670
1687,1752,481
2544,2408,2060
2023,2246,2060
318,2641,2623
2641,318,320
2641,2624,2623
2641,320,322
2624,2641,322
2766,2674,2623
2674,318,2623
2674,2766,2616
316,2674,2952
318,2674,316
2672,2674,2616
2674,2672,2952
1915,2007,1975
2007,1915,1974
2007,1974,2119
2007,2009,1975
2009,2007,2119
1845,1844,1609
2401,2213,494
1394,1449,1450
1449,1394,1462
1394,1352,1462
1606,1449,1462
1609,1606,1602
1449,1606,1609
1352,1350,1462
1396,1350,1395
1350,1396,1462
1844,1710,1450
1710,1594,2014
1413,1710,2014
492,491,497
482,1687,481
1687,482,1689
1687,2295,1670
2295,1687,1689
1686,1702,1703
1688,1686,1689
1688,1702,1686
2827,2184,2371
2372,2827,2371
2236,2056,2055
0,2236,2055
2236,0,3
1940,1800,2002
1800,1940,1673
1968,1937,1967
1968,1994,1993
1994,1968,1967
1574,1676,1675
1676,1574,1673
2100,2276,2163
1921,1920,1929
1927,1921,1929
1676,1921,1675
1921,1676,1920
1469,1536,1459
1533,1748,1643
8,14,10
14,12,10
14,8,7
4,14,7
12,13,10
13,2370,10
2370,2495,2494
14,2495,12
2495,13,12
13,2495,2370
2100,2275,2276
2275,2317,2423
2318,2319,2579
2309,2318,2310
2318,2309,2319
2218,2204,2219
2204,2042,2205
2204,2218,2042
1674,1854,1572
1674,1574,1675
1574,1674,1572
1573,1800,1673
1574,1573,1673
1573,1564,1847
1800,1573,1847
1573,1557,1564
1557,1573,1574
1576,1856,1642
1560,1856,1576
1856,1854,1642
1854,1856,1572
1856,1560,1572
1437,1436,1590
1773,2115,2205
2115,1773,2022
2272,2115,2022
2115,2272,2307
1458,1469,1459
1768,1769,1682
1769,2834,2052
2834,1769,1768
1748,1518,1519
1518,1533,1520
1533,1518,1748
1223,1222,1571
115,125,117
1222,125,128
1254,1222,1223
125,1254,117
1254,125,1222
1411,1438,1437
1438,1458,1437
1496,2001,1558
2001,1563,1558
2001,1704,1563
2001,1465,1704
1465,2001,1496
1465,1323,1408
1323,1465,1496
1704,1463,1610
1463,1504,1610
1465,1463,1704
1463,1465,1408
1837,1504,1483
1837,1485,1513
1485,1837,1483
1610,1837,1513
1504,1837,1610
1926,1954,1904
1926,1614,1954
1926,1611,1614
1612,1704,1610
1611,1612,1610
1926,1612,1611
1612,1926,1904
774,967,185
967,181,185
967,774,961
181,967,179
968,967,961
967,968,179
1084,194,195
1084,195,184
1098,171,991
1098,992,171
1084,1098,194
1098,991,193
194,1098,193
218,734,208
734,717,208
717,734,222
735,734,218
211,203,733
717,211,733
211,717,222
203,211,198
211,194,198
194,211,195
211,222,195
735,223,228
223,735,218
228,223,239
251,934,780
934,1224,780
934,251,257
864,785,1202
1066,785,864
785,1066,962
785,962,776
141,785,776
785,141,1202
1049,100,99
1049,966,100
1049,1050,865
966,1049,865
1407,1324,1263
1348,1407,1263
1324,1407,1408
1407,1348,1464
1504,1407,1464
1407,1463,1408
1463,1407,1504
97,102,91
102,106,91
1146,102,97
1038,1204,1364
1204,1038,157
1038,153,157
1038,1364,150
153,1038,150
70,1328,83
1328,1312,83
1312,1328,1514
1327,1312,1514
1313,1312,1327
1485,1409,62
1486,155,160
1363,1486,160
1486,1363,1239
151,1486,1239
155,1486,151
1132,1134,126
1134,1132,1443
108,116,106
102,108,106
108,102,107
1135,1195,1212
1135,107,1195
528,1243,1290
1290,1243,1291
1243,1482,1291
1243,524,1240
1243,528,524
1139,1243,1240
1243,1139,1482
1478,1126,1303
1482,1126,1478
1303,1126,1128
1126,1125,1128
1126,1110,1125
1139,1126,1482
1500,1497,1502
1502,1497,1501
1497,1498,1501
1497,1500,1491
1498,1497,1491
1885,1499,1575
1885,1498,1499
2014,1885,1575
1594,1885,2014
1885,1594,1501
1498,1885,1501
1006,509,510
511,1006,510
1006,868,752
868,1006,511
839,746,840
805,769,770
770,769,653
769,712,653
490,499,488
473,480,469
604,473,469
564,604,469
466,564,469
565,564,466
656,634,779
634,656,605
595,582,480
595,604,605
473,595,480
595,473,604
582,597,596
814,597,656
656,597,605
597,595,605
595,597,582
480,483,485
483,582,485
582,483,480
670,669,631
670,814,721
664,673,656
673,814,656
673,664,672
673,672,721
814,673,721
1552,1604,1460
1460,1603,1602
1604,1603,1460
1221,1246,1148
1278,1342,1343
1266,957,837
957,1266,955
913,1266,837
1344,1343,1366
1365,1344,1366
1344,1365,1418
1344,1278,1343
1417,1365,1414
1325,1417,1830
1417,1325,1418
1365,1417,1418
778,745,709
1125,1109,1128
1109,1301,1128
896,897,1078
897,896,863
713,712,493
490,713,493
713,490,643
631,671,668
669,671,631
710,671,709
671,669,709
902,751,903
902,1006,752
1006,902,509
513,902,903
509,902,513
1342,1351,1367
1269,1283,1268
1283,1278,1268
1278,1283,1342
1283,1269,1284
1351,1283,1284
1283,1351,1342
1267,2050,1375
1180,1217,1161
975,648,811
975,811,812
853,975,812
788,853,795
788,975,853
788,791,648
975,788,648
698,649,813
649,749,813
649,698,625
750,688,690
749,688,750
649,688,749
689,920,690
920,689,936
1176,1177,1179
1177,1176,1047
1177,1047,1142
1177,1142,1422
1162,884,983
1160,982,1159
982,1162,1159
955,982,1042
982,1160,1042
462,552,464
551,552,462
552,466,464
552,565,466
618,615,577
615,618,616
617,615,616
615,617,619
664,667,672
662,667,664
667,662,665
667,737,672
737,667,857
667,665,857
619,602,565
617,602,619
602,617,606
588,583,589
584,583,588
583,587,589
583,584,579
549,454,550
452,454,462
454,460,462
460,458,573
573,458,560
448,446,542
446,546,542
546,446,445
446,443,445
446,448,443
557,548,556
548,557,445
557,546,445
547,555,559
555,547,558
547,556,558
547,557,556
542,545,543
546,545,542
557,545,546
547,545,557
2686,2697,2699
2840,2774,2775
2774,2735,2775
2735,2736,2775
302,2769,2767
2769,2765,2767
305,302,299
294,305,299
305,294,307
305,2769,302
2894,2822,2838
2894,307,309
2822,2894,309
2822,2670,2838
2615,2670,2669
2670,2671,2669
2670,2822,2671
266,262,260
262,266,264
262,2958,260
2958,262,264
2917,266,268
2917,268,270
272,2915,270
2942,2915,272
2915,2917,270
2917,2915,2900
278,274,272
274,278,276
274,2942,272
2847,2874,287
2874,285,287
2909,2897,2904
2897,2909,2895
2909,2902,2895
2902,2909,215
2826,2825,2788
2856,2825,2826
286,292,293
284,286,293
286,288,292
286,1515,288
286,284,1515
1516,1489,1488
281,1516,1488
277,281,275
281,273,275
273,282,271
273,281,282
1471,1517,1444
1000,1033,1003
1063,1033,1000
1001,1017,1000
1387,1017,1001
291,1017,292
1017,1387,292
1448,1346,1444
2156,2016,2015
1905,2180,2044
205,1905,1906
1905,2084,1906
2084,1905,2044
2180,213,219
217,1819,214
210,217,220
1819,217,210
1333,1430,1332
1333,1332,1300
2341,2339,2285
2339,2338,2285
2339,2475,2338
2766,2475,2616
2475,2339,2616
2088,2397,2038
2735,2681,2736
2088,2087,2340
1917,1874,1876
1984,2078,2079
1984,1874,2078
1874,2048,2078
2048,1874,1917
2594,2593,2621
1193,1173,1174
1173,1193,1076
930,1173,925
1173,926,925
926,1173,1076
1280,1244,1279
1440,1280,1279
1282,1809,1433
1321,1809,1245
1809,1282,1245
1299,1333,1300
1333,1299,1362
1454,1415,1456
1415,1454,1293
1454,1292,1293
1432,1454,1456
1292,1454,1432
1416,1415,1293
1415,1416,2214
1280,1416,1293
1416,1280,1440
1428,1333,1362
1333,1428,1430
1294,1453,1106
1299,1294,1362
1294,1299,1453
867,820,819
905,867,819
867,905,907
906,930,925
906,929,930
1453,1104,1106
2226,2218,2219
2430,2431,2240
59,2602,57
2602,59,63
2602,63,2599
2667,2746,47
2746,2602,2565
2746,49,47
49,2746,2556
2746,2667,57
2602,2746,57
65,73,67
61,2612,63
60,2612,61
2612,2611,63
2611,2612,64
2612,60,64
2468,2742,2551
2468,2467,2553
2454,2468,2551
2467,2468,2454
2467,2539,2553
2296,2231,2298
2489,42,44
41,42,2489
44,42,47
42,41,47
30,2524,22
41,30,22
2494,2536,2542
2536,2578,2542
2495,2536,2494
2524,2536,22
2578,2536,2524
2413,2579,2542
2578,2413,2542
2705,2720,2848
1714,1694,1820
1865,1714,1820
1986,1909,2069
2158,2156,2157
2016,2158,2187
2158,2016,2156
2866,2861,89
2869,80,78
86,80,2869
78,80,74
2920,2861,2862
2845,2920,2862
2861,2920,2867
2920,2845,2921
2846,2863,2881
2956,79,86
79,80,86
79,71,74
80,79,74
2839,2920,2921
2920,2839,2867
2839,86,2867
2839,2956,86
2692,2751,2709
2659,2692,2709
2526,2438,2496
2385,2438,2437
2438,2525,2437
2525,2569,2437
2644,2569,2525
2660,2659,2709
2873,2863,2862
2863,2928,2871
2941,2925,2944
2925,2926,2944
2928,2925,2871
2926,2925,2927
2939,2796,2744
2939,2744,2743
2797,2939,2892
2939,2797,2796
2772,2675,2770
2706,2676,2707
2321,2390,2263
2384,2439,2665
2321,2384,2390
2384,2321,2558
2385,2384,2558
2384,2385,2439
2390,2322,2263
2496,2440,2497
2440,2385,2558
2438,2440,2496
2440,2438,2385
2383,2440,2558
2440,2383,2497
2785,2888,2892
2888,2785,2814
2939,2785,2892
2785,2939,2743
2570,2785,2743
2785,2570,2814
2901,248,2886
2782,2789,2803
2782,2725,2727
2787,2850,2849
2850,2787,2786
2936,2934,2871
2925,2936,2871
2936,2925,2941
2871,2919,2881
2934,2919,2871
2780,2757,2786
2757,2780,2739
2756,2757,2739
2094,2083,2085
2094,2130,2128
2094,2085,2130
196,1999,192
1999,196,2083
1999,189,192
189,1999,2095
2113,2178,2157
2113,2179,2178
2156,2113,2157
2179,2113,2112
2113,2156,2015
2028,2030,2018
2017,2113,2015
2113,2017,2112
2030,2017,2015
2017,2030,2028
2017,2111,2112
2017,2144,2111
2144,2017,2028
229,196,192
2948,2427,2506
2427,2948,2426
2311,2227,2203
2311,2314,2227
2311,2948,2314
2426,2311,2203
2948,2311,2426
2176,2182,2201
2131,2176,2201
2127,2176,2128
2176,2131,2128
1989,1990,1949
1989,2467,2453
1989,2539,2467
1681,1680,1773
726,725,731
726,644,702
624,333,331
333,337,331
333,335,337
922,923,1190
1009,922,1008
922,1009,900
923,922,900
1235,1164,1165
1210,1546,1548
1185,1210,1548
1153,1082,1164
993,872,870
872,993,899
871,872,899
870,872,772
872,871,772
1030,993,1029
1171,1030,1189
799,341,338
946,977,976
977,946,1141
1695,977,1141
1028,993,870
993,1028,1029
869,870,772
1034,869,772
958,361,358
958,877,361
1097,350,348
880,1097,348
946,1096,1117
1096,915,1117
1096,880,915
826,880,344
880,826,827
341,826,344
799,826,341
590,611,437
612,611,571
611,433,437
433,611,612
627,626,767
591,627,628
626,627,591
431,433,428
433,431,437
676,429,2082
429,677,2082
429,431,428
431,429,676
659,590,437
431,659,437
659,431,676
659,676,592
587,659,592
590,659,587
395,593,396
714,393,391
392,714,391
714,394,715
714,392,394
638,714,715
714,638,393
423,1665,428
1665,423,893
1665,429,428
429,1665,677
677,766,675
764,766,898
675,766,764
426,655,425
433,426,425
655,426,419
426,424,419
435,612,438
424,435,438
426,435,424
844,385,383
771,844,383
385,844,388
844,842,388
874,844,771
844,874,842
940,873,875
940,1009,1008
940,1008,985
873,940,938
988,940,985
940,988,938
1022,1018,1025
887,1018,891
1018,889,891
1018,1022,889
964,965,845
988,964,845
964,988,985
821,887,891
938,1062,939
911,988,845
846,911,845
1062,911,846
988,911,938
911,1062,938
620,773,771
874,773,895
773,874,771
773,871,895
871,773,772
773,620,772
874,921,875
894,921,874
921,894,1009
921,940,875
940,921,1009
1188,1171,1185
1171,1188,1187
1188,1214,1187
1026,1022,1025
924,1026,1024
1026,924,1022
1102,1114,1115
1102,1116,1114
1101,1102,1115
2062,1371,1626
1371,1373,1626
1627,1371,2062
1373,1371,1357
1371,1356,1357
1371,1627,1452
1356,1371,1452
2327,2192,2074
1992,1882,2066
1835,1833,1815
1833,1882,1884
1625,1373,1370
1373,1625,1626
1625,1782,1626
1991,1992,1997
1882,1991,1884
1991,1882,1992
1992,2057,1997
2057,1992,2075
2057,2075,2074
1530,1386,1309
2587,1530,1309
1530,2587,1311
1530,1532,1897
1532,1530,1311
1220,1219,1191
1219,1220,1087
1219,1077,1191
1219,1055,1077
1055,1219,1087
1192,1310,1191
1310,1220,1191
1220,1310,1335
1310,1192,1309
1335,1310,1309
1336,1335,1347
1336,1220,1335
1774,1532,1430
2514,1015,731
2514,1053,1015
933,2514,731
2514,933,952
1053,2514,952
827,810,915
1014,951,1015
945,951,1014
726,699,644
945,1083,1141
1153,1083,1082
1082,1083,1014
1083,945,1014
1380,1379,1540
1288,1380,1743
1380,1475,1743
1476,1380,1540
1380,1476,1475
1380,1288,1347
1379,1380,1347
1379,1524,1561
1842,2010,1829
2010,1842,2079
1555,1525,1386
1530,1555,1386
1690,1555,1897
1555,1530,1897
1378,1525,1526
1524,1378,1526
1378,1524,1379
1378,1379,1347
1805,1623,1353
1372,1623,1805
1623,1357,1353
1623,1372,1357
1143,1207,1205
1647,1696,1698
1696,1647,1646
1698,1696,1734
1696,1697,1734
1696,1646,1697
1648,1647,1736
1648,1736,1550
1648,1476,1561
1476,1648,1550
2039,1636,1526
1636,1524,1526
1636,2039,1732
1637,1636,1732
1955,1956,382
1956,1913,382
1913,1956,1850
1956,1861,1850
1861,1956,1946
742,818,743
705,742,743
935,943,818
908,742,705
1040,730,949
730,1040,707
741,797,820
797,741,829
740,926,953
740,933,725
933,740,953
728,726,702
726,728,725
728,740,725
740,728,727
692,325,323
325,327,329
325,329,331
323,325,331
694,321,319
321,694,323
321,317,319
321,315,317
315,321,323
694,706,693
744,706,743
706,744,693
706,705,743
705,706,319
706,694,319
1945,386,2004
386,1945,1955
1956,1945,1946
1945,1956,1955
384,1955,382
384,386,1955
386,384,387
387,384,390
384,382,390
355,354,357
1902,1828,1779
1902,1733,1731
1828,1902,1731
1828,1901,1779
372,351,349
347,372,349
372,347,374
1894,372,374
372,1894,1851
2078,2080,2079
1980,1816,1817
1315,1389,1036
1315,990,1316
990,1315,1036
1391,1315,1316
1315,1391,1390
1090,1059,1035
1389,1090,1035
1142,1090,1422
1059,1090,1142
1048,998,995
979,998,1046
998,979,995
998,980,1046
998,1048,980
792,822,917
822,792,890
821,822,890
989,888,1120
989,1317,917
822,989,917
989,822,888
1579,989,1120
1317,989,1579
1023,918,889
888,918,1023
889,918,891
918,821,891
822,918,888
918,822,821
439,442,2575
444,442,439
442,2634,2575
2634,442,444
1506,1522,1521
1216,1522,1506
1423,1412,1390
1412,1315,1390
1315,1412,1389
1412,1090,1389
1506,1397,1508
1374,1397,1506
1397,1374,1375
2050,1397,1375
1397,1398,1508
1397,2050,1398
1998,1896,1727
1896,1998,1719
1998,1653,1719
1832,1896,1997
1896,1832,1727
1831,1832,1888
1586,1653,1521
1653,1586,1719
1473,2104,1718
1654,1473,1718
1586,1473,1654
1473,1586,1521
1522,1473,1521
1473,1522,2104
1720,1718,1817
1720,1654,1718
1816,1720,1817
1720,1816,1815
1586,1655,1719
1655,1586,1654
2562,2472,2450
2365,2959,2345
2365,2373,2959
2418,2417,2575
2634,2418,2575
2418,2511,2781
2418,2634,2511
2635,2418,2781
2373,2374,2959
2394,2374,2392
2374,2391,2959
2391,2374,2394
1752,479,481
479,482,481
482,479,486
1739,1753,1670
1753,1687,1670
1753,1752,1687
1753,1924,1752
421,415,416
390,401,2004
412,401,390
427,421,416
439,2360,436
2360,439,2417
1931,2098,1869
2098,1931,1930
2098,1917,1869
2048,2098,1930
2098,2048,1917
1931,2195,1930
2059,2023,2060
2408,2059,2060
2195,2059,2408
2059,2195,1931
2025,2024,2051
2246,2025,2051
2025,2246,2023
1892,1715,2038
2397,1892,2038
1892,2397,2046
2024,1784,2046
328,332,330
328,334,332
2521,2582,2507
2582,2521,2583
1979,492,494
2213,1979,494
1979,491,492
1394,1451,1352
1451,1394,1450
1710,1451,1450
1451,1710,1413
1396,1393,1462
1393,1606,1462
1393,1396,1460
1393,1460,1602
1606,1393,1602
1350,1306,1395
1306,1284,1495
1306,1351,1284
1306,1350,1352
1351,1306,1352
1916,1710,1844
1710,1916,1594
1594,1916,1758
1758,1916,1755
1916,1845,1755
1845,1916,1844
482,484,1689
484,482,486
484,1688,1689
1688,484,486
1605,1603,1604
1702,487,489
487,1688,486
1688,487,1702
2317,2865,2423
2865,2317,2148
2319,2320,2372
2320,2827,2372
2320,2319,2423
2865,2320,2423
2320,2865,2827
2146,1940,2002
2146,2002,36
31,2146,36
2146,31,25
2146,1938,1940
1968,1995,1937
1929,1995,2329
1937,1995,1929
1995,1968,1993
2149,1995,1993
2329,1995,2148
1995,2149,2148
1533,1534,1467
1534,1824,1467
1534,1643,1642
1534,1533,1643
2424,2100,1927
2424,2275,2100
2424,1929,2329
2424,1927,1929
2317,2424,2329
2275,2424,2317
2415,2318,2579
2413,2415,2579
2318,2354,2310
2354,2415,2232
2415,2354,2318
2272,2306,2307
2307,2306,2310
2306,2309,2310
2275,2308,2276
2308,2306,2276
2306,2308,2309
2308,2275,2423
2319,2308,2423
2309,2308,2319
1854,1925,1857
1674,1925,1854
1925,1674,1675
1925,2164,1857
142,135,1741
210,142,174
142,145,174
145,149,174
1457,1436,1437
1457,1458,1459
1458,1457,1437
2115,2353,2205
2353,2115,2307
2100,2114,1927
1925,2114,2164
2114,1921,1927
1921,2114,1675
2114,1925,1675
1824,1855,1912
2164,1855,1857
1911,1824,1912
1740,1867,1741
2834,1881,2052
1588,1681,1682
1681,1588,1680
1773,1771,2022
1680,1771,1773
1771,1680,1542
1147,132,1571
1222,1147,1571
1147,128,132
1147,1222,128
113,125,115
113,120,125
1436,113,1590
1401,1254,1223
1401,1223,1273
1401,1308,1519
1308,1401,1273
1458,1468,1467
1438,1468,1458
1468,1438,1520
1533,1468,1520
1468,1533,1467
1704,1705,1563
1612,1705,1704
1563,1705,1706
1706,1705,1904
1705,1612,1904
1226,1131,1443
1131,1226,963
1226,1228,963
1226,1363,160
1132,1226,1443
1226,1132,1363
1004,178,968
178,1004,184
1004,1084,184
226,735,231
226,734,735
734,226,222
238,226,231
250,244,1224
934,697,1224
697,250,1224
1073,99,98
1073,1049,99
1073,1075,1050
1049,1073,1050
1166,1146,1167
1166,102,1146
102,1166,107
1195,1166,1167
107,1166,1195
1329,70,68
70,1329,1328
1312,88,83
106,88,91
88,1313,91
88,1312,1313
104,88,106
62,66,68
1409,66,62
66,1329,68
1329,66,1409
1410,1485,1483
1410,1409,1485
1410,1329,1409
1329,1410,1328
1410,1483,1514
1328,1410,1514
108,118,116
1213,1212,1239
1213,1135,1212
1363,1213,1239
1213,118,1135
1132,1213,1363
1138,1242,970
1138,1241,1242
1241,1138,1240
1138,1139,1240
1126,1108,1110
1108,1126,1139
1138,1108,1139
1110,1108,970
1108,1138,970
747,710,745
747,746,710
751,747,745
747,902,752
902,747,751
840,747,752
746,747,840
748,839,770
748,746,839
748,770,668
671,748,668
746,748,710
748,671,710
815,769,805
499,815,759
769,815,712
759,815,804
815,805,804
496,490,493
490,496,499
496,815,499
712,496,493
815,496,712
783,490,488
490,783,643
632,783,488
643,783,632
636,635,606
635,634,606
634,635,779
635,663,779
635,636,663
597,633,596
633,597,814
670,633,814
633,631,596
633,670,631
1392,1396,1395
1376,1374,1507
1392,1358,1420
1012,1136,1148
1136,1221,1148
1221,1326,1246
1325,1326,1418
1326,1325,1246
884,984,882
984,884,1162
984,913,882
984,1266,913
982,984,1162
1266,984,955
984,982,955
1278,1276,1345
1344,1276,1278
1276,1221,1345
1276,1326,1221
1276,1344,1418
1326,1276,1418
1567,1566,1414
1566,1417,1414
1566,1567,1425
1477,1566,1425
1566,1477,1830
1417,1566,1830
901,970,969
903,901,969
751,901,903
856,861,857
861,856,863
896,861,863
1079,861,896
1079,1080,1054
1080,1079,896
1249,1619,1109
1619,1369,1301
1109,1619,1301
1369,1619,1078
712,654,653
713,654,712
654,713,643
654,630,653
654,643,630
1215,1217,1180
1215,1216,1508
1216,1215,1180
1398,1215,1508
1217,1215,1398
1217,1070,1161
1070,1160,1161
1160,1070,1042
1070,1069,1042
788,703,791
703,704,916
703,978,704
607,703,916
791,703,607
854,884,882
855,854,812
854,855,881
854,853,812
854,882,853
883,881,1046
980,883,1046
883,854,881
854,883,884
883,980,983
884,883,983
614,563,577
615,614,577
614,615,619
564,603,604
603,564,565
602,603,565
604,603,605
603,634,605
634,603,606
603,602,606
736,590,587
583,736,587
456,549,560
458,456,560
456,454,549
454,456,460
456,458,460
545,544,543
543,544,452
550,544,559
544,454,452
454,544,550
544,547,559
544,545,547
2728,2714,2726
2714,2728,2730
2730,2728,2704
2728,2711,2704
2748,2728,2726
2728,2748,2711
2748,2882,2749
2711,2748,2749
2882,2809,2749
2809,2752,2749
2809,2882,2900
289,2847,287
285,289,287
289,285,283
294,289,283
2686,2696,2697
2752,2678,2749
2678,2677,2749
2650,2678,2653
2678,2650,2677
2765,2764,2767
2764,299,2767
2764,294,299
2632,2650,2653
2650,2632,2626
2626,2607,2625
2840,2884,2774
2697,2812,2699
2681,2812,2697
2812,2681,2735
2769,2893,2838
305,2893,2769
2893,2894,2838
2893,305,307
2894,2893,307
2670,2613,2838
2613,2670,2615
2613,2769,2838
2769,2613,2765
2614,2613,2615
2613,2614,2765
266,2916,264
2917,2916,266
2916,2917,2900
2916,2958,264
285,2924,283
2874,2924,285
2924,278,283
2762,2874,2847
2951,2897,2895
2901,2800,233
2800,2901,2851
2789,2800,2851
215,199,182
206,199,215
182,199,2906
199,206,2906
2903,2909,2904
206,2903,2906
2903,206,215
2909,2903,215
2907,2903,2904
2903,2907,2906
2958,2938,260
2885,2805,2886
2805,2885,2887
2885,2938,2887
224,2902,215
224,215,182
2880,2951,2890
1516,280,279
280,1516,281
280,277,279
277,280,281
1512,1063,1000
1017,1512,1000
1512,1471,1063
1297,1346,1295
1199,1297,1295
1297,1471,1444
1346,1297,1444
2152,2016,2187
2030,1983,2018
1803,1983,1812
212,2027,2018
2061,2027,202
2027,212,202
212,221,202
221,189,202
189,221,192
1905,1840,2180
1840,213,2180
1840,1905,205
232,234,205
219,234,243
213,234,219
2180,204,190
216,217,214
216,2180,219
2624,2693,2623
2583,2693,2624
2521,2693,2583
2134,2024,2046
2397,2134,2046
2024,2134,2051
2852,2696,2957
2696,2852,2697
2209,1986,2069
2072,2088,2038
2072,2087,2088
1715,2072,2038
2072,1715,1713
1874,1691,1876
1842,2011,2079
2011,1984,2079
2011,1818,1841
1818,2011,1842
2582,2584,2507
2593,2584,2621
1280,1281,1244
1244,1281,1106
1292,1281,1293
1281,1280,1293
1281,1294,1106
1294,1281,1292
1809,1527,1433
1527,1321,1320
1527,1809,1321
1294,1334,1362
1334,1294,1292
1334,1292,1432
1334,1428,1362
1428,1334,1432
904,867,907
906,904,929
904,906,867
1248,1104,1453
1248,1299,1300
1299,1248,1453
1094,944,1093
1104,1094,1106
944,1094,907
2601,2566,2599
2552,2468,2553
2468,2552,2742
2431,2428,2240
2428,1971,2240
1971,2428,1973
2746,2555,2556
2555,2746,2565
2429,2430,2240
2226,2429,2240
2535,2745,2252
2539,1972,1973
1989,1972,2539
1972,1949,1950
1972,1989,1949
2216,2296,2252
2216,2231,2296
2216,2217,2231
2204,2216,2219
2217,2216,2204
18,2495,14
18,2536,2495
2536,18,22
2231,2297,2298
2297,2231,2232
2415,2297,2232
2297,2415,2413
30,35,2524
35,2487,2524
2812,2776,2699
2776,2735,2774
2776,2812,2735
2817,2716,2811
1509,1535,1569
1487,1445,1489
1445,1487,1448
1849,277,275
1714,2019,1713
2019,1714,2362
1714,1910,2362
1910,1714,1865
1909,1910,1865
1910,1909,1986
2214,1622,1439
1652,1622,1820
1622,1652,1439
2188,2158,2157
2158,2188,2620
2188,2157,2532
2188,2772,2620
90,2866,89
2861,2868,2862
2866,2868,2861
2868,2873,2862
2837,73,72
73,2837,77
2837,2841,2792
2841,2733,2792
2733,2839,2921
2733,2841,2956
2839,2733,2956
79,2842,71
2842,79,2956
2841,2842,2956
2837,2842,2841
71,2842,72
2842,2837,72
2630,2601,2610
2630,2794,2751
2628,2751,2692
2628,2690,2629
2690,2628,2692
2628,2630,2751
2601,2628,2629
2630,2628,2601
2580,2526,2549
2658,2690,2692
2659,2658,2692
2580,2658,2659
2690,2658,2691
2741,2569,2644
2741,2737,2755
2642,2741,2644
2737,2741,2642
2815,69,76
2794,2815,76
2630,2815,2794
2590,2644,2525
2590,2642,2644
2591,2438,2526
2438,2591,2525
2844,2943,2833
2845,2844,2921
2943,2844,2845
2646,2737,2642
2873,2870,2863
2870,2928,2863
2870,95,96
103,2870,96
2925,2872,2927
2872,2925,2928
2870,2872,2928
2872,103,2927
2872,2870,103
2859,2918,2835
2918,2819,2899
2819,2918,2859
2777,2875,2892
2875,2797,2892
2875,2777,2778
2797,2836,2796
2796,2836,2835
2836,2859,2835
2773,2705,2848
2675,2773,2770
2773,2840,2770
2884,2773,2848
2773,2884,2840
2719,2720,2705
2706,2719,2705
2719,2918,2720
2918,2719,2835
2835,2719,2707
2719,2706,2707
2560,2570,2743
2561,2560,2743
2530,2560,2561
2570,2571,2814
2178,2248,2532
2248,2527,2532
2675,2528,2676
2527,2528,2675
2676,2528,2561
2528,2530,2561
2528,2248,2530
2248,2528,2527
2322,2208,2263
2111,2208,2177
2208,2546,2177
2546,2208,2322
2557,2386,2175
2386,2383,2558
2321,2386,2558
2175,2386,2263
2386,2321,2263
2314,2474,2313
2505,2499,2506
2499,2948,2506
2948,2499,2314
2499,2474,2314
2474,2499,2557
2922,235,233
2902,2922,2895
2922,2951,2895
248,252,2886
252,2885,2886
2885,252,256
256,252,237
252,248,237
240,248,2901
240,2901,233
235,240,233
240,235,237
248,240,237
2850,2913,2849
2913,2850,2934
2913,2855,2849
2850,2828,2934
2828,2919,2934
2828,2850,2786
2763,2754,2833
2754,2844,2833
2844,2754,2734
197,232,205
197,229,232
229,197,196
2083,197,1906
196,197,2083
2096,2131,2132
2131,2096,2128
2096,2094,2128
2312,2132,2313
2474,2312,2313
2172,188,2095
188,189,2095
189,188,202
2144,2174,2111
2174,2175,2263
2174,2143,2175
2174,2144,2143
2208,2174,2263
2174,2208,2111
234,1377,243
1810,1798,1799
2452,1989,2453
1989,2452,1990
1990,2452,2203
2426,2452,2453
2452,2426,2203
1058,922,1190
1058,1089,1008
922,1058,1008
1235,1742,1211
1742,1210,1211
1546,1742,1743
1210,1742,1546
1286,1288,1743
1286,1163,1288
1742,1286,1743
1286,1742,1235
1163,1286,1165
1286,1235,1165
1319,1235,1211
1235,1319,1164
1319,1153,1164
1061,1695,1141
1028,1061,1029
1061,1028,1695
1061,1064,1029
1030,1064,1189
1064,1030,1029
923,994,1187
994,923,899
1060,977,1695
1028,1060,1695
977,1060,976
373,879,1034
879,869,1034
869,879,877
879,373,367
877,879,367
350,919,356
1097,919,350
919,358,356
919,958,358
914,946,976
914,1096,946
914,919,1097
914,1097,880
1096,914,880
613,611,590
611,613,571
613,570,571
570,613,580
593,578,396
578,398,396
399,578,406
398,578,399
578,594,406
594,578,593
637,638,892
638,637,593
637,594,593
638,397,393
397,638,593
397,395,393
397,593,395
802,1665,893
1665,802,677
802,766,677
434,426,433
434,435,426
434,433,612
435,434,612
964,986,965
965,986,887
986,1018,887
821,886,887
886,821,761
886,965,887
762,886,761
965,886,845
886,762,845
792,755,890
689,729,936
732,729,682
936,729,793
688,685,690
685,689,690
685,652,682
685,729,689
729,685,682
1225,1188,1331
1188,1225,1214
1151,1262,1209
1116,1151,1209
1330,1185,1548
1330,1188,1185
1188,1330,1331
1330,1528,1331
1545,1330,1548
1528,1330,1545
1102,1103,1116
1026,1103,1024
1103,1101,1024
1103,1102,1101
2192,2541,2425
2541,2192,2327
1882,1883,2066
1883,1833,1835
1833,1883,1882
1583,1831,1888
1895,1896,1719
1991,1895,1884
1896,1895,1997
1895,1991,1997
1895,1655,1884
1655,1895,1719
1163,1287,1288
1288,1287,1347
1287,1336,1347
1287,1163,1087
1220,1287,1087
1336,1287,1220
1875,1690,1897
1691,1875,1876
1875,1691,1690
1532,2047,1897
1774,2047,1532
2047,1875,1897
1775,1754,1659
1754,1775,1774
810,947,915
947,810,809
915,947,1117
951,947,809
947,945,1117
947,951,945
828,810,827
826,828,827
828,826,799
810,757,809
699,700,644
700,757,645
757,700,699
335,700,645
680,700,624
644,700,680
700,333,624
333,700,335
1015,885,731
757,885,809
885,757,699
951,885,1015
885,951,809
2520,1818,1842
2520,1829,1732
2520,1842,1829
2039,2520,1732
1818,2520,2039
1525,1657,1526
1657,2039,1526
1657,1818,2039
1555,1656,1525
1656,1555,1690
1656,1691,1841
1691,1656,1690
1525,1381,1386
1378,1381,1525
1386,1381,1335
1335,1381,1347
1381,1378,1347
1698,1617,1684
1821,1617,1698
1617,1683,1684
1683,1617,1616
1822,1698,1734
1822,1821,1698
1616,1355,1685
1617,1355,1616
1355,1617,1821
1355,1114,1685
1157,1121,1115
1121,1101,1115
1121,1122,1101
1183,1354,1353
1354,1805,1353
1805,1749,1760
1354,1749,1805
1749,1354,1700
354,363,357
1144,1143,1205
1579,1144,1452
1144,1205,1452
1144,1579,1120
924,1021,1023
1124,1021,1024
1021,924,1024
1143,1123,1207
1122,1123,1124
1123,1021,1124
1021,1123,1143
1647,1638,1646
1648,1638,1647
1638,1648,1561
1524,1638,1561
1636,1638,1524
1638,1637,1646
1638,1636,1637
1118,908,1081
908,1118,742
742,1118,818
1118,935,818
908,909,1081
1040,909,707
707,910,317
910,908,705
909,910,707
910,909,908
317,910,319
910,705,319
950,999,949
999,1040,949
999,950,1003
1002,999,1003
999,909,1040
999,1002,1081
909,999,1081
738,741,820
867,738,820
906,738,867
741,738,727
724,691,829
741,724,829
691,724,702
724,728,702
724,741,727
728,724,727
325,679,327
679,325,692
679,692,691
646,679,691
679,646,327
353,1838,1839
354,1838,353
1902,1678,1733
1678,1902,1779
1802,355,357
1901,1802,1779
1900,1901,1828
1900,1828,1829
2010,1900,1829
1900,2010,2247
1901,1900,2247
371,368,351
372,371,351
346,343,342
2190,343,346
351,1898,349
1898,351,1839
1898,2190,346
1898,347,349
1898,346,347
2222,2477,2255
2103,2010,2079
2010,2103,2247
339,2545,2592
2545,339,340
2241,2222,2255
2258,2241,2255
2241,2258,2257
2409,2048,1930
2048,2409,2078
2409,2080,2078
1815,1834,1781
1816,1834,1815
1522,1472,2104
2104,1472,1422
1472,1216,1179
1472,1522,1216
1472,1177,1422
1177,1472,1179
1090,1421,1422
1412,1421,1090
1421,2104,1422
1421,1412,1423
2104,1421,1718
1421,1423,1718
1385,1585,1727
1585,1998,1727
1376,1585,1385
1585,1376,1507
1523,1585,1507
1585,1523,1653
1998,1585,1653
2057,2058,1997
2058,1832,1997
1832,2058,1888
2058,2057,2074
1832,1383,1727
1383,1832,1831
1383,1385,1727
1385,1383,1384
1383,1831,1384
1655,1877,1884
1877,1833,1884
1833,1877,1815
2441,468,2169
463,2376,461
2473,2472,2562
2473,2562,457
2365,2375,2373
2635,2393,2373
2393,2374,2373
2393,2635,2781
2392,2393,2781
2374,2393,2392
2301,2304,2344
2541,2304,2425
2304,2541,2344
2267,2337,2135
2137,2267,2135
2267,2137,2167
2451,2391,2394
2451,2394,2450
2472,2451,2450
2140,2192,2425
1790,1887,1793
1759,1790,1793
1923,1753,1739
1923,1792,1934
1792,1923,1739
1924,1923,1934
1753,1923,1924
2360,432,436
432,2360,430
436,432,416
432,427,416
427,432,430
2026,2025,2023
2059,2026,2023
2026,2059,1931
1694,1650,1820
1650,1652,1820
2234,1785,1784
328,326,334
2661,330,2621
2661,328,330
2584,2661,2621
2661,2584,2582
2661,2582,2583
326,2661,2583
2661,326,328
2099,1845,1609
2864,2213,2401
2864,2159,1974
2159,2864,2401
1979,1890,491
491,1890,489
1890,1702,489
1889,1979,2213
1889,1890,1979
1889,1891,1703
1702,1889,1703
1890,1889,1702
1451,1556,1352
1351,1556,1367
1556,1351,1352
1556,1413,1367
1556,1451,1413
1686,1671,1689
1671,2295,1689
2865,2290,2827
2827,2290,2184
2290,2235,2184
2149,2290,2148
2290,2865,2148
2150,2149,2056
2236,2150,2056
2150,2290,2149
2290,2150,2235
2,2147,3
2147,2236,3
2147,2,4
2147,2150,2236
2150,2147,2235
2235,2559,2184
2559,2370,2184
8,2559,7
2559,8,10
2370,2559,10
1938,32,1939
32,1938,29
1939,32,20
32,29,20
1940,1919,1673
1938,1919,1940
1919,1676,1673
1676,1919,1920
1919,1938,1939
1937,1919,1939
1920,1919,1937
1938,1966,29
2146,1966,1938
1966,23,29
23,1966,25
1966,2146,25
2276,2162,2163
2306,2162,2276
2162,2633,2163
2162,2306,2272
2633,2162,2272
1867,1866,1741
1866,142,1741
142,1866,145
2012,1866,1867
1866,149,145
1866,2012,2215
149,1866,2215
142,123,135
161,149,2215
161,2129,167
161,2215,2129
170,161,167
161,170,174
149,161,174
1855,1965,1912
1965,1855,2164
2633,1965,2163
2021,2272,2022
2021,2633,2272
1928,2100,2163
1928,2114,2100
2114,1928,2164
1965,1928,2163
1928,1965,2164
1534,1823,1824
1823,1855,1824
1855,1823,1857
1823,1534,1642
1854,1823,1642
1823,1854,1857
1824,1466,1467
1911,1466,1824
1466,1458,1467
2036,2037,1867
1740,2036,1867
2037,2036,2052
2036,1740,1589
2036,1769,2052
1769,2036,1589
1949,1880,1950
1880,1881,2834
1880,2834,1768
1880,1796,1950
1796,1880,1768
2181,2176,2127
2176,2181,2182
1881,2124,2052
2124,2037,2052
2124,2181,2127
2181,2124,1881
2125,2124,2127
2124,2125,2126
2037,2124,2126
2042,2207,2205
1797,2207,2042
2207,1773,2205
2207,1681,1773
2207,1797,1681
1770,1796,1768
1770,1768,1682
1681,1770,1682
1797,1770,1681
113,114,1590
114,113,115
114,1411,1590
1411,114,115
120,112,1436
112,113,1436
113,112,120
1518,1402,1519
1402,1401,1519
1402,1518,1520
1438,1402,1520
1402,1438,1411
1401,1402,1254
1227,1226,160
1226,1227,1228
1227,160,164
992,1227,164
1228,1227,992
1004,1005,1084
1098,1005,992
1005,1098,1084
1005,1228,992
1228,1005,963
1005,968,963
1005,1004,968
1224,242,239
244,242,1224
242,236,239
236,242,824
242,244,824
245,250,246
245,244,250
244,245,824
823,245,246
245,823,824
697,255,250
250,255,246
101,1073,98
1075,101,104
1073,101,1075
111,108,107
111,118,108
1135,111,107
118,111,1135
1213,122,118
116,122,126
118,122,116
122,1132,126
122,1213,1132
1461,1552,1460
1396,1461,1460
1392,1461,1396
1790,1582,1584
1582,1790,1759
1376,1359,1374
1359,1307,1375
1374,1359,1375
1307,1359,1304
1305,1392,1395
1305,1358,1392
1306,1305,1395
1305,1306,1495
1305,1495,1304
1358,1305,1304
1068,1071,1042
1069,1068,1042
1085,1012,1011
1085,1136,1012
1071,1085,1011
1068,1085,1071
1221,1137,1345
1136,1137,1221
1085,1137,1136
1137,1085,1068
1233,2050,1267
1269,1233,1267
1233,1269,1268
1070,1218,1069
1218,1070,1217
1218,1217,1398
711,670,721
670,711,669
876,1010,778
862,861,1079
862,737,857
861,862,857
778,777,745
777,751,745
777,901,751
1110,981,1125
981,1110,970
1127,981,970
1080,1400,1249
1400,1619,1249
1619,1400,1078
1400,896,1078
1400,1080,896
703,790,978
790,703,788
790,789,978
789,790,796
796,790,795
790,788,795
554,614,619
554,552,551
554,619,565
552,554,565
553,460,573
460,553,551
563,553,573
614,553,563
553,554,551
554,553,614
2914,2809,2900
2915,2914,2900
2914,2915,2942
2711,2949,2704
2949,2711,2749
2677,2949,2749
2654,2655,2625
2650,2655,2677
2655,2949,2677
2655,2626,2625
2655,2650,2626
2678,2652,2653
2652,2678,2752
2761,2764,2765
2614,2761,2765
2632,2604,2626
2604,2607,2626
2816,2884,2848
2816,2817,2811
2720,2816,2848
2801,2851,2886
2805,2801,2886
2851,2801,2803
2790,2801,2805
2801,2790,2803
2790,2782,2803
2782,2790,2725
2804,2790,2805
2714,2804,2726
2804,2714,2725
2790,2804,2725
2748,2883,2882
2882,2883,2900
2883,2916,2900
278,2878,276
2924,2878,278
2701,2762,2847
2701,2761,2631
2802,2798,2789
2798,2800,2789
2938,259,260
259,224,260
224,259,256
259,2885,256
2885,259,2938
224,230,2902
230,2922,2902
230,256,237
230,224,256
235,230,237
2922,230,235
2857,2825,2856
2857,2856,2946
2951,2889,2897
2880,2889,2951
2857,2889,2880
2897,2889,2896
2896,2889,2946
2889,2857,2946
1201,1033,1063
1296,1321,1245
1321,1296,1295
1296,1199,1295
1512,1388,1471
1517,1388,290
1471,1388,1517
1388,1512,1017
1388,291,290
1388,1017,291
2242,2152,2187
1810,1811,2152
1812,1811,1799
1811,1810,1799
1982,2030,2015
1982,1983,2030
2016,1982,2015
1983,1982,1812
227,221,225
227,229,192
221,227,192
2029,2027,2061
2029,2061,2142
2029,2144,2028
2144,2029,2143
2029,2028,2018
2027,2029,2018
1983,1804,2018
1804,212,2018
1804,221,212
1803,1804,1983
1804,1803,225
221,1804,225
209,1840,205
1840,209,213
234,209,205
209,234,213
1819,207,214
207,1819,210
207,210,190
204,207,190
1628,1649,1591
1628,1667,1661
1667,1628,1591
1539,1538,1456
2432,2433,2455
2433,2434,2458
2433,2432,2406
2434,2433,2406
2500,2457,2534
2457,2433,2458
2533,2500,2534
2508,2521,2507
2508,2246,2051
2246,2508,2507
2133,2088,2285
2133,2397,2088
2133,2134,2397
2134,2133,2284
2492,2693,2521
2508,2492,2521
2492,2508,2284
2680,2681,2697
2852,2680,2697
2209,2245,2244
2291,2254,2294
2254,2283,2294
2504,2432,2455
2209,2243,1986
2243,2209,2244
2504,2243,2244
2243,2504,2806
1985,2011,1841
2011,1985,1984
1691,1985,1841
1984,1985,1874
1985,1691,1874
2584,2509,2507
2509,2544,2060
2246,2509,2060
2509,2246,2507
904,1105,929
1105,904,907
1094,1105,907
1105,1094,1104
1172,1043,1300
1043,1248,1300
1248,1045,1104
1105,1045,929
1045,1105,1104
1043,1045,1248
929,1045,930
1094,1107,1106
1107,1094,1093
1107,1244,1106
1244,1107,1095
1107,1093,1095
2566,2600,2461
2600,2601,2629
2600,2566,2601
2602,2564,2565
2564,2602,2599
2566,2564,2599
2485,2459,2430
2459,2431,2430
2483,2485,2430
2429,2483,2430
2552,2645,2742
2690,2645,2629
2645,2600,2629
2600,2645,2552
2742,2645,2691
2645,2690,2691
2484,2552,2553
2484,2428,2431
2428,2608,1973
2539,2608,2553
2608,2539,1973
2608,2484,2553
2484,2608,2428
2251,2226,2219
2251,2429,2226
2483,2251,2516
2251,2483,2429
2251,2216,2252
2216,2251,2219
2745,2251,2252
2251,2745,2516
55,2745,2535
55,2535,50
2745,2515,2516
2515,55,2555
55,2515,2745
2515,2483,2516
2483,2515,2485
2485,2515,2565
2515,2555,2565
2041,1970,2040
1970,2041,1971
2218,2041,2040
2226,2041,2218
2041,2226,2240
1971,2041,2240
1951,1971,1973
1951,1970,1971
1972,1951,1973
1951,1972,1950
1796,1951,1950
1970,1951,1796
2231,2299,2232
2217,2299,2231
2299,2354,2232
2414,2487,2416
2414,2416,2298
2297,2414,2298
2414,2578,2524
2487,2414,2524
2414,2413,2578
2414,2297,2413
35,38,2487
38,41,2489
38,30,41
38,35,30
2416,38,2489
2487,38,2416
2810,2776,2774
2776,2810,2811
2884,2810,2774
2810,2816,2811
2816,2810,2884
2716,2731,2727
2731,2817,2899
2731,2716,2817
2702,2730,2704
2813,2776,2811
2776,2813,2699
2712,2840,2775
2840,2712,2770
2638,2712,2695
2736,2712,2775
2695,2712,2736
2772,2639,2620
2639,2638,2620
2639,2712,2638
2639,2772,2770
2712,2639,2770
1535,1977,1569
2396,1810,2152
2242,2396,2152
1295,1447,1320
1346,1447,1295
1447,1346,1448
1596,1527,1320
1447,1596,1320
1596,1447,1595
1446,1487,1826
1487,1446,1448
1446,1447,1448
1447,1446,1595
2239,2288,2636
2288,2239,2238
2091,2092,2045
2092,1879,2045
1878,1879,2092
1879,1878,1849
277,1878,279
1849,1878,277
2513,2019,2362
2513,2243,2806
2072,2086,2087
1639,1865,1820
1622,1639,1820
1416,1441,2214
1441,1416,1440
2288,2289,2636
2529,2188,2532
2188,2529,2772
2527,2529,2532
2529,2675,2772
2529,2527,2675
2868,2910,2873
2870,2910,95
2910,2870,2873
2943,2860,2846
2863,2860,2862
2846,2860,2863
2860,2845,2862
2860,2943,2845
69,75,76
75,73,77
73,75,67
75,69,67
75,81,76
81,75,2791
2723,2791,2792
2791,82,2792
82,2837,2792
2837,82,77
82,75,77
75,82,2791
2723,2724,2648
2733,2724,2792
2724,2723,2792
2660,2750,2659
2750,2580,2659
2580,2750,2526
2750,2591,2526
2658,2581,2691
2581,2658,2580
2581,2550,2691
2550,2581,2549
2581,2580,2549
2439,2567,2665
2567,2568,2665
2567,2439,2437
2569,2567,2437
2568,2567,2569
2760,2741,2755
2756,2760,2755
2760,2756,2739
2663,2568,2569
2741,2663,2569
2760,2663,2741
69,2843,67
2815,2843,69
2843,65,67
2843,2630,2610
2843,2815,2630
2611,2843,2610
2843,2611,65
2689,2750,2660
2750,2689,2591
2646,2738,2737
2799,2802,2789
2782,2799,2789
2940,2819,2859
2788,2824,2778
2824,2875,2778
2875,2824,2797
2824,2836,2797
2836,2824,2854
2891,2880,2890
2798,2891,2890
2891,2802,2821
2891,2798,2802
2771,2675,2676
2771,2773,2675
2773,2771,2705
2771,2706,2705
2706,2771,2676
2568,2664,2665
2664,2571,2665
2663,2664,2568
2248,2249,2530
2179,2249,2178
2249,2248,2178
2249,2179,2177
2546,2249,2177
2560,2572,2570
2386,2498,2383
2498,2386,2557
2498,2505,2383
2498,2499,2505
2499,2498,2557
2173,2474,2557
2143,2173,2175
2173,2557,2175
2951,2950,2890
2922,2950,2951
2950,2922,233
2950,2798,2890
2800,2950,233
2798,2950,2800
2936,2912,2934
2912,2913,2934
2912,2941,2923
2912,2936,2941
2912,2923,2911
2855,2912,2911
2913,2912,2855
2763,2829,2756
2829,2757,2756
2757,2829,2786
2829,2828,2786
2753,2754,2763
2753,2756,2755
2753,2763,2756
2737,2753,2755
2738,2753,2737
2754,2753,2734
2753,2738,2734
200,205,1906
197,200,1906
200,197,205
2097,2096,2132
2097,2172,2095
2312,2097,2132
2097,2312,2172
1999,2000,2095
2000,2097,2095
2097,2000,2096
2096,2000,2094
2094,2000,2083
2000,1999,2083
187,2172,2142
187,188,2172
2061,187,2142
187,2061,202
188,187,202
1377,1631,2110
229,1631,232
1631,234,232
1631,1377,234
1632,2421,2081
2421,1632,2110
1064,1186,1189
1210,1186,1211
1186,1185,1189
1186,1210,1185
1319,1154,1153
1154,1186,1064
1154,1319,1211
1186,1154,1211
1030,1031,993
993,1031,899
1031,994,899
1031,1030,1171
1031,1171,1187
994,1031,1187
1060,1067,976
958,1067,877
1067,1060,877
878,1028,870
878,1060,1028
869,878,870
878,869,877
1060,878,877
736,585,590
585,613,590
613,585,580
585,579,580
585,583,579
585,736,583
787,846,845
762,787,845
833,832,764
912,1062,846
832,912,825
912,832,833
912,833,939
1062,912,939
651,640,825
627,640,628
594,410,406
410,404,406
410,419,407
404,410,407
802,801,766
801,715,898
766,801,898
755,763,890
763,821,890
821,763,761
754,755,792
754,794,996
794,754,792
754,996,793
754,732,755
753,762,761
763,753,761
732,753,755
753,763,755
650,685,688
685,650,652
650,688,649
1261,1225,1331
1434,1261,1331
1261,1434,1262
1151,1261,1262
1261,1151,1152
1151,1113,1152
1113,1112,1152
1113,1151,1116
1112,1113,1088
1760,2420,1728
1859,2420,1760
2077,2420,1859
1996,2077,1859
1860,1996,1858
1996,1859,1858
2262,1992,2066
1992,2262,2075
2261,2262,2066
2377,2378,2381
2261,2377,2379
2366,2365,2345
2366,2375,2365
2375,2366,2407
2407,2363,2381
2363,2377,2381
2377,2363,2379
2541,2364,2344
2364,2363,2344
2363,2364,2379
2364,2541,2327
2378,2490,2381
2325,2490,2378
1846,1583,1888
1583,1846,1584
1846,1790,1584
1790,1846,1887
1831,1580,1384
1583,1580,1831
1836,1775,1659
1775,1918,1774
1918,2047,1774
1875,1918,1876
2047,1918,1875
1428,1776,1430
1776,1774,1430
1776,1754,1774
828,756,810
756,757,810
757,756,645
756,828,799
756,337,645
337,756,338
756,799,338
885,701,731
701,885,699
701,726,731
701,699,726
1658,1657,1525
1656,1658,1525
1658,1656,1841
1818,1658,1841
1657,1658,1818
1615,1355,1821
1615,1716,1699
1822,1615,1821
1716,1615,1822
1270,1271,1157
1271,1270,1699
1270,1615,1699
1615,1270,1355
1150,1121,1157
1121,1150,1122
1859,1751,1858
1751,1859,1760
1749,1751,1760
368,364,352
362,354,353
362,363,354
352,362,353
364,362,352
1861,1853,1850
1850,1853,1852
1119,1144,1120
1144,1119,1143
1119,1021,1143
1023,1119,1120
1021,1119,1023
738,739,727
926,739,925
739,906,925
739,738,906
740,739,926
739,740,727
401,2005,2004
1862,1744,1946
1744,1862,1860
1945,1862,1946
359,360,1779
359,1802,357
1802,359,1779
2222,2221,2477
1802,2253,355
2253,1802,1901
2253,354,355
2253,1838,354
2253,1901,2247
2221,2253,2247
1733,1679,1734
1678,1679,1733
1679,1822,1734
1679,1716,1822
360,2013,1779
2013,1678,1779
1678,2013,1492
2080,2102,2079
2102,2103,2079
2220,2241,2190
2241,2220,2222
1898,2220,2190
2189,340,342
2189,2545,340
2622,2543,2593
2543,2584,2593
2509,2543,2544
2543,2509,2584
2367,2593,2594
2367,2622,2593
2367,2594,2592
2545,2367,2592
2367,2545,2257
2622,2367,2257
2369,2622,2257
2258,2369,2257
2543,2369,2544
2369,2543,2622
2405,2102,2080
1782,1725,1626
2141,2058,2074
2192,2141,2074
2140,2141,2192
1717,1877,1655
1720,1717,1654
1717,1655,1654
1717,1720,1815
1877,1717,1815
2336,2315,2337
2336,2267,2264
2267,2336,2337
468,470,2169
2198,2441,2169
2316,2198,2334
2198,2316,2441
468,467,465
467,2441,465
2441,467,468
459,2721,457
2721,2473,457
2473,2721,2376
2721,459,461
2376,2721,461
2635,2402,2418
2402,2635,2373
2121,2138,1793
2121,2136,2138
2121,2137,2135
2136,2121,2135
2137,2268,2167
2267,2302,2264
2302,2267,2167
2451,2349,2391
2302,2349,2264
2349,2302,2265
2391,2303,2959
2959,2303,2345
2349,2303,2391
2303,2349,2265
2303,2301,2345
2303,2265,2301
1887,2123,1793
2141,2123,1887
2123,2141,2140
1791,2138,1934
1792,1791,1934
1791,1792,1759
1791,1759,1793
2138,1791,1793
2170,2136,2135
2337,2170,2135
2138,2171,1934
2136,2171,2138
2171,1924,1934
2171,2170,2193
2170,2171,2136
2202,427,430
2398,2352,2469
2399,2398,2469
1651,1650,1694
1651,1667,1591
1592,1538,1539
1652,1592,1539
1650,1592,1652
1592,1651,1591
1651,1592,1650
1649,1592,1591
1538,1592,1649
1667,1666,1661
1666,1785,1661
1785,1666,1784
2026,1870,2025
2025,1870,2024
1870,1784,2024
1870,2234,1784
2640,2583,2624
2640,326,2583
1607,1609,1602
1607,2099,1609
2099,1607,1935
1845,1914,1755
2099,1914,1845
1914,1915,1755
2864,1936,2213
1936,1935,1891
1889,1936,1891
1936,1889,2213
1669,1686,1703
1669,1671,1686
1671,1621,2295
1621,1668,1670
2295,1621,1670
1621,1669,1605
1669,1621,1671
2185,4,7
2185,2147,4
2147,2185,2235
2559,2185,7
2185,2559,2235
135,127,1741
1529,1457,1459
1457,1529,1436
1536,1529,1459
1529,120,1436
1529,123,120
1772,1771,1542
2165,1911,1912
2021,2165,2633
1965,2165,1912
2165,1965,2633
1458,1470,1469
1466,1470,1458
1469,1470,1542
1470,1772,1542
1470,1466,1911
1772,1470,1911
1537,1544,1565
1537,1529,1536
1529,1537,1565
1544,1541,1589
1537,1541,1544
1740,1644,1589
1644,1544,1589
1644,1740,1741
1544,1644,1565
127,1644,1741
1644,127,1565
2181,1948,2182
1948,2181,1881
2182,1948,1949
1948,1880,1949
1880,1948,1881
1795,1770,1797
1970,1795,2040
1795,1970,1796
1770,1795,1796
1795,2042,2040
1795,1797,2042
1253,1402,1411
1402,1253,1254
1253,1411,115
1253,115,117
1254,1253,117
254,255,697
254,934,257
254,697,934
1551,2355,1552
1461,1551,1552
2355,1738,1668
1792,1738,1759
1738,1582,1759
1738,1739,1668
1738,1792,1739
1361,1376,1385
1361,1359,1376
1361,1385,1384
1359,1361,1304
1137,1251,1345
1278,1251,1268
1251,1278,1345
1251,1233,1268
1233,1251,1277
1233,1234,2050
1234,1233,1277
1218,1234,1277
2050,1234,1398
1234,1218,1398
737,723,721
723,711,721
862,723,737
669,708,709
711,708,669
708,711,876
708,778,709
708,876,778
1039,1010,1054
1080,1039,1054
1039,1080,1249
1010,932,1054
932,1010,876
932,1079,1054
932,862,1079
777,971,901
901,971,970
971,1127,970
1010,931,778
931,777,778
1039,931,1010
971,931,1127
931,971,777
2813,2698,2699
2698,2813,2703
2698,2686,2699
2698,2685,2686
2684,2702,2704
2702,2684,2703
2685,2684,2654
2684,2698,2703
2698,2684,2685
2683,2655,2654
2655,2683,2949
2684,2683,2654
2949,2683,2704
2683,2684,2704
2651,2701,2631
2701,2651,2762
2652,2651,2653
2651,2632,2653
2632,2651,2631
2603,2632,2631
2603,2604,2632
2604,2603,2597
2595,2533,2534
2604,2595,2607
2595,2604,2597
2696,2718,2957
2718,2696,2686
2434,2470,2458
2470,2718,2656
2607,2627,2625
2876,2816,2720
2816,2876,2817
2817,2876,2899
2876,2918,2899
2918,2876,2720
2929,2805,2887
2929,2804,2805
2804,2929,2726
2832,2748,2726
2832,2883,2748
2929,2832,2726
2809,2808,2752
2914,2808,2809
2762,2807,2874
2807,2924,2874
2807,2878,2924
2807,2808,2878
2761,2768,2764
2701,2768,2761
2768,2701,2847
289,2768,2847
2768,289,294
2764,2768,294
2879,2857,2880
2891,2879,2880
2857,2879,2825
2854,2879,2821
2879,2891,2821
1298,1297,1199
1201,1298,1199
1298,1201,1063
1471,1298,1063
1297,1298,1471
1201,1198,1033
1033,1198,1003
2638,2619,2620
1981,1811,1812
1982,1981,1812
1981,1982,2016
2152,1981,2016
1811,1981,2152
207,1848,214
1848,207,204
1848,216,214
1848,204,2180
216,1848,2180
1628,1474,1649
2502,2456,2500
2456,2457,2500
2456,2502,2455
2433,2456,2455
2457,2456,2433
2596,2595,2597
2595,2596,2533
2466,2517,2465
2464,2585,2341
2519,2585,2464
2585,2339,2341
2585,2519,2617
2585,2617,2616
2339,2585,2616
2694,2519,2518
2694,2615,2669
2694,2518,2615
2617,2694,2669
2519,2694,2617
2462,2508,2051
2508,2462,2284
2134,2462,2051
2462,2134,2284
2286,2492,2284
2133,2286,2284
2338,2286,2285
2286,2133,2285
2492,2476,2693
2475,2476,2338
2476,2286,2338
2286,2476,2492
2476,2475,2766
2476,2766,2623
2693,2476,2623
2523,2852,2957
2523,2680,2852
2523,2522,2479
2522,2480,2479
2503,2245,2406
2245,2503,2244
2432,2503,2406
2503,2504,2244
2504,2503,2432
2245,2212,2291
2212,2254,2291
2212,2245,2209
2212,2209,2069
2068,2212,2069
1044,1043,1172
1174,1044,1172
1173,1044,1174
1044,1173,930
1045,1044,930
1044,1045,1043
2600,2460,2461
2460,2600,2552
2484,2460,2552
2460,2459,2461
2459,2460,2431
2460,2484,2431
2482,2459,2485
2482,2485,2565
2564,2482,2565
2459,2482,2461
2482,2566,2461
2482,2564,2566
55,54,2555
2556,54,51
2555,54,2556
54,50,51
54,55,50
2233,2299,2217
2299,2233,2354
2354,2233,2310
2233,2307,2310
2233,2353,2307
2702,2717,2730
2717,2716,2727
2725,2717,2727
2714,2717,2725
2717,2714,2730
2715,2702,2703
2716,2715,2811
2717,2715,2716
2715,2717,2702
2715,2813,2811
2813,2715,2703
2681,2679,2736
2679,2695,2736
2331,2288,2238
263,265,261
265,263,1509
1535,263,261
263,1535,1509
1527,1510,1433
1596,1510,1527
1825,1446,1826
1446,1825,1595
1872,1878,2092
1872,1825,1826
1825,1872,1871
2287,2237,2636
2237,2239,2636
1978,2230,1808
2230,2237,1808
2237,2230,2239
2239,2230,2238
1382,269,267
1570,1978,1808
1570,1509,1569
1978,1570,1569
2237,1806,1808
2090,2091,2045
2091,2090,2346
2155,2091,2346
2155,2020,2937
2089,1879,1849
1879,2089,2045
1886,1487,1489
1487,1886,1826
1878,1886,279
1886,1872,1826
1872,1886,1878
1886,1516,279
1516,1886,1489
2243,1987,1986
2513,1987,2243
1987,2513,2362
1987,1910,1986
1910,1987,2362
2071,2072,1713
2071,2086,2072
2019,2071,1713
1864,1909,1865
1639,1864,1865
1640,1761,1762
1761,1640,1763
1864,1640,1762
1640,1864,1639
1640,1598,1763
1598,1639,1622
1598,1640,1639
2090,2348,2346
2348,2090,2287
2348,2287,2636
2289,2348,2636
93,2868,2866
93,2910,2868
90,93,2866
2910,93,95
2647,2660,2709
2723,2708,2791
2844,2732,2921
2732,2844,2734
2732,2733,2921
2732,2724,2733
2740,2663,2760
2740,2739,2759
2740,2760,2739
2740,2664,2663
2590,2643,2642
2643,2646,2642
2646,2643,2648
2643,2947,2648
2724,2722,2648
2722,2646,2648
2722,2738,2646
2738,2722,2734
2722,2732,2734
2732,2722,2724
2783,2782,2727
2783,2799,2782
2940,2820,2819
2820,2783,2819
2783,2820,2799
2799,2820,2802
2802,2820,2821
2820,2940,2821
2858,2836,2854
2858,2854,2821
2940,2858,2821
2836,2858,2859
2858,2940,2859
2825,2853,2788
2853,2824,2788
2824,2853,2854
2879,2853,2825
2853,2879,2854
2531,2249,2546
2572,2531,2546
2249,2531,2530
2531,2560,2530
2531,2572,2560
2547,2571,2570
2572,2547,2570
2571,2547,2665
2547,2384,2665
2384,2547,2390
2547,2322,2390
2547,2546,2322
2547,2572,2546
2173,2145,2474
2145,2312,2474
2145,2173,2143
2172,2145,2142
2312,2145,2172
2145,2029,2142
2029,2145,2143
2919,2830,2881
2828,2830,2919
2829,2830,2828
1803,1707,225
1707,227,225
227,1707,229
1707,1631,229
1631,1708,2110
1708,2421,2110
1798,1708,1799
2421,1708,1798
2421,2422,2081
2422,2421,1798
1827,1632,2081
1977,1827,2081
1827,1977,1535
1827,1535,261
1632,1827,253
249,1632,253
249,219,243
249,253,219
1632,249,2110
1377,249,243
249,1377,2110
987,1088,986
987,986,964
1089,987,985
987,964,985
986,1027,1018
1088,1027,986
1018,1027,1025
1027,1113,1025
1113,1027,1088
1154,1065,1153
1065,1083,1153
1065,1064,1061
1065,1154,1064
1083,1065,1141
1065,1061,1141
919,959,958
959,1067,958
1067,959,976
959,914,976
914,959,919
681,651,825
651,681,652
832,765,764
675,765,767
765,675,764
765,627,767
765,640,627
765,832,825
640,765,825
637,413,594
413,410,594
413,892,598
413,637,892
419,413,598
410,413,419
716,801,802
638,716,892
716,638,715
801,716,715
892,716,893
716,802,893
937,754,793
754,937,732
729,937,793
937,729,732
652,684,682
684,732,682
684,753,732
641,649,625
641,650,649
641,651,652
650,641,652
1289,1112,1088
987,1289,1088
1058,1289,1089
1289,987,1089
1103,1100,1116
1100,1113,1116
1113,1100,1025
1100,1026,1025
1100,1103,1026
1996,2006,2077
2033,2006,2032
1625,2064,1782
2064,1730,1782
1730,2064,1729
2382,2325,2378
2262,2326,2075
2075,2326,2327
2326,2261,2379
2261,2326,2262
2326,2364,2327
2364,2326,2379
2343,2366,2345
2301,2343,2345
2343,2301,2344
2366,2343,2407
2363,2343,2344
2343,2363,2407
2352,2351,2469
2323,2490,2325
2269,2323,2325
1868,1931,1869
1868,2026,1931
1868,1870,2026
1870,1868,2234
1836,2328,1775
2328,1918,1775
1917,2328,1869
2328,1836,1869
2328,1917,1876
1918,2328,1876
2234,1660,1785
1785,1660,1659
1660,1836,1659
1868,1660,2234
1836,1660,1869
1660,1868,1869
1716,1493,1699
1158,1157,1115
1158,1270,1157
1114,1158,1115
1355,1158,1114
1270,1158,1355
1150,1149,1122
1206,1149,1183
1207,1149,1206
1149,1123,1122
1123,1149,1207
1271,1231,1157
1231,1150,1157
1813,1853,1735
1813,1851,1852
1853,1813,1852
371,1893,368
1893,372,1851
1893,371,372
2395,364,368
1893,2395,368
1745,1861,1744
1745,1724,1735
1745,1853,1861
1853,1745,1735
1863,1744,1858
1863,1745,1744
1745,1863,1724
1863,1723,1724
1751,1723,1858
1723,1863,1858
1960,1959,1944
2260,1961,2031
1961,1960,2031
1960,1961,1959
1959,1961,2032
1959,1958,1944
1958,2006,1996
1958,1959,2032
2006,1958,2032
370,366,360
2013,366,1492
366,2013,360
369,370,360
359,369,360
1838,1899,1839
1899,2221,2222
2253,1899,1838
1899,2253,2221
2220,1899,2222
1899,1898,1839
1899,2220,1898
2221,2300,2477
2102,2300,2103
2103,2300,2247
2300,2221,2247
2545,2256,2257
2189,2256,2545
2256,2241,2257
2241,2256,2190
2256,343,2190
343,2256,342
2256,2189,342
2368,2369,2258
2368,2195,2408
2368,2408,2544
2369,2368,2544
2405,2448,2102
2300,2448,2477
2448,2300,2102
2477,2448,2255
2448,2258,2255
2448,2405,2258
1726,2062,1626
1725,1726,1626
2062,1726,2563
1726,1980,2563
1846,2305,1887
2305,2141,1887
2305,1846,1888
2058,2305,1888
2141,2305,2058
2315,2333,2334
2333,2316,2334
2473,2333,2472
2333,2473,2376
2316,2333,2376
2335,2451,2472
2333,2335,2472
2335,2336,2264
2336,2335,2315
2335,2333,2315
2349,2335,2264
2335,2349,2451
470,471,2169
2139,471,472
2168,2198,2169
471,2168,2169
2168,471,2139
1907,2168,2139
2441,2538,465
2316,2538,2441
2538,463,465
463,2538,2376
2538,2316,2376
2194,2171,2193
2171,2194,1924
474,2139,472
474,1907,2139
2375,2403,2373
2403,2402,2373
2402,2403,2352
2351,2403,2375
2403,2351,2352
2122,2140,2425
2268,2122,2425
2122,2123,2140
2121,2122,2137
2122,2268,2137
2122,2121,1793
2123,2122,1793
2266,2304,2301
2265,2266,2301
2304,2266,2425
2266,2268,2425
2268,2266,2167
2266,2302,2167
2302,2266,2265
2360,2361,430
2361,2202,430
2361,2398,2399
2361,2360,2417
427,2109,421
2202,2109,427
2418,2404,2417
2402,2404,2418
2404,2361,2417
2361,2404,2398
2404,2402,2352
2398,2404,2352
2260,2224,2271
2224,2260,2031
2117,2399,2469
2117,2400,2399
1715,1692,1713
1692,1651,1694
1714,1692,1694
1692,1714,1713
1786,1666,1667
1786,1892,2046
1784,1786,2046
1666,1786,1784
2673,2624,322
2673,2640,2624
1935,1608,1891
1607,1608,1935
1603,1608,1602
1608,1607,1602
1915,1976,1974
1914,1976,1915
1976,2864,1974
1936,1976,1935
1976,1936,2864
1976,2099,1935
1976,1914,2099
1621,1620,1668
1620,2355,1668
1620,1605,1604
1620,1621,1605
1552,1620,1604
2355,1620,1552
127,124,1565
124,1529,1565
1529,124,123
123,124,135
124,127,135
2274,1772,1911
2165,2274,1911
2274,2165,2021
1772,2274,1771
1771,2274,2022
2274,2021,2022
1587,1769,1589
1541,1587,1589
1769,1587,1682
1587,1588,1682
1587,1541,1588
1543,1537,1536
1543,1541,1537
1543,1469,1542
1469,1543,1536
1541,1543,1588
1680,1543,1542
1588,1543,1680
1505,1551,1461
1505,1392,1420
1505,1461,1392
1582,1419,1584
1505,1419,1551
1419,1583,1584
1419,1580,1583
1581,1738,2355
1738,1581,1582
1551,1581,2355
1581,1419,1582
1419,1581,1551
1360,1361,1384
1360,1358,1304
1361,1360,1304
1251,1208,1277
1208,1251,1137
1218,1208,1069
1208,1218,1277
1208,1068,1069
1208,1137,1068
711,722,876
723,722,711
722,932,876
722,723,862
932,722,862
1111,981,1127
931,1111,1127
1111,931,1039
1111,1039,1249
1111,1249,1109
1111,1109,1125
981,1111,1125
2761,2606,2631
2606,2603,2631
2685,2657,2686
2657,2718,2686
2718,2657,2656
2657,2685,2654
2657,2654,2625
2627,2657,2625
2657,2627,2656
2471,2470,2434
2471,2523,2957
2523,2471,2522
2718,2471,2957
2470,2471,2718
2577,2627,2607
2577,2595,2534
2595,2577,2607
2935,2929,2887
2935,2832,2929
2935,2938,2958
2938,2935,2887
2832,2935,2883
2916,2935,2958
2883,2935,2916
2898,2808,2914
2898,2914,2942
2878,2898,276
2808,2898,2878
2898,274,276
274,2898,2942
2807,2700,2808
2700,2652,2752
2808,2700,2752
2700,2807,2762
2651,2700,2762
2700,2651,2652
1032,1002,1003
1198,1032,1003
1032,1118,1081
1002,1032,1081
1118,1032,935
905,942,941
943,942,905
1130,1201,1199
1130,1198,1201
2186,2158,2620
2619,2186,2620
2158,2186,2187
2186,2242,2187
2186,2281,2242
2281,2186,2619
2281,2280,2242
2396,2280,2573
2280,2396,2242
2618,2281,2619
2618,2638,2695
2618,2619,2638
1431,1428,1432
1754,1629,1659
1630,1628,1661
1630,1474,1628
1630,1629,1474
1629,1630,1659
1785,1630,1661
1630,1785,1659
1455,1538,1649
1474,1455,1649
1538,1455,1456
1455,1432,1456
1455,1431,1432
2517,2463,2465
2463,2517,2518
2519,2463,2518
2463,2464,2465
2463,2519,2464
2517,2609,2518
2518,2609,2615
2614,2609,2795
2609,2614,2615
2501,2517,2466
2501,2502,2500
2501,2466,2502
2596,2598,2533
2598,2596,2795
2609,2598,2795
2598,2609,2517
2435,2434,2406
2435,2480,2522
2435,2471,2434
2471,2435,2522
2388,2245,2291
2233,2206,2353
2206,2233,2217
2206,2217,2204
2206,2204,2205
2353,2206,2205
2480,2387,2479
2387,2411,2479
2388,2387,2480
2411,2387,2294
2387,2291,2294
2387,2388,2291
2680,2486,2681
2486,2679,2681
2331,2350,2288
2350,2331,2574
2332,2289,2288
2350,2332,2288
2332,2350,2330
2412,2411,2294
2411,2412,2446
2356,2331,2238
2331,2356,2574
2153,2396,2573
2396,2153,1810
2356,2153,2573
2153,2356,2273
1787,1596,1595
1787,1510,1596
2278,1761,1763
2183,1908,1871
1872,2183,1871
2183,1872,2092
2091,2183,2092
1908,2183,2937
2183,2155,2937
2155,2183,2091
1988,2068,2069
1909,1988,2069
1864,1988,1909
1988,1864,1762
2229,2230,1978
1977,2229,1569
2229,1978,1569
1766,273,271
269,1766,271
1382,1766,269
1766,1568,1764
1568,1766,1382
1806,2347,2045
2347,2090,2045
2090,2347,2287
2347,2237,2287
2347,1806,2237
2513,2444,2019
2444,2071,2019
2444,2513,2806
2071,2444,2086
2444,2160,2086
2445,2504,2455
2504,2445,2806
2502,2445,2455
2445,2444,2806
2444,2445,2160
2466,2443,2502
2443,2445,2502
2445,2443,2160
2449,2341,2340
2449,2464,2341
1441,1442,2214
1442,1622,2214
1442,1598,1622
85,2794,76
81,85,76
2687,2647,2709
2751,2687,2709
2794,2687,2751
2688,2708,2723
2688,2723,2648
2947,2688,2648
2647,2688,2947
2687,2688,2647
2740,2784,2664
2571,2784,2814
2664,2784,2571
2814,2784,2759
2784,2740,2759
2643,2589,2947
2589,2689,2660
2589,2643,2590
2647,2589,2660
2589,2647,2947
2689,2589,2591
2589,2590,2525
2591,2589,2525
2819,2818,2899
2783,2818,2819
2818,2731,2899
2731,2818,2727
2818,2783,2727
2831,2829,2763
2831,2830,2829
2831,2763,2833
2943,2831,2833
2831,2943,2846
2831,2846,2881
2830,2831,2881
1707,1709,1631
1709,1708,1631
1708,1709,1799
1709,1707,1803
1709,1812,1799
1709,1803,1812
2151,2422,1798
2151,2153,2273
2151,1798,1810
2153,2151,1810
258,1827,261
1827,258,253
912,847,825
847,681,825
847,912,846
787,847,846
786,787,762
753,786,762
684,786,753
642,625,628
642,641,625
641,642,651
640,642,628
642,640,651
1112,2093,1152
2093,1261,1152
1261,2093,1225
1318,1058,1190
1318,1289,1058
1214,1318,1190
1289,1318,1112
1318,2093,1112
1225,1318,1214
2093,1318,1225
2065,2063,1729
1624,1370,1728
2064,1624,1729
1624,2065,1729
1624,1625,1370
1624,2064,1625
2006,2035,2077
2035,2006,2033
2035,2420,2077
2420,2035,1728
2035,1624,1728
1624,2035,2065
1730,1942,1782
1942,1725,1782
1834,1942,1781
1725,1942,1834
1780,1835,1781
1942,1780,1781
1780,1942,1730
1780,1883,1835
2377,2250,2378
2250,2377,2261
1883,2250,2066
2250,2261,2066
2382,2324,2325
2269,2324,2271
2324,2269,2325
2323,2491,2490
2491,2407,2381
2490,2491,2381
2491,2323,2351
2491,2375,2407
2491,2351,2375
2270,2323,2269
2351,2270,2469
2323,2270,2351
1494,1493,1716
1679,1494,1716
1404,1494,1492
1493,1494,1404
1494,1678,1492
1494,1679,1678
1341,1493,1404
1338,1341,1404
1341,1338,1229
1341,1231,1271
1341,1271,1699
1493,1341,1699
1231,1181,1150
1801,1663,363
1663,1801,1737
1801,2395,1737
362,1801,363
1801,362,364
2395,1801,364
1662,1813,1735
1403,1663,1737
1662,1403,1737
1403,1662,1664
1663,1403,1405
1403,1338,1405
1814,2395,1893
1813,1814,1851
1814,1893,1851
2395,1814,1737
1814,1662,1737
1662,1814,1813
1750,1723,1751
1750,1749,1700
1750,1751,1749
1723,1600,1724
1957,1945,2004
2005,1957,2004
1958,1947,1944
1862,1947,1860
1947,1862,1944
1947,1996,1860
1947,1958,1996
1406,366,370
1406,370,1405
1406,1404,1492
366,1406,1492
1338,1406,1405
1406,1338,1404
365,359,357
365,369,359
363,365,357
1663,365,363
1677,1663,1405
370,1677,1405
369,1677,370
1677,365,1663
365,1677,369
2195,2196,1930
2196,2409,1930
2409,2196,2080
2196,2405,2080
2405,2410,2258
2410,2368,2258
2196,2410,2405
2368,2410,2195
2410,2196,2195
2067,1816,1980
1726,2067,1980
2067,1834,1816
2067,1725,1834
2067,1726,1725
2198,2199,2334
2168,2199,2198
2199,2315,2334
1924,1843,1752
2194,1843,1924
417,415,421
2109,417,421
415,417,412
2223,2269,2271
2224,2223,2271
2223,2224,2116
2361,2359,2202
2359,2361,2399
2400,2359,2399
1960,2259,2031
2259,2224,2031
2224,2259,2116
2259,2049,2116
2259,2003,2049
2003,2259,1960
2003,1957,2005
1957,2003,1960
411,401,412
2003,411,2049
1693,1786,1667
1693,1692,1715
1892,1693,1715
1786,1693,1892
1651,1693,1667
1692,1693,1651
2640,324,326
2673,324,2640
324,2673,322
334,324,336
326,324,334
1669,1672,1605
1605,1672,1603
1672,1608,1603
1608,1672,1891
1891,1672,1703
1672,1669,1703
1399,1505,1420
1419,1399,1580
1399,1419,1505
1358,1399,1420
1360,1399,1358
1580,1399,1384
1399,1360,1384
2603,2605,2597
2606,2605,2603
2596,2605,2795
2605,2596,2597
2605,2614,2795
2605,2761,2614
2605,2606,2761
2627,2576,2656
2577,2576,2627
2470,2576,2458
2576,2470,2656
2576,2577,2534
2457,2576,2534
2576,2457,2458
1296,1200,1199
1200,1130,1199
1200,1245,1337
1200,1296,1245
941,1200,1337
942,1200,941
1130,1016,1198
1032,1016,935
1016,1032,1198
935,1016,943
1016,942,943
2280,2357,2573
2357,2356,2573
2356,2357,2574
2358,2350,2574
2350,2358,2330
2419,2280,2281
2419,2357,2280
2358,2419,2447
2357,2419,2574
2419,2358,2574
2447,2682,2446
2486,2682,2679
1629,1429,1474
1429,1455,1474
1455,1429,1431
1429,1776,1428
1431,1429,1428
1776,1429,1754
1429,1629,1754
2501,2540,2517
2540,2598,2517
2598,2540,2533
2533,2540,2500
2540,2501,2500
2245,2436,2406
2388,2436,2245
2436,2435,2406
2435,2436,2480
2436,2388,2480
2481,2411,2446
2682,2481,2446
2481,2682,2486
2411,2481,2479
2283,2292,2294
2292,2412,2294
2292,2588,2412
2588,2332,2330
2588,2292,2332
1598,1599,1763
1511,1441,1440
1510,1511,1433
1433,1511,1279
1511,1440,1279
1787,1597,1510
1597,1511,1510
1511,1597,1778
1789,1825,1871
1825,1789,1595
1789,1787,1595
1988,2211,2068
2154,2155,2346
2155,2154,2020
2277,2154,2346
2070,1988,1762
1761,2070,1762
2229,2228,2230
2230,2228,2238
2228,2356,2238
2356,2228,2273
2191,2151,2273
2151,2191,2422
2228,2191,2273
2191,2228,2229
2191,2229,1977
2191,1977,2081
2422,2191,2081
1766,1618,273
1618,1766,1764
2089,1618,1764
1618,2089,1849
273,1618,275
1618,1849,275
1568,1765,1764
1806,1765,1808
1765,1570,1808
1765,1568,1570
1570,1767,1509
1568,1767,1570
1767,1568,1382
1767,265,1509
265,1767,267
1767,1382,267
2160,2161,2086
2086,2161,2087
2087,2161,2340
2161,2449,2340
2688,2877,2708
2877,2688,2687
85,2877,2794
2877,2687,2794
786,683,787
683,847,787
847,683,681
683,786,684
681,683,652
683,684,652
2034,2063,2065
2034,2035,2033
2035,2034,2065
1783,1730,1729
1783,1780,1730
2063,2747,1729
2747,1783,1729
1339,1341,1229
1341,1339,1231
1339,1181,1231
1182,1354,1183
1181,1182,1150
1149,1182,1183
1182,1149,1150
1339,1232,1181
1232,1339,1229
1750,1701,1723
1701,1600,1723
1701,1750,1700
1701,1232,1600
1338,1340,1229
1340,1232,1229
1232,1340,1600
1340,1403,1664
1403,1340,1338
1600,1601,1724
1724,1601,1735
1601,1340,1664
1340,1601,1600
1601,1662,1735
1662,1601,1664
1943,1862,1945
1957,1943,1945
1862,1943,1944
1943,1960,1944
1943,1957,1960
2197,2199,2168
2197,2168,1907
2197,2194,2193
2194,2197,1907
2315,2200,2337
2199,2200,2315
2170,2200,2193
2200,2170,2337
2200,2197,2193
2197,2200,2199
478,479,1752
1843,478,1752
474,475,1907
2117,2225,2116
2225,2223,2116
2225,2117,2469
2270,2225,2469
2225,2270,2269
2223,2225,2269
408,2005,401
411,408,401
408,2003,2005
408,411,2003
2108,2117,2116
2049,2108,2116
2101,2108,2049
422,417,2109
422,2109,2202
418,2101,2049
417,418,412
1016,1272,942
1272,1016,1130
1272,1200,942
1200,1272,1130
2358,2389,2330
2389,2588,2330
2389,2447,2446
2389,2358,2447
2412,2389,2446
2588,2389,2412
2618,2649,2281
2649,2419,2281
2419,2649,2447
2481,2710,2479
2710,2481,2486
2710,2486,2680
2710,2523,2479
2523,2710,2680
2277,2342,2279
1777,1599,1778
1777,2278,1763
1599,1777,1763
1442,1562,1598
1562,1599,1598
1562,1442,1441
1599,1562,1778
1511,1562,1441
1562,1511,1778
2282,2211,2279
2342,2282,2279
2282,2292,2283
2211,2586,2279
2586,2070,2279
2586,2211,1988
2070,2586,1988
2070,2073,2279
2073,2277,2279
2277,2073,2154
2154,2073,2020
2073,2070,1761
2073,2278,2020
2278,2073,1761
1765,1807,1764
1807,1765,1806
1807,2089,1764
1807,1806,2045
2089,1807,2045
2443,2442,2160
2442,2161,2160
2442,2466,2465
2442,2443,2466
2161,2442,2449
2464,2442,2465
2449,2442,2464
2877,2793,2708
2793,2877,85
2708,2793,2791
2793,81,2791
2793,85,81
2053,2033,2032
2053,2034,2033
1941,2250,1883
1780,1941,1883
1783,1941,1780
1232,1230,1181
1230,1182,1181
1230,1701,1700
1701,1230,1232
1354,1230,1700
1182,1230,1354
477,478,1843
478,477,479
479,477,486
2118,2108,2101
2117,2118,2400
2108,2118,2117
2118,2359,2400
2359,2118,2202
2118,422,2202
411,414,2049
414,418,2049
414,411,412
418,414,412
418,420,2101
420,2118,2101
2118,420,422
422,420,417
420,418,417
2713,2682,2447
2649,2713,2447
2713,2649,2618
2682,2713,2679
2679,2713,2695
2713,2618,2695
2478,2342,2277
2348,2478,2346
2478,2277,2346
2478,2348,2289
2342,2478,2289
1908,2554,1871
1777,2554,2278
2554,1908,2937
2020,2554,2937
2278,2554,2020
1597,1788,1778
1788,1777,1778
1788,1597,1787
1789,1788,1787
1788,2554,1777
1788,1789,1871
2554,1788,1871
2210,2282,2283
2282,2210,2211
2254,2210,2283
2211,2210,2068
2212,2210,2254
2210,2212,2068
2282,2293,2292
2293,2282,2342
2292,2293,2332
2332,2293,2289
2293,2342,2289
2324,2076,2271
2034,2054,2063
2053,2054,2034
2054,2747,2063
2747,2166,1783
2166,1941,1783
2054,2166,2747
476,477,1843
476,2194,1907
476,1843,2194
475,476,1907
476,487,486
477,476,486
2043,2260,2271
2076,2043,2271
2043,2053,2032
1961,2043,2032
2043,1961,2260
2537,2324,2382
2537,2076,2324
2729,2054,2053
2043,2729,2053
2729,2043,2076
2537,2729,2076
2729,2166,2054
2729,2537,2166
2166,2380,1941
2537,2380,2166
2380,2537,2382
1941,2380,2250
2380,2382,2378
2250,2380,2378
