199,177,130
125,199,130
148,149,144
153,149,148
262,286,265
3,6,0
3,33,6
105,136,112
136,105,123
140,199,125
593,87,747
87,737,747
748,504,505
493,496,505
743,475,477
473,475,743
475,454,477
475,473,454
238,223,230
223,718,230
82,84,79
591,53,746
48,591,589
591,48,53
590,593,747
106,105,112
105,110,123
122,136,123
122,133,136
133,122,109
153,137,149
133,137,153
149,137,144
137,109,144
137,133,109
237,238,230
718,202,230
228,216,236
216,228,217
140,145,154
145,140,136
133,145,136
145,153,154
145,133,153
140,208,199
208,140,216
208,217,199
208,216,217
95,86,746
86,593,746
593,86,87
93,115,103
735,96,103
737,96,735
96,93,103
108,735,103
108,729,735
115,108,103
715,400,734
400,404,734
390,392,691
392,715,691
499,497,503
493,745,496
501,499,503
529,744,488
482,744,743
758,530,488
530,529,488
277,677,675
322,350,317
329,338,350
316,318,319
718,712,719
728,604,736
627,728,719
164,727,719
727,718,719
729,707,735
707,756,735
707,729,736
737,755,747
755,737,735
756,755,735
84,47,79
89,47,84
47,89,97
689,688,692
255,275,279
275,255,264
275,272,675
179,183,176
688,708,692
203,219,204
712,219,203
48,750,40
591,588,589
588,590,589
590,588,593
53,54,746
54,58,746
58,65,746
584,582,747
583,584,747
584,583,582
38,37,33
38,3,40
38,33,3
750,38,40
38,750,37
570,571,566
573,750,579
750,573,37
37,573,33
118,124,125
124,140,125
105,101,99
106,101,105
113,118,125
98,94,90
100,105,99
100,110,105
100,94,110
83,100,99
68,78,759
122,762,109
762,98,109
110,762,123
762,122,123
762,94,98
94,762,110
102,86,95
102,91,86
91,102,107
107,127,141
88,96,737
96,88,93
88,737,87
93,88,87
726,728,736
728,726,719
726,164,719
726,159,164
729,128,736
128,726,736
726,128,134
134,128,115
108,128,729
128,108,115
107,138,115
138,134,115
138,107,141
138,726,134
159,169,164
169,727,164
177,169,130
180,169,177
727,169,180
404,409,734
409,733,734
683,362,365
715,714,691
402,400,399
400,402,404
394,392,390
378,394,390
402,394,378
392,395,715
400,395,399
395,400,715
394,395,392
395,402,399
395,394,402
499,495,497
480,743,477
480,482,743
494,486,497
494,490,486
495,494,497
489,493,484
489,745,493
502,501,503
504,502,503
748,502,504
489,483,745
745,483,758
744,487,488
490,487,486
487,744,486
744,485,486
485,744,482
486,485,497
485,482,497
483,479,758
476,751,478
751,479,478
670,677,672
670,279,675
677,670,675
257,260,249
325,329,350
322,325,350
325,322,667
320,322,317
322,320,667
336,338,329
338,336,682
331,328,667
328,325,667
325,328,329
328,331,332
336,328,332
328,336,329
419,731,733
473,467,454
469,473,743
469,467,473
467,469,732
741,469,743
469,741,732
744,741,743
713,715,734
714,713,396
713,714,715
313,303,318
315,316,319
315,312,313
315,313,318
316,315,318
192,191,204
198,203,204
198,712,203
191,198,204
712,198,639
755,749,747
749,583,747
583,749,578
749,565,578
740,721,738
721,740,756
41,740,738
1,2,0
753,755,756
740,753,756
753,740,739
753,749,755
75,70,66
209,219,231
219,209,204
209,192,204
680,689,692
689,673,688
673,248,688
258,673,264
673,258,248
248,244,688
267,275,264
275,267,272
673,267,264
279,276,675
276,275,675
275,276,279
179,693,183
693,186,183
763,89,84
82,763,84
763,79,549
763,82,79
709,702,698
763,116,89
116,763,709
152,176,97
224,219,712
223,224,718
224,712,718
219,224,231
231,224,238
224,223,238
700,701,146
568,565,564
563,568,564
565,24,564
24,749,19
749,24,565
28,33,566
750,585,579
585,590,747
586,48,589
586,750,48
586,585,750
590,586,589
588,592,593
592,588,591
593,592,746
592,591,746
48,50,53
50,54,53
50,48,40
58,56,62
54,56,58
50,56,54
120,754,114
754,95,746
65,754,746
759,69,62
582,581,747
581,568,576
575,571,570
575,576,571
574,575,570
575,574,576
117,106,112
124,117,140
136,117,112
140,117,136
101,77,99
67,77,78
77,67,73
760,101,106
78,760,759
77,760,78
760,77,101
760,113,759
113,760,118
117,760,106
760,124,118
760,117,124
121,120,130
754,121,95
121,754,120
113,119,759
119,754,759
754,119,114
119,120,114
85,100,83
100,85,94
94,85,90
85,73,90
85,83,73
61,759,62
61,68,759
56,61,62
60,67,78
68,60,78
61,60,68
60,61,56
60,56,50
60,50,40
73,60,40
67,60,73
217,211,199
228,211,217
188,180,177
86,92,87
91,92,86
92,91,107
92,93,87
92,107,115
93,92,115
127,155,141
726,155,159
155,169,159
102,111,107
111,127,107
111,102,95
121,111,95
142,138,141
138,142,726
155,142,141
142,155,726
402,405,404
412,405,421
405,378,374
405,402,378
416,419,733
360,367,365
362,360,365
367,360,374
366,683,368
683,366,364
366,382,364
363,683,364
393,714,396
397,393,396
393,397,398
401,397,396
713,401,396
401,713,403
401,403,398
397,401,398
501,492,499
492,495,499
492,502,758
502,492,501
492,758,488
500,745,758
502,500,758
500,748,505
500,502,748
476,481,484
481,476,478
481,489,484
481,483,489
479,481,478
481,479,483
751,474,472
474,751,476
472,474,484
474,476,484
751,528,479
479,528,758
280,284,677
278,677,277
278,280,677
274,278,277
280,278,274
286,283,265
284,283,286
283,284,280
677,681,672
284,681,677
681,284,286
681,293,672
285,255,279
666,670,672
666,285,670
680,676,689
263,260,257
256,263,257
259,263,256
263,262,265
263,259,262
333,334,330
682,334,337
334,333,337
318,321,319
331,669,332
669,331,667
669,334,332
334,669,330
340,338,682
449,426,421
724,731,432
731,724,733
731,434,432
434,731,433
467,465,454
465,467,732
418,412,421
419,418,421
416,418,419
424,437,443
741,508,506
508,741,515
403,406,408
713,406,403
468,466,463
303,301,286
293,301,298
301,304,298
304,301,303
314,320,317
320,314,667
157,150,161
150,160,161
160,165,161
194,209,205
703,594,150
594,703,707
594,707,736
701,143,146
703,706,707
706,143,701
143,706,703
706,721,756
707,706,756
749,757,19
753,757,749
72,76,79
695,206,686
246,225,256
246,257,249
246,256,257
258,254,248
255,254,264
254,258,264
235,708,688
244,235,688
247,252,245
243,247,245
244,247,243
247,244,248
267,270,272
270,267,673
763,557,709
89,104,97
116,104,89
705,709,698
705,116,709
135,152,97
152,135,147
104,135,97
685,680,692
680,685,240
684,685,723
685,711,723
708,711,692
711,685,692
162,157,161
162,700,146
157,162,146
696,695,686
700,697,701
702,697,698
697,696,698
565,572,578
568,572,565
23,563,564
24,23,564
23,562,563
562,23,28
23,24,19
33,23,6
28,23,33
585,587,590
587,586,590
586,587,585
63,58,62
69,63,62
569,574,570
573,569,33
569,573,579
574,569,579
33,569,566
569,570,566
585,580,579
580,574,579
580,585,747
581,580,747
580,581,576
574,580,576
83,80,73
80,77,73
80,83,99
77,80,99
126,113,125
126,119,113
119,126,120
126,125,130
120,126,130
211,197,199
197,211,201
199,197,177
201,218,202
211,218,201
218,237,230
202,218,230
190,201,202
188,190,202
190,197,201
190,188,177
197,190,177
187,202,718
187,188,202
188,187,180
727,187,718
187,727,180
131,155,127
111,131,127
169,131,130
155,131,169
131,121,130
131,111,121
407,409,404
405,407,404
407,410,409
407,405,412
410,407,412
386,378,390
386,384,378
384,386,385
383,385,691
714,383,691
378,373,374
360,358,374
358,360,354
683,361,359
363,361,683
361,363,357
714,391,389
393,391,714
391,393,398
391,382,389
364,391,398
382,391,364
491,494,495
492,491,495
491,492,488
494,491,490
487,491,488
491,487,490
745,498,496
500,498,745
496,498,505
498,500,505
527,744,529
527,741,744
741,527,515
531,530,758
528,531,758
530,531,529
293,295,672
295,293,298
292,681,290
292,293,681
292,301,293
285,282,670
285,289,255
665,666,672
674,277,675
674,274,277
272,674,675
270,674,272
676,674,689
674,673,689
674,270,673
253,676,680
283,268,265
268,283,280
336,335,682
335,334,682
335,336,332
334,335,332
323,321,318
321,323,326
358,323,318
323,358,354
337,323,354
333,323,337
323,333,330
326,323,330
327,326,330
669,327,330
345,342,682
342,340,682
544,360,362
544,683,359
683,544,362
426,423,421
423,426,731
423,419,421
419,423,731
426,428,731
428,426,449
724,420,733
444,435,433
435,434,433
465,455,454
455,449,454
455,446,449
425,424,422
420,425,422
425,420,724
424,425,437
733,725,734
725,713,734
406,725,408
725,406,713
725,411,408
403,411,398
411,403,408
509,508,515
742,468,463
742,741,506
512,742,506
742,470,468
466,464,463
464,411,443
464,466,472
471,751,472
471,470,751
470,471,468
466,471,472
471,466,468
312,310,313
310,303,313
299,295,298
299,679,672
295,299,672
299,305,679
304,305,298
305,299,298
198,664,639
664,198,191
664,191,192
160,156,607
156,160,150
594,156,150
189,194,193
184,189,193
209,189,192
194,189,209
194,185,193
613,608,728
624,621,728
621,624,622
621,618,728
618,613,728
613,618,615
157,151,150
151,703,150
151,143,703
151,157,146
143,151,146
757,18,19
18,23,19
23,18,6
18,12,6
12,18,757
752,753,739
752,757,753
761,55,43
740,29,739
29,25,739
41,29,740
72,546,76
546,548,549
546,71,548
71,546,72
79,546,549
76,546,79
55,51,43
206,207,686
207,684,686
259,239,262
242,680,240
254,250,248
250,247,248
247,250,252
252,250,255
250,254,255
241,244,243
241,235,244
241,243,245
555,763,549
555,557,763
559,702,709
74,699,702
697,699,701
699,697,702
706,699,721
699,706,701
721,699,738
720,74,66
720,761,738
761,720,55
699,720,738
720,699,74
687,696,686
696,687,698
684,687,686
687,684,723
710,687,723
711,710,723
710,705,698
687,710,698
129,104,116
705,129,116
135,139,147
139,710,147
710,139,705
242,233,246
168,694,700
694,168,171
694,697,700
697,694,696
696,694,695
577,583,578
572,577,578
583,577,582
577,572,568
577,581,582
581,577,568
562,567,563
567,28,566
567,562,28
571,567,566
576,567,571
567,568,563
568,567,576
64,754,65
64,65,58
63,64,58
754,64,759
64,69,759
64,63,69
229,211,228
237,229,236
229,228,236
413,416,733
409,413,733
410,413,409
413,410,412
418,413,412
413,418,416
385,388,691
386,388,385
388,390,691
388,386,390
387,383,714
387,714,389
382,387,389
373,376,690
371,690,367
371,373,690
371,367,374
373,371,374
683,370,368
380,366,368
366,380,382
375,372,690
375,387,382
387,375,383
690,369,367
372,369,690
367,369,365
370,369,372
369,683,365
369,370,683
347,353,350
353,364,398
353,363,364
363,353,357
361,356,359
356,361,357
533,349,345
531,524,529
524,531,528
742,513,470
513,742,512
301,288,286
292,288,301
288,292,290
288,681,286
681,288,290
670,281,279
282,281,670
281,285,279
281,282,285
291,666,294
291,289,666
300,291,294
289,291,300
666,287,285
287,289,285
289,287,666
666,296,294
665,296,666
269,271,676
271,269,268
263,266,260
269,266,268
266,263,265
268,266,265
324,321,326
327,324,326
324,327,669
324,669,667
342,343,340
343,347,350
338,343,350
340,343,338
348,337,354
339,682,337
348,339,337
731,431,433
428,431,731
431,428,449
446,431,449
431,444,433
431,446,444
415,417,422
417,420,422
420,417,733
417,725,733
725,417,415
441,440,716
717,730,732
741,717,732
742,717,741
730,460,732
440,439,716
439,730,716
429,439,440
441,429,440
425,429,437
429,441,437
411,414,443
414,424,443
414,725,415
414,411,725
424,414,422
414,415,422
461,458,459
461,742,463
464,461,463
717,461,459
461,717,742
458,450,459
450,453,459
457,453,716
453,457,459
457,717,459
730,457,716
717,457,730
679,308,312
305,308,679
308,310,312
308,305,304
308,304,303
310,308,303
663,664,192
664,663,662
663,658,662
657,189,184
657,704,656
704,657,184
185,196,695
196,185,194
695,196,205
196,194,205
185,182,193
182,694,171
168,182,171
182,185,695
694,182,695
603,604,728
608,603,728
604,599,736
627,628,728
628,624,728
620,621,622
620,618,621
633,627,719
635,633,632
634,633,719
633,634,632
641,645,647
636,712,639
712,636,719
636,634,719
595,594,736
599,595,736
602,156,594
156,602,607
752,11,757
11,12,757
36,761,43
26,32,27
32,36,27
36,32,761
761,42,738
51,46,43
49,71,72
47,49,79
49,72,79
59,720,66
70,59,66
71,59,70
49,59,71
239,212,209
207,214,684
214,232,225
232,239,259
232,259,256
225,232,256
251,246,249
251,242,246
242,251,680
251,253,680
186,227,245
227,241,245
241,227,235
560,559,709
81,75,66
74,81,66
81,74,702
81,550,75
132,129,705
139,132,705
132,139,135
132,135,104
129,132,104
226,233,684
233,226,246
234,685,684
233,234,684
685,234,240
234,242,240
234,233,242
175,179,176
167,710,711
162,166,700
166,168,700
166,182,168
222,218,211
229,222,211
218,222,237
222,229,237
379,373,378
379,376,373
384,379,378
375,381,383
383,381,385
376,381,690
381,375,690
381,384,385
381,379,384
379,381,376
375,377,372
377,370,372
380,377,382
377,375,382
370,377,368
377,380,368
351,353,347
351,347,345
349,351,345
353,351,357
355,356,349
356,355,359
532,346,534
533,532,534
532,533,345
533,535,349
535,533,534
520,511,519
523,516,515
527,523,515
523,527,529
524,523,529
520,522,751
513,514,470
300,307,317
668,306,665
314,668,667
297,300,294
296,297,294
306,302,665
302,296,665
302,297,296
297,302,300
302,307,300
307,302,306
271,273,676
674,273,274
273,674,676
273,280,274
273,268,280
273,271,268
261,269,676
253,261,676
266,261,260
261,266,269
260,261,249
261,251,249
251,261,253
344,342,345
344,343,342
347,344,345
343,344,347
462,465,732
460,462,732
462,455,465
462,460,455
452,435,444
434,436,432
429,436,439
430,724,432
436,430,432
430,436,429
427,425,724
427,429,425
430,427,724
427,430,429
448,464,443
448,461,464
461,448,458
448,450,458
445,448,443
450,448,445
437,442,443
442,445,443
441,447,437
447,442,437
442,447,445
450,447,453
447,450,445
453,447,716
447,441,716
660,663,192
704,648,656
651,648,647
181,704,184
181,178,704
181,184,193
182,181,193
170,622,643
178,170,643
170,181,165
181,170,178
611,608,613
612,611,613
610,611,612
606,610,607
610,160,607
614,612,613
614,170,165
170,614,617
160,614,165
610,614,160
614,610,612
624,626,622
625,626,624
626,625,641
628,629,624
629,625,624
631,629,627
629,628,627
625,629,641
629,645,641
645,629,631
616,620,617
616,613,615
616,614,613
614,616,617
618,619,615
620,619,618
619,616,615
616,619,620
630,631,627
633,630,627
630,633,631
645,644,647
644,645,631
644,635,647
644,633,635
633,644,631
636,637,635
637,636,639
638,637,639
637,638,635
598,597,600
597,599,600
597,595,599
595,596,594
596,602,594
602,596,598
596,597,598
597,596,595
602,601,607
601,602,598
601,606,607
601,598,600
20,752,739
9,31,26
2,9,27
9,26,27
45,41,738
42,45,738
30,29,41
31,30,41
29,30,25
9,30,31
31,34,26
46,44,43
44,36,43
44,49,47
44,47,27
36,44,27
52,46,51
52,59,49
52,44,46
44,52,49
720,57,55
59,57,720
57,51,55
57,52,51
52,57,59
210,206,695
210,212,206
210,695,205
209,210,205
212,210,209
220,212,239
232,220,239
212,220,206
200,693,708
557,561,709
561,560,709
550,547,75
71,547,548
547,70,75
547,71,70
560,551,559
551,547,550
559,558,702
551,558,559
556,81,702
556,550,81
558,556,702
556,551,550
556,558,551
221,226,684
221,214,225
214,221,684
246,221,225
226,221,246
722,693,179
175,722,179
693,722,708
722,711,708
172,167,711
167,172,173
722,172,711
172,722,173
167,158,710
158,152,147
710,158,147
152,158,176
158,175,176
158,167,173
163,162,161
163,166,162
165,163,161
181,163,165
166,163,182
163,181,182
356,352,349
352,351,349
352,356,357
351,352,357
545,544,359
545,543,544
360,543,354
544,543,360
348,536,346
536,537,346
536,545,537
536,543,545
532,341,346
341,348,346
341,339,348
341,532,345
341,345,682
339,341,682
539,355,349
535,539,349
355,539,542
510,516,519
511,510,519
510,509,515
516,510,515
511,517,512
517,511,520
517,513,512
517,514,513
517,520,751
516,521,519
521,520,519
521,522,520
523,521,516
521,523,524
525,524,528
525,528,751
525,521,524
521,525,522
311,307,306
311,314,317
307,311,317
671,668,665
679,671,672
671,665,672
455,451,446
446,451,444
451,452,444
456,460,730
460,456,455
456,451,455
451,456,452
663,659,658
660,659,663
657,661,189
189,661,192
661,660,192
661,657,656
660,661,656
646,641,647
648,646,647
646,648,704
646,178,643
178,646,704
620,623,617
623,170,617
623,620,622
170,623,622
609,603,608
609,610,603
611,609,608
610,609,611
603,605,604
610,605,603
605,610,606
605,599,604
599,605,600
605,601,600
601,605,606
642,626,641
642,646,643
646,642,641
21,20,739
20,21,17
8,9,2
13,11,752
14,13,752
20,15,752
15,14,752
15,20,17
39,31,41
39,34,31
45,39,41
39,45,42
34,39,42
34,35,26
35,34,42
35,32,26
32,35,761
35,42,761
220,213,206
213,220,232
213,207,206
213,214,207
213,232,214
195,227,186
195,200,227
693,195,186
200,195,693
227,215,235
200,215,227
235,215,708
215,200,708
547,554,548
555,554,557
548,554,549
554,555,549
722,174,173
174,722,175
174,158,173
158,174,175
540,536,348
536,540,543
540,348,354
543,540,354
539,538,537
538,539,535
538,535,534
346,538,534
537,538,346
545,541,537
541,539,537
539,541,542
541,355,542
355,541,359
541,545,359
510,507,509
508,507,506
509,507,508
507,510,511
507,512,506
507,511,512
518,517,751
517,518,514
470,518,751
514,518,470
522,526,751
526,525,751
525,526,522
668,309,306
309,311,306
309,668,314
311,309,314
671,678,668
315,678,312
678,679,312
678,671,679
678,315,319
668,678,667
321,678,319
678,324,667
324,678,321
438,456,730
439,438,730
436,438,439
438,436,434
456,438,452
435,438,434
452,438,435
655,660,656
655,659,660
648,655,656
655,648,651
653,655,651
655,653,659
640,642,643
642,640,626
622,640,643
626,640,622
30,22,25
22,30,9
25,22,739
22,21,739
21,16,17
16,8,17
8,16,9
16,22,9
22,16,21
8,10,17
10,15,17
15,10,14
10,13,14
10,4,13
552,551,560
561,552,560
551,552,547
659,654,658
653,654,659
664,654,639
654,664,662
658,654,662
650,651,647
635,650,647
638,650,635
13,7,11
4,7,13
7,4,1
7,1,0
6,7,0
12,7,6
11,7,12
5,8,2
5,10,8
10,5,4
5,2,1
4,5,1
553,552,561
553,561,557
554,553,557
553,554,547
552,553,547
649,650,638
652,649,638
652,638,639
654,652,639
649,652,653
652,654,653
634,636,632
636,635,632
650,649,651
649,653,651
