477,1,3,457,568,2,-1,-1
568,477,0,2,457,3,453,4
568,1,4,453,457,477,3,0
457,477,6,0,1,568,2,439
453,2,5,389,568,439,1,457
389,453,7,4,439,382,355,461
439,457,8,3,2071,461,453,2072
389,355,5,9,382,2077,2082,461
2071,2072,461,2073,439,11,6,2074
355,10,7,2087,2086,382,2093,346
346,417,2087,2096,9,12,355,2086
2083,2080,471,2088,2089,2072,2071,2094
417,2111,343,2114,2116,2115,2106,2110
2099,2098,2097,2100,2095,2101,2094,2102
343,2116,2118,12,15,2115,391,2117
367,17,14,391,2127,2132,340,2126
294,2107,2108,2102,2119,2103,2123,2120
363,367,15,18,359,340,357,-1
363,357,17,20,359,367,405,340
277,294,2133,2128,2123,16,23,2119
405,357,21,18,363,361,359,-1
405,20,24,420,404,361,357,-1
259,244,23,26,19,277,237,240
280,244,22,2160,277,19,2161,265
420,21,30,422,405,404,-1,-1
237,235,26,27,259,240,233,238
259,237,25,22,240,244,235,27
233,235,28,25,237,236,234,26
233,27,29,234,253,235,236,25
253,297,28,31,234,250,233,285
422,32,24,420,430,424,404,445
297,253,285,33,29,250,284,234
430,35,30,422,445,446,424,-1
285,31,34,297,295,306,284,40
295,40,36,33,285,43,306,-1
446,445,37,32,430,485,454,481
295,40,34,43,-1,-1,-1,-1
485,446,35,38,454,475,445,-1
475,485,39,37,498,541,454,446
541,475,498,41,38,499,485,551
295,34,43,36,306,33,285,47
551,541,499,39,42,498,475,500
551,607,41,44,500,499,652,574
306,40,47,2184,295,2185,2182,284
607,652,42,45,574,500,551,650
652,650,46,44,574,607,671,591
650,671,747,48,45,652,591,628
2184,2185,2182,2218,2189,2193,2183,309
747,671,46,50,628,650,713,591
309,2201,2197,2200,2203,2204,2194,2193
713,48,51,747,628,737,707,671
713,737,53,50,707,734,628,55
2210,2209,290,2211,2208,2207,2212,2213
737,734,51,55,713,723,753,718
258,2215,2214,2213,290,2212,2217,2211
734,753,56,53,723,737,740,1876
753,758,55,58,740,734,723,781
258,272,59,54,269,2215,2214,257
758,60,56,779,781,753,768,740
272,308,57,61,269,312,258,275
768,62,58,779,758,873,781,817
308,312,64,59,272,331,67,57
873,768,63,60,1125,779,817,65
1125,873,62,65,890,768,833,66
312,61,67,314,331,308,69,59
890,1125,66,63,1089,873,879,62
1089,65,68,890,1050,986,1125,879
314,69,64,341,315,312,331,301
1050,1089,70,66,1098,986,1046,65
341,314,67,72,336,315,380,320
1098,1050,68,71,1046,986,1078,1081
1081,1098,73,70,1078,1046,1050,68
336,74,69,341,322,320,334,380
1081,71,75,1078,1103,1098,1046,70
322,336,72,76,334,320,348,341
1103,73,77,1174,1081,1078,71,-1
348,322,74,78,334,370,336,349
1174,79,75,1204,1103,1181,1190,1194
348,370,80,76,349,322,334,385
1204,82,77,1174,1194,1181,1214,-1
370,81,78,385,348,397,365,83
385,397,80,83,388,370,85,412
1214,84,79,1194,1204,1250,1260,1230
397,412,85,81,385,388,393,513
1260,1214,82,86,1230,1250,1194,1271
412,87,83,397,428,513,421,81
1260,1271,88,84,1230,1214,1259,1318
428,89,85,467,421,412,513,482
1271,1318,90,86,1260,1259,1315,1333
467,428,87,92,482,510,496,421
1318,1333,88,91,1271,1315,1323,1259
1333,93,90,1323,1318,1349,1315,88
510,482,94,89,467,496,428,520
1349,91,95,1333,1323,1372,1384,90
510,92,96,533,482,520,89,-1
1349,1384,97,93,1372,1356,1395,99
533,94,98,534,510,520,556,-1
1384,95,99,1395,1356,1388,1349,1401
534,103,96,533,556,569,-1,-1
1395,102,97,1401,1410,1384,1388,107
962,920,101,105,1106,1000,882,1094
882,104,100,962,920,105,848,1094
1410,107,99,1401,1395,1415,111,1388
569,534,98,108,622,556,760,-1
848,106,101,882,798,823,920,962
962,1094,100,110,101,1085,1000,975
848,104,109,823,834,112,798,888
1415,1410,111,102,1404,1401,115,99
622,760,113,103,569,646,700,625
834,106,888,112,823,822,848,809
1094,114,105,1085,1141,962,1229,-1
1415,1404,107,115,1421,1398,1410,102
888,109,116,858,834,822,106,870
760,700,117,108,622,625,646,743
1141,1229,110,118,1094,1085,1207,-1
1421,1398,119,111,1404,1415,1428,1419
858,870,120,112,888,983,124,109
700,743,113,121,760,625,778,702
1229,1207,114,122,1141,1127,1208,-1
1428,1421,115,123,1419,1398,1455,1449
870,116,124,858,1031,1057,949,983
778,743,117,125,700,735,702,853
1207,126,118,1229,1208,1309,1127,1310
1455,1428,119,127,1449,1430,1419,1421
1031,120,128,870,949,1057,116,132
778,853,735,129,121,814,743,847
1309,130,122,1207,1208,1235,-1,-1
1455,1430,1442,131,123,1449,1428,135
1031,124,132,1038,949,1030,137,120
853,847,814,133,125,778,818,735
1235,1309,134,126,1305,1208,1248,-1
1442,135,127,1432,1430,1455,1424,1452
1038,137,128,1030,1031,1039,1047,141
847,860,129,136,818,853,814,840
1235,1305,130,138,1270,1309,1248,1306
1432,1452,131,139,1442,1440,1437,1430
860,133,140,840,847,884,818,129
1047,1038,132,141,1040,1039,145,128
1270,1306,134,143,1305,1295,1235,146
1452,1440,142,135,1432,1437,1445,1447
884,144,136,840,860,912,928,133
1047,1040,137,145,1038,132,1039,1082
1440,1447,139,147,1452,1445,152,1453
1306,146,138,1270,1345,1295,1314,149
884,912,148,140,928,976,960,153
1040,141,151,1082,1047,1016,137,1004
1345,143,149,1306,1373,1314,1350,1270
1447,1453,152,154,142,1440,1445,150
912,976,153,144,884,960,1101,158
1345,1373,155,146,1350,1306,159,143
1457,1445,152,157,1447,1436,1459,147
1082,156,145,1004,1040,1016,989,-1
1447,1453,147,150,154,1445,1457,142
976,1101,148,158,912,1015,960,144
1453,147,152,1447,142,150,-1,-1
1350,149,159,1377,1373,1345,1360,146
1004,989,160,151,1082,922,-1,-1
1459,1457,162,150,1436,1454,152,1445
1101,153,163,1015,1138,976,1083,148
1377,161,155,1350,1383,164,1390,149
989,922,168,156,1004,903,908,909
1383,1377,164,159,1387,165,155,-1
1459,1454,157,172,1458,171,1436,-1
1138,170,158,1164,1083,1152,1101,1015
1383,165,161,1396,1387,1377,159,166
1396,164,166,1434,1383,1387,1412,161
1434,165,167,1396,1450,1412,164,169
1434,1450,169,166,1451,1446,1444,171
922,909,174,160,903,989,908,-1
1451,167,171,1450,1446,1458,1434,1444
1164,1138,1152,163,173,1153,1099,1083
1458,1451,169,172,1454,1446,162,1450
1458,171,162,1454,1451,1459,169,-1
1153,1164,170,175,1119,1099,1152,1138
909,168,176,903,900,922,851,939
1119,177,173,1153,1123,1131,1099,1164
900,939,178,174,909,886,903,851
1131,179,175,1123,1119,1279,1254,182
939,924,176,181,886,900,-1,-1
1279,1131,177,180,182,1254,1123,184
1279,182,179,1254,1131,184,177,-1
924,183,178,939,904,942,886,864
1279,1254,184,180,179,1131,177,185
942,904,186,181,924,951,916,1018
1254,182,185,1135,1279,1217,1131,1123
1217,1135,184,187,1368,1254,1150,182
951,942,183,189,1001,980,916,904
1217,1368,185,188,1135,1213,1195,1150
1213,190,187,1195,1217,1368,1159,185
1001,951,201,186,942,1008,980,1045
1213,188,1159,191,1195,187,-1,-1
1159,192,190,1183,1213,1147,1192,188
1183,191,193,1159,1192,1147,1186,1165
1186,1183,194,192,1165,1192,1313,-1
1186,1313,193,195,1202,1224,1165,1112
1313,1224,196,194,1202,1186,1170,-1
1224,1170,197,195,1243,1313,1202,1199
1243,1191,196,198,1170,1199,1224,1193
1191,1237,1243,199,197,1193,1163,1199
1237,1251,198,200,1191,1163,202,1193
1251,1184,199,202,1197,1237,1163,1149
1008,1001,189,203,1045,951,-1,-1
1197,1325,200,204,1251,1268,1231,1184
1008,205,201,1049,1045,1001,-1,-1
1325,1268,206,202,1197,1364,1308,1231
1049,203,207,1148,1073,1008,1069,-1
1364,204,208,1325,1308,1334,1268,1342
1073,1049,209,205,1148,1118,1074,-1
1364,1342,210,206,1334,1317,1308,-1
1118,1073,207,211,1100,1074,1162,1148
1342,1317,208,212,1334,1369,1364,1336
1162,1118,209,213,1100,1073,1223,1188
1369,1317,214,210,1336,1342,1353,-1
1162,1223,215,211,1168,1118,1100,-1
1369,1353,212,216,1337,1336,1362,1317
1223,213,217,1249,1162,1168,1209,-1
1362,1337,214,219,1353,1359,1369,1340
1249,218,215,1281,1223,1209,220,-1
1281,1249,217,220,1266,1255,-1,-1
1362,221,216,1392,1359,1337,1340,1347
1266,1281,218,222,1255,1249,217,1239
1392,219,224,1347,1362,1359,1375,1385
1266,220,223,1289,1239,1281,1255,-1
1289,225,222,1296,1266,1307,1239,-1
1375,1385,227,221,1392,1347,1441,1331
1296,1289,226,223,1307,1335,1429,-1
1335,1296,225,228,1429,1354,1311,1289
1385,224,230,1375,1391,1331,1416,231
1335,1354,229,226,1429,1331,1391,1296
1354,1391,228,231,1335,1331,1416,1429
1416,1391,232,227,231,1385,229,-1
1416,1391,232,229,230,1354,227,1385
1416,231,230,1391,-1,-1,-1,-1
28,27,235,234,25,236,29,253
299,253,28,233,29,236,250,239
27,25,233,236,237,238,240,28
239,248,235,238,234,233,299,27
26,25,259,240,235,22,27,238
240,248,242,241,236,235,237,239
236,248,256,299,261,234,2199,2202
238,241,237,26,259,25,235,22
240,249,238,279,242,246,244,248
248,279,238,241,274,256,243,239
279,245,296,283,246,274,252,242
22,23,259,265,26,280,19,277
252,296,251,243,246,268,279,247
252,279,245,249,243,241,251,264
288,296,268,301,260,293,245,281
242,239,238,236,256,273,235,279
264,241,246,265,252,244,2029,279
253,262,284,297,31,285,299,234
289,252,245,268,263,254,246,255
251,246,245,254,264,249,289,243
29,297,250,31,234,28,285,233
2037,2035,2040,2045,2038,2033,2039,2041
276,289,266,281,302,268,263,251
273,239,248,257,2205,261,2202,2199
2205,2217,2202,273,258,2215,2214,269
54,2215,57,2214,2217,257,2213,2212
26,22,237,244,240,25,23,19
315,301,288,380,311,247,281,341
2199,2202,2198,2196,271,2205,2195,299
2188,2187,2190,2186,2192,2191,2183,250
2045,2046,289,254,2041,2043,2047,2044
2029,2023,2030,249,2031,2033,2035,267
2170,2181,2171,2168,2161,2160,2169,317
300,276,255,289,263,287,270,2052
2009,2004,2005,2010,2015,2023,2019,2030
251,281,289,255,247,288,245,296
273,272,257,258,57,275,2205,59
2053,2052,2049,2050,2068,2054,2055,2047
2195,2196,2192,2198,2191,2190,2199,2216
59,57,269,308,258,61,275,54
256,269,257,274,2205,275,2202,2217
283,275,273,243,242,279,256,269
283,274,293,269,308,273,272,312
255,266,302,287,298,281,300,289
19,2133,294,2128,2123,23,2119,16
2016,2011,2021,2020,2017,2027,2012,2013
243,242,246,241,274,245,249,238
2160,2143,2141,2161,23,2139,2137,2181
302,288,268,255,311,276,286,247
2157,2167,2163,2154,2155,2162,2151,2150
275,274,293,296,243,247,279,245
2182,2183,2185,2184,306,2186,285,262
33,284,31,297,306,250,34,295
311,304,302,313,298,281,329,380
292,276,303,300,266,298,291,305
260,247,281,311,268,301,302,315
251,263,255,268,266,254,252,2045
2212,2211,2213,2210,52,2209,2214,2208
2062,2061,2060,2059,2063,2057,1957,2070
287,298,310,305,318,303,329,276
331,283,275,301,312,296,247,308
2123,2119,2120,16,2113,2112,2128,2108
34,40,36,33,43,306,285,-1
247,245,283,243,293,268,288,274
31,253,29,285,33,250,284,234
329,292,310,302,276,286,313,287
261,262,234,239,250,2199,2196,2198
266,2060,2059,2057,2055,270,291,2054
331,315,260,247,293,288,314,380
281,276,286,255,298,311,288,268
1960,1959,1961,1965,1957,1963,316,291
313,286,332,320,311,347,334,380
321,303,316,1975,1978,292,1965,318
43,47,284,2184,2185,2182,285,2183
2152,2156,2153,2149,2158,2146,2180,2159
61,59,312,272,275,64,269,331
49,2197,2200,2194,2201,2193,2189,2203
329,330,395,298,292,318,333,364
286,260,380,304,288,281,302,320
64,61,308,331,293,314,67,59
304,347,329,286,332,330,298,349
67,69,341,315,64,331,301,312
380,301,260,341,314,69,331,67
1965,1963,1961,1960,1975,1959,1978,1957
2169,2165,2164,2168,2171,2166,2167,2181
395,328,310,364,305,368,292,321
1947,1949,2058,2056,2070,1948,1979,2063
334,380,336,304,72,332,341,322
1975,1978,305,1976,344,1972,1973,323
74,76,334,336,72,348,320,78
1974,1973,1972,1976,1970,1971,1968,1969
2140,2138,2136,2142,2145,2135,2144,2177
1981,1983,1984,1982,1988,1985,1990,1986
1993,1994,1992,1997,2069,1998,1991,1989
1996,1999,2000,1995,2002,2001,2007,2006
344,368,318,321,350,335,364,305
310,298,330,313,286,347,292,395
329,310,333,395,369,347,313,362
301,312,293,64,314,315,67,308
334,347,349,304,313,320,348,322
395,330,377,369,364,376,310,401
332,320,322,74,76,348,336,304
390,368,350,371,328,352,373,344
72,74,322,341,320,69,334,380
1987,1986,1989,1982,1985,1991,1981,325
2028,2032,2022,2034,2018,2036,2008,2003
1994,1998,1997,326,2069,1993,2003,2008
359,337,367,324,17,2132,2134,391
69,315,72,314,336,380,67,320
1507,1504,1505,1502,1501,1508,1499,1909
2116,2118,2115,2117,2114,2121,2122,2111
350,321,323,328,1976,1973,342,1972
339,353,361,387,2022,2032,338,2028
2096,2087,2086,2093,10,2092,2106,2172
332,313,349,362,304,330,329,334
78,76,370,322,334,349,80,74
332,347,362,370,348,334,365,78
342,344,335,352,328,1507,1504,1501
1478,1969,1966,1967,1968,1964,1962,1971
408,356,358,390,1530,1531,350,342
2051,2048,2042,1938,1941,2036,507,1943
1939,1940,387,507,1942,488,1980,1938
9,7,10,2087,382,2086,2093,346
394,366,390,352,372,408,335,-1
18,20,359,363,405,361,17,339
1531,1530,1525,1526,1519,1537,1538,1514
363,340,357,18,17,337,367,339
1509,1511,1512,1508,1514,1519,1907,1507
387,345,405,339,404,357,20,21
369,365,347,349,401,330,332,384
18,17,359,357,367,20,15,340
395,373,368,376,333,318,377,328
384,362,401,369,370,388,385,349
356,394,411,408,409,416,406,374
15,17,340,363,391,359,14,2127
373,328,364,335,371,318,376,350
377,401,362,333,330,365,384,379
80,78,348,385,349,365,81,76
427,372,373,390,335,383,368,375
427,394,371,390,375,356,399,335
376,368,364,371,383,335,377,427
1554,1553,1615,1552,1616,1551,1905,1605
399,427,372,381,394,406,400,383
373,377,364,379,333,401,383,378
369,401,376,379,333,364,373,384
383,437,379,402,399,376,392,427
401,377,378,437,376,384,386,369
315,320,260,311,341,304,301,336
398,426,375,406,400,470,399,-1
2082,2085,2077,2079,2084,2078,2081,2076
378,427,399,371,373,376,375,379
365,401,388,386,379,385,369,362
81,388,397,80,83,370,365,384
437,392,384,393,388,379,415,401
354,404,407,361,345,1939,423,507
385,384,397,83,393,81,386,365
5,7,453,4,439,382,461,355
335,372,356,371,352,394,350,427
2127,2126,2132,2130,2131,2134,2129,2135
415,437,402,386,396,378,393,452
412,513,388,386,83,397,415,451
356,372,366,406,375,390,409,427
333,318,364,310,330,368,329,328
402,452,415,392,419,425,455,451
83,81,385,412,388,85,393,80
426,381,470,448,403,438,406,413
383,427,375,400,378,402,372,381
419,399,381,402,426,440,375,-1
377,369,379,384,365,362,376,386
392,396,437,378,400,419,399,415
448,460,441,447,426,398,436,440
420,407,387,361,24,405,21,422
21,20,361,24,357,420,404,18
409,470,394,381,413,375,366,398
404,387,423,429,354,420,422,424
1551,1553,1552,1554,374,1547,1905,1548
413,416,406,414,470,366,411,432
1466,1465,1467,1468,1470,1464,1479,1463
1616,1615,434,416,1605,1606,1902,374
85,513,83,393,397,87,421,428
470,409,438,414,418,406,416,484
432,413,484,416,409,418,472,438
392,451,396,452,393,386,513,402
411,409,432,414,366,1641,1642,434
12,2111,10,2106,2114,2110,2115,343
484,433,438,436,414,413,456,444
440,400,396,425,402,426,431,-1
24,404,422,30,21,407,405,387
590,513,467,521,496,428,87,412
30,430,420,32,24,424,407,404
488,429,1953,354,1951,1955,1942,1952
445,458,430,429,422,481,407,32
455,431,474,452,419,396,440,478
398,440,381,403,400,441,448,419
371,372,383,399,375,390,373,378
87,89,467,85,421,412,482,92
423,442,1463,1462,424,1464,407,1465
32,445,422,30,35,424,446,420
474,530,425,440,441,462,455,419
435,414,1649,1653,416,1642,1650,1643
456,444,418,487,465,484,436,443
1606,1902,1605,1616,1615,1641,1642,411
1661,1654,1662,1653,1900,1650,1649,1675
443,438,448,447,418,444,433,403
378,392,386,379,402,401,384,415
470,413,436,448,418,398,414,447
6,8,461,2071,389,2072,453,2073
419,426,431,400,441,425,403,-1
460,462,403,431,440,476,530,426
1462,1955,1956,1463,1958,1954,1962,1464
436,444,447,449,489,433,448,465
443,433,465,489,436,464,449,418
430,35,446,481,32,424,37,454
35,37,445,485,32,430,454,38
443,449,448,460,436,403,515,438
403,438,447,436,398,470,460,443
447,515,443,489,519,503,460,444
1481,1485,1486,463,1482,535,1474,1480
513,590,415,452,421,468,393,412
455,396,468,415,451,425,590,392
4,5,2,389,439,568,457,1
481,486,463,485,37,38,498,446
425,452,478,468,474,431,396,516
605,433,473,484,487,418,472,480
3,1,568,477,6,0,2,453
481,450,424,410,1472,429,1471,1474
1469,1475,1476,1488,1912,1477,1494,469
441,403,447,515,462,449,476,448
2073,2074,2072,2071,2075,2076,2077,2078
476,530,441,501,460,431,515,527
450,459,481,525,1482,1481,1487,1469
489,465,503,492,466,495,719,444
444,464,552,489,495,487,433,443
719,495,512,464,586,492,494,465
89,482,421,428,496,87,92,510
504,455,452,478,590,516,521,451
1477,1476,1475,1912,1494,1469,459,517
413,438,398,406,409,381,448,436
2088,2083,2089,11,2080,2094,2095,2097
1677,605,1680,1675,1676,1678,1685,1681
605,1727,1723,487,1728,1729,1895,1719
431,530,425,455,478,549,545,-1
38,39,541,498,485,37,499,41
462,526,515,501,527,460,441,530
0,1,3,457,568,2,6,-1
516,455,549,468,474,479,504,425
505,549,516,584,478,491,614,483
1711,1715,1718,1709,1719,1723,1703,1702
458,463,454,445,450,424,446,35
496,92,510,467,89,520,94,428
584,505,588,542,546,509,479,566
418,456,472,414,605,433,432,413
37,38,475,446,454,35,39,498
514,498,469,459,454,1469,1477,1475
552,473,493,456,465,433,502,605
1945,1944,1942,1946,1940,1980,1950,1939
503,464,444,449,443,465,519,492
1506,1513,1510,1503,1500,1515,1498,1497
516,614,504,538,553,479,497,584
719,503,464,506,524,466,494,489
552,487,508,502,473,1764,1750,495
719,528,586,506,529,544,492,466
552,466,465,464,512,508,493,555
482,521,467,421,538,520,590,89
538,554,520,553,491,496,565,614
475,499,39,541,486,514,38,41
498,41,541,39,514,551,523,500
607,551,42,574,523,562,44,499
527,530,462,476,545,581,526,566
1737,1731,1730,1738,1732,1729,1895,1739
489,519,492,464,449,515,524,522
516,538,468,491,521,478,590,479
479,566,549,483,584,588,545,581
524,529,494,600,492,719,536,528
1938,1941,1939,1980,1943,1940,1942,1944
555,493,518,1781,567,543,1777,1773
614,563,584,542,553,483,565,-1
92,94,482,89,520,533,467,96
1687,1686,1688,1685,1691,1681,1692,1680
586,466,555,561,544,495,719,508
451,412,421,590,393,85,415,83
486,469,498,499,523,1477,564,1476
519,449,476,460,526,522,503,447
504,478,491,479,468,549,538,614
1494,1477,1912,469,1476,1498,490,1497
1777,1773,1881,1769,1781,1764,1762,567
515,503,522,449,526,489,524,492
533,497,554,482,496,510,94,538
590,496,504,538,421,468,467,482
547,519,526,524,515,532,503,536
598,564,500,514,499,562,469,551
506,536,492,522,600,547,519,503
1487,1482,1481,1910,1486,1485,1488,1493
527,522,476,547,515,531,519,501
501,526,581,531,476,545,537,462
529,494,572,544,559,586,506,600
528,600,559,506,494,536,524,540
462,501,431,474,545,441,476,527
603,547,532,537,527,526,580,581
547,603,531,536,594,540,522,576
96,520,94,534,98,556,554,510
98,103,556,569,96,533,608,108
1480,1484,1474,1491,1906,1495,1473,1496
600,540,524,532,547,506,529,522
581,580,539,531,639,603,527,588
497,504,491,521,496,520,553,516
639,588,537,571,546,580,581,557
576,536,600,577,585,594,532,559
39,41,475,499,498,38,551,42
560,483,509,546,550,584,563,602
583,1801,1805,1791,1789,1802,1790,1795
586,572,561,512,528,494,575,657
566,549,581,501,530,505,527,474
571,602,560,539,542,588,483,639
532,522,531,526,536,524,603,519
1751,1750,1748,1747,1762,1764,1744,1890
479,505,545,566,478,474,516,530
589,627,560,542,618,697,563,602
42,41,500,607,499,44,541,39
493,495,487,465,508,473,466,464
614,565,497,491,509,554,538,584
497,520,556,565,608,533,553,538
508,543,512,561,567,1789,495,1790
608,534,554,569,533,98,565,620
597,639,571,611,580,613,539,602
1570,1569,1571,1582,1568,1591,1899,1581
577,529,600,528,587,540,578,-1
542,550,602,546,589,697,571,483
544,575,512,555,595,543,586,657
612,624,574,598,500,523,591,593
509,616,627,565,542,550,553,614
517,598,523,469,606,514,1477,558
608,553,554,616,563,556,497,509
545,581,588,505,549,483,479,539
1789,1790,1781,1791,1792,1795,518,1881
1,2,457,477,0,3,453,4
103,622,534,108,556,646,98,620
1656,1667,1663,1655,1666,1657,1651,1645
557,546,639,602,539,613,611,597
544,528,657,662,578,575,494,586
1595,1596,1597,1609,1608,1610,1621,1620
607,652,44,500,562,45,591,650
657,623,655,561,595,544,572,610
665,585,594,540,582,669,577,670
559,585,670,540,587,576,684,600
662,638,587,572,667,559,642,528
1612,1599,1611,1598,1600,1601,1629,1622
639,603,537,582,557,594,539,531
566,537,545,527,588,539,501,531
594,689,580,665,603,597,576,592
1801,1802,1805,1800,1798,1796,1807,1795
483,614,509,479,505,542,491,553
670,576,665,669,577,540,592,594
512,494,719,544,466,528,561,572
638,684,578,577,559,596,670,672
566,539,483,505,581,546,537,545
550,697,636,560,618,602,627,619
521,421,451,513,468,496,467,504
645,624,671,650,631,574,46,562
689,669,665,654,609,643,629,582
1520,1527,1533,1539,1534,1540,1541,1545
582,576,603,532,665,540,580,689
1812,1815,1813,1809,1816,1810,604,1807
672,722,684,710,587,638,744,706
557,643,611,689,582,639,580,571
523,564,562,606,593,612,1520,1527
1567,1566,1579,1901,1589,1580,1590,1544
536,529,540,506,559,524,577,528
1618,1619,1627,1620,1621,1608,1626,1617
697,613,560,546,571,589,619,550
580,532,531,594,582,537,547,639
1822,1823,1819,1829,1818,1830,1817,1816
480,473,472,456,1709,1718,1711,1715
573,593,1533,1539,1520,1527,598,1534
44,42,500,574,652,551,45,41
565,556,620,554,616,569,534,-1
629,640,643,592,654,617,689,693
655,1829,604,1830,1834,1823,1822,1835
658,613,597,557,643,571,617,619
1521,593,624,1522,1528,562,1520,1535
611,602,619,697,658,571,557,677
553,584,509,491,479,516,483,563
641,1928,1932,1926,655,1933,1922,674
563,633,627,565,620,608,626,-1
658,663,656,640,630,609,643,611
644,627,626,589,550,651,660,636
677,697,613,636,658,679,602,656
633,646,608,687,616,569,556,565
1832,1831,1826,1868,1834,1825,1835,1824
108,760,569,113,646,103,625,700
655,657,575,647,615,642,610,662
612,591,562,1516,631,1523,1522,1517
700,646,760,113,622,687,117,690
633,644,637,687,648,618,616,627
550,618,563,616,626,589,633,560
707,645,692,671,50,48,713,747
609,693,640,654,664,685,592,-1
635,656,663,695,661,617,677,717
1517,1892,1518,1529,1524,1516,1536,1543
676,647,641,634,615,668,666,642
626,687,620,616,637,646,627,-1
642,647,632,667,649,668,676,699
630,663,661,680,715,695,656,717
679,589,651,697,619,659,677,618
687,690,648,626,633,698,625,646
667,578,587,672,662,649,596,642
557,580,539,571,537,597,546,603
609,629,663,664,617,680,693,-1
681,666,615,1935,1932,1933,1928,1934
647,667,662,634,657,623,638,578
689,597,609,592,611,617,582,658
660,618,673,648,626,651,637,-1
692,631,591,1518,1524,628,1529,1517
687,620,622,625,569,760,108,633
642,632,623,634,667,615,657,662
673,637,644,698,626,812,690,660
672,667,706,699,634,638,596,642
45,46,652,671,591,747,574,48
659,660,683,636,644,679,618,673
45,44,650,607,574,46,42,500
1557,1550,1561,1574,1546,1543,1536,1584
669,685,592,629,693,609,670,665
610,623,615,575,674,604,595,1829
677,630,695,658,617,663,619,678
575,623,572,662,642,544,647,655
611,617,613,656,677,619,643,597
683,651,679,688,752,678,636,660
673,644,651,683,812,648,708,618
635,717,715,726,630,695,764,-1
578,642,667,657,572,638,647,623
635,630,640,617,680,656,664,609
686,680,640,748,629,693,682,663
669,576,585,592,689,582,594,670
641,681,704,709,1935,725,1934,676
642,638,649,662,634,578,672,647
730,676,699,634,709,632,780,786
665,654,592,585,670,685,576,689
585,684,669,577,710,685,665,654
46,747,48,650,591,628,645,45
596,649,638,706,722,667,587,744
812,648,660,644,708,698,683,651
1921,1922,1926,1843,1845,1839,1840,1844
1639,1630,1636,1623,1647,1624,1640,1658
668,632,709,666,634,730,641,786
619,656,679,658,695,678,636,630
695,679,694,688,677,717,659,656
678,677,636,659,619,651,695,688
664,635,732,663,715,682,686,640
1935,1934,1933,1929,1930,1932,1928,1931
756,732,741,686,680,1033,727,703
659,752,651,660,708,688,771,673
710,670,596,587,722,577,685,672
654,693,710,669,670,629,712,684
748,703,664,682,756,680,693,-1
637,633,646,620,626,625,690,648
694,659,678,752,750,683,679,721
592,582,643,665,597,669,594,609
702,637,698,696,625,648,716,687
1586,1587,1577,1603,1878,1578,1613,1563
1518,1524,1529,645,1536,711,1543,701
629,685,654,748,664,712,609,640
688,764,717,678,721,695,750,-1
678,630,656,717,677,661,694,635
716,702,735,742,757,698,690,743
619,602,589,613,636,560,550,677
716,690,648,812,696,739,673,702
668,649,714,706,730,780,634,720
117,113,760,625,743,121,702,622
1562,1576,1575,1592,1602,1585,1623,1584
690,743,696,698,625,716,700,735
686,748,756,728,784,829,682,712
709,961,824,786,666,725,676,-1
1833,1836,1827,1828,1821,1842,1841,1866
744,672,649,720,699,722,596,782
711,628,713,692,737,718,51,50
812,771,761,739,673,683,752,660
704,786,676,666,668,730,824,961
684,685,722,596,670,712,654,693
701,691,707,692,1562,1576,1586,1603
748,746,728,693,710,685,722,703
51,50,737,707,628,53,48,747
720,766,780,699,762,706,730,782
732,745,661,727,680,635,726,820
696,698,742,739,702,757,690,812
764,694,661,695,726,678,721,630
1558,1563,1564,1578,1878,1577,1559,691
494,466,586,492,506,512,464,528
782,714,762,706,744,766,783,699
751,764,729,750,694,825,765,688
596,744,710,672,746,684,706,712
1876,1560,1565,1559,1588,753,1593,734
1924,1925,1923,1927,1920,1936,1931,1930
961,733,793,724,666,731,704,808
773,801,661,764,745,717,715,729
732,741,745,820,736,715,682,738
784,746,774,703,712,748,-1,-1
825,801,721,764,765,770,751,726
668,780,786,699,809,709,676,866
733,849,880,961,892,965,725,1032
727,715,682,741,680,745,756,820
1032,793,725,731,961,892,806,894
55,53,723,753,737,56,1876,1560
125,778,757,696,814,853,121,743
759,741,754,727,738,820,821,769
51,53,713,734,707,50,718,55
820,787,769,736,759,767,772,745
716,812,742,836,761,708,698,696
781,723,1565,749,753,1588,1560,1637
727,682,732,736,1033,756,754,820
757,716,696,739,797,836,794,755
121,702,117,700,778,735,696,125
722,746,706,782,720,596,672,-1
820,727,715,773,732,726,787,738
744,728,712,774,782,722,784,-1
48,671,46,50,628,650,713,591
686,703,712,664,693,728,-1,-1
1637,1625,1648,1614,1652,1604,1593,1588
828,751,752,721,688,771,694,999
721,999,750,765,729,827,828,825
683,771,750,688,659,828,708,-1
56,55,723,734,740,758,58,1565
1033,821,810,736,741,990,759,829
799,794,797,926,832,757,893,742
682,1033,829,741,703,686,754,732
742,794,735,696,814,755,716,797
58,56,60,781,779,753,740,768
736,769,821,788,738,777,754,820
113,700,622,108,117,625,646,569
1116,708,771,836,739,789,812,828
783,720,811,782,807,766,714,795
1679,1689,1682,1693,1696,1674,1699,1865
717,721,694,729,726,801,688,751
825,785,999,751,835,729,770,871
780,714,822,807,762,809,720,-1
787,772,869,776,805,738,769,820
60,62,873,779,58,817,758,63
772,759,775,738,788,736,767,777
825,805,801,800,729,765,835,1156
708,761,828,752,789,1116,750,683
775,769,767,776,738,792,787,869
801,726,787,745,805,820,770,729
784,728,783,746,838,782,837,-1
772,850,769,788,792,816,776,819
869,830,790,772,792,767,1156,775
788,821,803,759,816,990,921,769
125,121,735,853,129,743,814,117
781,768,817,60,796,758,58,1683
730,766,714,809,699,668,866,822
740,779,758,796,58,1637,749,60
720,744,783,762,746,774,706,714
762,782,774,795,811,838,720,947
728,774,837,703,829,838,746,-1
765,999,871,835,804,831,827,751
709,866,824,704,730,809,798,676
738,767,820,773,745,805,772,769
777,816,769,775,759,803,821,850
1116,828,881,827,761,771,846,856
1156,869,868,776,830,1027,805,800
1913,1848,1846,1847,1841,1842,1845,1844
850,830,775,889,776,772,819,-1
808,733,725,1032,1919,927,724,1920
757,755,814,832,818,742,799,735
811,947,852,783,861,838,762,-1
1683,1690,1858,1684,817,1701,1700,1705
926,755,836,846,802,799,742,794
885,866,823,848,824,882,106,104
926,755,893,832,797,841,902,794
1156,863,770,805,877,835,868,869
773,729,825,726,770,764,805,-1
926,952,841,846,797,856,799,836
813,878,777,816,815,788,921,-1
835,831,867,785,1041,871,863,896
869,1156,770,767,800,787,773,790
1228,1032,927,894,929,793,733,994
822,811,983,766,762,858,888,861
1918,1919,1917,1916,1920,1915,1937,1914
866,823,780,834,730,786,109,766
990,839,754,829,1033,907,821,837
795,807,762,861,983,783,852,947
708,673,739,698,648,660,761,716
816,803,843,815,819,845,899,878
853,129,847,818,794,735,125,133
878,919,899,855,803,813,991,934
813,788,803,819,850,775,777,843
1684,1683,1694,1690,1858,1697,898,796
847,814,832,133,840,860,794,129
850,843,816,897,813,854,792,889
745,738,727,787,736,773,741,732
754,777,990,759,810,736,788,921
834,807,888,109,766,112,858,809
834,866,106,109,848,809,798,104
885,704,786,798,961,849,866,709
770,729,765,801,835,751,721,785
1716,1722,1717,1714,1726,1710,1736,1735
871,881,999,789,828,751,785,750
750,771,789,827,752,751,999,1116
1033,837,756,810,839,784,754,703
776,917,790,792,1027,889,869,906
1041,804,950,867,871,895,785,915
893,818,794,799,755,842,814,840
898,918,817,1684,1694,875,1697,879
109,823,822,888,112,106,809,848
804,785,765,863,800,867,825,770
1116,846,797,761,739,742,802,789
839,829,784,838,905,810,774,-1
947,905,837,774,795,783,784,839
810,905,837,907,829,990,887,940
136,860,818,140,842,928,133,884
802,926,902,952,923,799,937,862
901,893,928,840,832,944,818,-1
819,854,845,813,816,897,850,-1
1814,1820,1811,1808,927,1821,1806,1828
843,854,899,859,851,813,-1,-1
802,1116,836,856,797,926,789,952
133,129,853,860,818,814,136,125
106,104,823,798,882,109,101,834
885,965,731,824,880,882,961,920
819,792,775,816,889,772,843,788
903,900,908,859,845,899,174,909
971,861,872,947,795,1057,957,940
129,125,814,847,778,133,735,818
843,845,897,874,859,865,819,958
991,934,878,815,911,919,857,921
952,1097,881,846,802,862,950,789
911,981,991,931,963,1016,855,934
116,983,888,112,870,120,822,807
886,874,845,854,851,900,864,939
136,133,847,840,818,140,129,853
983,1057,852,811,971,795,858,949
1097,952,1010,923,856,941,938,1007
800,877,896,835,867,1156,868,804
874,1018,904,886,865,876,859,924
874,958,876,864,854,897,933,1018
809,823,798,786,824,885,834,848
896,804,915,1041,831,863,835,954
974,877,1027,790,1156,935,863,800
790,1156,776,805,767,830,800,772
120,116,124,858,1057,1031,983,949
827,785,999,881,831,804,950,765
940,931,852,957,887,911,947,971
62,63,768,1125,60,817,779,833
865,864,859,854,886,1018,876,958
1761,1760,918,1759,1766,1853,898,1717
1018,948,865,958,864,916,913,933
868,863,974,910,896,800,1156,1027
815,921,803,855,934,777,907,990
918,967,890,986,833,1089,1130,875
892,930,731,965,985,849,992,1106
827,871,789,856,950,1097,999,828
101,920,885,104,848,965,798,100
1705,1700,1713,1701,1854,1721,1725,1696
144,140,912,928,148,136,840,860
798,849,824,882,965,866,920,848
939,859,900,178,864,874,924,176
907,940,934,921,905,911,872,839
112,858,109,834,116,822,983,106
977,906,792,897,917,830,850,819
65,1125,66,1089,63,879,833,873
1741,1745,1753,1850,1725,1721,1740,1712
880,930,894,1032,992,731,733,925
832,799,842,902,755,901,926,818
1032,892,929,806,925,992,943,733
1041,1056,1010,1007,950,831,915,1097
867,910,863,877,915,954,804,974
958,977,889,854,819,865,933,843
1694,1697,1707,1684,1706,1710,1683,1714
919,815,845,908,984,851,813,-1
176,939,886,178,174,909,851,903
842,914,944,979,928,893,902,945
937,841,893,799,914,923,901,926
851,922,909,908,174,168,900,176
183,1018,916,942,864,924,181,186
940,839,838,947,837,887,907,872
977,917,1034,1169,889,946,933,830
887,921,990,839,810,934,905,940
984,903,922,919,851,899,989,168
174,168,903,176,900,922,851,160
966,896,974,1019,877,954,1013,935
857,934,931,855,991,887,872,940
148,144,884,976,960,153,140,928
959,948,933,1169,1070,876,1043,946
979,901,1014,969,937,902,945,944
1041,867,954,896,1063,1056,895,831
1018,980,904,953,942,951,183,876
906,1027,1034,830,889,935,977,790
875,879,833,967,932,898,1761,1760
984,899,815,908,991,855,-1,-1
100,882,965,101,1106,962,1000,849
907,990,878,934,887,803,777,821
168,160,903,989,908,909,174,156
938,937,862,841,952,902,941,956
181,178,183,904,939,942,886,864
992,943,997,894,929,1048,1134,930
802,799,797,841,755,846,952,902
844,808,1916,1918,1228,806,1917,1915
944,842,884,840,901,960,912,144
943,894,1003,806,1228,994,925,968
992,892,880,985,998,925,894,1060
957,872,911,857,971,981,1030,940
967,1035,955,936,875,1766,918,1853
958,1169,977,913,906,865,876,897
855,911,887,878,921,907,991,857
1019,974,1027,970,1034,917,868,910
995,1130,967,932,964,1035,1021,978
902,923,1014,956,938,914,841,-1
923,941,956,987,937,862,1007,1028
178,176,900,886,924,181,174,859
905,872,887,947,907,839,852,931
1007,938,993,987,1010,862,923,895
183,186,951,904,916,181,924,189
1048,1003,925,929,1012,997,1020,894
928,960,901,979,945,1065,842,914
979,1065,982,944,988,960,969,914
1169,1070,1034,996,970,906,913,959
795,838,905,940,852,872,783,811
953,913,876,972,959,1043,916,1018
1057,1031,971,124,1030,128,957,120
1097,1010,831,895,1041,881,871,856
186,942,189,1001,980,183,916,904
862,856,802,1097,841,923,846,926
972,948,980,916,1011,1043,876,1018
1063,1013,915,910,896,966,1053,867
1776,1035,1022,1772,1779,1778,1853,1766
1028,938,1014,937,987,1029,923,1115
931,971,1030,949,872,1039,981,852
933,865,897,977,876,1169,874,854
1043,913,1070,1062,948,972,1169,946
1065,944,976,912,148,928,945,153
725,704,824,731,733,849,666,709
100,105,101,1094,1000,920,1106,975
991,1016,857,1004,984,1082,981,989
1058,1021,995,1064,936,1130,1012,1114
920,849,880,1106,882,885,731,985
1019,910,1013,954,973,1042,974,935
1130,936,932,879,918,986,978,875
1003,1035,994,995,1012,1022,929,955
1014,982,1080,979,914,1029,945,988
996,1042,935,946,1034,1019,1070,1086
957,949,1057,852,861,1030,931,872
953,1043,948,1061,959,1025,1011,980
1042,1071,1059,966,1013,1108,1019,1086
868,877,935,1027,1019,910,966,896
1000,1090,1128,1085,1225,962,105,100
153,148,1101,960,912,158,1015,1065
906,889,933,958,897,1169,917,1034
986,1130,1021,1046,1072,1050,967,936
945,914,969,901,944,982,1014,1065
953,1011,916,951,1001,186,972,942
1016,1039,857,963,1030,931,957,1082
988,945,969,1080,1036,979,1065,914
858,861,1057,807,811,116,870,888
919,908,991,963,989,899,922,1004
1106,1060,930,998,880,1000,965,992
978,1089,1050,68,1130,879,1046,66
993,1005,1028,941,938,956,1115,1009
982,1036,945,1065,1054,1017,1067,1093
160,156,1004,922,168,984,908,151
810,907,921,821,839,754,777,887
855,963,857,984,919,911,934,815
930,925,998,1134,892,997,894,985
941,1007,987,1026,1009,1056,1005,-1
1228,1002,968,1022,929,1003,1035,806
936,1035,968,1012,1058,964,932,1003
970,1070,946,1086,1042,1034,1062,959
1134,1075,1020,925,992,1048,943,998
1134,992,1060,1055,985,930,1091,997
785,827,751,871,765,881,828,835
1106,975,100,1090,962,1060,105,920
189,201,951,186,1008,980,1045,1011
1228,994,1022,1006,844,1794,1793,1797
968,943,1012,929,1048,994,995,1035
156,1082,989,151,963,1016,160,984
1115,1158,987,1028,1037,1009,1171,993
1799,1797,1804,1851,1803,1806,1793,1794
941,1010,895,993,1056,862,938,1097
203,201,1045,205,1049,1001,189,1069
1143,1026,1171,993,1005,1136,1158,1087
1097,1007,950,895,862,941,1041,831
980,1025,1045,953,972,1001,951,1132
1058,1048,1003,1114,995,968,943,964
966,954,1059,1053,1063,973,910,1019
969,914,956,937,1029,979,1080,1028
1101,1083,1054,158,1023,976,153,1138
981,1082,963,1040,1039,1004,857,151
1067,1068,1023,1036,1051,1054,988,1077
916,904,876,864,948,874,865,953
935,966,974,910,970,1042,973,1027
1048,1075,997,1114,1092,1104,943,1012
978,964,1072,1130,1046,1076,936,1064
955,994,1002,1035,1785,1780,1779,1052
1083,1054,1017,1015,1068,1024,1152,1138
1099,1152,1044,1068,1083,1084,1023,1153
1132,1061,1011,1088,972,1045,1145,953
1009,993,1143,1053,1056,1063,1087,-1
868,917,935,974,830,790,1034,877
1115,956,987,1029,1005,1037,1113,938
1113,1080,1028,969,1014,1115,956,1037
1039,957,1038,949,132,128,1031,971
124,128,949,120,132,1030,870,1057
894,806,733,793,892,929,731,1228
754,829,756,741,810,682,736,821
946,917,906,935,970,1169,1027,996
955,968,932,995,1022,994,936,1776
1093,988,1067,982,1017,1080,1077,1096
1115,1113,1158,1121,1129,1005,1142,1028
132,137,1039,1030,128,1047,141,1031
981,1030,1038,1016,137,1040,132,957
145,141,1047,1082,137,1016,151,1039
831,895,915,867,950,804,1056,1010
973,970,996,1019,1086,966,1071,935
959,972,1062,1061,1066,913,948,1070
1161,1068,1024,1206,1084,1051,1150,1099
1008,1011,201,1069,203,1025,1088,1001
1098,1078,70,978,1072,71,1050,986
141,137,1040,145,1038,132,1039,-1
1020,943,1012,1114,1003,997,1058,925
205,1148,207,1073,203,1008,1069,1074
68,70,1089,1098,986,66,1046,978
1117,1068,1147,1067,1206,1017,1044,1077
1783,1782,1784,1786,1787,1785,1788,1780
1063,1026,1105,1013,1059,1087,954,1056
1023,1015,1065,988,1083,1017,1101,960
1134,1109,1157,1198,1091,998,1075,1060
895,1063,1026,1007,915,1041,993,1053
949,861,971,983,870,120,124,1031
1012,964,1114,995,1064,1048,936,1003
1105,1013,1122,973,1108,1053,1087,-1
985,998,1091,1090,1106,1000,1055,930
1066,1132,1025,1043,972,1111,1062,1145
1066,1086,1043,1079,959,1070,1107,996
1053,954,1056,915,1013,1026,1041,-1
1076,964,1114,1205,1058,1092,1021,1072
960,945,1054,944,988,976,979,982
1061,1111,1062,1107,1043,1079,1132,1185
1077,1017,1093,1036,1051,1117,988,1068
1051,1017,1044,1024,1023,1067,1083,-1
1172,1148,1088,1049,1045,1139,1074,1008
946,959,996,1169,913,1062,1043,1086
1108,1146,973,1079,1086,1042,1120,-1
1078,1076,1021,1046,978,1103,1064,964
207,209,1148,1118,1074,1049,205,1100
1212,1148,1073,1100,1118,1172,1203,209
1198,997,1020,1134,1104,1055,1109,1048
1190,1072,1064,1205,1103,1078,1021,1181
1067,1093,1102,1117,1036,1051,1112,1096
1081,1072,1046,71,73,1103,75,1098
1107,1146,1086,1062,1071,1151,1066,-1
969,1029,982,1036,1096,1113,1093,1014
73,71,1078,75,1103,1098,1046,70
151,1004,1016,145,1040,156,963,981
1015,1023,1138,1152,163,158,1024,1054
1150,1099,1123,1119,1044,1161,1153,1024
975,1094,1128,110,1182,105,1141,1095
1062,1079,996,1071,1042,1070,970,1146
1143,1105,1140,1136,1053,1122,1026,1009
1145,1132,1069,1172,1025,1139,1045,1154
66,68,1050,986,890,65,879,70
975,1000,1225,1060,1128,1091,1218,1106
1157,1060,1218,1055,1090,998,1225,1109
1114,1124,1104,1020,1064,1205,1075,-1
1036,1077,1067,1096,1102,1080,988,1017
110,105,1085,962,114,1141,100,101
1182,1144,1127,1141,1085,1110,1128,-1
1121,1102,1093,1113,1126,1080,1077,1142
1010,950,862,856,952,881,895,1007
70,71,1050,1046,68,1078,1081,986
1153,1084,1024,1152,1119,173,1164,170
1118,1188,1212,1074,211,209,1073,1162
158,153,1015,976,163,1083,148,1138
1112,1096,1077,1093,1126,1121,1117,1202
75,1174,77,1190,1078,1076,73,1081
1124,1198,1092,1187,1075,1137,1020,1109
1122,1087,1059,1053,1140,1133,1143,1108
1000,985,100,920,965,1060,962,1090
1079,1151,1111,1066,1185,1146,1062,1175
1071,1146,1122,1120,1298,1059,973,1105
1198,1157,1055,1329,1187,1178,1075,1104
1182,1297,1128,1225,1273,1173,1144,1095
1185,1066,1107,1132,1145,1061,1154,1151
1202,1102,1126,1165,1186,1077,1313,1117
1121,1037,1029,1096,1115,1080,1142,1028
1058,1092,1020,1048,1012,1064,964,-1
1028,1005,1037,1158,1113,1029,987,956
789,761,846,836,771,828,856,881
1077,1051,1165,1192,1147,1067,1102,1112
209,1100,211,1073,1074,207,1162,1212
175,1123,1153,173,1099,1084,177,1131
1146,1298,1108,1196,1151,1242,1071,1200
1113,1096,1142,1126,1037,1102,1029,-1
1105,1133,1298,1059,1108,1140,1087,1262
1119,1131,177,1084,175,1135,1150,1254
1104,1092,1137,1210,1166,1205,1187,1253
63,65,890,873,62,66,833,1089
1202,1142,1112,1102,1121,1096,1224,1170
1310,1095,1208,1229,1141,1207,1246,1144
1225,1182,975,1110,1085,1090,1095,1273
1193,1199,1155,1037,1142,1158,1163,1170
978,936,967,1021,986,964,995,879
177,179,1279,1123,1254,182,175,1119
1025,1145,1088,1061,1111,1066,1011,-1
1180,1262,1298,1122,1140,1105,1242,1286
997,998,1055,1075,992,1198,925,1020
185,1217,1368,1150,187,184,1123,1254
1171,1149,1140,1143,1087,1155,1009,1180
1187,1253,1124,1166,1244,1104,1329,1210
163,170,1152,1164,1083,158,1015,1101
1203,1172,1154,1220,1145,1088,1201,1069
1180,1136,1149,1133,1087,1122,1105,1143
114,1229,118,110,1095,1127,1085,1094
1121,1126,1129,1170,1199,1037,1202,1113
1009,1087,1136,1026,1171,1140,1053,1105
1173,1095,1256,1182,1219,1127,1110,1297
1088,1132,1154,1139,1111,1172,1185,1025
1120,1071,1079,1151,1108,1107,1298,1086
1206,1192,1051,1117,1159,1183,1161,1165
1049,1073,1074,1069,1172,207,205,1118
1136,1180,1140,1184,1163,1171,200,1251
1368,1084,1135,1161,1195,1123,1217,1044
1200,1107,1146,1175,1120,1185,1079,1196
1164,1138,170,1024,1099,1153,1083,163
173,1164,1099,1119,170,1152,175,1084
1139,1201,1220,1145,1185,1203,1232,1172
1171,1158,1193,1163,1129,1136,1149,-1
800,790,869,805,868,863,877,776
1109,1091,1055,1218,1178,1176,1329,1198
1005,1155,1037,1115,1171,1129,1009,-1
191,190,1213,192,1183,1147,1195,1206
1212,1188,1233,1189,1167,1203,1100,1074
1206,1195,1044,1150,1368,1084,1147,-1
213,211,1223,215,1168,1118,1100,209
1193,1237,199,1155,1251,1191,198,1149
170,173,1152,1153,1138,163,1099,1083
1192,1186,1112,1117,193,1183,194,1202
1253,1250,1210,1137,1272,1124,1194,1244
1220,1232,1233,1203,1160,1201,1139,1234
1177,1188,1209,1223,1162,213,215,1100
946,933,906,913,1070,977,1034,959
196,1224,1243,1199,197,1142,1202,195
1155,1136,1158,1143,1009,1149,1005,1163
1069,1139,1203,1148,1088,1074,1145,1220
1144,1297,1219,1252,1263,1110,1256,-1
77,1103,1204,75,79,1181,1190,1194
1200,1211,1185,1151,1201,1196,1265,1107
1218,1257,1273,1221,1178,1320,1157,1225
1168,1189,1209,1216,1188,1222,1226,1160
1329,1179,1221,1109,1157,1176,1187,1303
1244,1275,1303,1329,1178,1276,1187,1253
1140,1133,1149,1184,1262,1286,1136,1122
1190,1194,1204,1210,1205,1174,79,77
1110,1128,1095,1085,1144,1225,975,1297
192,193,1192,191,1159,1165,1147,1186
200,1180,1251,1286,1149,1197,1262,202
1111,1175,1107,1154,1151,1201,1145,1211
194,193,1313,1165,195,1202,1112,1183
1329,1137,1104,1198,1109,1124,1179,1244
1100,1212,1168,1160,1177,1189,1118,1074
1177,1226,1216,1160,1233,1188,1168,1212
1205,1181,1076,1103,1174,1210,1204,77
198,1237,1243,197,199,1193,1199,1163
1165,1147,1183,1117,192,193,1186,1206
1163,1199,1129,1155,1191,1237,198,1243
1204,1181,82,1250,1214,79,1210,1166
1161,1368,1206,188,1150,1213,187,1217
1200,1238,1242,1236,1120,1151,1175,1298
202,200,1231,1268,1325,204,1251,1184
1109,1075,1104,1187,1055,1134,1329,1020
1243,1193,1170,1129,197,1191,1142,198
1175,1196,1151,1238,1211,1120,1185,1265
1220,1232,1154,1211,1167,1139,1185,1215
1126,1112,1224,1313,195,1186,194,1170
1139,1172,1220,1212,1167,1074,1160,1154
79,1194,1181,1174,77,82,1214,1190
1190,1210,1076,1181,1064,1124,1092,-1
1161,1147,1195,1044,1051,1159,1192,1150
122,118,1229,1208,126,1309,1127,1310
1310,1207,126,1309,122,1248,1127,130
1177,1168,1222,1255,1223,1249,1281,1216
1166,1205,1181,1124,1194,1250,1190,1137
1175,1215,1265,1201,1232,1200,1185,1238
1160,1100,1074,1188,1203,1118,1172,1189
190,188,1159,1195,191,187,1368,1217
82,84,1194,1260,1250,1230,79,1204
1265,1293,1232,1211,1201,1234,1288,1285
1226,1222,1189,1177,1324,1269,1209,1277
187,185,1135,1368,188,184,1195,1150
1176,1091,1273,1225,1157,1090,1257,-1
1300,1252,1173,1256,1280,1144,1240,1338
1167,1201,1154,1139,1203,1232,1172,1233
1320,1227,1176,1257,1178,1303,1267,1241
1216,1277,1209,1255,1177,1269,1239,1226
215,213,1162,217,1249,1168,1209,211
195,196,1313,1170,1202,194,1126,197
1128,1090,1273,1218,1110,975,1182,1091
1216,1189,1324,1233,1247,1234,1177,1160
1241,1320,1221,1303,1267,1371,1179,1257
1002,994,806,927,929,844,1022,1032
118,1141,114,1207,122,1127,1208,110
1272,1260,1250,84,86,1214,1271,1259
1286,1268,1236,1197,202,1242,1325,1184
1201,1167,1215,1220,1211,1233,1234,1154
1167,1234,1160,1189,1226,1232,1220,-1
1293,1233,1247,1339,1226,1215,1232,1167
130,134,1305,1309,1248,126,1208,1270
1242,1231,1286,1238,1196,1262,1245,1268
199,198,1191,1163,1251,200,1193,1243
1196,1236,1265,1285,1200,1242,1245,1211
1255,1278,1266,1277,1307,1222,222,1289
1409,1300,1292,1338,1252,1346,1322,1264
1371,1227,1267,1351,1261,1303,1320,1274
1236,1262,1196,1286,1298,1120,1231,1238
197,1191,1199,1170,198,196,1193,1224
1276,1253,1179,1275,1137,1272,1329,1303
1308,1285,1302,1268,1238,1236,1265,1334
1256,1310,1382,1248,1280,1127,1294,1208
1326,1324,1339,1234,1328,1226,1293,1357
1235,1305,1208,1246,1294,1310,130,1258
217,218,1281,215,1223,1209,220,1255
1166,1272,1230,1194,1253,1214,1210,84
200,199,1237,1184,202,1197,1163,1149
1264,1219,1263,1173,1240,1300,1292,1282
1244,1166,1272,1137,1276,1250,1187,1275
184,182,1279,1131,185,179,1135,180
1239,1281,1266,1222,1209,220,1277,1249
1246,1219,1144,1280,1382,1310,1127,1173
1304,1320,1176,1273,1221,1297,1263,1267
1295,1294,1330,1284,1305,1314,1248,1382
1276,1271,1315,1272,1318,1230,1275,1274
86,84,1230,1214,1271,88,82,1250
1290,1351,1321,1267,1241,1352,1371,1341
1133,1242,1286,1298,1180,1184,1236,1122
1304,1264,1252,1282,1297,1173,1257,1283
1252,1292,1282,1263,1283,1240,1304,1219
1285,1215,1211,1238,1293,1245,1288,1175
222,220,1239,1255,1281,1289,223,218
1320,1241,1261,1227,1290,1282,1304,1351
1325,1231,204,1197,1308,202,1245,206
1277,1365,1291,1324,1222,1216,1326,1278
138,1306,143,134,1305,1295,1235,146
88,86,1318,1259,90,1260,1230,1315
1230,1253,1250,1276,1166,1244,1259,1275
1176,1257,1297,1218,1225,1110,1304,1128
1371,1315,1287,1275,1303,1241,1259,1323
1276,1303,1244,1179,1274,1259,1253,1272
1275,1244,1272,1259,1253,1179,1230,1303
1269,1365,1278,1222,1239,1291,1301,1255
1277,1239,1365,1307,1312,1301,1269,1289
182,179,180,1254,1131,184,177,1123
1382,1338,1300,1256,1319,1219,1246,1294
218,1249,220,1255,217,1266,1209,222
1283,1264,1304,1263,1290,1267,1341,1292
1341,1282,1292,1264,1290,1355,1394,1346
1348,1378,1330,1314,1393,1258,1299,1295
1265,1245,1238,1302,1288,1215,1308,1236
1231,1262,1242,1236,1184,1197,1180,1133
1371,1351,1323,1352,1274,1372,1315,1241
1293,1339,1302,1316,1328,1285,1215,1265
223,225,1307,1296,222,1266,1239,1278
1261,1341,1321,1283,1282,1267,1343,1351
1365,1269,1301,1357,1277,1332,1326,1324
1264,1283,1240,1346,1409,1252,1355,1341
1288,1234,1339,1215,1247,1265,1232,1285
1382,1330,1258,1319,1248,1280,1246,1295
1258,1314,1305,1270,1306,138,1284,143
225,226,1307,1289,223,1312,1335,1311
1110,1173,1273,1263,1304,1257,1182,1144
1133,1262,1120,1122,1242,1108,1180,1196
1348,1358,1379,1393,1284,1361,1380,1408
1338,1240,1280,1219,1252,1409,1322,1256
1365,1344,1291,1312,1278,1340,1277,1269
1316,1334,1288,1308,1245,1285,1328,1339
1275,1179,1227,1241,1274,1221,1244,1371
1263,1257,1282,1320,1267,1297,1273,1264
1235,134,1270,1248,138,1295,130,1258
143,1270,146,138,1345,1295,1314,149
1312,1296,1278,1289,225,223,1239,1311
1245,1334,1268,1364,206,1302,1325,204
126,130,1235,1208,122,1207,134,1248
1127,1208,1246,1256,1248,1207,122,-1
1312,1441,1429,1344,1331,1347,1296,1307
1307,1311,1301,1278,1344,1296,1365,1441
195,194,1224,1186,1202,196,193,1112
1295,1373,1284,1306,1378,1258,146,1345
1318,1274,1259,1323,90,1271,1333,1287
1302,1328,1334,1288,1317,1339,1336,1367
210,1342,212,1336,1369,1316,1334,208
90,88,1271,1315,1333,91,1259,1323
1370,1330,1338,1294,1348,1382,1280,1322
1221,1267,1227,1257,1304,1241,1176,1282
1343,1352,1261,1290,1351,1376,1341,1394
1370,1338,1409,1411,1379,1327,1408,1240
1333,1287,91,1349,1315,1372,93,1318
1247,1326,1269,1226,1216,1357,1291,1277
204,1268,202,206,1197,1364,1308,1231
1357,1247,1324,1328,1367,1339,1291,1269
1389,1411,1346,1409,1322,1363,1414,1413
1339,1316,1367,1326,1247,1288,1336,1357
1187,1178,1179,1109,1137,1244,1198,1157
1294,1319,1258,1348,1284,1382,1370,1295
1429,1441,1354,1375,1385,228,229,1311
1353,1340,1357,1367,1337,1336,1291,1359
91,90,1323,93,1318,1349,1315,88
1302,208,1364,1308,1342,1316,210,206
228,226,1429,1354,229,1296,1331,225
1367,1317,1369,1353,212,1328,1332,1316
216,1353,1340,1362,1332,1359,219,214
1300,1280,1322,1370,1319,1240,1409,1382
1328,1288,1247,1293,1234,1326,1316,1302
1359,1337,1332,1344,1353,1362,1301,216
1283,1394,1290,1343,1355,1321,1282,1292
210,208,1317,1334,212,1364,1369,1316
1376,1321,1394,1341,1366,1290,1352,1356
1347,1301,1359,1340,1312,1311,1441,1291
146,149,1373,1306,143,1350,155,1314
1409,1327,1292,1355,1240,1363,1389,1283
1441,1344,1359,1375,1392,221,1311,224
1299,1379,1370,1319,1330,1284,1393,1358
93,95,1372,1323,91,1384,1333,1356
155,1373,149,1377,159,1360,1345,1378
1371,1261,1287,1352,1241,1321,1267,1274
1321,1351,1372,1287,1376,1356,1261,1343
1337,1332,214,1336,1369,1367,216,1340
228,229,1331,1335,1429,1391,226,231
1394,1363,1346,1341,1406,1366,1283,1292
1376,1384,1372,1388,1352,97,95,1395
1326,1367,1332,1291,1328,1324,1353,1336
1380,1403,1299,1361,1379,1393,1431,1408
1340,1362,1344,219,1347,1337,1392,221
1390,1378,1405,1350,1393,1373,1377,1399
1405,1358,1393,1399,1403,1400,1299,1390
219,216,1337,1359,1392,221,1340,1353
1406,1381,1355,1374,1389,1346,1327,1394
206,208,1334,1308,1342,204,1325,210
1291,1277,1301,1269,1278,1312,1239,1307
1394,1386,1406,1343,1376,1355,1388,1374
1336,1357,1328,1332,1353,1326,1316,1317
1150,1135,1217,1195,187,185,188,1161
212,214,1336,1353,1317,210,216,1342
1319,1322,1338,1348,1379,1330,1280,1408
1274,1351,1287,1241,1261,1227,1303,1352
1352,1356,1349,1323,1287,1384,95,93
1350,149,1345,1314,1378,155,146,1360
1406,1423,1386,1381,1363,1404,1398,1366
224,1385,1441,1331,227,1347,1392,221
1356,1343,1352,1388,1321,1366,1372,1394
159,161,155,1383,1350,1390,1360,164
1360,1393,1373,1284,1405,1314,1350,1390
1408,1299,1348,1370,1358,1322,1380,1411
1431,1358,1439,1403,1408,1414,1379,1397
1363,1423,1389,1413,1374,1420,1406,1407
1294,1280,1246,1319,1256,1330,1338,1248
161,164,1387,1377,159,1390,1396,165
97,95,1356,1395,1349,99,1388,1372
227,1375,224,230,1391,1331,1441,1354
1366,1374,1406,1401,1404,1388,1410,1423
1390,1396,1383,1399,164,1412,165,1405
1401,1395,1356,1376,1384,99,1386,97
1413,1327,1411,1414,1381,1363,1346,1407
1360,1387,1405,1399,1383,1377,1378,1393
231,230,1416,229,1385,227,1354,232
221,224,219,1347,1359,1362,1375,1441
1405,1378,1361,1299,1360,1284,1358,1399
1355,1341,1366,1343,1406,1283,1363,1376
99,1401,1388,97,102,1384,1410,1356
165,1387,1412,166,164,1434,1383,1399
1417,1439,1407,1431,1418,1380,2219,2220
1421,1404,115,1423,111,1419,119,1374
1405,1390,1361,1400,1387,1412,1360,1393
1399,1361,1422,1403,1412,1402,2233,2235
1410,1395,1388,102,99,1386,107,1415
2224,2225,2233,2220,2235,2221,2226,2222
1431,1358,1380,1361,1400,1402,2220,2224
111,1398,1415,107,1421,115,1386,1410
1399,1390,1393,1360,1361,1378,1387,1400
1374,1363,1366,1386,1355,1394,1381,1423
1420,1413,1397,1418,1439,1414,1426,1417
1414,1379,1411,1380,1439,1322,1358,1370
1240,1346,1327,1322,1292,1411,1338,1300
107,102,1401,1415,1395,99,111,1404
1327,1408,1414,1389,1322,1409,1413,1379
1396,1422,1434,1400,1387,166,1444,1399
1389,1414,1407,1420,1381,1439,1411,1327
1439,1408,1413,1411,1389,1407,1380,1397
111,107,1410,1404,115,102,1421,1398
232,231,230,1391,229,227,1385,-1
2219,2221,2220,1397,1425,2222,1448,2226
1433,1426,1407,1397,1417,1420,1425,1449
1428,1426,119,1398,1423,1449,1420,123
1407,1426,1413,1381,1418,1419,1423,1449
115,1398,119,111,1404,1415,1428,1419
1444,1438,2248,2244,2246,2242,1412,2238
1374,1398,1381,1419,1404,1420,1406,1421
1433,1427,1430,1425,1432,1418,1442,1449
2223,1448,2229,2230,1417,2231,2228,2222
1449,1420,1418,1433,1419,1407,1428,1430
1456,1437,1424,1435,1425,1432,2231,2223
123,119,1455,1419,1449,127,1421,115
1335,1331,1311,1354,228,1441,226,1296
127,1455,1442,1449,131,1433,1424,123
1403,1380,1397,1439,1417,2220,2219,2221
135,1452,131,139,1442,1437,1427,1424
1418,1424,1449,1426,1430,1425,1420,1417
166,167,1450,165,1396,1412,169,1444
2234,2237,2232,2231,2241,1461,1456,2230
1457,1456,1460,157,1459,150,1435,1443
1445,1427,1456,1452,1440,139,1457,1432
2248,2247,2246,2245,2244,2243,2242,2239
1414,1397,1380,1431,1407,1408,1413,1417
142,139,1452,1445,1447,147,1437,150
1347,1331,1311,1375,1429,1344,1312,1354
131,127,1430,135,1432,1455,1424,1452
1460,1446,1438,1444,2248,1454,2247,1461
1438,1450,1446,1422,1443,2248,2246,2247
1437,150,1440,1457,1447,142,152,139
1450,1443,1451,1444,169,171,1454,1458
147,152,142,1453,1440,1445,150,154
2229,2228,2223,2230,2227,2222,2226,2231
1426,1430,1433,1428,1455,123,1419,127
167,1446,1444,169,1434,1451,166,1443
169,171,1446,1458,1450,167,172,1454
139,135,1440,1432,142,1437,1445,131
154,147,152,1447,142,150,1440,1445
162,1459,1458,172,171,1443,1446,157
123,127,1430,1428,1449,1442,119,131
1435,1436,1427,1437,1460,1457,2237,1461
150,1436,1445,157,1459,1456,1437,152
171,172,1451,1454,169,162,1446,-1
157,162,1454,1436,1457,150,172,1460
1443,1461,1436,2241,2237,1438,2248,2240
2241,2237,2240,2239,2234,2243,2245,2232
1463,1464,442,1465,1466,1467,410,1468
1464,1462,1465,1466,1467,410,442,1468
1463,1465,1462,1466,1467,410,1468,1470
1466,410,1467,1464,1468,1463,1470,1479
1465,1467,410,1468,1464,1470,1479,1463
1468,1466,1470,1465,410,1479,1483,1464
1467,1470,1466,1479,1483,1465,410,1489
1475,459,1476,1912,1488,1477,1494,1497
1479,1468,1483,1467,1489,1466,1911,1490
1472,1473,1490,1474,1480,1484,1489,1479
1473,1471,1474,1480,1484,535,1490,1491
1472,1474,1471,1480,1484,535,1491,1490
1480,1484,535,1473,1472,1491,1471,1906
1469,1476,1912,1477,1494,459,1488,1497
1477,1475,1912,1494,1469,469,1497,459
1476,1912,469,1494,1475,1469,1497,459
351,1966,1969,1967,1964,1962,1968,1499
1483,1470,1489,1468,1467,1490,1911,1466
1484,535,1474,1491,1473,1906,1472,1495
1486,1482,1485,1487,1910,1493,525,1492
1487,1481,1486,525,1910,1485,1493,1492
1479,1489,1470,1490,1468,1911,1467,1466
1480,535,1491,1474,1906,1473,1495,1472
1486,1481,1493,1492,1482,1910,1487,1496
1485,1481,1482,1493,1910,1487,1492,525
1482,525,1481,1910,1486,1485,1493,1492
1469,1475,1497,1912,1498,1494,525,459
1483,1479,1490,1470,1468,1911,1467,1471
1489,1483,1479,1471,1470,1468,1472,1473
1906,1484,535,1495,1480,1496,1474,1492
1493,1496,1485,1495,1486,1481,1491,1906
1492,1485,1496,1486,1481,1495,1910,1482
1912,1476,1497,1477,1498,1475,1469,1500
1906,1496,1491,1492,1484,535,1493,1480
1495,1492,1493,1906,1491,535,1484,1485
1498,1500,1494,1503,1912,1506,1488,1510
1497,1500,1503,1506,1494,1912,1510,490
1501,1502,1504,1505,1909,1507,1478,351
1503,1498,1506,1497,1510,490,1904,1513
1502,1499,1504,1505,1909,1507,1508,1478
1501,1504,1505,1499,1909,1507,1508,1478
1506,1500,1510,1498,490,1497,1904,1513
1505,1502,1501,1507,1909,1499,1508,342
1504,1507,1502,1909,1501,1499,1508,342
1503,1510,1500,490,1904,1498,1513,1497
1505,1504,1909,1502,1501,1508,1499,342
360,1507,1509,1505,1909,1504,1511,1512
1511,360,1512,1514,1519,1508,1907,1530
1506,1503,1904,1500,1513,490,1515,1498
1512,1509,360,1514,1519,1907,1508,1530
1511,1514,1509,360,1519,1907,1530,1508
1515,490,1510,1506,1904,1503,1500,1532
1519,1512,1511,1509,1530,360,1531,1907
1513,490,1510,1506,1532,1904,1503,1500
1523,1522,1521,1517,1528,1535,631,1892
1892,631,1529,1518,1516,1524,1543,1536
1524,1529,1536,1543,1892,1546,631,1517
1514,1530,1512,1511,1531,1525,1509,358
1527,593,1533,1534,1539,1540,1541,1545
1528,1535,1522,1542,1541,1534,1545,1540
1523,1516,1521,1528,1535,1542,1541,1545
1516,1522,1521,1528,1535,1517,1542,631
1529,1518,1536,1543,1546,1892,1550,1517
1531,1526,1530,358,1519,1537,1538,1514
1525,1531,1537,1538,1530,358,1519,1547
1520,1533,1534,593,1539,1540,1541,1545
1521,1535,1542,1522,1541,1545,1540,1534
1524,1536,1518,1543,1546,1892,1550,653
1531,358,1525,1519,1514,1526,1512,1511
1525,1530,358,1526,1519,1537,1514,1538
1544,1515,1513,490,599,1566,1567,1903
1539,1527,1520,593,1534,1540,1541,1545
1540,1541,1527,1545,1520,1542,1549,1535
1528,1521,1542,1541,1545,1540,1549,1534
1543,1529,1546,1524,1550,1518,1892,653
1538,1547,1526,1548,1525,1531,358,1905
1537,1547,1548,1526,1905,1551,1525,1552
1533,1527,1520,1534,1540,593,1541,1545
1541,1545,1534,1549,1542,1535,1527,1555
1545,1540,1542,1549,1534,1535,1528,1555
1541,1545,1535,1549,1540,1528,1534,1521
1546,1536,1550,1529,1524,653,1892,1557
1532,599,1566,1567,1579,1901,1515,1513
1541,1549,1540,1542,1534,1555,1535,1556
1543,1550,1536,653,1529,1557,1524,1892
1548,1538,1905,1551,1537,1552,1553,1526
1547,1905,1551,1538,1552,1537,1553,1554
1545,1541,1540,1542,1555,1556,1534,1535
1546,1543,653,1536,1557,1561,1529,1892
1552,1905,1548,1553,1547,1554,1538,1537
1551,1905,1553,1554,1548,1547,1538,1537
1554,1552,1551,1905,374,1548,1547,1538
1553,1552,1551,1905,374,1548,1547,1538
1556,1573,1549,1572,1545,1583,1542,1541
1555,1573,1572,1583,1891,1549,1545,1542
1561,653,1574,1550,1584,1887,1546,1543
1564,1559,1563,1578,718,1876,1878,1560
1876,1560,1558,1565,1564,1588,1593,1604
1876,1565,1559,1588,1593,1604,1614,723
1574,1557,653,1584,1887,1550,1546,1585
1576,701,1575,1592,1602,1585,1623,1584
1578,1878,1577,1564,1558,1587,1586,718
1558,1563,1578,1559,1878,718,1577,1876
1560,1876,1588,1593,1559,1604,1614,1625
1567,1901,1579,1589,599,1590,1544,1580
1579,1901,1566,1589,599,1590,1580,1544
1581,1580,1569,1590,1570,1571,1582,1899
1570,1571,1582,1568,1591,1899,1581,1594
1569,1571,1582,1591,1899,1568,1594,1581
1582,1570,1569,1591,1899,1594,1607,1568
1583,1573,1556,1601,1555,1600,1891,1549
1572,1556,1583,1555,1891,1601,1600,1549
1561,1557,1584,653,1887,1550,1585,1546
1576,1585,1562,1592,701,1602,1584,1574
1575,1562,1592,1585,701,1602,1584,1623
1878,1587,1578,1586,1563,691,1603,1564
1878,1563,1577,1587,1564,1586,1558,691
1901,1567,1589,1566,599,1590,1580,1581
1590,1581,1568,1589,599,1579,1567,1901
1568,1580,1590,1569,1570,599,1582,1571
1571,1591,1899,1570,1569,1594,1607,1617
1572,1573,1601,1600,1556,1555,1891,1599
1574,1561,1585,1887,1557,653,1575,1576
1575,1576,1584,1592,1562,1574,1602,1561
1587,1603,1577,691,1878,1578,1613,1563
1586,1577,1603,1878,691,1578,1563,1613
1593,1565,1604,1614,1560,1625,1876,1559
1579,1901,1567,1566,1590,599,1580,1581
1580,1581,1589,1568,1579,1567,599,1901
1899,1582,1594,1571,1607,1570,1617,1569
1602,1576,1562,1575,1623,1585,701,1630
1588,1604,1614,1625,1565,1560,1876,1559
1607,1899,1591,1617,1582,1571,1626,1570
1596,1609,1597,1610,1622,573,1598,1629
1597,1609,1595,1610,1622,1598,1611,1629
1610,1609,1596,1622,1598,1595,1611,1629
1611,1622,1597,1610,579,1629,1596,1612
579,1612,1600,1601,1611,1598,1583,1629
1601,1599,1583,1572,579,1612,1573,1556
1600,1583,1572,1599,1573,579,1612,1556
1592,1623,1576,1562,1630,1575,1585,1880
1586,1613,1587,691,1879,1577,1624,1878
1614,1625,1593,1588,1565,1560,749,1876
1616,1902,1606,1615,434,374,1903,411
1902,1605,434,1616,1615,1641,1903,1901
1617,1594,1899,1591,1626,1582,1571,1627
1621,1620,1628,1619,601,1631,1618,1627
1610,1597,1596,1622,1595,1598,1629,1611
1597,1609,1622,1596,1598,1629,1595,1611
1598,579,1612,1622,1629,1610,1597,1599
579,1599,1611,1598,1600,1601,1629,1622
1879,1603,1624,1586,1587,1640,691,1647
1625,1604,1593,1588,749,1565,1560,1637
1616,1605,1902,1606,434,374,411,1554
1615,1605,434,1606,1902,374,411,1641
1607,1594,1626,1899,1591,1627,1582,1618
1619,601,1627,1620,1626,1621,1608,1628
1618,601,1627,1620,1621,1608,1626,1628
1621,1608,1619,601,1618,1628,1631,1627
1608,1620,1628,1619,1631,601,1618,1627
1610,1629,1597,1609,1598,1611,1633,1596
1630,1880,1602,1636,1592,1639,675,1585
1879,1613,1640,1647,675,1603,1586,1587
1614,1604,1593,1588,749,1637,1565,1648
1617,1627,1607,1618,601,1594,1619,1899
1618,1619,601,1626,1620,1617,1621,1607
1631,1621,1608,1634,1620,1619,1645,1644
1633,1622,1632,1635,1611,1610,1598,1609
1623,1636,1639,1880,675,1602,1592,1658
1628,1634,1621,1620,1608,1645,1644,1619
1635,1633,1638,1629,1622,1646,1610,1897
1629,1632,1635,1622,1638,1611,1610,1897
1645,1631,1644,1628,1655,570,1656,1621
1632,1638,1633,1646,1629,1651,1622,1897
1639,1630,1623,675,1880,1658,1659,1664
749,1648,1652,1660,1665,1625,1614,1670
1635,1646,1632,1651,1633,1657,1629,570
1636,1658,1630,675,1659,1623,1664,1880
1647,1624,1879,675,1613,1877,1669,1639
1642,1643,1649,1650,1653,434,1606,1902
1643,1641,1649,1650,1653,1654,434,435
1649,1642,1650,1641,1653,1654,435,1661
1645,1655,1656,1634,570,1663,1631,1666
1644,1634,1655,570,1656,1631,1663,1628
1651,1638,1657,1635,1632,570,1633,1629
1640,1624,675,1879,1669,1877,1613,1659
1652,1660,1665,1637,1670,749,1671,1672
1643,1650,1642,1653,1641,1654,435,1661
1653,1649,1643,1642,1654,1641,435,1661
1657,1646,1638,570,1635,1667,1632,1656
1648,1660,1665,1670,1637,1671,1672,1673
1650,1649,1643,1654,435,1642,1661,1662
1661,1662,1900,1653,435,1650,1649,1643
1656,1644,1663,1645,570,1666,1898,1667
1663,1655,1666,570,1644,1667,1645,1898
1651,1646,570,1638,1667,1635,1666,1656
1659,1664,1668,1639,1669,1636,675,1630
1664,1658,1668,1669,1639,1636,675,1889
1665,1652,1670,1648,1671,1672,1673,1865
1662,1654,1900,435,1653,1675,1650,1676
1661,1900,1654,435,1675,1676,1653,1677
1656,1666,1655,1667,570,1644,1898,1645
1659,1668,1658,1669,1639,1636,1889,675
1670,1660,1671,1672,1652,1648,1673,1865
1663,1667,1656,570,1655,1644,1657,1898
1666,1663,570,1656,1657,1651,1655,1644
1664,1669,1659,1658,1889,1639,1636,1647
1668,1664,1659,1658,1889,1647,1639,1640
1665,1671,1672,1660,1673,1652,1865,1648
1672,1670,1673,1665,1865,1660,1674,1652
1671,1673,1670,1865,1665,1674,1660,1652
1865,1672,1674,1671,1670,1665,1660,1679
1673,1865,1672,1671,1679,1682,1670,1665
1676,1677,1678,1680,1662,1681,1661,1900
1675,1677,1678,1680,1681,1685,1662,1661
1676,1678,1675,1680,1681,1685,1686,511
1680,1677,1681,1676,1675,1685,1686,511
1682,1689,763,1674,1693,1865,1673,1696
1678,1681,1677,1685,1676,1686,1675,511
1685,1680,1678,1686,511,1687,1677,1676
1679,1689,1693,763,1674,1865,1696,1699
1690,1858,1684,1694,1697,1707,1706,796
1694,1683,1697,1690,1858,898,1707,817
1681,1686,511,1680,1687,1678,1688,1677
511,1687,1685,1681,1688,1691,1680,1678
511,1686,1688,1691,1685,1681,1692,1695
1691,1687,511,1692,1686,1695,1685,1681
1693,1682,1696,1679,1699,763,1704,1855
1858,1683,1697,1684,1694,1707,1706,1701
1688,1692,1695,1687,511,1686,1698,1702
1695,1691,1688,1698,1702,1687,511,1703
1689,1696,1699,1682,1679,1704,1855,763
1697,1684,1707,898,1683,1706,1690,1858
1692,1698,1691,1702,1688,1703,1687,1709
1699,1693,1689,1704,1855,1708,1682,1679
1694,1707,1684,1706,1858,1683,1690,898
1702,1703,1695,1692,1709,1691,1894,1711
1696,1704,1855,1693,1708,1689,1682,1712
1701,1705,883,1854,1713,1858,1690,1722
1700,1705,883,1854,1713,1858,1690,1706
1698,1703,1709,1695,1711,1692,1894,1691
1702,1709,1698,1711,1695,1894,480,1715
1855,1708,1699,1696,1712,1693,1689,1720
1700,1701,883,1854,1713,1858,1726,1722
1707,1710,1714,1697,1717,1716,1694,1722
1706,1697,1710,1694,1714,898,1717,1716
1704,1855,1699,1712,1696,1693,1689,1720
1711,1703,1702,480,1715,1698,1718,1894
1714,1706,1717,1707,1716,826,1722,1697
1709,1715,480,1703,1718,1702,1719,1698
1720,1708,1855,1704,1724,1733,1699,1740
1854,883,1705,1721,1725,1700,1701,1735
1710,1717,1716,1706,826,1722,1707,1697
1718,1711,1719,480,1723,1709,1727,1728
1717,826,1714,1722,1710,1706,1726,1707
1716,1714,826,1710,1722,1706,1707,1726
1715,1719,1723,1711,480,1727,1728,1709
1723,1718,1727,1715,1728,1895,1729,480
1724,1733,1712,1740,1863,1708,1855,1752
1725,1741,1713,1745,891,1854,1850,1734
826,1716,1717,1726,1714,1736,1710,1735
1719,1727,1728,1718,1715,1729,1895,480
1720,1733,1740,1712,1863,1752,1755,1708
1721,1741,1745,1713,1850,891,1746,1734
1736,1735,1734,1722,1742,826,1746,1854
1728,1723,1719,1729,1895,1718,1715,1737
1727,1729,1895,1723,1719,1737,1730,1718
1895,1728,1737,1727,1730,1723,1731,1719
1731,1737,1895,1729,1728,1732,1727,502
1730,1737,1732,1895,1729,1738,1728,502
1738,1731,1739,1730,1743,1737,1744,1895
1740,1724,1720,1752,1755,1712,1863,1856
1742,1735,1736,1746,1726,1749,1754,1756
1736,1734,1726,1742,1746,1749,1854,1722
1735,1726,1734,1742,1746,1722,1749,1854
1730,1895,1729,1731,1728,1727,502,1732
1739,1743,1732,1744,1747,1731,1748,1730
1738,1743,1744,1747,1732,1748,1731,1730
1733,1724,1752,1720,1755,1712,1856,891
1745,1850,891,1725,1721,1753,1746,1742
1734,1746,1735,1736,1749,1754,1726,1756
1744,1739,1747,1738,1748,1732,1750,1751
1743,1747,1739,1748,1738,1750,1732,1751
1741,1850,891,1753,1725,1721,1746,1742
1742,1749,1734,1754,1735,1736,1756,1757
1748,1744,1743,1739,1750,1738,1751,548
1747,1744,1750,1743,1751,1739,548,1738
1754,1756,1746,1757,1742,1734,1758,1735
1751,548,1748,1747,1744,1743,1739,1890
1750,548,1748,1747,1744,1743,1890,1762
1755,1740,1856,1763,1733,1765,1724,1767
1850,1745,1741,891,1768,1755,1752,1771
1749,1756,1757,1746,1758,1742,1734,1735
1752,1763,1856,1740,1765,1767,1733,1753
1757,1754,1758,1749,1746,1742,1734,1735
1756,1758,1754,1749,1746,1742,1734,1736
1757,1756,1754,1749,1746,1742,1734,1849
1760,1761,1766,1853,1772,1776,1758,1778
1759,1761,1766,1853,1772,1776,875,826
1760,1759,1766,1853,1772,875,1776,1778
1764,1769,1773,548,1751,1777,1750,518
1765,1767,1755,1856,1770,1752,1774,1771
1762,1769,1773,1777,548,1751,1750,518
1767,1763,1770,1774,1755,1771,1856,1775
1853,1772,1776,1761,1759,1760,1778,1779
1765,1770,1763,1774,1775,1771,1768,1755
1771,1775,1774,1770,1767,1765,1753,1763
1773,1777,1764,1762,518,1881,548,1781
1774,1767,1775,1765,1771,1763,1768,1755
1768,1775,1774,1770,1767,1765,1763,1753
1776,1853,1766,1778,1779,1759,1760,1761
1769,1777,518,1764,1881,1762,1781,548
1770,1775,1771,1767,1765,1768,1763,1755
1774,1771,1770,1768,1767,1765,1763,1753
1772,1778,1853,1766,1779,1759,1780,1760
1773,1769,518,1881,1764,1762,1781,1883
1779,1780,1776,1772,1785,1784,1849,1853
1778,1780,1785,1776,1772,1784,1783,1052
1785,1784,1779,1778,1783,1052,1782,1786
567,518,1881,1789,1790,1777,1791,1773
1783,1786,1052,1784,1787,1788,1785,1780
1782,1052,1784,1786,1787,1785,1788,1780
1783,1785,1782,1052,1780,1786,1787,1788
1780,1784,1783,1052,1782,1779,1786,1778
1787,1782,1783,1788,1052,1784,1785,1794
1786,1788,1782,1052,1783,1784,1794,1793
1787,1786,1782,1052,1793,1794,1783,1784
1790,1791,567,1792,1795,1781,1796,1798
1789,1791,1792,1795,567,1796,1798,1781
1790,1792,1789,1795,567,1796,1798,1800
1795,1791,1790,1789,1796,1798,1800,1802
1794,1797,1788,1787,1786,1052,1006,1799
1793,1788,1797,1787,1786,1052,1782,1783
1792,1791,1796,1798,1790,1789,1800,1802
1798,1800,1802,1795,583,1801,1792,1805
1799,1793,1006,1794,1851,1788,1804,1787
1796,1800,1802,583,1801,1805,1795,1792
1851,1797,1804,1006,1803,1806,1793,1808
1802,1798,583,1801,1796,1805,1795,1807
583,1802,1805,1800,1798,1796,1807,1795
1800,1801,583,1805,1798,1796,1807,1795
1806,1804,1808,1811,1799,1851,1814,1006
1803,1806,1799,1851,1808,1006,1811,1797
1801,583,1802,1800,1807,1798,1796,1809
1803,1804,1808,1811,1814,1799,1851,1006
1809,1810,1805,1801,1802,583,1812,1800
1811,1806,1803,1814,1804,1820,1799,1851
1810,1807,1812,1813,1815,1805,1802,1801
1809,1812,1807,1813,1815,1805,1816,1802
1808,1814,1806,1803,1804,1820,1799,1851
1813,1815,1810,1809,1816,1817,1807,1818
1812,1815,1816,1810,1809,1817,1818,1807
1811,1808,1820,1806,1803,1804,844,1821
1813,1812,1816,1817,1818,1810,1809,1819
1817,1818,1815,1813,1819,1812,1822,604
1816,1818,1819,1815,1813,1812,1822,1823
1817,1819,1816,1822,1815,1823,604,1813
1818,1822,1817,1823,1816,604,1815,1829
1821,1814,1828,1827,1811,1808,844,1806
1828,1827,1820,705,1814,1833,1811,1836
1823,604,1819,1829,1818,1830,1817,1816
1822,1829,604,1819,1830,1818,1824,1874
1830,1825,1826,1831,1829,1874,621,1832
1826,1831,1824,1832,621,1868,1830,1834
1831,1825,1832,621,1868,1824,1834,1830
1828,1821,705,1820,1833,1836,1857,1814
1827,1821,1820,705,1833,1836,1814,1857
1830,1823,1822,604,1824,1819,1874,1825
1829,1824,1823,1822,1825,1831,1826,604
1826,1832,621,1825,1868,1834,1824,1835
621,1831,1868,1826,1834,1825,1835,1837
1836,705,1842,1841,1848,1827,1828,1866
1835,621,1832,1837,1868,1831,1838,1826
1837,1838,1834,1839,1868,621,1832,1840
1833,705,1842,1841,1848,1827,1847,1913
1838,1835,1839,1840,1834,1843,1868,621
1837,1839,1835,1840,1843,1834,1844,1868
1840,1838,1843,1837,1835,1844,1845,1834
1839,1843,1838,1844,1837,1845,1835,1846
1842,1848,1847,1846,1836,1913,1833,1845
1841,1848,1847,1836,1833,1913,1846,791
1840,1844,1839,1845,1838,1837,1846,1835
1845,1843,1840,1846,1847,1839,1838,1848
1844,1846,1843,1847,1840,1848,1839,1841
1847,1845,1844,1848,1841,1843,1842,791
1846,1848,1841,1845,1844,1842,791,1843
1841,1847,1842,1846,1913,1845,791,1844
1784,1780,1758,1785,1782,1783,1778,1779
1745,1741,1753,891,1725,1721,1746,1768
1799,1804,1797,1803,1006,1806,1793,1808
1774,1775,1770,1767,1771,1765,1857,1768
1766,1772,1776,1761,1759,1760,1778,1779
1713,1705,1700,1735,1701,1726,1736,883
1704,1708,1699,1696,1712,1693,1689,1720
1752,1755,1763,1765,1767,1740,1733,1770
1820,1821,1827,1811,1828,1814,1808,1806
1690,1683,1697,1684,1694,1707,1706,1701
1856,1870,1763,1873,1888,1860,1752,1767
1888,1871,1872,1861,1859,1864,1870,1796
1790,1792,1789,1791,1872,1795,1781,567
1671,1670,1863,1865,1869,1672,1673,1665
1724,1720,1733,1740,1712,1752,1862,1708
1874,1873,1825,1824,1826,1831,1832,1830
1673,1674,1672,1671,1670,1679,1665,1682
1833,1836,705,1841,1842,1847,1848,1827
1604,1625,1614,1593,1564,1558,1588,1578
1832,621,1831,1826,1834,1835,1825,1837
1877,1862,1867,1660,1670,1665,1652,1671
1888,1875,1862,1859,1863,1869,1860,1724
1800,1796,1802,1798,1807,1810,1809,1805
1861,1886,1883,1860,1888,1875,1881,1781
1857,1864,1852,1866,1859,1827,1821,1828
1824,1823,1830,1822,1825,1829,1819,1818
1888,1889,1870,1669,1872,1886,1668,1877
1560,1565,1559,1588,1593,1604,723,1558
1647,1640,1669,1879,1889,1869,1668,1624
1578,1577,1563,1587,1586,691,1564,1603
1613,1624,1603,1640,1647,1586,1587,675
1623,1630,1636,1639,1602,1592,1585,675
1777,518,1773,1769,1781,1764,1762,1883
1887,1885,1884,1893,1584,1880,1574,1561
1762,1881,1769,1764,1890,1773,1777,1886
1664,1658,1659,1668,1669,1889,1639,1636
1896,1890,1886,1882,1884,1883,1893,1751
1883,1872,1885,1884,1875,1889,1890,1668
1574,1584,1561,1557,653,1585,1550,1546
1875,1870,1860,1872,1859,1889,1861,1886
1669,1668,1664,1659,1658,1877,1875,1884
1751,548,1750,1748,1747,1744,1743,1762
1573,1556,1572,1555,1583,1549,1542,1601
1517,1543,1529,1536,1546,1550,1524,1518
1896,1897,1882,1601,1600,1612,1599,579
1703,1698,1702,1709,1711,1695,1715,1692
1729,1728,1737,1727,1730,1723,1731,1719
1893,1885,1732,1890,1739,1738,1744,1894
1633,1635,1629,1632,1612,1638,1611,579
1655,1663,1656,1644,1666,1645,1681,1686
1591,1594,1582,1571,1607,1617,1570,1569
1662,1661,1654,435,1675,1653,1676,1650
1579,1567,1589,1566,599,1590,1580,1581
1606,1605,434,1616,1615,1903,1641,1901
1515,1513,1532,1902,1606,1544,1908,1605
1510,1506,1503,1513,1500,1515,490,1498
1551,1552,1548,1547,1553,1554,1538,1537
1495,1491,1496,1484,535,1480,1492,1474
1511,1512,1509,1514,1519,1525,360,1526
1496,1903,1910,1905,1904,1552,1554,1495
1505,1504,1502,1507,1501,1499,1508,1478
1487,1486,1482,1481,1485,1493,525,1492
1483,1470,1479,1489,1468,1467,1490,1466
1494,1476,1475,1477,1497,1469,1498,1488
791,1848,1842,1841,1847,1846,1836,1845
1937,1915,1916,1918,1917,1919,1920,1913
1937,1914,1916,1917,1918,1919,1920,1925
1918,1915,1917,1937,1914,1919,1920,808
1919,1918,1915,1916,1937,1914,1920,1925
1916,1917,1919,1915,1937,1914,1920,808
1917,1918,1915,1916,1937,1920,1914,1925
1925,1919,1917,1924,1937,1918,1923,1915
1922,1926,1928,1932,1933,674,1934,1935
1926,1921,1928,1932,1933,1934,1935,1929
1924,1927,1936,1925,1931,724,1930,1920
1923,1925,1927,724,1936,1931,1920,1930
1924,1920,1923,724,1927,1936,1919,1931
1922,1928,1921,1932,1933,1935,1934,1929
1936,1931,1923,1924,1930,1929,1925,724
1932,1926,1922,1933,1935,1921,1934,1929
1930,1934,1931,1936,1935,1933,1927,681
1929,1931,1936,1934,1927,1935,1933,681
1936,1927,1930,1929,1923,1924,1934,724
1928,1933,1935,1926,1934,1922,1921,681
1935,1934,1932,1928,1929,1926,1922,681
1935,1933,1929,1930,1932,681,1928,1931
1934,1933,1932,681,1929,1930,1928,1926
1931,1927,1930,1923,1929,1924,1934,724
1915,1914,1917,1916,1918,1919,1920,1925
507,1941,1943,1980,1939,1940,1942,1944
1940,1942,1980,1944,488,507,1945,1946
1942,1939,1980,1944,1945,488,1946,507
1943,1938,507,1948,1979,2051,1947,1980
1940,1944,1980,1945,1939,488,1946,1950
1941,1938,1948,507,1979,1947,2051,1980
1945,1942,1946,1980,1940,488,1939,1950
1946,1944,488,1942,1980,1940,1950,1939
1945,1944,488,1942,1950,1980,1940,1951
319,1949,1948,1979,2058,2056,2070,1957
1979,1947,1949,1943,319,1941,2058,2056
1947,319,1948,1957,1979,1959,2058,1961
1951,1952,1953,1946,1945,1954,488,1944
1952,1950,1953,1954,1955,1958,1946,1956
1953,1951,1954,1950,1955,1958,1956,1977
1952,1954,1951,1955,1958,1956,1950,1962
1953,1955,1958,1956,1952,1951,1962,1950
1956,1954,1958,1953,1952,1962,1951,1964
1955,1958,1954,1953,1962,1952,1964,1951
1959,1960,1961,1949,2063,1963,319,1965
1956,1954,1955,1962,1953,1964,1952,1951
1957,1960,1961,1949,1963,1965,2063,319
1961,1959,1957,1963,1965,1949,316,1947
1960,1963,1959,1965,1957,1949,316,1979
1964,1958,1966,1956,1967,1977,1954,1955
1965,1961,1960,316,1959,1957,1949,1979
1962,1966,1967,1958,1977,1969,1956,1968
1963,1961,316,1960,1959,1957,1949,1979
1967,1964,1962,1969,1968,351,1977,1958
1966,1969,1968,1964,351,1962,1977,1971
1969,1967,1971,1966,1970,351,1964,1977
1968,1967,1966,1971,351,1970,1964,1962
1971,1968,1974,1969,1967,1973,1966,1977
1970,1968,1969,1967,1974,1966,351,1973
1976,1973,1974,1978,1975,323,1970,1971
1972,1974,1976,323,1970,1971,1978,1975
1973,1972,1970,1971,323,1976,1968,1969
1978,1976,1972,1973,321,316,1974,323
1972,1973,1978,1974,1975,323,1970,1971
1964,1967,1966,1962,1958,1968,1952,1954
1975,1976,1972,1973,1974,321,316,323
1948,1947,1949,319,1943,1941,1961,1963
1940,1942,1944,1939,1945,1946,488,507
1984,1982,1985,1983,1988,1990,1986,325
1985,1981,1984,1986,1987,1988,1983,1990
1984,1988,1990,1981,1982,325,1985,1995
1981,1983,1988,1990,1982,1985,1986,325
1982,1986,1981,1987,1984,1988,1989,2066
1987,1985,1989,1982,1991,2066,1981,1984
1986,1989,1985,1991,1982,2066,1992,1981
1990,1984,1983,1981,1982,1995,1985,1996
1991,1987,1986,1992,1993,1985,2066,326
1988,1984,1983,1995,1981,327,1996,2066
1989,1992,1987,1993,1986,326,1994,2066
1993,1991,326,1989,1994,1997,2069,1987
326,1992,1994,1997,2069,1991,1998,1989
326,1997,1993,2069,1998,1992,2003,1991
1996,2066,1999,327,2002,1990,1988,2001
1995,1999,2066,327,2002,2001,2000,1990
2069,1998,1994,326,1993,2003,1992,2008
2069,1997,2003,1994,2008,326,1993,1992
2002,1996,2001,2000,327,1995,2066,2007
2001,2007,2002,1999,2006,327,1996,2014
2000,2002,1999,2007,327,2006,1996,1995
1999,2001,2000,1996,327,2007,1995,2066
2008,1998,2069,1997,2018,2022,1994,326
2005,2009,267,2010,2015,2019,2023,2024
2004,2009,2010,267,2015,2019,2024,2023
2014,2007,2000,2013,2001,2012,327,2002
2000,2006,2001,2014,2002,327,1999,2013
2003,2018,1998,2022,2069,1997,338,2028
2004,2010,2005,267,2015,2019,2023,2024
2009,2015,2005,2004,2019,267,2024,2023
2017,2012,2013,2016,2021,2014,2006,2020
2013,2011,2017,2014,2006,2016,2021,2007
2012,2014,2011,2006,2017,2007,2016,2000
2006,2013,2012,2007,2000,2011,2001,327
2019,2010,2009,2005,2024,2004,267,2025
2021,2017,2011,2020,2027,2012,2013,2026
2011,2016,2012,2021,2013,2020,2014,2027
2022,2008,338,2028,2003,2032,1998,2034
2015,2010,2024,2009,2005,2004,267,2025
2027,2021,2026,2016,2025,2017,2011,2024
2016,2020,2027,2017,2011,2026,2025,2012
2018,338,2028,2032,2008,2003,2034,2036
2030,2029,2031,267,2033,2009,2010,2019
2019,2025,2015,2026,2010,2027,2009,2005
2026,2024,2027,2020,2019,2015,2021,2010
2025,2027,2020,2024,2021,2019,2016,2015
2020,2026,2025,2021,2016,2024,2017,2011
338,2032,2022,2034,2018,2036,2008,2067
2030,2031,2023,2033,2035,2037,267,2019
2031,2029,2033,2023,2035,2037,2019,267
2033,2030,2035,2029,2023,2037,2038,2019
2028,338,2034,2022,2036,2018,2008,2067
2031,2035,2030,2037,2029,2023,2038,2039
2032,2036,2028,338,2022,2042,2018,2067
2033,2037,2031,2030,2038,2029,2039,2023
2034,2032,2042,2028,338,2022,2048,2018
2035,2033,2038,2031,2039,2040,2030,254
2039,2040,2041,2037,2064,2035,2033,2045
2040,2038,2041,2064,2037,2045,2035,2046
2039,2041,2038,2064,2045,2046,2037,2043
2040,2039,2064,2045,2038,2046,2043,2044
2048,2036,2034,353,2051,2032,2028,338
2044,2046,2047,2064,2041,2045,2040,2039
2047,2043,2046,2064,2041,2045,2040,2039
2046,2041,2040,2043,2039,2064,2044,2038
2045,2043,2041,2044,2064,2040,2047,2039
2044,2043,2046,2064,2045,2041,2052,2040
2042,2051,353,2056,2036,2058,2070,2034
2053,270,2050,2052,2068,2054,2055,2057
2068,2054,2055,2049,2053,2057,270,2059
2048,353,2056,2042,2058,319,2070,1941
270,2053,2049,2047,2044,2043,2050,2046
2049,270,2052,2050,2068,2054,2055,2047
2055,2057,2068,2050,2059,2060,2049,2053
2054,2057,2050,2059,2068,2060,2061,2049
2058,2070,319,2063,1947,2051,1949,2048
2059,2055,2060,2054,2061,2062,2068,2050
2056,2070,319,2063,1947,1949,2051,1957
2060,2057,2061,2055,2062,2054,291,2068
2059,2057,2061,2062,2055,291,2054,2050
2062,291,2060,2059,2057,2063,2055,2054
2061,291,2060,2059,2063,2057,2055,2070
2070,2058,2056,1957,2062,1959,291,319
2041,2039,2040,2043,2038,2046,2044,2045
2012,2014,2017,2013,2011,2006,2016,2007
1995,1996,1999,1986,2002,327,1987,1985
2028,338,2034,2032,2018,2022,2036,2008
2050,2054,2055,2049,2057,2053,2059,270
1997,1998,1994,326,2003,1993,2008,1992
2058,2056,2063,319,1947,1949,1957,2051
2072,2073,2074,461,2075,2080,2076,11
2071,2073,2074,461,2075,2080,2076,2083
2074,2072,2075,2071,461,2076,2077,2080
2073,2075,2072,2076,2071,461,2077,2078
2076,2074,2073,2077,2078,461,2072,2079
2075,2077,2078,2074,2079,2073,2081,461
2076,2078,2075,2079,2081,2074,2084,2073
2079,2077,2081,2076,2084,2075,2085,2082
2081,2078,2084,2077,2085,2082,2076,2175
2083,11,471,2088,2089,2072,2074,2073
2079,2084,2078,2085,2175,2082,2077,2076
2085,2084,2081,2079,2078,2175,2077,382
2080,471,11,2088,2089,2094,2072,2074
2081,2085,2079,2175,2082,2078,2077,2076
2082,2084,2081,2079,2175,2078,2077,2076
2093,2087,2092,2091,346,2179,2096,2090
2086,346,2093,2096,2092,2091,2179,10
2089,471,2094,2083,2095,2080,2097,11
2088,2094,2095,471,2097,2083,2098,2080
2179,2091,2092,2093,2082,2085,2086,2084
2092,2179,2090,2093,2086,2087,2082,2085
2091,2179,2093,2090,2086,2087,346,2082
2086,2092,2087,2091,2179,346,2090,2096
2095,2089,2097,2088,2098,13,471,2099
2097,2094,2098,2089,13,2099,2088,2100
346,2087,2086,2093,2106,2110,2172,2111
2095,2098,2094,13,2099,2089,2100,2088
2097,2099,2095,13,2100,2094,2101,2089
2100,2098,2101,13,2097,2102,2095,2103
2101,2099,2102,2103,2098,13,2107,2097
2100,2102,2103,2099,2107,13,2098,2108
2103,2101,2100,2107,2108,2099,2104,13
2102,2107,2101,2108,2100,2104,2099,2098
2105,2108,2107,2174,2103,2109,2112,2102
2174,2104,2109,2112,2108,2113,2107,2103
2110,2111,2114,2176,2115,2096,2116,2117
2108,2103,2102,2101,2104,2100,2105,2099
2107,2103,2104,2102,2101,2105,2100,2174
2112,2174,2113,2105,2104,2108,2107,2120
2106,2111,2114,2176,2115,2116,2117,2118
2114,2110,2106,2115,2176,2116,2117,2118
2109,2113,2174,2105,2104,2108,2120,2107
2112,2109,2174,2105,2120,2104,2119,2108
2111,2110,2115,2106,2116,2176,2117,2118
2116,2118,2117,2114,2111,343,2121,2110
2118,2115,2117,343,2114,2121,2111,2122
2118,2121,2115,2116,2122,2124,2114,343
2117,2116,2115,2121,343,2122,2114,2124
2123,2120,294,2113,2128,2112,2133,2109
2119,2123,294,2113,2112,2109,2128,2133
2122,2124,2117,2118,2125,2115,2116,2129
2124,2121,2125,2117,2118,2129,2116,2130
2119,2120,294,2128,2133,2113,2112,16
2122,2121,2125,2129,2117,2118,2130,2126
2124,2129,2122,2130,2121,2126,2131,2177
2127,2132,2130,2131,2134,391,2129,2135
2126,2132,2131,2130,391,2134,2129,2135
2133,2137,2123,2139,2119,2120,2173,2141
2130,2125,2131,2126,2177,2135,2134,2132
2126,2131,2129,2132,2127,2134,2135,2177
2134,2132,2130,2126,2135,2127,2129,2177
2127,2131,2126,2130,2134,391,2135,2129
2128,2137,2139,2123,2141,2119,2120,2173
2131,2135,2132,2130,2177,2126,2127,2136
2177,2134,2136,2131,2130,2138,2129,2132
2138,2177,2135,2140,2134,2131,2142,324
2139,2141,2143,2133,2128,2173,280,2123
2136,2140,2177,2135,2142,324,2134,2145
2137,2141,2143,2133,2128,280,2173,277
2142,2138,2145,2136,2144,324,2148,2177
2143,2139,2137,280,2133,2128,2173,2160
2145,2140,2144,2148,2138,2136,324,2177
2141,2139,2137,280,2133,2128,2180,2160
2148,2145,2142,2140,2155,2138,324,2157
2142,2144,2148,2140,2138,324,2136,2155
2149,2153,2147,2152,307,2150,2178,2156
2150,2178,2151,2146,2154,2149,2153,307
2144,2145,2142,2155,2140,2157,324,2138
2153,2146,2152,307,2156,2147,2150,2158
2151,2147,2154,2178,2146,2149,2153,2157
2150,2154,2147,2178,2157,2146,2149,2153
307,2156,2153,2149,2158,2146,2180,2159
2149,2152,307,2156,2146,2158,2147,2150
2151,2150,2157,2147,2178,2155,2146,2153
2157,2148,2144,2154,2145,2151,2142,2150
307,2152,2153,2158,2149,2159,2180,2146
2155,2154,2151,2148,2150,2144,2147,2178
2159,2156,307,2152,2180,2162,2153,2163
2158,2162,2180,2156,2163,307,2152,2167
2161,2181,280,2168,2170,2171,2169,2164
2160,2181,2168,2171,2170,2169,2164,280
2163,2167,2166,2159,2165,2158,2164,2180
2167,2162,2166,2165,2159,2158,2164,2169
2169,2165,2168,2166,2171,317,2181,2162
2166,2164,2167,2169,2163,2162,317,2168
2165,2167,2163,2162,2164,2169,2159,317
2163,2166,2162,2165,2164,2159,2158,317
2169,2171,2164,2181,2165,317,2170,2166
2168,2164,2171,2165,317,2181,2166,2170
2181,2171,2168,2169,2161,2164,265,2160
2168,2169,2181,2170,2164,317,2165,2161
2096,2093,2091,346,2092,2179,2086,2173
2128,2137,2133,2139,2141,2172,2143,2120
2109,2105,2112,2104,2113,2108,2107,2103
2084,2081,2085,2079,2082,2078,2077,2076
2110,2114,2111,2106,2115,2117,2121,2118
2135,2136,2134,2138,2131,2129,2130,2132
2147,2150,2151,2154,2146,2149,2153,2157
2090,2091,2092,2093,2086,2082,2085,2087
2159,2158,2156,2152,307,2153,2149,2162
2171,2170,2168,2169,2161,2164,2160,2165
2185,2183,2184,2218,2186,2189,2187,2193
2182,2186,2185,2218,2187,2184,2188,2189
2185,2182,2183,2218,47,2189,2186,2193
2182,2184,2183,2218,2186,2189,2193,2187
2187,2218,2183,2188,2189,2182,2185,2193
2188,2186,2218,2190,2183,2189,2193,2191
2187,2186,2190,2191,2218,2192,2183,2189
2193,2194,2218,2197,2186,2187,2200,309
2191,2192,2188,2187,2195,271,2186,2196
2192,2190,2195,271,2188,2187,2196,2198
2191,2190,2195,271,2196,2188,2198,2187
2189,2194,2197,2218,2200,309,2186,2187
2193,2197,2189,2200,309,2218,2201,49
271,2192,2196,2191,2198,2190,2199,2216
2198,271,2195,2199,2192,2191,2190,261
2200,2194,309,2201,2193,49,2189,2203
2196,271,2199,2195,2192,2191,2202,261
2198,2202,2196,261,271,2195,2205,2192
2197,2201,2194,2203,309,2204,49,2193
2203,2200,2204,2197,49,309,2194,2206
2205,2199,2217,2198,261,2196,257,271
2204,2201,2200,2206,2197,49,2207,2216
2203,2201,2206,2200,2207,2208,49,2197
2202,257,2217,2199,261,2215,2214,2198
2207,2208,2204,2209,2203,2216,2201,52
2208,2206,2209,52,2204,2210,2216,2203
2207,2209,2206,52,2210,2216,2204,2211
2208,52,2207,2210,2206,2211,2216,290
52,2211,2209,290,2212,2208,2213,2207
2212,2210,290,2213,52,2209,2208,2214
2213,2211,290,2210,2214,52,2215,2209
2212,2211,290,2214,2210,2215,52,2209
2215,2213,2212,290,2211,2217,2210,52
2214,2213,2212,2217,290,2211,54,2210
2208,2209,2207,2206,2210,2204,2203,2211
2215,2214,2205,2202,257,2213,2212,2211
2186,2189,2183,2193,2185,2182,2187,2194
2221,2220,2222,2225,2226,2224,2227,1448
2221,2219,2225,2222,2224,2226,2227,1402
2220,2219,2222,2225,2226,2224,2227,1448
2226,2227,2221,2225,2219,2220,1448,2228
2229,2230,1448,2231,2228,2232,2227,2222
2225,1402,2220,2226,2221,2222,2227,2233
2224,2220,2226,2221,2222,2227,2219,1402
2222,2227,2225,2221,2228,2224,2220,2219
2226,2222,2228,2225,1448,2224,2221,2229
2229,1448,2227,2230,2223,2226,2231,2222
2230,2223,2228,1448,2231,2227,2232,2226
2231,2229,2223,2228,1448,2232,2234,2227
2230,2229,2232,2223,2228,2234,1448,2227
2234,2231,2230,2237,2241,2229,2228,2223
2235,2236,2238,1402,2224,2225,2227,2226
2232,2237,2241,2231,2230,1461,2240,2229
2233,2236,2238,2242,2249,2224,1402,2244
2238,2235,2233,2242,2249,2244,2246,2243
2241,2234,1461,2232,2240,2239,2243,2249
2236,2242,2235,2244,2249,2233,2246,2243
2240,2243,2249,2245,2247,2242,2241,2246
2239,2243,2245,2249,2241,2247,1461,2237
2237,1461,2240,2234,2239,2232,2243,2245
2244,2246,2249,2247,2238,2243,2245,2236
2245,2239,2249,2240,2247,2246,2242,2244
2242,2246,2247,2245,2243,2249,2238,2248
2243,2247,2239,2246,2240,2249,2244,2242
2247,2244,2242,2245,2248,2243,2249,2239
2246,2245,2248,2244,2243,2242,2239,2249
2247,2246,2245,2244,2243,2242,2239,2249
2243,2239,2242,2245,2240,2244,2247,2246
