477,1,3,457,568,2,6,453
0,568,477,2,457,3,453,4
1,477,0,568,4,453,457,3
457,477,0,1,568,2,4,6
2,568,1,477,0,453,5,389
453,4,2,568,457,1,3,477
457,3,453,568,1,477,4,0
389,5,453,4,439,2,6,457
439,6,457,3,389,453,5,4
7,389,5,439,453,4,8,6
9,355,382,7,2078,2077,389,2076
2080,2072,2071,2073,2074,2075,2076,461
417,10,346,2087,2086,2093,9,355
2098,2097,2095,2094,2089,2088,471,2083
12,417,10,2096,346,2087,2086,2093
14,343,2116,2115,12,2114,417,2111
2107,2108,2102,2103,2120,2101,2100,2104
367,15,14,343,2122,2118,2116,2121
363,17,367,15,391,2132,2127,14
277,294,2133,2128,2123,16,2119,2139
18,363,17,367,15,391,2132,2127
20,357,18,363,359,17,340,367
23,19,277,280,16,2133,2141,2139
280,277,19,2141,2143,2139,2137,2133
21,405,20,357,18,363,359,17
26,259,22,19,23,277,16,294
259,22,23,19,277,16,280,294
25,26,259,22,19,277,23,16
27,25,237,26,259,22,19,277
28,233,27,25,237,26,259,22
24,21,405,20,357,18,363,359
29,28,233,27,25,237,26,259
30,420,24,21,405,361,20,357
31,297,29,28,233,27,235,25
33,31,297,253,29,28,233,27
32,30,420,24,21,405,361,20
34,33,31,297,253,29,28,233
446,35,32,430,422,30,420,24
485,37,446,35,32,430,422,30
475,38,485,37,446,35,445,32
295,34,36,33,285,31,297,250
541,39,475,38,485,37,446,35
41,541,39,475,38,485,37,446
306,40,295,284,285,34,33,36
42,551,41,541,39,475,38,485
652,44,607,42,551,41,541,39
45,652,44,607,42,551,41,499
2184,2185,2182,2218,2183,306,2186,43
747,46,650,45,652,44,607,500
309,2197,2200,2194,2193,2189,2218,2187
48,747,671,46,650,45,652,574
713,50,48,747,671,46,650,45
2210,2209,2211,2208,2207,2212,2213,2206
51,713,50,628,48,747,671,46
2215,2214,2213,290,2212,2217,2211,2210
53,737,51,713,50,628,48,747
55,734,53,737,51,713,707,50
258,54,269,2215,2214,257,2217,2213
56,753,55,734,53,737,51,713
272,57,269,258,275,54,257,273
58,758,56,753,55,723,734,53
308,312,59,272,331,57,275,293
60,58,758,56,740,753,55,723
62,768,60,58,758,781,56,740
312,61,331,308,59,301,293,272
1125,63,873,62,768,60,779,58
65,1125,63,873,62,768,60,779
314,64,315,312,331,301,61,380
66,65,890,1125,63,873,62,768
341,314,67,315,380,320,64,301
1050,68,1089,66,65,890,1125,63
1098,70,1050,68,1089,66,890,65
336,69,341,320,380,314,315,67
1081,71,1098,70,1050,68,986,1089
336,72,334,320,341,69,332,380
73,1081,1078,71,1046,1098,70,978
322,74,334,336,349,332,72,320
75,1103,73,1081,1078,1072,71,1046
348,370,76,349,322,334,74,332
77,1174,1103,75,1076,73,1081,1078
370,78,348,365,76,349,384,362
385,80,388,370,78,365,384,348
79,1204,1181,77,1174,1190,1103,75
397,81,385,388,80,384,386,370
1214,82,1194,79,1204,1181,77,1174
412,83,397,81,393,385,388,80
1260,84,1214,82,1250,1194,79,1204
85,412,513,83,397,393,81,451
86,1260,1230,84,1272,1214,1250,82
467,428,87,421,85,412,513,590
88,1271,1259,86,1260,1230,1276,84
1333,90,1318,1315,88,1271,1259,86
482,89,467,496,428,87,421,521
91,1333,90,1318,1315,88,1274,1271
510,92,482,89,467,496,428,87
1349,93,91,1323,1333,1287,90,1318
533,94,510,520,92,482,497,89
95,1349,93,1372,1323,91,1333,1287
96,533,94,554,520,510,92,497
97,1384,95,1356,1349,1372,93,1352
920,1106,1000,882,965,985,1090,1060
882,100,920,965,1106,885,1000,798
99,1395,1388,97,1384,1356,95,1376
534,98,556,96,533,608,554,94
101,882,798,823,920,962,885,100
962,100,101,1000,975,920,104,1106
848,104,823,798,866,882,101,809
1410,102,1401,99,1395,1388,97,1384
103,569,534,98,556,620,608,96
834,106,823,848,809,866,104,798
1094,105,1085,962,101,100,975,104
1415,107,1410,102,1401,1386,1395,99
888,109,834,822,106,823,848,104
760,108,622,646,103,569,687,620
1141,110,1094,1085,105,1095,1182,962
111,1404,1415,107,1410,1374,1386,102
858,112,888,109,822,834,807,106
700,113,760,625,622,108,646,687
1229,114,1141,1127,110,1095,1094,1085
1421,115,1398,111,1423,1404,1415,107
870,116,858,983,112,888,822,109
743,117,700,702,113,760,625,690
1207,118,1229,1127,1310,114,1141,1246
1428,119,1419,1421,115,1398,1423,111
120,870,1057,116,858,983,861,112
778,121,743,696,117,702,700,716
122,1207,1208,1310,118,1229,1127,1246
1455,123,1449,1428,119,1426,1419,1421
1031,124,949,120,870,1057,971,116
853,125,778,735,121,743,696,117
1309,126,1208,1248,122,1207,1310,1246
1442,127,1430,1455,123,1449,1433,1428
128,1030,1031,124,949,957,971,120
847,129,853,814,125,778,735,757
1235,1305,130,1309,1248,126,1258,1208
131,1442,1430,127,1424,1455,1433,1449
860,133,847,818,129,853,814,794
1038,132,1039,128,1030,1031,949,124
1270,134,1305,1295,1235,130,1258,1248
1452,135,1432,131,1442,1424,1430,127
136,840,860,133,818,847,832,129
1047,137,1038,132,1039,981,1030,128
1440,139,1452,1437,135,1432,1427,131
1306,138,1270,1295,1314,134,1305,1258
884,140,136,840,860,133,818,847
1040,141,1047,1016,137,1039,981,1038
143,1306,1373,1314,1270,138,1295,1378
1447,142,1440,1445,139,1452,1437,135
912,144,884,140,928,840,136,842
1345,1373,146,1306,143,1314,1378,1360
1457,1445,1447,1436,147,1437,1440,142
1082,145,1040,1016,141,963,1047,981
1447,1453,147,150,1445,1457,142,1440
148,912,144,884,944,928,140,840
1453,147,152,1447,142,150,1440,1445
1350,149,1373,1345,1360,146,1378,1390
1004,151,1082,145,963,1016,984,1040
1457,150,1436,152,1445,1447,1460,1456
1101,153,976,148,960,912,144,884
1377,155,1350,1383,1390,149,1360,1373
989,156,1004,908,151,984,1082,963
1383,1377,159,1387,155,1390,1396,1350
1459,1454,157,1436,1457,1443,150,1446
158,1101,153,976,148,1065,960,912
1383,161,1396,1387,1377,159,1390,1434
1396,164,1434,1383,1387,1412,161,1450
1434,165,1396,1450,1412,164,1444,1387
1434,1450,166,1446,1444,165,1412,1396
922,160,903,989,908,156,851,984
1451,167,1450,1446,1434,1444,166,1454
1138,163,158,1015,1101,153,1054,976
1451,169,1454,1446,162,1450,167,1443
1458,171,162,1454,1451,1459,169,1446
1164,170,1138,163,1083,158,1015,1101
909,168,903,922,851,160,908,989
173,1153,1164,170,1152,1138,163,1083
900,174,909,903,851,168,859,922
175,1119,173,1153,1099,1164,170,1152
939,176,886,900,174,864,909,859
1131,177,175,1119,173,1153,1099,1164
179,1131,177,1123,175,1119,1084,173
924,178,939,886,864,176,1018,900
1279,180,179,1131,177,1123,1119,175
904,181,924,916,1018,864,178,939
1254,182,1135,1279,1131,1123,179,180
1135,184,1368,1254,1150,182,1123,1195
942,183,980,916,904,181,924,1018
1217,1368,185,1135,1195,1150,184,1161
187,1195,1217,1368,185,1135,1161,1150
951,186,942,980,1011,183,916,904
1213,188,1159,1195,187,1368,1217,1183
1159,190,1183,1213,1147,1192,188,1195
1183,191,1159,1192,1147,1186,1165,190
1186,1183,192,1165,1192,1313,191,1112
1186,1313,193,1202,1224,1165,1112,1183
1313,1224,194,1202,1186,1170,1126,1112
1224,1170,195,1243,1313,1202,1199,1191
1243,1191,196,1170,1199,1224,1193,1237
1191,1237,1243,197,1193,1163,1199,1251
1237,1251,198,1191,1163,1193,1184,1243
1251,1184,199,1237,1163,1149,1180,198
1001,189,1045,951,186,1011,980,942
1197,200,1251,1231,1184,199,1286,1237
1008,201,1045,1001,189,1011,1088,951
1325,1268,202,1197,1231,200,1251,1286
1049,203,1008,1069,201,1045,1172,1001
204,1325,1308,1268,202,1245,1197,1231
1049,205,1148,203,1069,1008,1172,1045
1364,206,1334,1308,204,1325,1302,1268
1073,207,1074,1148,1049,205,1212,1069
1342,208,1334,1364,1316,206,1302,1308
1118,209,1100,1073,1188,207,1074,1212
1317,210,1336,1342,208,1316,1334,1364
1162,211,1168,1118,1100,1188,209,1177
1369,212,1336,1317,210,1367,1342,1357
1223,213,1162,1168,1209,211,1177,1188
1337,214,1353,1369,1332,212,1336,1367
215,1223,1209,213,1162,1168,1177,1222
1281,1249,217,1255,215,1223,1209,1239
1362,216,1359,1337,1340,214,1353,1332
1266,1281,218,1255,1249,217,1239,1209
1392,219,1347,1362,1359,216,1344,1337
1266,220,1239,1281,1255,218,1307,1278
1289,222,1266,1307,1239,220,1278,1312
221,1392,1347,1441,219,1359,1362,1344
1296,1289,223,1307,222,1312,1311,1266
1296,225,1429,1311,1289,1331,223,1307
1385,224,1375,1331,1441,221,1392,1347
1335,1354,226,1429,1331,1296,1311,225
1354,1391,228,1335,1331,1429,226,1385
1391,227,1385,229,1375,1354,1331,224
1391,229,230,1354,227,1385,228,1331
1416,231,230,1391,229,227,1385,1354
28,27,25,237,26,259,22,19
253,28,233,29,27,235,297,31
27,25,233,237,28,26,259,29
235,234,233,27,28,240,25,237
26,25,259,22,27,23,19,277
240,236,235,237,25,26,259,27
236,299,234,238,235,262,233,250
237,26,259,25,235,22,244,27
240,249,238,244,264,259,26,237
248,238,241,239,236,240,249,235
279,246,252,242,241,249,248,238
22,23,259,26,280,19,277,2160
252,251,243,246,279,254,249,263
249,241,264,242,254,2029,2037,2030
296,268,245,283,243,251,255,289
239,238,236,235,240,241,299,234
264,265,244,240,2023,2170,267,23
253,297,31,285,234,29,33,28
252,263,254,246,2045,2037,2046,243
246,254,264,249,2037,2029,279,2033
29,297,31,28,233,33,27,235
2037,2035,2040,2038,2033,2039,2041,2031
289,266,268,263,251,300,245,2052
239,248,261,242,299,236,238,2192
2205,2202,273,2199,261,256,2198,2196
54,2215,2214,2217,257,2213,2212,290
22,23,19,277,280,16,294,2160
301,288,247,281,331,293,268,302
299,262,239,2188,2187,2186,2218,2183
250,284,299,234,253,285,306,297
2045,2046,254,2041,2043,2047,2044,2040
2023,267,265,2009,2004,2010,2005,2019
2170,2181,2171,2168,2161,2160,2169,317
300,289,263,270,2052,2053,2049,2060
2004,2005,317,278,2171,2169,2168,2165
251,289,245,296,252,263,266,243
273,257,2205,2217,274,2215,256,2202
2053,2052,2049,2050,2068,2047,2044,2043
2192,2191,2190,2188,2187,261,2186,2193
57,269,258,275,54,257,273,2215
256,2205,2202,261,2199,248,239,242
273,243,242,279,256,248,245,2205
283,274,269,273,296,243,257,256
255,266,287,300,289,268,263,303
2133,294,2128,2123,2119,16,2139,2137
327,1990,1988,1983,282,1996,1995,1984
242,246,241,249,238,248,240,264
2143,2141,2139,2137,2133,277,19,2128
268,255,276,247,289,266,251,296
2157,2163,2154,2155,2162,2151,2150,2158
274,243,279,245,273,242,246,256
285,250,33,297,31,253,295,40
33,31,297,34,295,253,29,36
311,302,298,281,288,260,276,255
303,300,266,291,2060,255,2062,2059
247,281,268,296,255,293,245,289
251,263,254,252,2045,2046,245,2041
2212,2211,2213,2210,52,2209,2214,2208
2062,2061,2060,2059,2063,2057,2070,2055
287,305,303,276,300,321,302,266
283,275,296,247,274,243,269,245
2119,2120,16,2113,2112,2108,2109,2107
34,36,33,31,297,253,29,28
245,283,243,274,251,279,246,252
31,29,28,233,27,25,237,26
292,302,276,287,255,281,266,305
234,250,236,253,284,29,233,28
2060,2059,2057,2055,270,291,2054,2061
331,247,293,288,296,283,281,268
281,276,255,288,268,266,287,289
1960,1959,1961,1965,1957,1963,316,291
313,286,311,380,329,302,260,298
303,316,1975,1978,1965,1963,1976,1960
284,285,40,295,33,34,250,31
2152,2153,2149,2146,2147,2150,2151,2178
59,272,275,269,293,57,283,258
2197,2200,2194,2193,2189,2218,2186,2187
298,292,318,305,287,286,328,302
260,288,281,302,301,247,298,268
308,331,293,59,275,301,272,283
329,286,298,311,310,302,380,281
315,64,331,301,312,380,260,61
301,260,331,311,288,247,64,312
1965,1963,1961,1960,1959,1957,1979,1949
2169,2165,2164,2168,2171,2166,2167,2181
328,305,292,321,344,1975,1978,298
2058,2056,2070,2051,1943,1941,2048,2042
380,304,341,311,315,260,286,313
1975,1978,305,1976,1972,1973,323,1974
74,334,336,72,320,332,341,69
1974,1973,1972,1976,1970,1971,1968,1969
2140,2138,2136,2135,2177,2134,2131,2132
337,2155,2148,2157,324,282,2144,2145
1991,1989,1987,1986,339,1985,337,1982
1996,1995,1990,2066,1988,1984,1983,1981
344,321,350,305,323,1975,1978,1976
310,298,286,292,302,318,276,287
329,310,395,313,298,318,292,304
293,308,247,275,283,296,288,59
347,304,313,320,286,380,311,329
395,330,364,310,318,329,368,328
332,320,336,304,72,347,380,313
350,328,352,344,342,318,321,1507
341,320,69,380,315,314,67,332
340,359,324,2148,2145,2140,2144,2142
2022,2018,2008,2003,1998,2069,1997,1994
1989,361,337,1987,1986,359,1985,357
367,324,17,2132,2134,391,2131,2127
315,314,380,67,260,301,331,64
1507,1504,1505,1502,1501,1508,1499,1909
2111,14,12,2110,417,2106,2096,346
321,323,1976,1973,342,1972,1974,1978
339,361,2008,2003,1998,2069,1997,1994
2087,2086,2093,10,2092,2091,2179,2090
313,304,330,329,286,320,310,333
76,322,334,349,74,332,347,336
332,347,362,334,313,304,369,320
342,344,1507,1504,1501,1505,1502,323
1966,1967,1964,1962,1977,1958,1956,1955
358,1530,1531,350,342,1519,1525,1514
2042,2036,2034,2032,345,338,2028,2022
387,407,345,404,361,2036,2034,2032
9,7,389,5,439,453,4,8
390,352,408,335,411,358,374,1551
18,20,359,363,17,340,367,15
1531,1530,1525,1526,1519,1537,1538,1514
363,340,18,17,367,20,15,324
1509,1508,1907,1507,1505,1909,1911,1504
405,357,20,21,420,359,18,24
369,347,330,332,377,333,313,329
17,367,15,391,14,2127,2126,343
395,368,318,328,310,330,335,344
362,401,369,349,377,347,379,348
356,411,408,374,1615,1616,352,390
15,14,343,2118,2116,2121,2117,2115
328,335,318,350,395,344,321,342
333,330,376,347,395,364,310,329
348,349,365,76,362,332,334,347
373,390,335,368,356,364,350,352
394,371,390,356,335,366,373,352
368,364,335,333,395,328,390,318
1554,1553,1552,1551,1905,1548,1547,1903
427,372,394,406,383,371,356,390
373,364,333,368,395,371,330,318
369,376,333,364,373,395,330,368
383,379,399,376,427,377,401,373
401,377,376,369,383,373,333,364
315,260,311,301,288,286,331,281
375,406,470,399,394,413,427,409
461,355,9,7,2071,389,5,439
427,371,373,376,372,377,390,368
365,401,379,369,362,377,370,378
80,370,365,384,78,386,348,349
437,384,379,401,378,365,377,369
404,361,345,420,405,339,21,24
385,384,386,365,401,80,370,437
5,453,4,6,2,457,568,3
335,352,350,368,408,342,328,344
2124,2122,2121,2118,2117,343,2116,2115
437,402,386,378,379,384,388,400
388,386,83,397,392,384,385,81
356,366,390,371,352,408,416,411
318,310,329,328,292,298,305,321
402,392,419,437,400,440,386,378
81,385,388,80,384,386,370,365
381,470,438,406,413,375,409,418
383,427,375,372,371,394,406,373
399,381,375,383,398,427,378,437
377,369,362,376,333,330,364,373
437,378,400,399,383,386,379,427
448,426,398,436,438,443,470,381
420,361,24,405,21,422,30,20
21,20,357,18,363,359,17,340
409,394,366,416,372,356,414,427
404,387,420,422,30,24,361,430
1551,1553,1552,1554,374,1547,1905,1548
416,366,411,432,394,356,1616,1641
1463,1462,442,429,458,450,1956,1955
1616,1615,434,1605,1606,1902,374,1641
83,393,397,388,81,385,415,386
409,414,406,416,484,432,366,411
432,416,409,472,435,1649,1653,411
392,396,393,386,402,437,419,388
411,432,366,1641,1642,434,1616,1643
10,346,2087,2086,2093,9,355,2092
484,414,413,456,472,605,432,409
400,402,426,399,392,381,398,437
24,30,21,405,20,357,18,359
513,428,87,412,451,85,393,83
30,420,32,24,35,21,405,361
354,407,387,404,424,353,345,420
445,430,422,407,32,30,35,420
452,419,396,440,415,402,400,441
398,381,400,448,470,438,375,406
371,372,390,373,394,335,376,356
87,85,412,513,83,397,393,451
423,424,407,354,422,404,387,481
32,422,30,35,420,24,21,405
425,440,441,419,426,460,403,452
435,1649,1653,1642,1650,1643,1641,1654
456,418,487,484,473,605,438,472
1606,1902,1605,1616,1615,1901,374,1579
1661,1654,1662,1653,1900,1650,1649,1643
438,418,433,470,413,398,484,456
378,379,401,384,383,377,376,399
470,413,418,414,409,406,484,381
6,389,453,5,4,457,3,2
419,426,400,403,398,381,402,448
460,403,440,426,447,448,398,449
1953,1952,1951,1950,423,429,488,1946
436,444,433,448,465,438,418,456
433,436,418,487,456,552,438,484
430,35,446,32,37,422,485,30
35,32,430,422,30,420,24,404
443,448,436,403,438,444,398,418
438,436,398,470,413,418,381,406
447,443,489,444,436,403,448,464
463,458,481,454,424,486,445,429
513,415,452,393,412,396,392,386
396,415,392,419,402,513,393,440
4,2,568,457,1,3,477,0
485,37,38,446,445,475,35,39
425,452,431,396,419,451,415,440
605,473,484,472,480,1723,1718,1727
1,568,477,0,2,4,3,6
481,424,429,445,454,430,423,422
463,486,450,514,454,481,498,458
403,447,449,448,443,426,436,398
8,439,389,6,7,5,453,355
441,460,431,515,403,440,447,449
481,454,486,458,445,498,424,485
489,465,495,444,552,443,487,433
444,552,487,433,493,456,473,436
495,464,465,552,555,489,508,493
421,428,87,590,513,85,412,451
455,452,590,451,425,415,421,513
459,514,486,463,523,498,454,499
413,406,409,414,418,416,375,394
2083,11,2080,2072,2074,2071,2073,2075
1677,1680,1675,1676,1678,1685,1681,1686
605,1727,1723,1728,1729,1895,1719,480
431,530,425,455,462,440,452,441
38,485,37,446,35,32,430,422
462,515,460,441,519,449,403,447
0,1,3,457,568,2,6,453
455,468,474,425,452,431,530,590
549,516,478,504,545,474,468,455
1711,1715,1709,1703,1702,1698,1894,1695
454,445,424,446,35,430,37,485
496,467,89,428,421,521,87,590
584,505,588,479,566,614,549,581
472,414,605,432,435,1677,1675,1676
37,446,35,32,430,422,30,420
498,454,499,475,38,39,481,541
473,456,502,605,1729,1737,1727,1895
1942,1940,1980,1939,507,423,1938,354
444,443,465,447,433,436,495,552
1506,1510,1503,1500,1498,1497,1904,1494
516,504,538,479,478,521,468,549
503,464,466,489,586,495,465,512
487,502,473,1764,1750,548,1747,1762
719,586,544,492,466,512,464,561
552,465,508,493,487,444,433,543
521,467,421,590,89,428,87,513
538,520,491,496,504,521,482,516
475,39,541,38,41,454,485,37
498,41,541,39,551,475,42,38
607,551,42,44,499,41,652,45
530,462,476,474,431,441,515,460
1737,1731,1730,1738,1732,1729,1895,1739
489,464,449,443,465,444,466,447
468,521,478,590,496,455,451,452
479,566,549,545,581,516,478,491
494,492,719,586,503,466,522,464
353,354,2051,2048,2042,423,345,387
493,518,1781,567,1777,1773,552,1769
614,584,553,483,491,479,505,497
92,482,89,467,496,428,87,421
1686,1685,1681,1680,1678,1898,1677,1666
466,555,495,508,543,552,464,493
412,393,85,415,83,397,388,386
486,498,499,541,454,39,475,463
449,460,503,447,489,441,443,403
504,478,468,549,455,521,474,590
1494,1477,1912,469,1476,1498,1497,564
1777,1773,1881,1769,1764,1762,548,1883
515,503,449,489,492,464,460,447
482,496,510,94,538,92,467,521
590,421,468,467,451,513,89,428
519,515,503,476,492,449,489,462
500,514,499,551,498,486,574,42
506,492,522,519,503,719,494,464
1469,459,1475,450,463,1476,1477,1474
522,476,515,519,501,462,524,449
501,526,476,462,530,522,515,519
494,572,544,586,506,719,657,512
528,506,494,524,719,572,586,492
462,431,441,476,425,440,460,455
547,527,526,522,501,536,476,545
547,531,536,522,524,526,600,527
520,94,510,92,482,497,496,538
98,556,96,533,554,94,520,565
1480,1474,1473,1472,1471,1481,450,1482
600,524,547,506,529,522,492,494
581,531,527,566,532,545,547,526
504,521,496,516,482,590,468,467
588,537,581,566,483,603,505,531
536,600,532,559,529,524,547,506
39,475,38,485,37,446,35,445
483,509,546,584,588,614,505,539
583,1801,1805,1791,1789,1802,1790,1795
586,561,512,719,466,555,595,543
501,530,527,474,462,478,431,476
539,588,483,639,537,584,505,566
522,526,524,519,527,515,476,506
1751,1750,1748,1747,1744,1890,1743,1739
545,478,474,530,455,501,431,504
560,542,563,602,546,509,616,483
42,41,541,39,475,38,485,37
493,487,473,433,502,456,1737,518
614,497,491,538,584,516,504,520
497,520,533,553,538,96,491,614
508,543,567,1789,495,1790,1791,1781
554,533,98,565,96,520,497,94
639,571,580,539,546,582,537,603
1544,1532,517,606,490,1515,564,1513
529,600,528,578,506,536,494,572
542,546,571,483,563,509,539,588
512,555,595,543,1805,1801,583,1807
574,500,523,591,607,652,44,45
509,565,542,553,614,584,608,483
598,523,469,514,1477,1476,1494,1912
553,554,497,509,614,520,491,538
545,581,549,479,501,527,530,474
1781,518,1881,1861,1777,1773,1769,1764
1,2,477,0,457,3,453,4
103,534,556,98,608,96,533,554
1651,1645,1644,1646,1634,1638,1635,1632
546,639,539,580,588,537,542,483
544,657,575,494,586,561,623,512
606,1539,1533,1527,1520,593,1534,1540
607,652,44,500,45,650,42,551
655,561,595,544,610,604,1822,1819
594,540,577,532,536,603,600,559
559,540,600,529,536,578,528,506
662,572,642,528,657,529,647,544
1599,1598,1600,1601,1597,1583,1596,1572
603,537,594,539,531,532,581,576
545,527,501,531,549,526,530,476
594,580,603,576,639,532,585,540
1802,1800,1798,1796,1795,1792,1791,1871
479,505,491,588,516,549,566,478
576,577,540,594,559,587,600,536
512,466,561,495,555,464,508,543
638,578,577,559,667,662,529,528
566,505,581,537,545,549,479,527
550,697,560,602,627,613,542,546
421,451,513,452,412,415,393,428
671,650,574,46,45,652,747,48
689,669,665,582,585,576,597,670
612,598,562,624,564,631,523,591
603,532,540,536,531,547,537,577
1812,1815,1813,1809,1816,1810,604,1807
672,684,587,638,649,670,667,578
557,689,582,639,580,571,594,665
523,562,500,514,574,499,469,1477
1544,1532,558,1515,1513,1903,490,1510
529,506,524,528,494,547,492,719
1608,1607,1594,1591,1899,1582,1571,1570
560,546,571,557,542,639,539,597
532,531,537,547,536,540,527,581
1822,1823,1819,1829,1818,1830,1817,1816
480,472,1709,1718,1711,1715,1723,1719
593,598,564,612,517,523,562,1516
44,42,551,41,541,39,498,475
565,556,554,534,553,497,533,520
643,592,654,689,669,685,665,597
1829,604,1830,1834,1823,1822,1835,1837
597,557,643,571,602,689,639,582
624,562,598,591,574,523,645,500
611,602,571,557,597,546,560,639
584,491,479,516,497,505,538,504
1928,1932,1926,655,1933,1922,674,1935
563,565,608,509,553,556,554,542
658,609,643,611,629,597,613,619
627,626,589,550,633,616,563,697
697,613,658,602,611,589,571,560
608,616,569,556,565,534,563,554
1832,1831,1826,1868,1825,1824,1830,1829
108,569,103,534,620,98,556,608
655,575,615,610,674,595,1928,1926
591,562,574,671,598,650,500,652
646,760,113,622,687,108,569,620
633,687,616,627,620,646,563,550
550,563,616,560,542,509,565,620
671,50,48,713,747,591,51,46
609,693,654,685,592,669,643,689
656,663,617,677,658,640,679,619
645,624,591,612,628,562,671,707
647,641,615,666,623,681,1932,1928
620,616,627,608,563,565,569,556
642,647,632,667,676,662,623,641
630,663,680,656,617,640,664,677
589,697,619,618,550,602,613,560
687,626,633,625,646,620,618,616
667,578,662,642,634,559,572,577
580,539,537,603,588,581,531,594
609,629,617,693,643,654,592,658
681,615,1935,1932,1933,1928,1934,1926
647,662,657,623,632,572,575,615
689,597,592,582,557,665,654,669
618,626,637,627,633,636,687,589
591,628,671,624,747,48,650,46
620,622,569,108,633,608,103,556
623,615,657,641,655,575,572,1928
637,644,626,687,618,633,625,627
667,634,638,642,668,662,647,578
45,46,652,44,607,42,551,41
636,644,679,618,589,697,619,648
44,607,42,551,41,541,39,498
1550,1546,1543,1536,1529,1892,1524,1518
669,592,670,665,710,585,689,684
610,674,604,595,1829,1830,1834,1822
677,658,617,619,611,613,640,697
575,623,544,655,561,615,595,610
611,613,643,597,697,557,602,609
651,679,636,660,677,695,619,644
644,651,648,618,636,626,679,637
635,630,695,663,680,656,678,617
657,572,647,623,528,575,544,529
640,617,656,664,609,658,629,677
640,748,629,693,609,712,654,685
576,585,582,594,670,540,577,603
641,681,1935,725,1934,1933,1930,1929
642,662,578,647,657,632,572,623
676,634,709,632,647,704,666,667
665,585,670,576,577,684,582,594
585,577,587,576,540,559,594,638
46,747,48,650,45,652,574,44
649,638,667,587,634,578,642,662
648,660,644,651,637,626,618,690
1843,1845,1839,1840,1844,1838,1837,1846
1630,1623,1624,1602,1880,1879,1592,1613
632,666,641,704,647,615,681,642
619,658,636,697,613,617,611,589
695,679,677,659,656,630,619,636
677,636,619,656,697,589,658,613
664,663,686,640,630,629,748,617
1935,1934,1933,1929,1930,1932,1928,1931
686,680,703,664,748,635,784,640
659,651,660,673,644,679,636,678
670,587,577,672,585,638,559,578
654,710,669,670,684,592,722,585
748,664,693,728,712,629,640,663
633,646,620,616,622,569,608,108
659,678,683,679,695,651,677,636
582,665,669,594,576,557,580,585
637,625,648,687,700,646,626,117
711,718,1558,701,1559,707,1876,1560
645,628,631,707,591,671,624,713
685,654,609,710,669,592,670,722
688,717,678,695,659,679,661,683
630,656,677,635,679,663,617,619
702,698,690,743,121,637,700,625
602,613,560,550,571,546,611,542
690,648,673,702,637,644,687,660
668,649,730,634,672,676,667,632
113,760,625,622,108,646,687,637
711,1536,1546,653,1543,1550,1524,1529
690,743,625,700,117,637,648,687
686,748,728,784,712,664,774,746
961,666,725,731,641,733,632,681
1827,1828,1821,1866,1820,1857,1814,1811
672,649,699,596,638,667,634,668
628,713,737,51,50,645,53,48
812,673,683,660,698,648,716,651
704,676,666,961,632,641,725,634
684,596,670,669,587,672,585,577
707,692,1524,1518,1529,628,645,1892
693,710,685,722,744,654,629,596
50,48,747,671,46,650,45,652
780,699,706,730,809,668,649,672
732,661,680,635,682,717,663,630
696,698,702,690,812,648,673,743
661,695,678,630,635,688,656,679
723,707,711,737,734,53,51,55
466,586,492,512,464,495,503,489
714,706,744,766,699,780,649,722
764,750,694,688,717,726,752,678
596,710,672,684,706,649,587,638
753,734,55,56,53,737,58,51
1924,1925,1923,1927,1920,1936,1931,1919
733,793,724,808,1925,1924,1920,1923
661,764,717,715,635,694,727,732
732,741,715,682,756,1033,680,661
746,712,748,744,782,722,693,783
721,764,726,717,694,750,661,688
668,786,709,676,634,704,632,824
733,892,725,1032,930,793,894,806
682,680,756,686,635,661,664,703
1032,793,806,894,808,724,927,1920
55,53,737,51,713,50,628,48
125,778,696,121,743,702,716,117
741,754,727,1033,745,732,756,682
51,53,713,50,628,48,747,671
820,736,759,745,727,773,741,821
716,812,708,698,696,673,648,690
723,1565,753,1560,1876,758,56,1559
682,732,1033,756,715,829,686,680
716,696,739,735,698,702,812,690
117,700,625,690,113,760,637,622
722,706,596,672,710,649,714,699
727,715,732,726,741,661,682,680
744,712,782,722,706,710,720,596
46,650,45,652,44,607,500,42
712,693,629,685,746,640,654,710
1625,1614,1604,1593,1588,1565,1560,1876
752,688,771,694,764,683,659,708
721,750,729,828,764,694,688,752
683,688,659,708,651,694,660,812
56,55,734,53,737,51,713,707
1033,810,741,829,756,839,727,682
794,797,757,742,814,836,818,735
682,703,686,784,748,837,680,664
742,735,696,716,125,778,853,739
58,56,753,55,723,734,53,718
736,821,754,820,741,727,990,1033
622,108,646,569,103,687,620,534
708,771,739,812,752,742,673,716
720,782,766,714,822,780,744,706
1674,1865,1673,1672,1671,1670,1665,1660
717,694,688,661,678,695,635,630
825,999,751,729,721,827,801,750
780,714,809,730,699,823,866,668
787,738,769,820,773,770,745,759
60,62,58,758,56,740,753,55
759,738,736,777,787,820,821,754
825,801,729,765,773,787,726,751
708,752,683,812,739,688,660,673
769,767,738,787,788,759,805,820
726,745,820,729,715,764,727,661
728,783,746,782,744,762,720,712
772,769,788,759,767,738,777,787
869,772,767,1156,775,805,769,787
821,759,990,921,754,736,810,907
121,743,117,696,702,700,690,113
781,768,60,758,58,62,873,740
730,809,699,668,866,786,709,706
740,758,58,60,768,753,56,1588
720,744,706,714,722,766,699,780
762,782,720,807,746,714,766,744
728,774,746,748,712,686,783,782
765,999,871,827,751,825,881,770
709,824,704,676,668,961,666,849
738,820,773,745,727,801,736,759
777,769,759,821,736,738,990,754
1116,828,761,771,836,750,708,752
1156,869,776,805,800,767,863,772
1913,1848,1846,1847,1841,1842,1845,1844
850,775,776,772,790,769,869,816
808,1919,927,724,1920,1918,1917,806
757,814,742,735,853,847,129,125
811,783,762,807,983,774,782,858
817,779,781,740,768,1637,749,1665
836,742,794,757,1116,739,761,716
885,824,882,786,849,704,920,965
755,832,797,794,818,757,846,836
770,805,835,869,825,765,785,801
773,729,726,764,721,745,717,751
926,846,797,799,836,1116,755,789
878,777,788,921,821,990,855,934
835,785,871,765,999,800,827,825
770,767,787,773,801,825,738,729
1228,927,929,994,1002,844,1918,1916
822,766,762,888,112,834,109,714
1918,1919,1917,1916,1915,1937,1914,927
866,730,786,798,709,824,668,885
839,829,1033,837,905,756,741,940
807,762,783,822,766,858,720,782
673,698,648,660,644,683,690,637
816,803,815,878,788,777,919,775
853,129,735,125,757,778,742,121
878,855,803,991,934,921,777,911
788,803,775,777,769,759,878,772
779,768,873,781,62,60,63,758
847,814,133,860,794,129,853,757
850,816,813,792,775,788,803,772
745,727,736,741,732,715,726,754
754,990,810,736,1033,907,741,839
834,109,766,809,823,780,106,866
866,809,798,885,786,882,824,780
704,961,849,709,731,965,725,666
729,801,751,721,773,764,726,750
1716,1722,1717,1714,1710,1706,1707,1854
789,828,751,750,1116,771,721,846
750,771,752,761,708,721,688,683
837,756,784,703,682,728,838,686
776,790,792,869,1156,772,850,775
804,950,871,785,835,881,1097,999
818,794,755,814,847,757,133,860
817,1684,890,873,1683,1125,63,62
823,106,809,848,866,798,104,766
785,765,825,770,999,871,751,729
761,739,742,708,716,771,812,757
784,838,774,947,728,703,783,795
774,795,783,784,811,728,762,782
905,837,829,838,1033,947,784,756
136,860,818,133,832,847,814,129
802,926,799,797,846,893,856,755
893,840,832,818,799,884,140,136
819,813,816,850,899,803,815,775
1814,1820,1811,1808,1821,1806,1828,1803
843,899,813,819,815,919,908,816
1116,836,797,789,761,755,739,771
129,853,814,125,778,735,757,121
104,823,798,882,101,885,866,920
731,880,961,704,733,892,725,930
775,816,772,788,776,769,813,777
903,908,845,899,922,919,984,160
861,947,795,1057,811,983,838,783
125,778,735,121,743,696,117,702
843,845,819,813,850,851,889,899
934,878,911,857,921,887,907,931
881,846,802,789,1116,827,871,926
911,981,931,934,957,1039,872,887
888,112,822,807,109,834,106,766
845,854,851,843,903,899,897,908
133,847,129,853,814,125,794,778
983,811,795,858,807,870,120,116
1097,952,856,950,841,802,881,846
800,835,1156,804,770,785,805,869
874,886,865,859,939,854,958,900
874,958,854,897,859,977,843,845
798,786,824,885,730,709,704,882
804,831,863,835,785,800,950,871
790,1156,863,800,830,869,776,805
805,767,772,787,770,773,738,775
116,858,983,112,888,822,807,109
827,999,881,765,751,789,828,825
940,852,947,971,905,795,861,838
62,63,768,60,58,758,781,740
859,854,958,897,845,843,900,851
918,898,1717,1710,1714,826,1716,1707
865,958,864,933,874,1169,897,977
868,863,800,1156,790,867,835,869
921,934,777,907,990,887,911,821
890,833,1089,65,66,1125,1050,63
892,930,731,992,733,894,1032,998
827,789,999,828,1116,846,751,765
920,885,965,849,1106,824,1000,880
1700,1701,1696,1858,1699,1690,1693,763
140,136,840,860,133,818,847,832
849,824,965,786,731,704,961,880
859,900,874,176,851,174,865,909
940,905,872,839,931,810,947,837
109,834,822,106,823,848,809,766
792,830,850,819,776,1027,775,843
65,1125,66,63,873,62,768,60
1725,1721,1712,1720,1724,1708,1704,1855
894,1032,992,733,925,806,929,943
832,799,755,926,818,794,840,797
929,806,925,943,1228,1003,994,997
1041,1010,950,831,1097,867,862,804
867,863,877,804,1041,835,800,868
889,854,819,843,850,792,845,917
1694,1697,1684,1683,1690,1858,817,833
919,815,984,813,855,878,803,991
174,909,851,903,859,168,922,908
842,928,893,902,840,832,799,884
841,893,799,926,802,842,952,832
922,908,160,989,984,899,919,845
1018,864,924,181,886,876,874,178
838,947,837,795,852,829,784,774
917,889,830,1027,897,792,850,790
887,839,810,905,940,837,754,872
984,919,899,989,991,963,1004,815
168,903,922,851,160,908,989,859
896,974,877,863,868,915,867,1027
931,887,872,940,957,907,1039,905
144,884,140,928,840,136,842,860
933,1169,1070,876,946,958,977,996
901,937,902,944,842,893,928,923
1041,867,896,895,831,804,863,950
1018,904,876,948,864,924,181,865
1027,830,889,790,868,974,792,776
879,833,898,1707,890,1694,1710,1706
815,991,855,878,963,934,803,857
965,1106,849,885,985,880,1060,731
907,990,887,821,810,839,911,940
160,989,908,156,984,1004,919,963
862,841,952,902,802,1097,926,856
178,939,886,864,176,1018,900,874
943,929,1048,1020,1003,1012,806,1114
799,797,755,846,836,832,794,1116
844,1228,1002,1814,1820,1821,1811,1828
842,884,840,144,140,136,893,860
1003,1228,994,968,1048,1012,1002,927
992,892,925,894,1134,1032,997,733
957,872,971,1030,940,852,949,947
967,875,1766,918,1853,1761,1760,1759
958,977,906,865,897,889,1034,917
911,887,921,907,940,872,931,990
974,1027,917,868,910,877,906,830
1130,967,932,1021,978,879,918,986
902,923,841,901,862,952,799,893
923,937,862,1010,952,841,902,1097
176,900,886,174,859,909,851,874
905,947,839,852,838,795,837,971
1007,938,1010,862,923,895,1097,952
183,904,916,181,924,1018,864,178
1048,1003,929,1012,968,1114,994,1058
928,901,842,912,884,144,148,840
979,1065,944,960,914,901,928,976
1169,1034,970,906,933,917,935,977
795,838,783,811,861,774,762,784
913,876,959,1018,933,1070,865,1169
1057,124,120,870,861,852,983,858
1097,881,871,856,804,827,952,785
186,942,980,183,916,904,953,1018
856,802,841,846,926,881,797,1116
948,916,1043,876,1018,913,959,904
915,910,896,867,1056,1041,877,974
1776,1772,1779,1778,1853,1766,1780,932
938,1014,937,923,941,969,914,902
971,949,872,852,1057,1031,861,128
897,977,854,889,906,819,843,859
913,1070,1169,946,996,933,876,970
944,976,912,148,928,153,144,884
725,731,733,666,793,724,1032,681
100,101,1000,920,1106,975,882,965
991,1016,857,981,855,911,1039,1040
1021,936,1130,978,1072,1076,967,932
849,880,731,985,930,892,961,1060
1019,910,954,974,935,896,877,1063
879,918,986,978,875,833,1089,890
1035,995,1022,955,936,932,1058,1779
1014,979,914,945,901,937,944,1065
935,1034,1019,974,966,1169,917,1027
949,1057,852,861,1031,983,124,795
953,1043,948,959,913,1062,916,876
1042,966,1013,1019,970,996,910,954
868,877,1027,896,790,863,1156,800
1000,1090,1225,100,1106,1060,1091,920
153,148,912,144,884,944,928,140
906,889,897,917,792,830,819,850
986,1046,1050,1098,1089,70,68,879
914,901,944,960,928,842,937,902
953,916,972,942,948,1018,904,183
1039,1030,931,957,911,1038,137,132
945,969,979,1065,914,1014,1054,944
858,807,811,116,888,822,112,834
919,991,963,1004,855,815,857,1016
930,998,880,992,892,1134,731,1055
1089,1050,68,879,66,70,1098,890
993,941,938,956,1007,923,937,862
982,945,1065,1054,969,979,960,1015
156,1004,984,151,1082,963,1016,919
810,907,839,754,887,1033,829,905
855,857,911,934,878,1016,981,931
925,1134,997,894,943,1075,929,1032
941,1007,1056,938,895,1010,956,862
1002,968,1022,1035,955,1794,1006,1793
936,1035,964,932,1130,967,955,1021
970,946,1042,1034,1169,935,1019,906
1020,925,1048,943,1114,1104,1012,1003
1134,992,1055,930,997,925,1075,892
827,751,828,750,721,825,729,789
1106,1090,1060,920,985,965,1091,998
189,951,186,980,1011,942,183,916
1022,1006,1794,1793,1797,1799,1804,1806
968,1012,994,995,1035,1058,1114,1022
1082,151,963,1016,145,1040,981,991
1115,987,1028,993,956,1029,941,1026
1799,1797,1804,1851,1793,1794,1788,1787
1010,895,862,938,1097,950,1041,923
201,1045,1001,189,1011,1088,951,1025
1026,993,1005,987,1053,1115,1056,941
1097,950,862,831,952,856,923,881
980,953,972,951,1061,916,186,948
1058,995,968,964,1035,936,1064,994
966,954,1063,910,1019,915,896,1056
914,937,979,902,901,938,945,923
1101,158,976,153,163,1065,960,148
981,1040,1039,857,1047,141,137,1038
1023,1036,1054,988,1083,1015,982,1065
876,864,874,865,886,958,913,933
935,974,910,1027,877,1034,868,954
1048,1114,1092,943,1012,1058,1003,1124
978,1072,1130,1046,986,1078,967,1098
955,1035,1785,1780,1779,1052,1794,1778
1083,1054,1015,1138,1101,988,158,163
1152,1083,1023,1153,1138,1164,170,1017
1061,1011,972,953,980,1066,1043,948
993,1056,1063,1007,895,987,941,915
868,830,790,877,1156,776,869,792
956,987,938,1014,941,993,937,969
1080,1028,969,1014,956,982,914,987
957,949,128,1031,971,124,1057,872
124,949,120,870,1057,116,861,983
894,806,793,929,1228,927,808,925
829,756,682,703,837,732,784,686
917,906,935,1027,977,974,889,830
955,932,936,1776,1853,1766,1772,1779
988,982,1080,945,1054,969,1065,1023
1115,1113,1005,1028,1029,1096,987,1080
132,1030,128,1031,949,124,957,971
1030,1038,132,957,931,128,949,1031
141,1047,137,1039,1038,981,132,1030
831,867,950,804,1010,871,1097,785
970,1019,966,935,946,1013,1034,910
959,913,948,1070,1086,996,946,1169
1068,1024,1084,1099,1152,1017,1023,1083
1011,1025,1001,189,1132,980,951,1061
1098,70,71,1050,986,68,1081,73
137,1038,132,1039,981,1030,128,1031
1012,1114,1003,1058,1092,968,995,964
203,1008,1069,1045,1172,201,1088,1139
68,1089,66,890,65,1125,63,873
1068,1067,1017,1044,1077,1024,1093,1023
1783,1782,1784,1786,1785,1780,1779,1778
1063,1026,1013,954,1056,915,966,993
1015,1065,1101,960,976,945,158,153
1134,1109,1198,1075,997,992,1329,1187
895,1007,915,1041,1010,941,831,950
861,983,870,120,858,116,811,795
964,995,1064,936,1021,1130,1035,1076
1013,973,1053,966,1063,954,1042,1143
985,998,1091,1055,930,1134,992,1157
1066,1043,972,1062,953,959,948,1079
1086,1043,959,1070,996,913,1071,946
954,1056,915,1041,895,896,867,910
1076,964,1021,1072,1190,995,1181,1130
960,944,976,979,1101,153,928,912
1062,1043,1079,972,1086,959,1070,1146
1017,1036,988,1068,1023,982,1054,1080
1017,1024,1023,1083,1152,1099,1054,1015
1088,1045,1008,1145,203,1132,1025,1154
946,996,1169,970,1034,933,906,1042
973,1086,1042,1059,996,970,1013,1105
1078,1046,978,71,1081,1130,1098,73
207,1148,1074,1049,205,1069,1172,203
1148,1172,1203,207,1069,1049,1139,205
997,1020,1104,1048,1092,1114,925,1124
1072,1103,1078,1021,1046,1174,75,978
1067,1093,1036,1096,1017,988,1068,1080
1081,1046,71,73,1098,70,1050,986
1086,1062,1071,1108,996,1042,1043,973
969,982,1014,988,979,945,914,1028
71,1098,70,1050,68,986,1089,66
1016,145,1040,963,981,141,1039,1047
1015,1138,163,158,1054,1101,170,1164
1099,1119,1153,1024,175,1152,173,177
975,1128,105,962,1000,1090,100,1225
996,1042,1070,970,973,959,946,1019
1143,1053,1026,1009,1059,1063,1013,993
1145,1132,1025,1045,1061,1111,1011,1185
66,68,890,65,1125,63,873,62
1060,1091,1218,1106,985,998,1157,1055
1157,1055,998,1109,1134,985,1178,1198
1114,1064,1205,1210,1058,1012,1076,1190
1036,1067,1080,988,1017,982,1029,969
105,1085,962,100,101,975,1000,104
1182,1085,1110,1128,1173,110,1297,1094
1093,1113,1080,1036,1029,1067,982,988
856,952,881,802,871,846,827,841
70,1050,68,1089,66,890,65,1125
1153,1024,1152,173,1164,170,175,1138
1118,1212,1074,209,1073,1160,1148,207
153,976,148,960,912,144,884,944
1096,1077,1093,1121,1067,1036,1113,1080
75,1078,73,1081,1072,71,1046,1098
1124,1092,1020,1114,1210,1166,1205,1048
1087,1059,1053,1143,1013,1026,973,1063
985,965,1060,880,930,998,849,1091
1079,1066,1146,1062,1086,1061,1071,1120
1071,1059,973,1105,1042,1086,1013,1087
1198,1329,1187,1075,1104,1134,1137,997
1297,1128,1225,1273,975,1257,1218,1090
1066,1107,1061,1151,1079,1062,1025,1043
1102,1126,1077,1117,1096,1142,1121,1093
1029,1115,1080,1028,1005,1093,969,956
1058,1012,1064,964,995,1205,1076,1021
1028,1029,987,956,1080,1014,993,938
761,836,771,828,708,739,812,752
1077,1051,1067,1102,1093,1017,1068,1036
209,1073,1074,207,1212,1148,1049,205
175,1153,173,1099,1164,1152,170,1024
1146,1298,1108,1071,1122,1133,1079,1059
1113,1096,1037,1029,1115,1093,1080,1077
1105,1059,1108,1087,1071,1053,973,1136
1119,1131,177,1084,175,1099,179,1153
1092,1210,1166,1205,1114,1064,1181,1250
63,873,62,768,60,779,58,758
1142,1102,1121,1096,1113,1077,1093,1129
1095,1229,1141,1144,114,1182,1173,1085
1225,975,1090,1273,1000,1218,962,1091
1155,1037,1142,1158,1121,1171,1115,1113
978,967,986,879,1046,918,1089,1050
177,175,1119,173,1153,1099,1164,170
1025,1061,1111,1066,1011,972,1043,1107
1122,1140,1105,1149,1087,1108,1136,1059
997,1075,1198,925,1020,1048,943,1104
1150,1123,1254,1084,1161,1131,182,1119
1171,1143,1087,1009,1105,1158,1026,1005
1253,1124,1166,1104,1210,1272,1250,1092
163,158,1015,1101,153,976,148,1065
1154,1145,1088,1069,1132,1185,1111,1025
1136,1087,1122,1105,1143,1171,1059,1155
110,1095,1085,1094,1182,105,1128,1144
1121,1037,1113,1096,1102,1158,1115,1155
1009,1026,1053,993,1005,1063,1056,987
1173,1095,1182,1110,1297,1252,1263,1128
1132,1111,1185,1025,1061,1066,1045,1107
1071,1079,1108,1086,973,1062,1122,1042
1206,1051,1117,1161,1044,1068,1077,1067
1049,1069,1172,205,203,1008,1088,1139
1136,1140,1171,1155,1087,1143,1122,1105
1084,1123,1044,1099,1119,1024,1153,1131
1107,1146,1120,1079,1071,1066,1108,1298
1164,1138,170,1083,163,173,1023,1015
173,1164,170,1152,1138,163,1083,158
1145,1185,1088,1111,1132,1175,1107,1061
1171,1158,1136,1005,1037,1009,1143,1115
800,869,805,770,767,835,825,787
1109,1055,1178,1329,1198,1134,998,1187
1005,1037,1115,1009,1028,987,1113,1143
1147,1195,1206,188,1192,1161,1368,187
1212,1233,1167,1203,1074,1220,1232,1139
1044,1150,1084,1051,1068,1024,1099,1123
211,1118,1100,209,1188,1212,1073,1074
1193,1155,1149,1129,1199,1171,1136,1180
170,1138,163,158,1015,1101,153,1054
1112,1117,1147,1102,1077,1126,1051,1206
1250,1210,1194,1181,1205,1214,1204,82
1220,1232,1203,1201,1139,1154,1215,1172
1188,1162,1100,1189,211,1212,1160,1118
933,906,977,1034,958,917,889,897
1199,1142,1202,1126,1129,1193,1112,1121
1158,1143,1009,1005,1087,1026,1037,1115
1069,1139,1088,1145,1154,1132,1045,1201
1297,1263,1110,1182,1264,1304,1273,1282
77,1103,75,73,1081,1078,1072,71
1200,1185,1151,1196,1107,1111,1146,1120
1218,1221,1178,1157,1091,1227,1109,1329
1168,1189,1188,1226,1160,1100,1212,1233
1329,1179,1109,1187,1303,1244,1198,1275
1244,1275,1329,1276,1187,1253,1137,1109
1140,1133,1149,1136,1122,1087,1105,1171
1190,1204,1174,79,77,1103,1076,75
1110,1128,1085,1225,975,1297,1273,1090
1192,1159,1165,1147,1117,1206,1112,1051
1180,1149,1262,1133,1140,1163,1136,1298
1111,1107,1151,1200,1066,1132,1079,1061
1165,1202,1112,1183,1192,1224,1126,1117
1137,1104,1124,1253,1075,1166,1092,1276
1100,1212,1160,1118,1074,1203,209,1233
1160,1233,1188,1212,1234,1167,1100,1203
1076,1103,1174,77,1072,75,1078,79
1237,1243,1193,1199,1163,1170,1129,1155
1165,1147,1117,1206,1051,1112,1077,1102
1129,1155,1171,1158,1142,1149,1037,1136
1204,1181,82,79,1174,1190,77,1205
1161,1368,1206,1150,1135,1044,1147,1084
1242,1120,1151,1298,1262,1286,1146,1133
200,1251,1184,1286,199,1236,1237,1262
1075,1104,1187,1020,997,1137,1124,1092
1193,1129,1142,1155,1126,1037,1202,1121
1196,1151,1120,1242,1146,1107,1298,1079
1154,1211,1139,1185,1175,1145,1111,1200
1126,1112,1142,1102,1165,1121,1096,1077
1139,1172,1220,1154,1201,1148,1069,1232
79,1174,77,1190,1103,75,1076,73
1190,1076,1181,1064,1103,1204,1072,1174
1161,1044,1051,1150,1068,1117,1084,1024
118,1229,1127,1310,1141,114,1095,110
1310,1207,122,1127,1246,1229,118,1256
1177,1168,1223,1216,1189,1188,213,1162
1205,1181,1194,1190,1204,1076,79,1214
1175,1200,1185,1238,1154,1151,1196,1111
1074,1203,1172,1167,1073,1148,1139,1220
188,1159,1195,187,1368,1217,1206,1161
82,1194,79,1204,1181,1174,77,1190
1265,1211,1201,1285,1175,1238,1220,1200
1226,1189,1177,1324,1168,1247,1233,1188
185,1135,1368,184,1195,1150,1254,1161
1091,1157,1178,1221,1055,1060,1109,1329
1252,1173,1144,1264,1263,1292,1297,1110
1201,1154,1139,1172,1145,1211,1185,1088
1227,1178,1303,1179,1329,1157,1275,1371
1216,1209,1177,1226,1324,1189,1168,1223
213,1162,1168,211,1177,1188,1100,1118
1170,1202,1126,1112,1199,1142,1165,1102
1090,1273,1218,1091,1176,1000,1060,1257
1189,1233,1247,1234,1160,1167,1339,1188
1303,1371,1179,1275,1178,1274,1287,1329
1002,994,844,1022,968,1006,1003,1794
1141,114,110,1095,1094,1085,1182,1144
1260,1250,84,86,1214,82,1166,1194
1286,1236,1197,1242,1184,1262,200,1196
1201,1215,1220,1211,1154,1265,1139,1175
1167,1232,1220,1203,1293,1212,1215,1201
1293,1233,1215,1232,1167,1288,1160,1220
130,1309,1248,126,1208,1310,122,1207
1242,1286,1196,1262,1200,1298,1120,1184
1163,1193,1243,1199,1184,1155,1149,1129
1196,1236,1200,1242,1175,1231,1286,1151
1255,1277,1222,1365,1281,1269,1209,1301
1292,1252,1346,1264,1219,1283,1263,1355
1371,1227,1303,1274,1287,1221,1275,1179
1262,1298,1120,1133,1180,1184,1122,1151
1199,1170,1193,1224,1129,1163,1142,1202
1276,1253,1137,1272,1187,1166,1259,1250
1268,1238,1236,1265,1231,1325,204,1196
1256,1310,1280,1127,1144,1219,1300,1095
1339,1234,1328,1293,1288,1233,1316,1189
1208,1246,1310,1309,1382,126,1256,1127
217,215,1223,1209,213,1168,1162,1177
1194,1214,1210,84,82,1260,1181,1204
1237,1184,1163,1149,1191,1180,1193,1155
1264,1263,1173,1282,1283,1297,1304,1341
1166,1272,1250,1230,1210,1124,1194,1104
182,1279,1131,179,180,1123,177,1119
1222,1209,1277,1249,217,1216,1177,1269
1219,1144,1127,1173,1300,1095,1252,1240
1320,1176,1221,1267,1218,1227,1178,1241
1294,1330,1248,1382,1319,1348,1235,1246
1271,1272,1230,88,86,1260,1253,1250
84,1214,82,1194,79,1204,1181,1210
1351,1267,1241,1352,1371,1287,1227,1320
1133,1298,1180,1122,1120,1140,1149,1108
1304,1282,1297,1257,1320,1273,1267,1110
1282,1263,1283,1304,1341,1290,1297,1267
1211,1238,1175,1200,1196,1236,1201,1242
1239,1255,1281,218,1278,1249,1277,1222
1320,1241,1227,1351,1221,1371,1303,1287
1231,1197,202,1236,1286,200,1184,1242
1324,1222,1216,1326,1357,1247,1226,1332
134,1305,1295,1235,130,1258,1248,1309
88,86,1260,1230,84,1272,1214,1250
1230,1250,1166,1260,84,1214,86,1194
1176,1257,1218,1221,1320,1090,1091,1157
1315,1275,1259,1276,1318,1179,1244,1333
1276,1244,1259,1253,1272,1315,1137,1187
1272,1259,1253,1230,1250,1166,1271,1137
1269,1222,1291,1216,1324,1209,1357,1226
1277,1239,1365,1301,1269,1291,1255,1222
179,180,1131,177,1123,175,1119,1084
1300,1256,1219,1240,1252,1409,1144,1173
1249,1255,217,1209,215,1223,1222,1168
1304,1290,1267,1261,1320,1257,1321,1241
1341,1282,1290,1263,1261,1343,1321,1267
1348,1330,1258,1299,1319,1294,1379,1370
1265,1245,1238,1236,1211,1196,1268,1231
1262,1242,1184,1180,1133,200,1298,1251
1371,1323,1274,1315,1349,1333,91,93
1293,1302,1285,1215,1265,1245,1334,1308
1307,222,1266,1239,1278,1312,220,1255
1261,1321,1267,1351,1241,1352,1376,1304
1269,1357,1332,1326,1324,1367,1247,1353
1264,1283,1252,1355,1341,1282,1263,1394
1215,1265,1232,1285,1302,1211,1167,1201
1382,1319,1248,1280,1246,1370,1338,1256
1258,1305,1284,1330,1294,134,1248,1235
1307,1289,223,1312,1311,1278,222,1441
1273,1304,1257,1225,1128,1176,1282,1218
1133,1122,1108,1180,1146,1140,1105,1071
1348,1379,1380,1408,1370,1330,1319,1322
1240,1219,1252,1292,1264,1173,1346,1263
1365,1291,1340,1277,1269,1332,1357,1337
1308,1245,1285,1364,1265,206,1215,1268
1275,1179,1274,1244,1276,1329,1259,1315
1257,1320,1267,1273,1221,1176,1227,1261
1235,1248,130,1258,1309,1294,126,1208
1270,138,1295,1314,1305,134,1258,1235
1312,1278,1239,1301,1365,1266,1277,1344
1245,1268,1325,204,1285,1231,1236,1197
126,1208,122,1207,1310,118,1229,1127
1127,1256,1229,1144,1095,118,1141,1219
1312,1344,1347,1307,1301,1278,1359,1289
1301,1278,1344,1365,1277,1239,1291,1359
1224,1186,1202,1112,1170,1165,1126,1183
1295,1284,1258,1270,138,1330,1305,1294
1318,1259,90,1271,88,1276,86,1230
1302,1334,1288,1293,1308,208,1245,1285
210,1342,1316,1334,208,1328,1302,1364
90,88,1271,1259,86,1260,1230,1276
1370,1338,1382,1280,1322,1300,1246,1240
1221,1227,1241,1176,1303,1178,1371,1351
1352,1261,1351,1287,1356,1372,1241,1267
1338,1409,1327,1240,1300,1346,1280,1389
1333,91,1315,93,1318,90,1274,1259
1247,1326,1226,1234,1339,1189,1328,1233
1268,202,1197,1231,200,1251,1286,1184
1247,1328,1339,1226,1234,1336,1316,1288
1346,1409,1363,1240,1355,1381,1292,1406
1339,1316,1288,1302,1293,1234,1334,1342
1187,1137,1244,1198,1104,1275,1253,1276
1294,1319,1382,1370,1280,1338,1379,1248
1429,1441,1375,1311,1347,224,1312,1392
1353,1357,1367,1336,1326,214,1369,1328
90,1318,1315,88,1271,1259,86,1260
1302,1364,1308,206,1245,1268,1285,1325
226,1429,1296,1331,225,1311,1441,1312
1317,1328,1316,210,1342,1334,1339,1302
1353,1332,214,1369,1336,1367,1357,212
1300,1280,1240,1409,1219,1256,1252,1327
1288,1293,1234,1316,1302,1215,1285,1233
1337,1332,1353,216,1291,1357,1367,214
1290,1343,1321,1282,1261,1376,1267,1352
208,1334,1364,1316,206,1302,1308,204
1376,1321,1290,1352,1356,1261,1388,1351
1301,1359,1340,1291,1365,1337,1332,1362
146,1373,1306,143,1314,1270,1295,138
1292,1355,1363,1283,1341,1394,1264,1406
1344,1359,219,1340,1312,1362,1301,1337
1379,1370,1319,1330,1322,1408,1294,1338
93,1323,91,1333,90,1318,1315,1274
1373,149,1360,1345,1378,146,1390,1314
1371,1287,1241,1274,1372,1323,1227,1303
1351,1372,1287,1371,1323,1349,1241,1384
214,1336,1369,1367,212,1357,1317,1328
1331,1335,1429,226,1441,1375,1385,1311
1394,1341,1366,1283,1343,1290,1386,1264
1384,1372,1352,97,95,1349,93,1287
1326,1367,1328,1324,1336,1247,1339,1316
1380,1299,1379,1431,1408,1348,1439,1414
1340,1362,1337,216,1332,1301,1353,1291
1378,1405,1393,1373,1361,1284,1314,1299
1358,1393,1403,1299,1380,1431,1379,1348
216,1337,1340,1353,214,1332,1369,212
1406,1355,1374,1394,1366,1386,1341,1292
206,1308,204,1325,1268,1245,202,1197
1291,1277,1269,1357,1324,1222,1326,1332
1343,1376,1388,1341,1401,1321,1356,1395
1336,1328,1326,1316,1317,1339,1247,212
1150,1135,1161,1084,1206,1123,184,1044
212,1336,1317,210,1342,1367,1316,1328
1322,1338,1280,1411,1300,1409,1382,1240
1274,1303,1315,1323,1275,1259,1276,1179
1349,1323,1287,95,93,1333,91,1371
1314,1378,1306,143,1295,1284,1393,1405
1406,1386,1404,1366,1355,1394,1401,111
224,1441,1347,1392,221,1311,1344,1359
1356,1352,1321,1372,1384,1395,1351,1261
155,1350,1390,1360,1387,149,1373,1378
1393,1284,1314,1299,1361,1295,1348,1258
1408,1370,1322,1411,1319,1414,1439,1338
1439,1408,1414,1379,1397,1411,1407,1413
1363,1423,1374,1406,1398,1355,1346,1386
1280,1246,1256,1338,1300,1219,1310,1322
1387,1377,1390,1360,1399,155,1350,1405
97,95,1349,1372,93,1323,91,1287
1375,224,1331,1441,1392,221,1347,1429
1366,1401,1388,1410,1394,1376,107,1395
1390,1399,1405,1360,1400,1361,1422,1350
1395,1356,1376,1384,99,97,1372,95
1327,1381,1363,1346,1409,1355,1406,1374
1360,1405,1399,1378,1393,1361,1400,1373
1385,227,1354,1331,1375,228,1429,224
219,1347,1359,1362,1344,216,1337,1340
1299,1284,1358,1348,1403,1379,1314,1380
1341,1366,1343,1283,1376,1321,1290,1388
99,97,1384,1356,95,1372,1349,93
1387,1412,1383,1399,1390,1422,1400,1444
1439,1407,1418,1414,1413,1420,1433,1426
1421,1404,115,111,1374,1415,107,1386
1405,1361,1400,1360,1393,1403,1378,1358
1361,1403,1402,2233,2235,2238,2236,2224
1395,1388,102,99,97,1384,1356,1376
2224,2225,2220,2221,2226,2222,2219,2227
1431,1358,1380,1439,1299,1417,1397,1408
111,1415,107,1386,1410,1401,102,1388
1393,1361,1378,1358,1299,1403,1284,1348
1366,1386,1355,1394,1343,1404,1341,1388
1420,1413,1414,1426,1389,1381,1449,1411
1414,1411,1322,1370,1389,1413,1327,1407
1240,1346,1292,1300,1355,1264,1252,1363
102,1401,1395,99,1388,97,1384,1356
1327,1389,1322,1409,1346,1338,1240,1381
1422,1400,1387,1399,1438,1390,2244,2248
1389,1420,1381,1411,1327,1363,1423,1374
1413,1411,1389,1327,1420,1322,1381,1409
107,1410,102,1401,1386,1395,99,1388
231,230,1391,229,227,1385,1354,1331
1397,1431,1418,1439,1407,1433,1380,1424
1426,1407,1420,1449,1430,1413,1419,1414
119,1398,1423,1421,115,1381,1404,1374
1381,1419,1423,1389,1374,1428,1398,1363
115,111,1404,1415,107,1410,1374,1386
1438,2248,2244,2246,2242,2238,2247,2236
1374,1398,1404,1406,1421,115,1386,1363
1433,1430,1418,1442,1449,131,127,1426
1417,1424,1418,1433,1397,1431,1407,1426
1420,1419,1428,123,1455,1423,119,1413
1424,1425,1432,135,1452,1433,139,1442
119,1419,1421,115,1398,1423,111,1404
1311,1441,1296,1312,1375,225,1347,1307
127,1455,1449,123,1428,1426,1419,119
1380,1397,1439,1414,1407,1408,1418,1379
135,131,1442,1424,1430,127,1455,1433
1418,1449,1426,1430,1420,127,1407,1455
1450,1396,1412,1444,1446,1422,1387,1438
2231,2230,2223,2229,2228,1448,1427,1425
1457,1456,1460,1435,1445,1437,1461,2237
1427,1452,139,1432,135,1424,1442,131
2248,2247,2246,2245,2244,2243,2242,2239
1414,1407,1408,1413,1411,1389,1418,1420
139,1452,1437,135,1432,1427,131,1442
1347,1311,1344,1312,1392,1359,221,1301
127,1430,1455,123,1449,1433,1428,1426
1460,1438,2248,2247,1461,2246,2245,2243
1438,1422,1443,2248,2246,2247,2244,2245
1437,1440,142,139,1452,1456,1427,1432
1443,1444,1438,1460,1422,2248,2247,2246
142,1440,1445,139,1452,1437,1456,1432
2221,2219,2220,1425,1417,1431,1397,1427
1426,1428,1455,123,1419,119,1420,1398
1446,1444,1443,1422,1412,1438,1396,2248
1446,1450,167,1454,1443,1444,1434,162
135,1432,131,1442,1424,1430,127,1455
147,1447,142,150,1440,1445,1457,139
1459,1443,1446,157,1436,1460,1444,1457
123,1428,119,1419,1421,115,1398,1420
1435,1427,1437,2237,2234,2232,2231,2230
1445,1456,1437,1447,1440,142,147,1427
171,1451,1454,169,162,1446,1459,1443
157,1436,1457,150,1460,152,1443,1445
1461,2241,2237,2248,2240,2245,1435,2239
2241,2237,2240,2239,2234,2243,2232,2249
1463,442,1956,1955,1958,1954,1953,1952
1462,442,1956,1955,1958,429,1954,1953
1463,1465,1462,410,442,1956,1955,1958
410,1464,1463,1462,442,429,1956,1955
1465,410,1464,1463,1462,442,429,458
1466,1465,410,1464,1463,1462,442,429
1467,1466,1465,410,1464,1463,1462,442
459,469,463,486,514,450,454,481
1468,1467,1466,1465,410,1464,1471,1463
1472,1468,410,1467,1466,1465,1464,450
1471,1468,410,1467,1466,1465,450,1464
1472,1474,1471,1470,1468,410,1467,1466
1473,1472,1471,450,1470,1468,410,1467
1469,459,469,463,486,514,450,454
1477,1475,1469,469,459,486,514,463
1476,469,1475,1469,459,486,514,463
351,1966,1969,1967,1964,1962,1968,1958
1470,1468,1467,1466,410,1465,1471,1464
1474,1473,1472,1471,1481,450,1482,1479
1482,525,450,1480,1474,1473,463,459
1481,525,450,1480,1474,459,1469,463
1479,1470,1468,1467,1466,410,1465,1471
1480,535,1474,1473,1472,1471,1485,1486
1486,1481,1482,1487,525,535,1484,1480
1485,1481,1482,1487,525,535,1484,1480
1482,525,1481,1486,1485,1488,450,535
1469,1475,525,459,1476,1487,1477,1482
1483,1479,1490,1470,1468,1467,1471,1466
1489,1483,1479,1471,1470,1468,1472,1473
1484,535,1480,1474,1492,1473,1493,1472
1493,1485,1486,1481,1491,535,1484,1480
1492,1485,1486,1481,1482,1491,1487,535
1912,1476,1477,1475,1469,1488,469,459
1906,1496,1491,1492,1484,535,1493,1480
1495,1492,1493,1906,1491,535,1484,1485
1494,1912,1488,1475,1476,1469,1477,459
1497,1494,1912,1488,1476,1475,1477,1469
1909,1478,351,1969,1968,1971,1967,1970
1498,1497,1494,1912,1488,1475,1476,1469
1502,1499,1909,1478,351,1969,323,1968
1501,1499,1909,1478,351,1969,323,1968
1500,1498,1497,1494,1488,1912,1475,1476
1505,1502,1501,1909,1499,1478,351,1911
1504,1502,1909,1501,1499,1478,351,1911
1503,1500,1498,1497,1494,1488,1912,1475
1505,1504,1909,1502,1501,1508,1499,1478
1507,1505,1909,1504,1502,1501,1911,1499
1508,1907,1911,1507,1489,1505,1909,1483
1506,1503,1904,1500,1498,1497,1494,1488
1509,360,1907,1508,1911,1507,1489,1483
1511,1509,360,1907,1508,1507,1911,1489
490,1510,1506,1904,1503,1500,1498,1497
1512,1511,1509,360,1907,1508,1507,1911
1513,490,1510,1506,1904,1503,1500,1498
1517,631,612,624,1518,593,645,562
631,1518,1516,645,624,692,612,591
631,1517,692,645,1516,624,628,591
1514,1512,1511,1509,360,1907,1508,1507
593,1521,612,1522,606,1523,1516,598
1522,1523,1516,1520,593,612,1517,624
1523,1516,612,1517,631,593,624,1518
1516,1522,1517,631,612,624,593,1518
1518,1517,631,692,645,1516,1523,1522
1526,1519,1514,1907,1512,1511,1509,360
1525,1519,1514,1907,1512,1511,1509,360
1520,593,1528,1521,1522,612,606,1523
1521,1522,1523,1516,1527,1520,593,612
1524,1518,1892,1517,631,692,645,1516
1531,1525,1519,1514,1526,1512,1511,1907
1525,1530,1526,1519,1514,1512,1907,1511
1515,1513,490,1510,1506,1503,1904,1500
1527,1520,593,1534,1535,1528,1521,606
1527,1520,1535,1528,593,1521,1522,612
1528,1521,1534,1522,1527,1520,1523,1516
1529,1524,1518,1892,1517,631,692,1516
1538,1526,1525,1531,1530,1519,1514,1907
1537,1526,1525,1531,1530,1519,1514,1907
1533,1527,1520,1534,1540,593,1541,1542
1541,1534,1542,1535,1527,1520,1528,1539
1540,1542,1534,1535,1528,1521,1527,1520
1541,1535,1540,1528,1534,1521,1527,1522
1536,1529,1524,1892,1518,1517,631,692
1532,1515,1513,490,1510,1506,1503,1500
1541,1540,1542,1534,1535,1528,1521,1527
1543,1536,1529,1524,1892,1518,1517,631
1548,1538,1537,1526,1525,358,1531,1530
1547,1538,1537,1526,1525,358,1531,1530
1545,1541,1540,1542,1534,1535,1528,1527
1546,1543,1536,1529,1892,1524,1518,1517
1552,1905,1548,1547,1538,1537,1526,1525
1551,1905,1548,1547,1538,1537,1526,1908
1554,1552,1551,1905,1548,1547,1538,1537
1553,1552,1551,1905,1548,1547,1538,1537
1549,1545,1541,1542,1540,1535,1534,1528
1555,1549,1545,1542,1541,1540,1535,1534
653,1550,1546,1543,1536,1529,1892,1524
1559,718,1876,1560,723,734,711,707
723,718,734,753,55,737,53,711
1876,1559,723,1558,718,753,734,55
1557,653,1550,1546,1543,1536,1529,1892
701,1561,653,1557,1546,1536,1550,1543
1564,1558,718,691,1559,1876,1560,1565
1558,1563,1559,718,1876,1560,1565,691
1560,1876,1559,723,1558,1564,1563,718
599,1544,1532,1569,1903,1570,1515,1513
1566,599,1544,1568,1532,1569,1570,1571
1569,1570,1571,599,1567,558,1566,1544
1570,558,599,1566,1544,1532,573,606
1569,558,599,1566,1544,573,1532,606
1570,1569,1568,558,599,1567,1566,573
1573,1556,1555,1891,1549,1545,1541,1542
1556,1555,1891,1549,1545,1542,1541,1540
1561,1557,653,1550,1546,1575,1543,1576
1576,1562,701,1574,1561,1557,653,1546
1575,1562,701,1574,1561,1557,653,1546
1578,1563,691,1564,1558,718,1559,711
1563,1577,1564,1558,691,718,1559,1876
1567,1566,599,1580,1581,1544,1568,1532
1581,1568,599,1579,1567,1569,1566,1570
1568,1580,1569,1570,599,1582,1571,1579
1571,1570,1569,1568,1581,558,1580,599
1572,1573,1556,1555,1891,1549,1545,1541
1574,1561,1585,1557,653,1575,1576,1550
1575,1576,1584,1562,1574,1561,701,1557
1587,1577,691,1878,1578,1563,1564,1558
1586,1577,1878,691,1578,1563,1564,1558
1565,1560,1876,1559,1558,1564,723,740
1579,1901,1567,1566,1590,599,1580,1581
1580,1581,1589,1568,1579,1567,599,1901
1582,1571,1570,1569,1568,1581,558,1580
1576,1562,1575,1585,701,1584,1574,1561
1588,1565,1560,1876,1559,1558,1564,723
1899,1591,1582,1571,1570,1569,1568,1581
1596,573,1600,1539,1601,1533,1583,1572
1595,573,1600,1601,1539,1533,1583,1572
1596,1598,1595,1599,573,1600,1601,1583
1597,1596,1599,1595,1600,1601,573,1583
1600,1601,1598,1583,1572,1597,1573,1596
1601,1583,1572,1573,1556,1555,1891,1549
1600,1583,1572,1573,1556,1555,1891,1549
1592,1576,1562,1575,1585,701,1584,1574
1586,1587,691,1577,1878,1578,1563,1564
1593,1588,1565,1560,1876,1559,1558,1564
1902,1606,374,1903,1554,1901,1553,1566
1902,1605,1903,1901,1566,374,1579,1567
1594,1899,1591,1582,1571,1570,1569,1568
1595,573,1609,1607,1596,1610,1594,1597
1610,1597,1596,1595,1598,1611,579,1612
1597,1609,1596,1598,1595,1611,579,1612
1598,579,1612,1610,1597,1599,1609,1596
579,1599,1611,1598,1600,1601,1610,1597
1603,1586,1587,691,1577,1878,1578,1563
1604,1593,1588,1565,1560,1876,1559,1558
1605,1902,1606,374,1554,1553,1903,1552
1615,1605,1606,1902,374,1554,1903,1553
1607,1594,1899,1591,1582,601,1571,1570
1619,601,1620,1621,1608,1617,1607,1594
1618,601,1620,1621,1608,1617,1607,1594
1621,1608,601,1617,1607,1595,1594,573
1608,1620,601,1595,573,1617,1609,1607
1610,1597,1609,1598,1611,1596,1595,579
1602,1592,1585,1576,1575,1562,701,1584
1613,1603,1586,1587,691,1623,1602,1577
1614,1604,1593,1588,1565,1560,1876,1559
1617,1627,1607,1618,601,1594,1619,1899
1618,1619,601,1626,1620,1617,1621,1607
1621,1608,1620,1619,1618,601,1627,1595
1622,1611,1610,1598,1609,1597,1612,1596
1623,1602,1592,1576,1585,1562,1575,1624
1628,1621,1620,1608,1619,1618,601,1627
1633,1629,1622,1610,1609,1611,1597,1598
1629,1622,1611,1610,1609,1598,1597,1612
1631,1628,1621,1620,1608,1635,1632,1619
1632,1633,1629,1622,1610,1609,1611,1597
1630,1623,675,1880,1602,1592,1624,1585
749,1625,1614,1604,1593,1588,1565,1867
1635,1632,1633,1629,1622,1897,1610,1634
1636,1630,675,1623,1880,1602,1640,1592
1624,1879,675,1613,1639,1603,1636,1630
434,1606,1902,1589,1901,1579,1605,1567
1643,1641,434,1589,1901,1579,1606,1902
1642,1641,1589,1901,1579,434,1590,1567
1645,1634,1631,1628,1646,1638,1621,1620
1634,1631,1628,1638,1621,1635,1632,1620
1638,1635,1632,1633,1629,1897,1645,1634
1640,1624,675,1879,1613,1639,1636,1630
1637,749,1625,1614,1604,1593,1867,1588
1643,1650,1642,1641,1589,1590,1901,1579
1649,1643,1642,1641,1589,1590,1579,1901
1646,1638,1635,1632,1645,1633,1644,1634
1648,1637,749,1625,1614,1604,1867,1593
1650,1649,1643,1654,1642,1641,1900,1589
1900,1653,1650,1649,1643,1642,1641,1617
1644,1645,570,1634,1657,1651,1631,1628
1655,570,1644,1645,1634,1657,1651,1646
1651,1646,570,1638,1635,1632,1645,1655
1639,1636,675,1630,1880,1623,1647,1640
1658,1639,1636,675,1647,1630,1880,1640
1652,1648,1637,749,1625,1614,1867,1604
1662,1654,1900,1653,1650,1649,1643,1626
1661,1900,1654,1653,1650,1649,1643,1626
1656,1655,570,1644,1645,1657,1651,1634
1659,1658,1639,1636,675,1647,1630,1640
1660,1652,1648,1637,749,1625,1614,1604
1663,1667,1656,570,1655,1644,1657,1898
1666,1663,570,1656,1657,1651,1655,1644
1664,1669,1659,1658,1639,1636,1647,675
1668,1664,1659,1658,1647,1639,1640,1636
1665,1660,1652,1648,1637,749,1625,1614
1672,1670,1665,1660,1652,1648,1637,749
1671,1670,1665,1660,1652,1648,1637,749
1672,1674,1671,1670,1665,1660,1652,1648
1673,1672,1671,1670,1665,1660,1652,1648
1676,1662,1661,1900,435,1654,1898,1653
1675,1662,1661,1900,1898,435,1654,1655
1676,1678,1675,1662,1898,1661,1900,435
1677,1676,1675,1898,1662,1661,1900,1663
763,1674,1865,1673,1672,1671,1670,1665
1678,1681,1677,1676,1675,1898,1662,1663
1680,1678,1677,1676,1675,1898,1663,1666
1679,763,1674,1865,1673,1672,1671,1670
1684,796,817,779,763,781,1682,1679
1683,817,796,779,763,781,768,873
1681,1686,1680,1678,1677,1676,1898,1675
1685,1681,1680,1678,1898,1677,1666,1663
511,1686,1688,1685,1681,1680,1678,1898
1687,511,1686,1685,1681,1680,1666,1898
1682,1679,763,1674,1865,1673,1672,1671
1683,1684,796,817,763,779,833,781
1688,1692,1687,511,1686,1685,1681,1666
1691,1688,1687,511,1686,1685,1666,1667
1689,1682,1679,763,1674,1865,1673,1672
1684,1683,1690,1858,817,796,833,779
1692,1691,1688,1687,511,1686,1685,1666
1693,1689,1682,1679,763,1674,1865,1673
1694,1684,1858,1683,1690,817,796,833
1695,1692,1691,1688,1687,511,1686,1685
1696,1693,1689,1682,1679,763,1865,1674
1701,1858,1690,1683,1697,1694,796,1684
1700,1858,1690,1683,1697,1694,796,1684
1698,1695,1692,1894,1691,1688,1687,511
1702,1698,1695,1894,1692,1691,1688,1687
1855,1699,1696,1693,1689,1682,1679,763
1700,1701,883,1858,1690,1683,1707,1697
1707,1697,1694,1858,898,1690,1683,1684
1697,1694,898,1858,1684,1690,1683,1701
1704,1855,1699,1696,1693,1689,1682,1679
1703,1702,1698,1894,1695,1692,1691,1688
1706,1707,1697,1694,898,1858,1690,1701
1709,1703,1702,1698,1894,1695,1692,1691
1708,1855,1704,1699,1696,1693,1689,1682
883,1705,1700,1701,1696,1699,1714,1708
1710,1706,1707,1697,1694,1701,1858,898
1711,1709,1703,1702,1894,1698,1695,1692
1717,1714,1710,1706,1707,1854,1697,1701
1716,1714,1710,1706,1707,1697,1854,1694
1715,1711,480,1709,1703,1702,1894,1698
1718,1715,480,1711,1709,1703,1702,1894
1712,1863,1708,1855,1704,1699,1696,1693
1713,1854,883,1705,1700,1708,1701,1704
1716,1717,1714,1710,1854,1706,1707,1701
1719,1718,1715,480,1711,1709,1703,1702
1720,1712,1863,1708,1855,1704,1699,1696
1721,1713,1854,1726,883,1705,1708,1700
1722,826,1854,1716,1717,1714,1713,1710
1728,1723,1719,1718,1715,480,1711,1709
1727,1723,1719,1718,1715,480,1711,1732
1895,1728,1727,1730,1723,1731,1719,1718
1731,1895,1729,1728,1732,1727,1723,1719
1730,1732,1895,1729,1728,1727,1723,1719
1728,1727,1723,1719,1718,1715,1711,1894
1724,1720,1712,1863,891,1708,1855,1704
1735,1736,1726,1854,1722,1725,1721,1713
1736,1726,1854,1722,826,1713,1716,1725
1735,1726,1722,1854,826,1716,1717,1713
1730,1895,1729,1731,1728,1727,1732,1723
1739,1732,1731,1730,1737,1895,1729,1728
1738,1732,1731,1730,1737,1895,1729,1890
1733,1724,1720,1712,891,1863,1708,1741
891,1725,1721,1742,1713,1734,1740,1735
1734,1735,1736,1726,1854,1725,1722,1721
1744,1739,1738,1732,1731,1730,1737,1890
1743,1739,1738,1732,1731,1730,1890,1737
1741,891,1725,1721,1746,1742,1734,1713
1742,1734,1735,1736,1726,1725,1721,1854
1748,1744,1743,1739,1738,1732,1890,1731
1747,1744,1743,1739,1738,1890,1732,1731
1746,1742,1734,1735,1736,1726,1850,1725
1751,1748,1747,1744,1743,1739,1890,1738
1750,1748,1747,1744,1743,1890,1739,1738
1740,1733,1724,1753,1720,891,1712,1863
1850,1745,1741,891,1752,1740,1725,1721
1749,1746,1742,1734,1735,1736,1726,1850
1752,1740,1733,1753,1724,1720,891,1745
1757,1754,1749,1746,1742,1734,1735,1736
1756,1754,1749,1746,1742,1734,1736,1735
1757,1756,1754,1749,1746,1742,1734,1736
1760,1761,1758,826,1757,875,1717,1756
1761,875,826,1717,1757,1716,1722,1756
1760,875,826,1717,1716,1722,1714,1757
548,1751,1750,1748,1890,1747,1883,1744
1755,1856,1752,1753,1740,1733,1724,891
1762,548,1751,1750,1748,1890,1883,1747
1763,1755,1856,1752,1753,1740,1733,1850
1761,1759,1760,875,1758,1757,826,1756
1765,1763,1768,1755,1856,1752,1753,1740
1767,1765,1753,1763,1850,1755,1745,1752
1764,1762,548,1883,1751,1750,1890,1748
1767,1765,1771,1763,1768,1755,1856,1752
1768,1767,1765,1763,1753,1755,1850,1752
1853,1766,1759,1760,1761,1758,1757,1756
1769,1764,1762,548,1883,1751,1750,1890
1770,1775,1771,1767,1765,1768,1763,1755
1774,1771,1770,1768,1767,1765,1763,1753
1772,1853,1766,1759,1760,1761,1849,1758
1773,1769,1764,1762,1883,548,1751,1750
1776,1772,1849,1853,1766,1759,1760,1761
1778,1776,1772,1849,1853,1766,1759,1760
1779,1778,1849,1776,1772,1853,1766,1759
518,1881,1777,1773,1769,1861,1764,1762
1783,1784,1785,1780,1849,1779,1778,1776
1782,1784,1785,1780,1779,1849,1778,1776
1785,1780,1779,1778,1849,1776,1772,1758
1780,1784,1779,1778,1849,1776,1772,1853
1782,1783,1784,1785,1780,1849,1779,1778
1786,1782,1052,1783,1784,1785,1780,1849
1787,1786,1782,1052,1783,1784,1785,1780
1790,567,1781,1861,1881,518,1777,1773
1789,567,1781,1861,1881,518,1777,1773
1790,1792,1789,567,1781,1861,1881,518
1791,1790,1789,567,1861,1781,1881,518
1794,1788,1787,1786,1052,1782,1783,1784
1793,1788,1787,1786,1052,1782,1783,1784
1792,1791,1790,1789,567,1861,1781,1881
1795,1792,1791,1790,1871,1789,567,1861
1793,1794,1788,1787,1786,1052,1782,1783
1796,1795,1792,1791,1871,1790,1789,567
1851,1797,1793,1794,1788,1787,1786,1782
1798,1796,1795,1792,1871,1791,1790,1789
583,1802,1800,1798,1796,1795,1792,1791
1800,1798,1796,1795,1792,1871,1791,1790
1804,1799,1851,1006,1797,1793,1794,1788
1799,1851,1797,1793,1794,1788,1787,1786
1801,583,1802,1800,1798,1796,1795,1792
1803,1804,1799,1851,1006,1797,1793,1794
1805,1801,1802,583,1800,1798,1796,1871
1806,1803,1804,1799,1851,1006,1797,1857
1810,1807,1805,1802,1801,583,1800,1798
1809,1807,1805,1802,1801,583,1800,1871
1808,1806,1803,1804,1799,1851,1006,1857
1813,1810,1809,1807,1805,1802,1801,583
1812,1810,1809,1807,1805,1871,1802,1801
1811,1808,1806,1803,1804,1799,1006,1857
1813,1812,1810,1809,1807,1805,1871,1802
1817,1815,1813,1812,1810,1809,1874,1807
1816,1815,1813,1812,1810,1809,1874,1807
1817,1816,1815,1813,1812,1874,1810,1809
1818,1817,1816,1815,1813,1874,1812,1810
1814,1811,1808,1806,1857,1803,1804,1799
1820,1814,1811,1857,1808,1806,1803,1804
1823,1819,1818,1817,1816,1874,1824,1815
1822,1819,1818,1824,1874,1817,1816,1825
1825,1874,1823,1822,1819,1818,1817,1816
1824,1874,1823,1822,1819,1818,1817,1864
1825,1824,1874,1823,1822,1819,1818,1866
1828,1821,1820,1857,1814,1866,1811,1808
1827,1821,1820,1814,1857,1811,1866,1808
1830,1823,1822,1824,1819,1874,1825,1818
1829,1824,1823,1822,1825,1831,1826,1874
1826,1825,1824,1830,1829,1874,1823,1822
1831,1868,1826,1825,1824,1830,1829,1874
705,1827,1828,1866,1821,1820,1857,1814
621,1832,1868,1831,1826,1825,1824,1830
1834,1868,621,1832,1831,1826,1825,1824
1833,705,1827,1828,1866,1821,1820,1857
1838,1835,1834,1868,621,1832,1831,1826
1837,1835,1834,1868,1832,621,1831,1826
1840,1838,1837,1835,1834,1868,1832,621
1839,1838,1837,1835,1834,1868,1832,621
1842,1836,1833,705,1866,1840,1839,1838
1841,1836,1833,705,1866,1840,1839,1827
1840,1844,1839,1838,1837,1835,1847,1848
1843,1840,1847,1839,1838,1848,1837,1841
1844,1846,1843,1847,1840,1848,1839,1841
1847,1845,1844,1848,1841,1843,1842,1840
1848,1841,1844,1842,1843,1840,1836,1839
1841,1847,1842,1844,1836,1833,1843,1840
1758,1757,1756,1754,1772,1749,1759,1853
1745,1741,891,1725,1721,1746,1742,1734
1797,1793,1794,1788,1787,1786,1782,1052
1774,1775,1770,1767,1771,1765,1768,1763
1766,1761,1759,1760,875,1758,1757,1756
1713,1705,1700,1701,883,1714,1710,1706
1699,1696,1693,1689,1682,1679,763,1865
1752,1755,1740,1733,1724,1753,1720,1863
1806,1803,1873,1804,1852,1851,1799,1006
1690,1683,1684,796,817,763,779,833
1856,1870,1763,1888,1752,1767,1765,1755
1888,1872,1859,1870,1875,1886,1881,1883
1872,1881,1777,1883,1860,1773,1769,1764
1671,1670,1865,1869,1672,1673,1665,1660
1712,1862,1708,1855,1704,1699,1696,1693
1873,1871,1859,1860,1852,1798,1796,1888
1673,1674,1672,1671,1670,1665,1660,1652
1821,1857,1820,1873,1864,1814,1874,1811
1604,1625,1614,1593,1564,1558,1588,1578
1831,1826,1825,1824,1830,1829,1874,1866
1877,1867,1660,1670,1665,1652,1671,1648
1875,1862,1863,1869,1877,1889,1720,1712
1795,1792,1791,1790,1789,1861,1860,567
1886,1883,1888,1875,1889,1890,1885,1884
1852,1859,1774,1770,1767,1775,1765,1763
1864,1815,1813,1812,1810,1809,1871,1807
1889,1669,1668,1877,1664,1659,1884,1658
1559,723,718,734,753,55,56,53
1647,1640,1879,1624,1664,1659,1613,675
1578,1577,1563,691,1564,1558,718,1559
1613,1624,1603,1586,1587,691,1577,1878
1623,1630,1602,1592,1585,1576,1575,1584
1777,1773,1769,1764,1762,1883,548,1751
1887,1584,1880,1574,1561,1557,1585,653
1890,1886,1885,1748,1747,1744,1743,1739
1664,1658,1659,1668,1669,1639,1636,1880
1896,1882,1884,1893,1664,1658,1880,1659
1885,1884,1875,1889,1668,1664,1669,1659
1574,1584,1561,1557,653,1585,1550,1546
1875,1870,1889,1886,1877,1863,1862,1669
1669,1668,1664,1659,1658,1877,1884,1647
1885,1732,1896,1886,1728,1727,1723,1719
1556,1555,1549,1542,1545,1541,1535,1540
1517,1524,1518,631,1516,1523,1522,692
1897,1882,1601,1600,1612,1599,579,1583
1698,1695,1692,1691,1688,1687,1667,511
1728,1727,1723,1719,1718,1715,1732,1711
1893,1897,1882,1695,1657,1692,1646,1651
1633,1635,1629,1632,1612,1611,579,1622
1655,1663,1656,1644,1645,570,1634,1631
1591,1582,1571,1570,1569,1568,1581,1580
1650,1626,1617,1649,1607,1594,1627,1643
1579,1567,1566,599,1580,1581,1544,1568
1903,1901,374,1566,1579,1567,1589,599
1515,1513,1532,1544,1908,1904,1510,490
1506,1503,1500,1498,1497,1488,1910,1494
1548,1547,1538,1537,1526,1525,358,1531
1491,1484,535,1480,1492,1474,1493,1473
1490,1489,1483,1911,1479,1470,1906,1471
1496,1910,1904,1495,1493,1492,1906,1485
1478,1911,351,1969,1968,1967,1966,1971
1487,1486,1482,1481,1485,1493,525,1492
1483,1470,1479,1489,1468,1467,1490,1466
1476,1475,1477,1469,1488,469,459,525
1848,1842,1841,1847,1846,1836,1845,1914
1913,1836,1842,1833,705,1841,1848,1828
1914,1916,1913,1836,1842,1833,705,1841
1915,1914,1913,1836,705,1833,1842,1841
1918,1915,1916,1937,1914,1913,791,1836
1916,1915,1937,1914,1913,1836,791,1842
1917,1918,1915,1916,1937,1914,1913,791
1919,1917,1937,1918,1915,1916,1914,808
674,791,1845,1846,1913,1844,1843,1847
1921,674,791,1923,1913,1845,1924,1846
1924,1925,1920,1919,1917,1937,1913,1915
1923,1925,1920,1919,1917,1937,1915,1918
1920,1919,1917,1937,1915,1918,1914,1916
1922,1921,674,1927,791,1923,1845,1924
1923,1924,1925,1920,1922,1921,791,1926
1926,1922,1921,1929,1930,674,1931,1936
1930,1931,1936,1927,1923,1922,1928,1926
1929,1931,1936,1927,1923,1924,1922,1928
1936,1927,1923,1924,1925,1922,1920,1921
1928,1933,1926,1922,1934,1921,1929,1930
1932,1934,1928,1929,1926,1922,1930,1921
1933,1929,1930,1932,1928,1931,1922,1936
1934,1933,1932,1929,1930,1928,1926,1922
1927,1923,1924,1925,1920,1922,1921,1926
1915,1914,1916,1913,1836,1842,1833,1841
507,1939,353,2051,354,2048,2042,345
507,1938,354,423,353,2051,387,2048
1939,507,1938,354,423,353,2051,2048
1938,507,2051,353,1940,1939,1942,2048
1940,1939,507,1938,1941,354,423,353
1941,1938,507,2051,1980,1940,1939,353
1942,1980,1940,488,1939,507,1938,1943
1944,488,1942,1980,1940,1939,507,1938
1945,1944,488,1942,1980,1940,1939,507
319,1948,2058,2056,2070,1943,2051,1941
1947,1943,319,1941,2058,2051,2056,1938
1947,319,1948,2058,2070,2056,2063,1943
1951,1946,1945,488,1944,1942,1980,1940
1950,1946,1945,488,1944,1942,1980,1940
1953,1951,1950,1946,488,1945,1944,1942
1952,1951,1950,1946,488,1945,1944,1942
1953,1955,1952,1951,1950,442,1946,488
1954,1953,1952,1951,442,1950,488,1946
1955,1954,1953,1952,1951,442,1950,1946
1949,2063,319,1947,2070,2058,2056,1979
1956,1954,1955,1953,1952,1951,1950,442
1957,1949,2063,319,1947,2070,2058,1979
1961,1959,1957,1949,1947,1979,319,2063
1960,1959,1957,1949,1979,1947,319,2063
1958,1956,1954,1955,1953,1952,1951,1950
1961,1960,1959,1957,1949,1979,1947,1948
1962,1958,1977,1956,1954,1955,1953,1952
1963,1961,1960,1959,1957,1949,1979,1947
1964,1962,1977,1958,1956,1954,1955,1953
1966,1964,1962,1977,1958,1956,1954,1955
1969,1967,1966,351,1964,1977,1962,1478
1968,1967,1966,351,1964,1962,1977,1478
1971,1968,1969,1967,1966,1977,351,1964
1970,1968,1969,1967,1966,351,1977,1964
1973,1974,1970,1971,1968,1969,1967,1977
1972,1974,1970,1971,1968,1969,1967,1977
1970,1971,1968,1969,1967,1966,1977,351
1978,1976,1972,1973,316,1974,1965,1963
1972,1973,1978,1974,1975,1970,1971,1968
1962,1958,1952,1954,1953,1950,1951,1956
1972,1973,1974,316,1970,1965,1971,1963
1948,1947,1949,319,1943,1941,2058,2056
1940,1942,1939,507,1938,1941,354,423
1982,325,337,282,2155,2157,2148,324
1981,325,337,282,2155,340,324,2148
1984,1981,1982,325,1985,337,282,2155
1981,1983,1982,1985,325,337,282,2155
1982,1981,1984,1983,325,337,340,282
1987,1985,1982,1981,1984,1983,337,325
1986,1985,1982,1981,1984,1983,337,325
1983,1984,1981,1982,1985,1986,325,1987
1987,1986,1985,1982,1981,1984,337,1988
1988,1983,1984,1981,1982,1985,1986,1987
1989,1987,1986,1985,1982,1981,1984,337
1993,1991,326,1989,1987,1986,1985,1982
326,1992,1991,1989,1987,1986,1985,1982
326,1993,1992,1991,1989,1987,1986,339
2066,1990,1988,1985,1984,1986,1987,1981
1995,2066,1990,1988,1986,1985,1984,1987
1994,326,1993,1992,1991,1989,1987,339
2069,1997,1994,326,1993,1992,1991,1989
1996,327,1995,2066,1990,1988,1986,1985
2001,2002,1999,327,1996,1995,2066,1990
2000,2002,1999,327,1996,1995,2066,1990
1999,1996,327,1995,2066,1990,1988,1986
1998,2069,1997,1994,326,1993,1992,1991
2005,278,317,2169,2165,2171,2168,2164
2004,278,317,2165,2169,2171,2167,2168
2007,2000,2001,327,2002,1999,1996,1995
2000,2006,2001,2002,327,1999,1996,1995
2003,1998,2069,1997,1994,326,1993,1992
2004,2005,267,278,317,2171,2169,2165
2009,2005,2004,267,278,2011,317,2012
2012,2013,2014,2006,278,2007,2000,327
2013,2011,2014,2006,2007,2000,2001,278
2014,2006,2007,2000,2001,327,2002,1999
2006,2013,2007,2000,2001,327,2002,1999
2010,2009,2005,2004,267,278,2016,2017
2017,2011,2012,2013,278,2014,2006,2007
2011,2016,2012,2013,2014,278,2006,2007
2008,2003,1998,2069,1997,1994,326,1993
2015,2010,2009,2005,2004,267,2020,2021
2021,2016,2017,2011,278,2012,2019,2015
2016,2020,2017,2011,2012,278,2013,2014
2018,2008,2003,1998,2069,1997,1994,326
267,2009,2010,2019,2015,2004,2005,2026
2019,2025,2015,2026,2010,2027,2009,2005
2026,2024,2027,2020,2019,2015,2021,2010
2027,2020,2021,2019,2016,2015,2010,2017
2020,2026,2021,2016,2017,2011,2019,2015
338,2022,2018,2008,2003,1998,2069,1997
2030,2023,267,2019,2009,2010,2015,2004
2029,2023,2019,267,2010,2015,2009,2024
2030,2029,2023,2019,2024,2015,2010,267
2028,338,2022,2018,2008,2003,1998,2069
2031,2030,2029,2023,2019,2024,2015,2010
2032,2028,338,2022,2018,2067,2008,2003
2033,2031,2030,2029,2023,2024,2019,2015
2034,2032,2028,338,2022,2018,2067,2008
2035,2033,2038,2031,2030,2029,2023,2024
2037,2035,2033,2031,2024,2030,2025,2019
2038,2037,2035,2033,2031,2024,2025,2030
2039,2038,2064,2037,2035,2033,2031,2024
2040,2039,2064,2038,2037,2035,2033,2031
2036,2034,2032,2028,338,2022,2067,2018
2044,2064,2041,2040,2039,2038,2037,2025
2043,2064,2041,2040,2039,2038,2025,2027
2046,2041,2040,2043,2039,2064,2044,2038
2045,2043,2041,2044,2064,2040,2047,2039
2044,2043,2064,2041,2040,2039,2038,2025
2042,353,2036,2034,2032,2028,338,2022
2050,2068,2047,2065,2044,2043,2046,2064
2068,2049,2065,2067,2047,2044,2043,2036
2048,353,2042,2036,2034,2032,2028,338
2053,2049,2047,2044,2043,2050,2046,2068
2049,2052,2050,2068,2047,2044,2065,2043
2068,2050,2049,2053,270,2052,2067,2065
2054,2050,2068,2049,2053,270,2052,2067
2051,2048,2042,1943,1941,353,2036,1938
2055,2054,2068,2050,2049,2053,270,2052
2056,2051,2048,2042,1943,1941,353,2036
2057,2055,2054,2068,2050,2049,2053,2070
2059,2057,2061,2055,2054,2050,2068,2049
2060,2059,2057,2055,2054,2070,2058,2056
2061,2060,2059,2063,2057,2055,2070,2054
2070,2058,2056,2062,319,2061,1947,2060
2039,2038,2037,2025,2024,2035,2026,2033
2012,2014,2017,2013,2011,2006,2016,2007
1986,1987,1985,1990,1989,1988,1991,1982
2028,338,2032,2018,2022,2008,2003,1998
2067,2065,2047,2036,2034,2044,2028,2032
1997,1994,326,1993,1992,1991,1989,1987
2058,2056,2051,2048,2042,1943,1941,353
461,8,439,6,389,5,7,453
2071,2073,461,8,439,382,6,389
2072,2071,461,8,382,439,389,6
2073,2075,2072,2071,461,8,382,439
2074,2073,461,2072,2071,382,8,439
2075,2077,2074,2073,461,2072,2071,382
2076,2075,2074,2073,461,2072,2071,382
2077,2076,2075,2074,2073,2072,461,2071
2078,2077,2076,2075,2074,2073,382,2072
11,2072,2074,2073,2071,2075,2076,2078
2079,2078,2082,2077,2076,2075,2074,2073
2081,2079,2078,2077,382,2076,2075,2074
2080,11,2072,2074,2071,2073,2075,2076
2081,2085,2079,2082,2078,2077,2076,2075
2082,2084,2081,2079,2078,2077,2076,382
2087,10,382,2082,355,9,2085,2084
2086,10,355,9,382,2082,2085,2084
471,2083,2080,11,2175,2074,2072,2073
2088,471,2083,2080,11,2175,2081,2074
2091,2092,2093,2082,2085,2086,2084,2175
2092,2090,2093,2086,2087,2082,2085,382
2093,2086,2087,2082,2085,382,2084,2175
2086,2092,2087,382,2082,10,2085,355
2089,2088,471,2083,2080,11,2175,2081
2094,2089,2088,471,2083,2080,2175,11
346,2087,2086,2093,10,417,2092,2091
2095,2094,2089,2088,471,2083,2080,2175
2097,2095,2094,2089,2088,471,2083,2175
2098,13,2097,2095,2094,2089,2088,471
2099,2098,13,2097,2095,2094,2089,2088
2100,2099,13,2098,2097,2104,2095,2094
2103,2101,2100,2099,2104,13,2098,2097
2102,2101,2100,2104,2099,2098,2105,13
2105,2101,2100,2099,2098,2097,13,2095
2104,2101,2100,2099,2098,2097,2175,13
2096,417,12,346,2087,10,2086,2093
2108,2103,2102,2101,2104,2100,2105,2099
2107,2103,2104,2102,2101,2105,2100,2174
2174,2105,2104,2108,2107,2103,2102,2101
2106,2111,2096,417,12,346,2172,2087
2110,2106,12,417,2096,346,2172,14
2109,2174,2105,2104,2108,2107,2103,2102
2112,2109,2174,2105,2104,2108,2107,2103
2111,2110,2106,343,12,417,2096,346
2116,2114,2111,343,2110,2106,12,417
2115,343,2114,2111,2110,2106,12,417
2118,2115,2116,2114,343,2111,2176,2110
2116,2115,343,2114,2111,2110,2106,12
2120,2113,2112,2109,16,2174,2108,2105
2113,2112,2109,2174,2105,2108,2104,2107
2117,2118,2115,2116,2114,343,2176,2111
2121,2117,2118,2116,2115,343,2114,2176
2119,2120,294,2113,2112,16,2109,2174
2122,2121,2117,2118,2116,2115,343,2114
2124,2122,2121,2117,391,2118,2116,2115
2127,391,2125,2124,2122,2121,2117,2118
2126,391,2125,2124,2122,2121,2117,2118
2123,2119,2120,2173,294,2113,2112,2109
2130,2125,2126,2132,2127,2124,2122,391
2126,2129,2132,2127,391,2125,2124,2122
2130,2132,2126,2127,2129,391,2125,2124
2127,2126,2130,391,2129,2125,2124,2122
2128,2123,2119,2120,2173,294,2113,2112
2131,2130,2132,2126,2127,2129,391,2125
2134,2131,2130,2129,2132,2126,2127,2125
2177,2135,2134,2131,2130,2129,2132,2126
2133,2128,2173,2123,2119,2120,294,2113
2136,2177,2135,2134,2131,2130,2129,2132
2137,2133,2128,2173,2123,2119,2120,294
2138,2136,2177,2135,2134,2131,2129,2130
2139,2137,2133,2128,2173,277,19,2123
2140,2138,2136,324,2177,2135,2134,2131
2141,2139,2137,2133,2128,2173,277,19
2145,2142,2140,2138,324,2136,2177,2135
2142,2140,2138,324,2136,2177,2135,2134
2147,2178,2148,2144,2145,2142,2143,2140
2178,2146,2148,2144,2145,2142,2140,2138
2144,2145,2142,2140,324,2138,2136,2177
2146,2147,2150,2178,2151,2148,2144,2143
2151,2147,2178,2146,2149,2148,2144,2145
2150,2147,2178,2146,2149,2148,2144,2145
2153,2149,2146,2147,2150,2151,2178,2154
2149,2146,2147,2150,2151,2178,2154,2148
2151,2150,2147,2178,2146,2153,2149,2148
2148,2144,2154,2145,2151,2142,2150,2140
307,2152,2153,2149,2146,2147,2150,2151
2155,2154,2151,2148,2150,2144,2147,2178
2156,307,2152,2180,2153,2149,2146,2147
2158,2180,2156,307,2152,2153,2149,2146
280,2180,2143,2159,2141,2158,23,2156
2160,280,2180,2162,2159,2158,2143,2141
2159,2158,2180,2156,307,2152,2153,2149
2162,2159,2158,2156,2180,307,2152,2153
2165,2166,2162,2167,2163,2161,2159,2160
2166,2164,2167,2163,2162,2159,2158,2161
2167,2163,2162,2159,2158,2180,2156,2161
2163,2166,2162,2159,2158,2156,2180,307
2169,2164,2181,2165,2166,2161,2160,2162
2168,2164,2165,2181,2166,2167,2161,2162
2181,2171,2168,2169,2161,2164,2160,2165
2168,2169,2181,2164,2165,2161,2166,2160
2096,2093,2091,346,2092,2179,2086,2087
2172,2120,2123,2119,2113,294,2176,2112
2105,2104,2101,2100,2099,2098,2090,2175
2084,2081,2085,2079,2082,2078,2077,2076
2110,2114,2111,2106,2115,2118,2116,343
2135,2134,2131,2129,2130,2132,2126,2127
2145,2142,2140,2138,2136,2177,324,2135
2090,2091,2092,2093,2086,2082,2085,2087
2156,2152,307,2153,2149,2146,2147,2150
2161,2164,2160,2165,2166,2162,2167,2163
2183,284,262,306,43,250,285,299
2182,284,262,306,250,43,285,299
2185,2182,2183,284,306,43,262,285
2182,2184,2183,284,306,262,43,250
2183,2182,2185,2184,262,284,306,250
2188,2186,2183,2182,2185,2184,262,284
2187,2186,2183,2182,2185,2184,262,284
2218,2186,2187,2185,2188,2183,2182,2184
2188,2187,2186,2218,2183,262,2182,2185
2192,2190,2188,2187,2186,2189,2218,2183
2191,2190,2188,2187,2186,2189,2218,262
2189,2218,2186,2187,2188,2185,2183,2182
2193,2189,2218,2187,2186,2188,2190,2185
271,2192,2196,2191,2190,2188,2187,2194
271,2195,2192,2191,2190,261,2188,2187
2194,2193,2189,2218,2187,2186,2188,2190
2196,271,2199,2195,2192,2191,261,2190
2198,2196,261,271,2195,2192,2191,2190
2197,2194,2193,2189,2218,2187,2190,2188
2200,2197,49,309,2194,2193,2189,2218
2199,2198,261,2196,271,2195,2192,2191
2201,2200,2197,49,309,2194,2193,2189
2203,2201,2200,49,2197,309,2194,2193
2202,2199,261,2198,2196,271,2195,256
2204,2203,2216,2201,2200,49,2197,309
2208,2206,2204,2216,2203,2201,2200,49
2207,2206,2216,2204,2203,2201,2200,49
2208,2207,2206,2216,2204,2203,2201,2200
2211,2209,2208,2207,2216,2206,2204,2203
2210,2209,2208,2216,2207,2206,2204,2217
2213,2211,2210,2209,2208,2216,2207,2206
2212,2211,2210,2209,2208,2216,2217,2207
2213,2212,2211,2217,2210,52,2209,2216
2214,2213,2212,2217,290,2211,2210,52
2204,2203,2201,2200,2195,271,2197,2191
2205,2202,257,2199,2198,2216,2196,2209
2186,2183,2185,2182,2187,2188,2184,284
1417,1425,1431,1397,1403,1418,1439,1380
2221,2219,1417,1425,1431,1397,1403,1418
2219,2220,1417,1425,1431,1397,1403,1418
2221,2219,2220,1448,2223,1417,1425,1431
1448,2222,2221,2219,2220,1425,1417,1427
2225,2220,2226,2221,2222,2227,2219,2228
2220,2226,2221,2222,2219,1448,2229,2223
2222,2225,2221,2220,2219,1448,2229,2223
2226,2222,2228,2225,1448,2224,2221,2229
2229,1448,2227,2230,2223,2226,2222,2225
2223,1448,2226,2222,2221,2219,2225,2220
2229,2223,2228,1448,2227,2226,2222,2221
2230,2229,2223,2228,1448,2227,2226,2222
2231,2230,2229,2228,2223,1448,2227,2226
1402,2224,2225,2227,2226,2222,2220,2221
2232,2231,2230,2229,2228,2223,1448,1435
2233,2224,1402,2225,2227,2226,2222,2228
2235,2233,2224,2227,1402,2225,2226,2228
2234,2232,2231,2230,2228,2229,1435,2223
2236,2235,2233,2224,1402,2227,2241,2225
2240,2249,2241,2237,2238,2236,2234,2232
2239,2249,2241,2237,2234,2232,2238,2236
2237,2234,2232,2231,2230,2228,2238,2236
2249,2238,2243,2236,2239,2240,2235,2233
2239,2249,2240,2242,2241,2238,2236,2237
2242,2245,2243,2249,2238,2239,2236,2240
2243,2239,2240,2249,2244,2242,2241,2238
2247,2244,2242,2245,2243,2249,2239,2238
2246,2245,2243,2244,2242,2239,2249,2240
2247,2246,2245,2244,2243,2242,2239,2249
2238,2236,2241,2235,2237,2233,2232,2234
