1,755,5,764,3,763,2,754,8,4,792,11,765,6,746,756
5,764,4,765,0,755,3,763,754,2,6,8,746,792,756,7
763,755,754,5,3,0,1,8,11,792,17,793,764,746,4,20
755,754,5,764,0,1,2,763,8,792,11,4,746,793,17,765
6,765,7,757,1,0,3,2,5,764,755,756,9,754,15,746
765,756,7,757,4,6,1,0,3,2,764,755,754,763,746,9
7,9,757,15,4,1,0,3,765,5,764,756,755,16,766,746
9,15,16,18,6,4,5,1,765,757,756,764,766,13,10,721
763,792,754,793,2,3,755,0,11,17,20,748,1,746,764,5
16,18,13,10,7,6,4,5,15,757,765,766,756,721,759,764
12,759,14,758,9,7,6,765,13,18,16,721,19,15,772,771
792,793,754,748,8,763,2,3,17,20,24,668,755,0,746,1
14,19,21,26,10,9,7,759,13,758,18,771,721,772,16,15
759,758,772,771,10,12,14,9,757,7,765,18,721,16,15,19
19,21,12,10,9,759,758,13,771,772,18,26,721,30,16,704
16,18,721,772,9,13,10,12,757,7,765,6,766,705,756,743
18,721,772,758,13,10,759,12,15,9,757,7,766,705,756,743
748,793,677,747,11,792,8,763,20,24,36,29,754,2,3,668
721,758,772,771,13,759,10,12,16,15,9,757,705,766,706,630
14,759,12,10,21,758,771,26,772,13,30,704,721,18,39,706
748,668,677,747,17,11,793,792,24,36,29,27,8,652,649,763
19,758,14,759,12,26,771,30,772,704,39,721,13,10,706,43
23,814,33,718,25,28,813,37,38,733,31,41,34,711,732,47
33,38,31,718,22,814,25,813,28,34,733,37,711,35,698,41
668,652,649,647,20,748,677,17,36,42,29,27,40,793,683,650
814,33,733,718,22,23,28,813,37,41,38,31,47,732,711,44
54,21,19,14,771,772,758,759,30,704,39,43,679,706,721,50
29,40,36,45,24,20,748,17,683,32,35,692,34,42,698,31
813,814,733,33,25,22,23,37,41,47,44,718,732,38,740,46
36,42,652,48,24,20,748,17,27,683,40,32,692,35,45,34
51,54,58,26,21,19,14,704,771,772,706,39,43,679,50,758
34,35,698,32,27,29,23,22,25,28,38,33,718,814,711,692
683,40,45,49,27,29,24,20,31,23,35,692,34,698,38,36
38,711,698,714,31,34,35,32,23,22,25,28,814,718,733,813
698,692,683,40,35,32,27,29,31,23,22,25,38,33,718,711
692,683,40,45,32,27,29,24,31,23,22,34,698,38,33,49
652,668,647,650,24,20,748,677,29,27,32,35,42,40,48,683
41,813,733,732,28,25,814,22,47,44,46,740,718,23,33,53
698,692,697,49,31,34,35,32,33,23,814,22,718,711,733,813
50,51,54,58,30,26,771,21,704,706,772,631,43,679,673,674
42,48,52,652,29,36,24,668,683,32,27,35,45,692,49,698
733,732,739,745,37,813,28,25,47,44,740,46,814,56,53,718
650,647,651,699,652,36,668,24,40,29,683,27,48,52,45,667
50,51,54,58,39,30,26,771,679,704,631,706,673,674,632,659
47,740,56,732,41,37,813,733,46,53,739,63,28,745,25,814
52,48,57,60,40,42,29,36,692,683,32,698,49,55,697,59
53,740,56,63,44,47,41,37,745,739,732,813,28,733,66,708
740,732,739,745,41,37,813,733,44,46,56,53,63,28,738,814
650,667,651,699,42,652,647,36,45,40,683,692,52,57,49,60
57,52,60,667,45,40,683,48,692,698,32,35,55,697,59,712
51,54,58,62,30,26,771,21,673,43,39,679,659,632,672,660
54,58,61,65,26,50,43,673,39,659,62,632,672,679,660,30
667,651,719,602,48,650,42,652,45,49,40,692,57,60,55,59
56,63,745,739,740,44,47,41,46,66,732,708,707,37,74,738
61,65,51,50,673,43,58,659,62,660,672,39,632,679,674,597
59,60,57,64,49,45,52,692,697,698,714,711,712,713,715,69
63,745,739,66,740,47,732,41,53,44,46,708,707,738,710,74
667,719,346,353,52,48,650,651,55,49,45,40,60,59,68,64
61,65,73,54,659,51,50,673,62,660,597,690,672,43,632,563
60,64,68,72,57,49,45,52,55,697,714,698,713,712,715,69
68,719,716,356,57,667,52,48,59,55,49,45,64,72,713,715
58,54,659,51,62,65,660,73,50,597,690,672,673,560,43,79
65,73,61,58,54,51,659,50,672,673,660,597,690,560,563,632
66,708,707,74,745,739,740,47,56,53,44,46,694,710,693,738
72,68,716,703,60,719,57,346,713,59,55,712,715,69,723,75
89,61,62,660,58,659,73,597,690,79,54,560,564,51,672,563
707,74,693,694,708,745,739,710,63,56,53,46,78,76,71,689
69,75,80,715,712,713,64,59,709,710,738,714,70,71,694,77
716,717,360,358,719,352,353,346,64,60,59,713,72,715,703,723
75,715,723,72,713,712,64,59,67,709,710,714,70,80,71,83
75,80,83,85,67,709,69,712,710,708,738,739,71,694,76,77
84,75,83,80,70,67,709,69,694,710,708,707,76,77,693,689
716,687,717,374,68,719,60,360,64,713,59,69,715,703,723,695
89,91,65,61,54,597,62,660,560,690,79,564,86,58,562,659
693,81,689,76,708,694,71,745,707,66,63,56,78,82,77,710
723,702,703,695,715,713,712,64,69,67,70,709,80,83,77,85
77,84,88,85,71,70,710,67,694,693,74,708,689,82,81,78
84,85,83,80,71,70,67,75,76,694,693,74,689,82,88,87
81,82,689,87,74,693,707,66,63,56,76,694,77,708,88,84
89,91,93,95,73,65,62,61,690,564,597,560,86,584,562,548
702,700,684,695,75,723,69,715,67,70,77,71,83,85,84,688
82,87,88,84,689,693,76,77,78,74,707,66,694,71,708,90
87,88,84,90,689,76,77,694,81,78,693,74,85,707,71,66
702,700,684,618,80,75,723,69,77,76,70,71,85,84,688,90
85,90,688,92,83,80,70,75,77,689,82,76,88,87,81,71
688,700,618,684,83,80,702,75,84,77,689,76,90,88,92,87
89,91,93,95,79,73,65,62,564,690,562,597,584,548,549,499
88,90,92,688,84,689,85,77,82,81,78,693,76,94,83,74
90,92,688,94,84,85,77,83,87,82,689,81,76,78,693,700
91,93,95,99,86,584,79,564,548,499,547,549,690,97,73,562
688,92,94,618,85,700,83,80,88,84,87,82,77,689,96,76
93,89,86,79,584,548,95,499,97,547,564,690,549,73,99,562
94,618,96,619,688,85,700,83,90,88,87,84,98,762,575,82
91,548,89,86,95,499,97,547,99,477,584,549,79,476,102,101
96,619,575,566,688,618,700,85,92,90,88,87,98,762,84,83
99,102,93,91,548,89,86,549,499,97,547,477,476,584,101,462
575,566,100,576,618,619,688,762,94,92,90,88,98,615,700,614
99,102,95,93,91,89,499,547,548,476,477,101,103,462,441,549
566,100,576,104,96,575,619,94,92,90,618,615,657,579,106,688
102,93,91,97,477,95,499,101,103,441,105,547,462,476,548,108
104,657,106,107,566,576,575,579,98,96,94,92,615,619,550,109
102,99,97,95,93,477,441,462,464,103,105,108,434,110,499,547
93,101,99,477,97,103,105,108,434,441,95,462,110,499,547,464
114,101,102,99,97,441,477,462,464,105,108,434,110,435,431,547
106,107,550,109,576,657,579,575,100,566,98,96,615,512,510,619
108,113,114,116,103,101,102,477,441,464,462,459,434,110,431,435
107,109,510,526,657,550,579,512,104,576,100,566,112,575,98,615
109,510,526,112,550,579,512,502,106,657,104,576,100,523,509,566
114,116,118,119,103,101,102,99,105,434,441,435,110,111,113,432
526,112,523,509,550,510,512,502,107,106,657,104,115,579,576,487
113,114,443,116,108,105,103,101,434,431,441,435,111,432,436,437
113,114,443,118,110,108,105,103,432,431,434,435,436,437,442,447
115,523,117,487,526,510,509,502,109,107,550,106,124,127,121,521
114,116,118,120,108,103,101,102,111,110,432,431,443,436,442,447
116,119,122,133,113,111,110,432,118,443,120,436,108,123,442,497
117,487,488,475,523,526,521,509,112,109,107,550,121,124,127,513
119,134,114,113,111,436,118,122,443,120,123,110,442,108,432,133
488,475,486,468,487,523,467,521,115,112,526,109,121,596,124,127
122,119,123,133,116,114,443,113,436,111,120,442,497,506,134,432
134,118,116,114,443,122,120,123,133,113,497,506,442,111,436,565
122,123,133,134,118,119,114,116,443,442,436,111,497,506,495,484
488,596,475,486,117,115,487,523,112,109,124,127,513,132,500,467
134,136,119,116,118,120,443,114,123,133,497,506,113,442,436,111
133,134,136,140,122,119,116,114,120,118,443,442,506,497,565,495
596,500,486,515,121,488,117,115,127,513,132,532,131,475,126,487
129,130,671,137,128,135,126,138,598,131,139,132,532,141,586,127
131,598,132,532,127,124,121,596,125,130,129,671,138,139,128,137
513,500,515,507,124,596,121,488,125,132,532,131,126,598,530,117
129,137,130,671,125,126,135,138,139,598,131,141,132,-1,-1,-1
130,671,138,598,126,127,125,128,135,137,131,139,132,532,141,586
131,598,139,132,126,127,124,129,125,128,671,138,137,135,532,530
532,513,530,515,132,127,124,596,126,130,129,125,598,671,139,138
532,513,530,515,127,124,596,121,126,130,129,125,131,598,671,139
134,136,122,119,116,123,120,497,118,506,565,505,495,140,443,442
133,123,506,122,136,565,140,505,119,120,497,118,495,116,595,142
137,138,139,598,128,125,129,671,130,126,141,131,586,143,-1,-1
134,119,565,133,506,123,140,505,595,142,540,495,497,122,610,144
138,139,141,586,671,129,130,598,135,128,125,126,131,143,682,530
139,141,586,530,671,598,130,126,137,135,129,125,128,131,143,532
586,530,682,590,598,131,126,532,138,671,137,130,141,143,146,135
136,134,133,565,505,506,520,595,142,540,610,144,518,495,145,496
682,590,531,628,139,586,598,530,138,137,671,135,143,146,532,588
140,136,134,133,595,540,565,505,144,610,145,518,539,147,520,571
682,146,590,148,141,586,139,531,138,137,135,628,588,151,530,153
142,140,136,565,610,595,540,518,145,539,147,571,150,569,505,516
147,150,156,160,144,142,595,140,539,610,518,540,571,569,570,567
148,628,151,153,682,590,141,588,143,138,701,627,586,157,158,531
150,156,160,165,144,142,595,140,571,145,569,539,570,696,567,646
151,701,627,157,628,588,590,589,146,682,143,141,153,158,159,633
154,653,161,678,611,341,339,336,345,344,343,342,152,155,637,163
156,160,165,170,144,142,595,147,571,145,569,696,570,646,572,539
701,627,158,159,628,588,633,590,148,146,682,143,153,157,642,162
154,161,653,169,149,344,345,342,658,334,663,331,155,637,163,641
157,701,158,159,151,148,627,628,146,682,143,642,162,588,633,634
161,653,169,662,611,678,336,337,152,149,658,344,155,163,641,166
161,653,169,662,152,154,149,344,637,658,639,663,163,641,166,168
170,174,742,178,144,696,150,147,570,160,165,646,726,571,591,145
158,159,162,167,701,151,627,642,153,148,146,682,628,669,634,633
159,162,167,669,627,642,634,633,701,153,151,148,157,628,588,171
162,167,669,171,642,627,634,633,158,701,157,153,151,148,636,628
170,174,742,178,156,696,150,570,147,165,646,726,645,591,780,571
169,662,176,661,653,655,611,678,154,155,152,149,163,166,168,164
167,171,173,685,642,669,634,636,159,158,701,627,157,153,151,638
169,176,662,180,155,161,154,152,641,637,639,663,166,168,164,172
168,166,169,641,639,163,637,636,638,669,635,172,685,175,173,177
170,174,742,178,160,156,646,696,150,591,726,645,780,777,570,829
169,176,662,180,163,155,637,161,641,164,639,638,168,172,175,685
171,173,685,177,669,636,634,638,162,642,159,158,175,627,172,701
169,176,180,166,641,163,155,164,639,636,638,172,175,685,177,173
176,661,654,180,662,653,655,678,161,154,163,155,189,197,172,166
174,178,829,181,165,726,160,646,742,780,777,797,156,696,645,767
173,177,175,172,636,685,164,638,167,669,162,642,179,182,634,159
202,168,164,166,641,685,636,171,638,175,177,173,179,163,185,182
177,175,179,182,685,636,172,164,171,167,669,162,204,720,168,185
178,181,187,779,170,165,726,160,742,829,777,780,767,156,646,191
194,202,203,199,172,168,164,166,685,173,636,171,177,179,182,185
661,681,680,773,662,654,655,653,169,161,163,166,180,189,197,200
179,185,194,729,175,685,172,164,173,171,636,167,182,720,193,204
181,187,779,192,174,742,170,165,829,767,777,196,726,776,780,778
185,194,729,202,175,172,685,168,177,173,171,636,720,182,193,204
681,725,200,773,176,661,680,662,169,161,166,163,189,197,205,198
187,192,776,207,829,178,174,742,779,767,778,196,777,208,201,191
720,193,185,194,179,177,175,685,173,171,167,636,204,211,215,752
186,188,190,191,727,797,811,780,691,773,680,681,184,195,209,725
186,188,190,191,183,727,811,797,773,691,680,681,195,209,725,736
194,202,203,199,175,172,168,164,720,179,182,177,193,729,204,728
188,190,191,196,797,727,780,777,183,184,691,773,195,209,725,736
192,776,201,208,181,178,829,174,779,767,207,778,210,196,777,742
190,191,196,206,797,777,780,767,186,183,727,184,195,209,736,216
200,725,212,736,180,681,176,661,185,197,205,198,724,199,214,773
196,206,778,213,191,777,780,767,188,797,186,183,195,209,727,829
196,206,778,213,777,767,829,742,797,188,780,186,190,195,779,181
201,187,181,767,178,776,779,208,207,778,210,829,213,206,196,174
729,202,728,203,720,194,185,179,182,173,171,204,211,215,752,177
202,203,199,761,172,189,168,185,720,179,182,729,193,204,728,730
184,183,186,691,773,725,681,680,209,736,216,737,188,727,200,212
206,778,213,210,767,829,779,181,191,777,190,797,188,742,207,780
205,200,214,212,189,180,725,681,194,185,720,198,724,199,203,761
724,205,200,214,197,189,180,725,194,185,720,193,199,203,761,202
724,735,205,214,198,197,189,200,194,185,193,720,203,761,202,825
212,736,737,218,725,681,773,195,189,197,198,180,205,214,724,217
776,192,187,779,208,207,210,213,181,778,767,206,829,178,196,-1
203,761,825,724,199,198,197,189,729,194,193,185,728,730,204,211
761,724,825,735,199,198,197,189,202,194,729,185,730,728,204,750
728,731,730,761,729,193,194,720,211,215,752,223,202,182,185,179
212,736,737,218,200,189,725,180,197,198,199,203,214,724,217,735
213,210,207,208,778,767,779,829,196,191,190,777,776,181,188,797
208,776,201,192,187,779,778,206,767,210,213,181,196,829,191,777
201,192,207,776,779,187,210,213,778,181,767,206,196,829,178,191
226,231,234,195,184,183,186,736,725,773,200,216,737,219,212,218
207,208,779,776,778,206,767,196,213,201,192,187,181,191,829,777
728,731,730,749,204,729,193,202,215,752,223,224,194,720,751,182
737,218,219,216,736,725,209,195,205,200,724,197,214,217,228,735
210,778,207,779,206,196,191,190,767,208,776,187,777,181,201,192
218,737,228,219,212,205,200,736,724,197,198,199,217,735,227,768
752,731,749,730,211,204,728,729,223,224,751,225,193,222,760,753
226,231,234,832,209,195,184,183,737,736,212,725,219,230,218,734
218,228,232,734,214,212,205,737,735,724,761,198,227,768,784,825
219,734,230,226,737,216,736,209,212,214,217,205,228,227,232,406
230,226,806,231,216,209,195,773,737,218,212,736,734,228,809,232
741,802,225,774,221,222,223,229,233,237,241,760,775,224,782,783
222,802,225,774,215,220,741,229,233,224,760,223,775,782,751,787
225,224,760,751,223,215,211,221,802,220,741,229,774,787,233,782
752,751,749,731,215,211,204,728,221,224,225,760,222,787,802,236
751,752,787,749,223,215,211,204,222,221,220,225,760,802,741,774
760,751,787,235,224,223,215,752,222,221,220,802,741,774,229,782
231,234,832,239,195,219,216,737,218,230,806,734,228,209,810,809
232,228,406,407,217,214,218,212,735,825,724,761,784,768,791,770
734,809,230,806,218,219,737,212,227,217,214,735,232,406,407,408
741,774,775,760,220,221,802,222,233,237,225,783,241,782,224,787
231,832,234,822,226,216,209,195,734,219,228,218,806,809,810,232
234,239,244,823,226,230,219,734,832,806,810,809,216,822,737,218
406,407,410,408,228,734,218,230,784,227,217,768,791,415,414,419
237,775,774,241,229,741,220,802,783,221,222,782,247,760,781,225
239,244,248,251,231,806,226,230,832,810,822,823,734,809,219,816
242,240,807,245,236,808,751,749,787,760,774,224,238,782,800,798
240,243,246,250,808,749,812,753,787,751,760,223,235,242,238,807
241,783,247,781,775,774,229,741,233,782,786,802,253,220,221,760
242,807,798,245,235,787,236,751,782,760,774,802,800,786,783,801
244,248,251,830,234,832,231,810,823,822,831,824,806,226,230,816
243,246,796,788,808,812,749,753,236,235,238,787,807,245,242,250
247,781,786,253,775,783,774,782,237,233,229,799,800,741,258,801
807,245,250,243,235,236,240,808,238,787,782,760,798,800,801,786
246,796,249,789,812,788,769,753,240,808,236,242,245,807,250,803
248,251,252,828,239,234,822,832,823,830,831,824,256,810,231,827
250,246,257,261,240,243,236,808,807,242,800,235,798,803,804,801
249,254,795,259,796,788,789,769,243,240,245,812,250,257,803,798
253,799,258,801,781,783,786,775,241,237,233,229,800,782,265,774
251,252,828,256,244,823,239,822,830,824,827,831,267,274,269,234
254,795,259,818,796,789,788,794,246,243,240,245,250,257,803,261
257,254,259,795,246,243,240,249,245,807,798,242,803,261,804,264
252,256,267,248,244,823,239,830,828,827,824,275,274,269,831,826
256,251,248,244,823,828,267,830,275,827,274,269,824,239,826,831
258,799,265,805,781,786,801,783,247,241,237,775,270,800,804,271
259,262,818,273,795,789,794,815,249,246,796,788,257,261,264,804
263,824,827,276,831,823,822,830,819,817,815,816,260,266,820,268
252,251,248,830,267,828,275,274,827,269,244,823,824,826,281,239
259,262,273,246,249,254,243,250,803,804,245,261,264,272,805,798
265,270,805,271,799,781,801,786,253,247,241,237,804,272,264,800
262,273,821,278,795,818,794,789,254,249,246,796,261,815,279,257
263,276,826,827,255,824,831,823,819,815,817,818,266,820,268,277
257,250,246,249,803,804,798,245,264,272,805,271,801,807,270,799
273,821,278,279,818,794,815,820,259,795,254,249,277,789,268,266
276,826,280,269,824,827,831,830,260,255,819,820,266,268,277,279
261,257,803,250,804,805,801,798,272,271,270,265,799,245,807,258
270,271,272,805,799,801,804,258,253,781,247,264,786,261,798,803
276,826,280,269,260,263,255,824,820,819,821,815,268,277,279,278
256,252,828,251,827,830,275,274,269,826,248,281,824,280,276,823
276,280,826,281,266,260,263,819,820,821,815,818,277,279,278,273
274,275,828,267,830,256,827,263,824,255,826,281,280,276,251,248
271,272,805,264,804,801,265,258,799,253,261,803,798,781,257,786
272,264,804,261,803,270,805,265,258,799,801,257,253,798,250,786
264,261,804,257,805,270,265,801,271,803,799,258,250,798,245,253
278,279,277,821,818,820,268,262,259,254,795,815,266,794,819,249
275,828,267,256,252,269,827,830,824,826,281,280,276,263,251,248
267,256,252,251,274,269,828,827,281,280,276,826,830,248,824,263
280,281,826,269,827,274,263,266,260,268,277,279,278,824,255,820
280,281,268,820,266,260,821,273,262,818,279,278,819,815,263,276
279,821,277,268,273,262,818,259,820,266,815,260,819,795,254,794
280,277,268,820,266,821,273,262,818,278,260,815,259,819,263,276
281,826,269,274,827,276,263,266,268,275,260,824,828,255,830,277
269,274,275,827,280,826,276,263,828,267,824,830,266,260,268,255
283,286,284,287,574,608,593,482,600,599,508,493,285,300,301,299
284,287,288,289,574,608,593,482,282,600,599,508,286,285,291,294
288,289,290,292,604,574,608,593,283,282,600,599,286,287,285,291
286,287,288,291,282,283,284,604,600,599,508,493,300,301,299,307
287,288,291,289,284,283,604,574,285,282,600,599,294,296,300,301
288,289,290,292,284,604,574,608,286,285,283,282,291,294,296,301
289,290,292,293,604,574,608,593,287,284,286,285,291,294,296,301
292,293,297,303,290,604,574,608,288,287,284,286,295,291,294,296
293,298,303,304,604,574,608,482,288,287,284,286,289,292,295,291
295,292,293,297,287,288,289,290,286,285,282,600,294,296,301,300
303,298,304,306,293,290,604,574,289,288,291,287,295,297,302,294
298,304,306,309,604,574,608,482,290,289,288,291,292,295,303,297
295,297,302,305,291,287,289,288,285,282,600,599,296,301,300,299
297,302,303,298,292,293,289,290,294,291,288,287,305,296,301,308
305,297,302,308,294,295,291,292,285,282,582,600,301,300,299,307
302,303,306,304,298,292,293,290,295,296,289,294,305,308,301,312
304,309,310,609,604,613,608,517,293,295,292,290,303,302,306,297
305,308,312,321,300,301,296,294,582,600,508,599,307,311,313,318
301,305,308,312,296,294,291,295,582,600,508,599,299,307,311,313
305,308,312,306,296,294,297,302,300,582,600,508,299,307,311,313
306,304,309,310,303,298,292,293,297,295,296,289,305,308,301,312
306,304,309,310,298,293,604,613,297,295,292,289,302,305,308,312
310,609,603,611,604,613,608,517,298,303,302,297,306,309,305,308
306,309,310,315,302,297,303,295,296,301,294,291,308,312,314,307
309,310,317,319,304,298,604,613,303,302,305,297,308,312,315,316
321,320,312,308,299,300,301,296,582,600,555,508,311,313,318,324
315,316,317,319,305,306,302,309,301,296,294,300,312,314,321,311
609,603,611,612,310,304,613,604,306,303,298,305,308,317,316,312
609,603,611,612,613,604,608,517,306,304,298,303,309,308,317,316
320,321,324,326,307,299,300,301,582,600,555,508,313,318,328,331
314,315,316,317,308,305,306,309,301,296,300,307,321,326,320,313
318,320,321,324,311,307,299,300,582,600,555,508,328,331,334,580
315,316,317,319,308,305,309,306,312,301,296,307,326,321,320,329
316,317,319,322,309,306,310,302,314,312,308,305,327,326,321,329
319,323,603,609,317,309,310,306,315,314,312,308,322,327,330,333
603,609,611,612,309,310,304,298,315,314,312,308,316,319,323,322
324,320,321,325,313,311,307,299,582,555,600,508,328,331,334,580
603,609,611,612,317,309,310,304,316,315,314,312,323,322,327,330
326,329,332,335,321,314,312,315,318,313,311,307,324,325,328,331
326,329,332,327,314,312,315,316,318,313,311,307,320,325,324,328
323,330,333,603,319,316,317,309,315,314,312,308,327,337,326,329
603,611,612,568,319,317,309,310,316,315,314,312,322,327,330,333
325,329,332,335,320,321,326,311,318,313,580,582,328,331,334,658
329,332,335,338,320,326,321,327,324,318,313,311,328,331,334,658
329,327,335,330,314,322,315,312,321,320,318,313,325,324,332,328
330,333,337,603,322,323,319,316,314,326,321,312,329,336,332,339
329,332,335,338,325,324,320,318,580,582,555,600,331,334,658,663
330,339,336,340,327,322,323,314,326,325,321,320,332,335,338,331
333,603,611,612,323,319,316,317,327,322,329,315,337,336,339,332
332,335,338,340,328,324,325,320,580,582,555,600,334,658,663,622
335,338,340,341,329,326,327,330,325,328,331,324,334,342,344,658
603,611,612,678,323,319,316,317,330,327,322,329,337,336,339,341
338,340,342,344,331,328,325,324,580,582,555,581,658,663,622,637
340,341,339,343,329,333,327,330,332,325,328,326,338,342,334,344
611,612,678,653,337,333,330,327,335,332,329,326,339,341,340,338
611,612,678,653,333,330,322,323,327,335,332,329,336,339,341,338
340,343,341,339,335,329,336,337,332,334,331,328,342,344,658,152
611,612,154,653,336,337,333,330,338,335,332,329,341,340,343,342
343,149,611,154,341,339,336,337,338,335,332,329,342,345,344,658
611,154,612,653,339,336,337,333,338,335,332,329,340,343,342,345
345,149,611,154,343,340,338,341,334,331,328,325,344,658,152,663
149,611,154,612,341,339,336,337,340,338,335,332,342,345,344,658
149,611,154,612,345,342,343,340,334,331,328,325,658,152,663,637
149,611,154,612,343,340,341,339,342,338,335,332,344,658,152,663
348,349,350,351,347,602,651,601,719,667,60,57,353,352,356,358
348,349,350,351,602,651,601,650,719,667,60,57,346,353,352,356
349,350,351,354,602,651,601,650,347,719,667,60,346,353,352,356
350,351,354,355,602,651,601,650,348,347,346,719,353,352,356,358
351,354,355,357,602,601,651,699,348,347,346,719,349,353,352,365
354,355,357,359,602,601,651,699,350,349,348,347,353,365,371,372
364,367,368,369,353,346,347,348,719,667,60,57,356,358,361,360
367,354,368,355,346,347,348,349,719,667,60,57,352,356,358,361
355,357,359,362,602,601,651,699,351,350,349,348,365,371,372,370
357,359,362,366,601,651,699,551,354,351,350,349,371,365,373,372
364,367,368,369,352,353,346,347,719,68,667,60,358,361,360,363
359,362,366,558,601,651,699,551,355,354,351,350,371,373,372,365
364,367,368,369,356,352,353,346,719,68,667,60,361,360,363,717
362,366,557,559,558,601,651,556,357,355,354,351,373,371,372,365
363,364,367,368,361,358,356,352,719,68,667,60,717,716,687,72
363,364,367,368,358,356,352,353,719,68,667,60,360,717,716,687
557,559,541,585,558,601,556,651,359,357,355,354,366,373,371,372
364,367,368,369,358,356,352,353,360,361,719,68,717,716,687,72
367,368,369,370,365,353,346,347,363,360,361,358,717,716,687,72
371,372,373,557,366,362,359,357,363,361,349,360,370,369,368,367
557,559,541,585,362,558,601,556,359,357,355,354,373,372,371,365
368,369,370,372,365,371,346,347,364,363,360,361,717,716,687,377
369,373,664,557,370,365,371,372,367,364,363,360,717,716,687,377
664,557,559,541,370,365,371,372,368,367,364,363,717,716,687,377
372,373,557,559,365,371,366,362,367,364,363,361,369,368,717,664
372,373,557,559,366,362,359,357,365,364,350,349,370,369,368,367
373,557,559,541,366,362,359,357,371,365,370,367,369,368,717,664
557,559,541,585,366,362,359,357,372,371,365,370,369,664,717,716
375,376,377,379,687,716,717,664,703,72,723,68,378,381,380,383
376,377,379,382,687,716,717,664,374,703,72,723,378,381,380,383
377,379,382,385,687,716,664,717,375,374,703,72,378,381,380,383
379,665,617,594,687,716,664,717,376,375,374,703,382,378,385,384
382,385,384,387,375,374,376,377,703,72,723,715,381,380,383,386
665,617,594,686,687,664,716,717,377,376,375,374,382,385,378,384
384,387,385,390,381,378,382,375,703,723,72,715,383,386,389,388
382,385,384,387,378,375,374,376,703,723,72,715,380,383,386,389
665,617,594,686,379,377,687,664,376,381,378,375,385,384,387,391
387,390,384,391,380,381,378,385,703,723,72,702,386,389,388,392
665,617,594,686,385,382,379,377,381,376,380,383,387,391,390,394
665,617,594,686,382,379,377,687,376,381,378,380,384,387,391,390
394,390,393,387,383,380,381,378,695,703,723,702,389,388,392,396
617,594,686,577,384,385,382,379,386,383,380,381,391,390,394,393
393,398,394,397,389,386,383,380,695,703,723,702,392,396,395,400
393,394,398,390,386,383,380,387,695,703,723,702,388,392,396,402
617,594,686,577,391,387,384,385,389,388,386,383,394,393,398,392
617,594,686,577,387,384,385,382,389,388,386,383,390,394,393,398
397,398,393,402,388,389,386,383,695,703,723,702,396,395,400,401
617,594,686,577,394,390,391,387,392,388,389,386,398,397,402,396
617,594,686,577,390,391,387,384,389,388,392,386,393,398,397,402
401,402,397,617,396,392,398,388,695,703,702,723,400,399,404,405
402,397,398,617,392,388,389,393,695,703,702,723,395,400,401,399
617,686,577,656,398,393,394,390,396,395,392,388,402,401,400,399
617,686,594,577,393,394,390,391,396,392,388,389,397,402,395,401
405,401,617,686,400,395,396,402,695,703,702,723,404,403,640,684
401,402,617,686,395,396,397,392,695,703,702,723,399,404,405,403
617,686,577,616,402,397,396,398,400,399,395,695,405,404,403,640
617,686,577,656,397,398,393,394,395,396,400,392,401,399,405,404
405,617,686,616,404,399,400,401,695,703,702,723,640,684,762,700
405,617,686,616,399,400,401,395,695,703,702,723,403,640,684,762
617,686,616,577,401,400,395,402,404,399,403,695,640,684,762,614
407,408,411,413,809,228,734,806,232,784,227,770,410,409,412,416
408,411,413,417,809,228,734,806,406,232,784,227,410,409,412,416
417,418,420,422,809,228,734,806,407,406,232,784,410,411,409,413
411,413,417,418,410,407,408,406,791,232,784,227,412,416,415,414
411,413,417,418,407,408,406,809,232,784,227,770,409,412,416,415
413,417,418,420,408,809,228,734,409,410,407,406,412,416,415,414
413,417,418,420,409,410,411,408,791,232,784,227,416,415,414,419
417,418,420,422,411,408,809,228,412,409,410,407,416,415,414,419
424,425,428,417,415,416,412,409,791,784,770,227,419,421,423,790
416,417,418,425,412,409,413,410,791,784,227,770,414,419,421,423
417,418,420,425,412,409,413,411,791,232,784,227,415,414,419,421
418,420,422,427,809,228,734,806,413,411,412,409,426,430,429,414
420,422,427,816,809,228,806,734,417,413,411,412,426,430,429,428
421,423,424,425,414,415,416,412,791,784,770,227,790,785,794,789
422,427,816,810,418,809,228,806,417,413,411,416,426,430,429,428
423,424,425,428,419,414,415,416,791,784,770,227,790,785,794,789
427,816,817,822,420,418,809,810,417,413,411,416,426,430,429,428
424,425,428,429,421,419,414,415,791,784,770,227,790,785,794,789
425,428,429,430,415,416,422,420,423,421,419,414,790,785,794,789
428,429,430,426,422,416,420,417,423,421,419,414,424,790,785,794
427,816,817,822,422,420,418,417,413,423,421,416,430,429,428,425
816,817,822,819,422,420,418,809,417,413,423,416,426,430,429,428
429,430,816,817,426,427,422,420,425,424,423,421,790,785,794,789
430,816,817,822,426,427,422,420,425,424,423,421,428,790,785,794
816,817,822,819,426,427,422,420,425,424,423,421,429,428,790,785
432,110,111,436,434,108,105,441,435,438,464,459,437,433,439,447
111,436,113,443,110,434,108,105,431,433,435,438,437,447,442,439
437,432,447,436,431,435,459,434,438,440,448,444,454,439,446,445
110,108,111,113,105,441,103,101,435,464,462,459,431,432,433,437
431,434,432,437,464,441,105,462,438,459,448,463,433,440,454,439
443,120,118,497,111,113,114,110,432,437,431,439,442,447,484,451
436,442,443,113,432,431,111,110,433,454,435,438,439,447,451,446
435,433,431,434,459,464,463,441,448,460,501,458,440,454,444,439
447,436,442,484,437,433,431,432,454,440,445,444,446,451,453,478
454,433,439,437,438,435,459,460,444,448,501,449,445,446,452,453
103,105,101,108,477,99,547,97,462,464,476,463,434,435,431,432
497,120,123,506,436,443,118,113,447,437,439,451,484,495,496,479
118,120,122,119,113,114,116,108,436,111,432,110,442,497,447,495
440,454,446,433,448,438,458,459,501,450,491,489,445,449,456,452
454,446,453,439,444,440,501,448,449,491,450,472,452,456,455,457
451,447,479,484,454,439,440,433,452,445,444,456,453,478,457,455
442,497,120,495,437,436,432,443,439,433,446,454,451,484,479,453
438,440,435,433,459,460,463,464,458,450,461,489,501,444,449,445
445,440,452,454,444,450,501,489,491,472,492,522,456,473,465,455
501,444,448,445,458,504,461,460,489,492,490,524,491,449,472,456
484,442,483,496,439,447,437,433,453,446,454,452,478,479,485,457
453,446,478,451,445,454,444,440,456,449,465,473,457,455,466,480
478,451,479,484,446,439,454,447,452,445,455,456,457,480,485,466
439,437,451,447,433,438,435,431,440,445,444,448,446,453,452,478
457,466,453,480,452,456,445,446,465,473,521,503,468,467,474,475
452,457,446,453,449,445,491,444,473,472,503,522,465,455,468,467
480,478,485,479,453,452,446,451,455,468,456,465,466,593,493,474
448,459,438,440,461,460,470,469,489,504,490,578,501,450,444,492
464,435,434,441,463,462,476,471,460,458,461,469,438,448,440,433
459,438,464,435,463,469,471,476,461,470,504,529,448,458,501,489
460,448,463,459,469,529,471,481,470,504,528,527,458,489,501,450
441,103,105,434,476,477,547,97,463,471,460,469,464,459,435,438
462,464,441,477,471,476,547,549,469,461,481,529,459,460,448,438
441,434,105,103,462,477,476,547,459,463,460,471,435,438,448,433
455,468,452,466,473,456,472,449,521,503,509,523,467,487,475,474
480,593,485,574,457,478,452,453,468,455,475,467,493,474,599,494
468,474,466,493,465,503,455,473,521,487,523,509,475,117,488,486
466,493,457,480,455,456,452,473,467,465,521,487,474,475,486,488
463,476,459,462,471,481,549,546,529,470,527,537,461,460,504,458
461,469,460,471,529,527,537,481,528,536,670,538,504,578,458,489
476,462,547,464,549,546,584,548,481,529,470,537,469,463,460,461
449,456,444,445,491,492,450,501,522,524,511,525,473,503,502,465
456,455,452,445,472,491,449,492,522,502,524,511,503,465,521,509
493,599,593,600,468,466,455,480,475,467,488,487,486,494,500,596
486,474,494,466,467,468,465,455,487,117,121,521,488,596,500,124
477,441,97,99,547,499,548,95,471,549,469,481,462,463,464,459
99,101,103,102,97,499,95,548,547,476,463,471,462,441,105,464
479,482,484,483,451,446,439,447,453,457,452,455,485,480,593,466
483,496,519,495,451,484,447,439,478,480,453,457,485,482,593,608
485,482,479,608,478,453,452,451,457,466,455,468,593,493,599,574
471,549,476,463,546,584,562,545,537,527,544,535,529,469,470,461
519,517,498,520,479,483,496,484,485,593,480,478,608,574,604,613
520,498,505,518,496,484,495,497,479,485,478,451,519,482,608,517
495,496,506,505,447,497,442,436,451,439,478,453,479,483,485,482
482,483,608,519,478,479,453,451,480,457,466,452,593,574,493,599
494,493,599,508,474,468,467,466,488,475,596,124,500,507,513,127
467,475,468,486,521,509,465,503,523,115,112,526,117,121,488,596
486,500,474,494,475,487,467,468,121,117,115,523,596,124,513,127
450,458,501,448,504,461,470,460,490,578,573,525,492,491,524,449
489,450,491,458,578,504,670,528,573,525,656,577,492,524,472,511
449,444,445,440,450,501,489,458,492,524,490,525,472,456,473,522
491,450,449,501,489,490,458,504,524,525,573,533,472,522,511,473
599,593,600,574,466,480,457,485,474,486,468,475,494,508,507,500
508,599,600,582,493,474,466,593,486,500,488,475,507,620,514,515
505,565,540,136,497,506,442,123,484,447,479,451,496,520,483,498
520,505,540,565,495,506,497,442,484,479,447,451,483,498,519,482
506,133,505,565,120,123,443,118,442,447,436,437,495,484,496,520
518,516,539,610,520,540,496,505,519,483,608,482,517,568,613,609
97,99,101,102,95,93,89,91,548,549,584,471,547,477,476,462
507,494,620,508,486,475,474,493,596,513,488,124,515,514,532,530
444,440,438,454,458,448,460,461,450,489,492,504,449,491,445,472
503,473,521,465,522,511,472,524,512,550,534,579,510,509,526,523
465,456,468,455,473,522,472,524,502,510,511,512,509,521,523,467
461,458,460,501,470,528,527,469,578,670,573,656,489,490,450,492
140,595,142,610,565,506,136,133,495,496,497,483,540,520,518,498
565,134,136,140,133,123,120,122,497,442,484,443,495,505,496,540
620,508,555,600,494,486,599,474,500,515,513,596,514,583,587,531
600,582,282,285,599,493,574,474,494,507,500,486,620,555,583,514
521,467,465,475,503,502,522,473,510,109,550,512,523,526,112,487
509,523,503,521,502,512,511,522,550,107,657,106,526,109,112,115
522,472,503,473,524,533,525,492,534,616,579,615,512,502,510,550
502,509,522,503,511,534,533,616,579,615,576,614,550,510,657,107
515,500,507,514,124,596,488,121,127,132,131,126,532,530,598,531
620,583,621,555,507,500,508,494,515,530,513,532,587,531,589,588
514,507,587,620,500,596,488,486,513,532,127,132,530,531,586,589
569,567,539,571,518,610,520,540,517,498,519,609,568,592,612,644
568,516,592,567,519,498,518,483,613,608,604,293,609,612,310,304
610,539,144,145,540,595,505,142,498,520,519,496,516,569,517,567
498,518,516,540,483,520,496,484,482,479,574,485,608,517,613,604
540,518,595,610,505,495,565,506,496,483,484,479,498,519,516,517
467,465,475,468,503,473,522,456,509,523,526,502,487,115,117,121
472,473,456,465,524,491,492,525,511,512,533,534,502,503,509,510
487,521,467,475,509,503,502,473,526,112,510,109,115,117,121,124
492,472,491,450,525,490,489,573,533,534,577,616,511,522,502,512
490,492,489,491,573,656,578,670,577,686,616,594,533,524,511,534
523,521,487,117,510,509,502,512,109,550,107,106,112,115,121,503
529,481,469,461,537,535,544,546,536,538,542,541,528,470,504,670
470,529,461,469,527,536,537,535,670,538,585,656,578,504,573,490
469,471,460,463,481,537,546,549,527,528,536,535,470,461,504,578
531,514,587,589,532,515,513,127,598,139,132,131,586,141,590,682
587,589,583,621,514,515,620,513,530,586,532,141,590,588,682,628
515,531,514,507,513,127,124,596,132,131,126,671,530,598,586,139
524,490,492,522,525,577,573,656,616,686,614,640,511,534,512,615
511,502,524,522,616,533,686,525,615,614,619,575,579,512,550,657
537,546,529,481,544,666,554,545,542,543,541,556,536,527,538,528
527,537,529,470,535,542,666,544,541,559,556,557,538,528,670,585
481,469,471,549,544,546,545,562,535,536,666,542,529,527,470,528
528,527,470,504,536,541,542,535,559,557,664,558,585,670,656,578
145,571,147,150,610,144,595,540,518,516,498,520,569,567,570,572
595,610,142,144,505,140,565,136,520,496,495,483,518,539,498,516
536,535,528,527,542,556,543,551,557,558,366,373,559,538,585,664
535,544,537,527,666,543,553,554,556,551,558,601,541,536,538,557
666,554,535,544,553,552,625,561,551,605,601,607,556,542,541,558
546,562,481,564,545,554,560,563,666,542,553,543,535,537,536,527
562,564,690,584,560,563,597,660,554,666,561,553,544,546,535,537
584,549,86,548,562,545,564,560,544,535,554,666,481,537,529,471
97,477,99,101,499,548,95,93,549,471,584,481,476,462,463,441
499,95,93,97,89,91,86,79,584,549,564,562,547,476,477,471
476,547,548,499,584,86,89,564,481,546,562,537,471,469,463,462
510,526,502,509,512,534,511,522,657,579,104,576,107,109,106,112
543,553,542,666,552,607,625,606,605,601,699,648,556,558,541,602
553,561,666,554,625,606,629,626,605,607,648,699,551,543,556,601
554,563,544,545,561,625,629,672,552,551,606,605,543,666,542,556
545,560,562,546,563,561,672,629,553,543,625,552,666,544,535,542
622,580,313,311,582,508,299,300,620,514,507,515,581,583,621,635
542,666,535,536,551,543,605,552,601,357,355,354,541,558,557,362
559,541,585,538,558,556,601,542,366,373,372,371,664,594,687,665
541,542,538,536,601,556,551,699,357,355,354,351,362,359,366,373
585,538,670,536,541,558,556,542,557,664,373,366,594,656,665,379
564,690,73,79,597,660,65,62,563,554,672,561,545,562,546,544
563,660,545,560,629,672,632,674,625,552,626,606,553,554,666,543
584,86,549,89,564,560,690,597,545,544,563,554,546,481,537,471
560,597,562,690,660,672,659,632,561,553,629,625,554,545,544,666
79,86,89,548,690,597,73,65,560,545,660,563,562,584,546,549
136,140,142,133,134,123,122,506,495,497,496,505,540,595,520,120
576,104,657,579,575,619,615,618,98,96,94,92,100,106,107,614
570,591,696,150,569,571,539,147,516,568,612,517,572,592,644,678
592,567,569,572,516,498,519,539,517,609,613,319,612,603,678,611
571,570,147,150,539,145,518,610,516,568,498,517,567,572,592,591
696,646,156,160,571,150,147,539,567,569,592,516,572,591,644,645
147,150,696,156,145,144,610,142,569,539,516,518,570,567,572,646
591,696,646,645,567,570,569,571,592,516,568,612,644,643,678,655
578,490,504,489,670,585,528,538,656,577,594,686,525,533,524,616
604,608,298,304,482,485,480,479,593,599,493,466,283,282,284,286
576,579,657,534,619,615,614,762,96,618,94,92,566,98,100,104
657,106,107,550,579,615,619,534,566,575,98,96,104,100,512,109
573,525,490,578,656,594,585,670,617,665,640,398,686,533,616,614
504,489,461,458,528,470,538,527,670,573,656,585,490,525,492,524
550,512,510,511,534,614,616,533,615,575,566,619,657,576,106,104
331,334,328,324,318,313,320,311,555,508,583,620,622,663,581,637
622,635,663,639,555,580,620,582,583,587,589,514,621,676,633,638
299,307,311,300,294,285,291,600,508,620,494,507,580,555,622,663
581,622,635,580,620,555,507,508,514,531,515,500,587,621,589,676
548,89,91,547,86,564,79,690,562,546,560,545,549,481,471,476
670,528,578,527,538,541,536,558,559,594,664,557,656,573,577,617
531,588,589,628,530,532,515,131,139,598,138,671,141,590,682,143
621,581,676,622,583,514,620,555,531,515,530,586,589,588,633,590
633,621,676,634,589,531,587,583,590,682,143,586,628,627,148,151
633,621,676,581,587,583,514,620,531,590,682,586,588,628,627,148
588,628,589,633,586,531,530,587,682,143,141,139,146,148,151,153
646,645,726,160,570,696,156,569,572,644,567,592,643,811,655,654
572,644,570,591,567,516,569,539,568,612,609,517,678,655,611,653
574,482,604,608,480,485,478,457,493,466,474,468,599,600,282,283
656,585,670,573,559,664,557,538,665,382,385,384,617,577,397,402
142,144,140,565,136,133,540,505,520,506,610,518,145,539,496,498
500,486,507,494,488,117,475,487,124,121,115,112,513,127,132,515
690,73,79,86,65,62,61,58,660,563,659,672,560,564,562,545
530,586,515,531,131,532,132,127,671,126,130,129,139,138,137,141
600,574,282,283,593,466,480,485,493,494,474,486,508,582,507,620
282,285,283,286,574,593,482,485,599,508,493,494,582,555,580,620
551,556,543,541,605,648,552,607,699,651,647,667,558,602,355,354
355,357,359,362,651,601,699,551,667,650,57,52,350,351,354,349
612,678,653,592,609,613,568,517,333,330,323,319,337,336,339,341
613,609,517,603,608,482,519,485,283,282,574,600,290,293,289,288
551,552,543,553,607,606,623,675,699,648,647,649,601,651,556,558
625,629,553,561,624,626,630,674,607,675,623,648,552,605,551,543
606,552,625,553,675,624,626,722,648,623,649,744,605,699,551,601
517,498,568,516,519,482,483,479,574,485,593,600,604,613,290,293
612,568,592,678,517,608,519,498,613,317,319,310,603,323,322,330
144,145,147,150,595,142,140,565,540,518,520,505,539,571,569,516
653,678,655,644,603,612,609,568,341,339,336,337,149,154,152,155
678,592,644,567,568,517,516,569,603,609,333,337,611,653,149,154
609,517,568,612,608,519,482,498,604,293,290,292,304,310,298,309
616,534,533,512,640,686,403,405,762,618,684,700,615,619,575,579
579,534,512,550,614,616,640,533,619,762,618,96,575,576,566,657
533,511,525,524,686,577,617,402,614,640,762,405,534,615,579,512
686,577,656,533,665,594,687,664,398,393,397,394,640,616,762,614
619,575,614,615,762,700,684,702,688,92,90,85,94,96,98,566
615,579,616,534,762,614,684,640,618,94,688,700,575,96,566,98
555,582,622,580,508,494,600,599,507,514,515,500,583,587,581,621
676,635,638,663,581,583,622,555,589,587,588,514,633,634,627,642
663,658,637,344,580,334,331,328,581,555,583,620,635,621,639,676
675,607,606,624,744,747,722,743,677,668,748,793,649,648,647,605
626,674,625,629,630,631,705,706,675,722,744,623,606,607,552,648
561,672,554,563,629,626,632,674,606,607,624,675,552,553,543,551
674,629,632,673,631,630,679,706,624,675,722,744,606,625,607,552
642,634,162,669,633,588,676,589,151,628,148,146,701,158,159,153
627,633,158,642,588,589,531,587,146,590,682,143,148,151,701,153
672,563,659,660,632,674,673,631,626,606,624,630,625,561,553,552
631,674,679,629,706,705,704,721,722,766,743,744,624,626,675,606
674,679,632,673,706,704,772,30,630,705,722,766,626,624,629,606
672,659,660,54,673,50,679,43,674,626,631,606,629,561,625,563
676,634,635,638,621,587,581,583,589,588,628,148,627,642,701,151
638,636,171,685,676,635,621,639,633,627,701,589,642,669,162,159
639,637,641,164,622,663,658,580,581,621,633,583,676,638,634,636
685,164,172,175,638,639,641,635,669,634,642,676,171,173,167,162
155,163,154,161,658,152,149,344,663,635,622,581,639,641,166,164
164,641,685,168,639,635,637,663,676,634,633,621,636,669,642,171
641,155,168,163,637,663,658,622,635,676,581,621,638,164,636,172
686,616,577,533,403,405,404,401,684,695,700,702,762,614,619,615
163,166,161,169,155,637,152,154,639,638,663,635,168,164,172,685
669,167,636,171,634,633,676,638,627,701,151,153,159,162,158,157
811,645,727,726,591,572,646,570,644,655,678,592,654,691,662,680
643,591,811,645,572,567,570,569,678,592,612,568,655,653,654,662
726,780,797,170,646,165,696,160,591,643,644,572,811,727,691,654
165,726,170,780,696,160,156,150,591,570,572,644,645,643,811,727
699,648,605,601,649,623,677,675,652,668,42,36,650,651,48,52
607,605,552,606,623,675,744,624,649,647,652,668,699,651,650,601
648,607,605,606,623,677,744,675,668,748,24,36,647,652,699,42
651,699,602,601,652,647,668,649,48,42,36,45,52,667,57,348
601,558,551,556,699,647,605,648,650,48,52,652,602,667,350,351
647,651,648,699,668,649,677,748,36,24,40,29,42,650,48,52
655,662,654,643,678,612,644,592,154,611,149,152,161,169,163,176
811,691,727,184,643,644,645,591,662,655,169,653,680,661,176,773
643,654,811,680,644,591,572,592,653,678,154,612,662,169,161,661
573,670,578,490,585,559,538,557,594,617,665,391,577,525,686,533
107,550,109,510,579,512,615,534,576,100,566,575,106,104,526,98
152,149,155,154,344,345,342,343,663,580,622,582,637,639,641,635
58,62,61,65,54,50,51,43,673,632,629,674,672,660,563,561
597,65,73,690,62,659,58,61,672,632,561,673,563,560,545,562
680,773,691,725,654,655,811,643,176,662,169,161,681,180,189,197
661,654,680,681,655,678,643,644,161,653,154,163,169,176,180,189
658,637,152,155,580,334,331,344,622,581,555,621,635,639,638,676
559,585,656,538,370,372,371,365,369,368,717,367,687,665,594,379
594,577,656,585,664,717,559,368,382,385,384,379,387,391,390,394
544,545,537,546,554,553,561,563,543,556,551,552,535,542,536,541
602,346,347,348,651,650,42,699,57,52,48,45,719,60,68,717
649,647,623,648,677,748,793,747,24,36,20,29,652,42,650,48
636,171,173,685,634,638,676,639,642,159,627,158,167,162,164,177
578,528,504,470,538,536,527,541,585,656,559,594,573,490,577,525
139,598,141,586,130,126,131,132,129,125,128,138,137,135,143,532
660,58,62,560,659,673,50,54,632,629,674,625,563,561,554,553
50,659,51,54,43,39,704,30,674,679,631,626,632,672,629,561
632,673,672,50,679,43,39,706,631,626,630,624,629,625,561,606
624,606,626,552,722,630,743,631,623,744,747,677,607,648,649,605
638,639,636,164,635,581,622,583,633,621,589,587,634,642,669,627
623,744,648,675,747,793,746,743,748,20,17,792,649,668,24,652
644,655,643,591,592,572,568,567,612,611,603,149,653,154,662,161
43,673,50,51,39,704,30,772,631,706,630,705,674,632,626,629
773,691,184,183,654,811,727,643,661,176,662,169,681,180,725,189
725,773,195,736,680,661,691,654,180,176,662,169,189,200,197,205
590,628,148,588,586,531,530,598,143,141,139,138,146,151,589,627
40,45,42,48,29,27,36,24,32,35,34,31,692,49,698,55
640,617,614,686,403,695,404,399,702,700,723,80,762,618,688,619
172,175,185,194,164,168,166,641,636,669,638,167,173,177,171,179
533,525,573,511,577,594,656,665,640,617,405,401,616,614,534,615
665,594,559,585,717,664,363,367,716,72,68,64,377,375,374,376
618,762,619,575,700,83,702,684,90,85,88,84,92,94,96,98
84,88,85,90,76,77,694,71,693,78,74,707,82,81,87,708
79,86,89,91,73,65,62,61,597,560,660,545,564,562,584,546
184,183,186,188,811,727,643,645,680,654,661,662,773,195,681,725
45,49,52,48,683,32,40,27,35,34,31,38,698,55,697,711
689,76,82,77,694,708,71,710,74,707,66,745,78,81,84,70
71,76,77,84,710,70,67,709,708,707,66,745,693,74,689,82
396,392,400,395,383,380,381,703,723,702,715,80,684,700,762,614
156,160,165,726,150,147,145,144,570,571,572,569,646,591,645,643
55,59,713,60,698,49,692,45,711,38,34,718,712,714,709,738
49,55,45,59,692,35,32,683,34,38,31,718,697,711,714,712
605,601,551,552,648,607,649,623,647,650,652,48,651,602,667,558
684,762,619,640,702,723,695,403,83,85,80,84,688,618,90,94
158,159,642,162,627,628,633,588,151,153,148,146,157,634,669,167
684,695,403,404,723,703,715,380,80,83,75,84,700,85,688,618
374,375,378,381,687,72,716,68,723,715,64,75,695,702,684,80
30,39,43,50,771,26,21,758,772,706,721,705,679,631,674,630
706,772,631,704,721,16,15,18,766,757,743,756,630,722,624,626
704,679,30,39,772,721,771,18,705,766,16,722,631,630,674,626
74,693,694,76,708,745,710,739,66,63,56,53,78,689,81,71
694,71,76,70,710,739,738,709,745,63,56,740,66,707,693,74
67,69,75,713,712,714,697,711,738,739,732,745,70,710,71,694
71,70,67,77,738,709,714,712,739,745,63,732,694,708,76,693
697,712,55,49,38,698,31,34,718,733,33,814,714,732,738,709
713,64,715,60,697,59,55,49,714,738,711,732,709,69,67,75
64,715,72,68,59,55,60,57,712,709,697,714,69,75,67,723
712,67,69,713,711,697,698,38,732,733,718,33,738,709,710,739
703,695,374,687,64,72,68,59,713,69,67,712,723,75,80,702
717,687,664,665,719,360,363,361,68,72,64,60,703,374,375,377
664,557,559,594,363,364,367,360,716,719,68,72,687,377,379,376
711,698,714,697,33,38,31,34,814,813,23,22,733,732,41,738
356,358,352,353,667,602,651,48,60,57,59,52,716,68,72,64
185,194,729,202,179,177,175,172,182,173,171,167,193,204,211,215
772,771,704,30,13,758,759,10,18,16,15,766,705,706,630,631
630,624,631,706,705,766,757,15,743,756,747,746,744,675,623,606
703,695,684,380,715,72,713,64,75,69,67,70,702,80,83,700
214,217,212,227,205,197,200,189,199,198,203,202,735,761,825,768
736,195,209,737,773,680,184,183,681,189,180,661,200,205,212,197
170,742,174,777,165,160,156,150,646,645,696,591,780,727,797,811
797,188,190,777,780,645,726,742,811,643,654,661,186,691,183,184
730,825,750,753,729,202,194,203,204,211,193,720,731,752,215,223
202,203,730,761,194,185,199,198,193,720,182,179,204,728,211,731
825,750,735,768,761,202,203,199,728,729,204,211,731,753,752,749
753,750,812,769,728,730,825,729,211,215,204,223,752,749,751,808
738,714,710,709,733,711,718,814,47,41,813,44,739,740,745,56
711,714,738,697,718,814,33,38,813,41,37,28,732,47,740,739
230,806,810,231,219,226,737,216,228,218,227,217,809,232,407,406
217,227,784,228,724,214,205,198,761,199,203,730,825,768,750,770
209,216,219,226,195,773,184,183,725,200,205,681,737,212,218,214
219,216,230,226,736,209,195,773,212,214,200,205,218,734,228,217
709,70,67,712,714,711,697,718,732,733,740,56,710,739,745,708
710,694,709,71,738,732,714,733,740,56,47,53,745,63,708,66
739,745,738,708,41,732,733,37,47,44,46,56,53,63,66,813
774,760,783,782,802,221,222,225,229,220,233,775,237,241,224,787
829,178,767,181,170,174,726,165,160,645,777,780,797,191,196,190
722,705,630,624,756,766,757,765,746,764,754,793,747,744,675,677
675,624,607,630,743,722,756,766,747,677,746,793,623,649,648,668
708,710,694,693,739,738,732,714,56,740,53,47,63,66,707,74
743,744,766,722,764,756,765,5,754,755,792,763,747,793,677,748
744,722,675,624,746,743,756,764,793,754,792,763,677,748,623,649
677,649,744,623,793,792,747,754,20,17,11,24,668,36,652,8
808,812,769,243,753,731,750,728,751,752,223,215,236,240,235,787
770,784,785,791,825,768,761,735,730,731,728,752,753,769,812,749
749,236,808,753,752,215,731,211,223,224,225,802,787,760,235,238
749,753,808,750,731,211,728,204,215,223,224,222,751,787,225,236
769,788,770,796,750,730,825,768,731,752,751,728,749,812,808,236
746,747,756,743,755,764,1,0,763,3,8,2,792,793,17,748
764,746,765,756,1,5,4,6,0,3,2,763,754,792,8,793
766,722,705,18,765,757,15,4,764,5,754,755,743,746,747,744
15,16,18,705,7,9,10,12,765,6,4,764,756,766,743,746
771,21,26,30,759,19,12,14,13,10,18,16,772,721,704,706
19,771,21,26,12,14,10,13,15,9,758,18,721,772,16,704
787,238,235,236,224,751,223,752,802,225,222,741,774,782,783,775
735,768,217,214,199,724,198,197,203,202,729,194,825,730,728,750
614,615,616,686,684,640,403,404,700,688,702,92,618,619,94,96
754,764,746,747,3,755,0,1,8,2,792,11,793,17,5,4
756,757,743,766,5,765,4,6,755,1,0,763,746,754,747,792
757,15,766,16,6,7,9,4,5,1,755,764,756,746,743,754
705,721,630,706,757,15,16,18,756,765,764,746,743,722,744,624
779,778,776,207,181,187,178,174,829,777,742,797,196,191,206,213
784,232,791,406,227,735,217,228,825,761,730,203,770,750,769,785
785,789,419,421,770,750,768,784,753,749,731,730,788,812,796,808
785,791,419,414,768,784,227,232,750,825,753,730,769,788,789,812
26,30,51,21,19,14,12,772,758,759,721,704,39,706,679,13
771,704,30,26,758,759,21,19,721,18,13,705,706,679,631,630
184,195,183,209,691,654,727,811,680,681,661,180,725,736,189,200
782,787,238,786,802,760,222,225,741,233,229,221,775,783,237,241
783,782,781,786,774,741,802,760,233,229,220,237,241,247,800,221
208,201,192,779,187,181,767,207,778,210,213,829,206,178,196,777
196,767,181,206,829,742,178,174,797,780,726,727,191,190,188,186
210,207,208,201,779,776,181,187,767,196,191,829,206,213,777,192
776,207,208,201,187,181,192,767,829,178,777,778,210,196,206,213
777,191,829,196,726,742,170,165,645,811,646,591,797,727,190,188
799,801,798,265,786,783,800,782,241,775,237,233,247,253,258,774
238,800,242,798,787,760,235,236,774,775,802,741,783,786,781,241
786,800,801,799,782,774,238,760,775,237,233,741,241,781,247,253
791,232,406,407,227,228,217,218,768,735,825,750,770,785,769,788
790,794,816,815,791,423,421,419,770,769,750,812,789,788,796,795
801,798,804,805,800,782,238,242,783,241,775,774,781,799,247,253
235,236,242,808,751,749,223,752,760,224,774,225,238,782,800,783
789,795,254,794,769,785,770,750,812,240,753,808,796,246,243,249
794,818,815,262,785,790,423,424,796,788,769,243,795,249,254,246
817,815,819,831,424,428,425,429,791,785,784,770,794,789,795,818
414,419,415,421,410,406,407,408,784,770,768,735,785,769,789,794
793,746,747,677,763,754,2,3,11,8,17,748,20,24,755,0
747,744,743,623,754,746,763,755,792,17,11,8,748,677,20,24
815,821,819,820,790,424,423,425,789,785,796,788,818,795,254,259
818,262,815,821,789,794,785,790,249,796,246,788,254,259,257,803
789,254,795,794,788,769,785,770,243,812,240,808,246,249,250,245
190,191,777,196,780,742,726,829,727,645,691,811,188,186,183,184
803,250,261,257,807,245,242,235,800,238,786,782,801,804,799,805
805,804,270,271,801,786,800,798,253,781,247,783,258,265,241,264
798,807,245,804,238,242,235,787,782,783,774,760,786,801,781,799
804,805,803,264,798,800,807,242,786,781,247,783,799,258,253,265
760,782,787,751,222,225,224,223,221,220,741,774,229,775,233,783
257,261,254,259,250,245,246,243,798,807,801,242,804,264,805,272
264,261,257,803,798,250,245,801,799,800,786,805,272,271,270,807
271,264,272,804,261,803,798,799,801,258,253,270,265,786,257,800
832,234,822,239,230,231,226,216,734,219,228,232,810,809,408,816
245,250,803,246,240,236,243,808,242,235,238,800,798,804,801,786
812,243,788,246,753,769,731,750,749,751,787,752,236,240,235,242
810,816,832,822,734,806,230,219,232,228,784,227,408,407,406,411
822,239,831,823,806,832,230,234,809,420,418,417,816,422,427,426
727,780,186,797,645,591,726,646,643,654,655,644,691,680,183,184
788,796,246,249,753,769,750,770,808,749,731,751,243,240,236,235
733,718,732,711,814,25,22,33,28,37,41,47,44,740,23,38
718,38,711,698,33,23,31,34,22,25,28,813,733,37,41,732
819,820,260,266,817,816,428,429,794,790,795,789,818,821,262,279
817,822,831,819,810,806,832,734,427,422,426,430,790,815,794,789
831,255,260,824,822,810,823,832,816,790,427,426,819,815,820,794
821,820,278,279,794,815,819,790,795,254,789,249,262,259,273,257
260,255,266,263,817,831,822,823,815,794,790,816,820,268,821,818
266,268,263,276,260,819,255,817,815,818,794,259,821,277,279,278
279,277,268,266,820,815,819,260,818,262,259,794,278,273,795,254
831,823,244,824,832,239,234,231,810,816,806,427,817,255,819,790
248,830,251,827,244,239,234,822,832,810,816,831,824,255,817,828
827,826,269,828,830,823,248,244,255,831,819,822,263,260,276,266
768,227,770,784,761,735,724,217,730,203,202,728,750,731,753,769
281,275,269,827,274,828,263,824,260,255,276,280,277,279,830,266
269,274,275,267,830,828,248,251,824,255,823,831,826,263,276,280
267,275,256,251,252,830,248,824,823,274,827,269,826,281,244,263
767,181,779,187,178,174,742,170,780,726,777,196,191,797,778,776
828,256,274,267,248,251,252,244,823,831,239,822,824,827,269,826
824,830,827,276,823,244,239,248,822,817,816,810,255,819,260,263
239,244,823,248,234,231,806,230,226,809,810,822,816,831,734,418
