1,4,2,3,7,5,6,12,750,11,14,13
0,3,4,5,2,7,12,14,6,750,15,11
4,7,0,6,1,3,11,750,5,13,12,10
1,5,0,4,12,2,14,7,15,750,6,20
2,0,7,1,3,6,750,5,11,12,13,14
3,12,1,14,0,15,4,2,20,750,7,734
7,11,13,2,4,10,750,9,0,766,1,8
6,2,4,11,750,0,13,1,10,3,9,5
9,16,10,19,13,18,11,766,22,6,24,7
8,10,13,16,11,19,6,766,18,7,22,2
9,13,8,11,16,6,766,19,7,18,2,750
13,6,10,7,9,2,8,766,4,750,16,0
14,5,15,3,20,734,1,25,4,750,0,2
11,10,9,6,8,7,766,16,2,750,4,19
15,12,20,5,25,734,3,27,1,750,4,0
14,20,12,25,5,734,27,3,1,31,750,4
19,8,18,9,10,22,13,766,24,11,21,779
21,23,24,26,22,28,18,19,35,16,779,39
19,22,16,24,21,8,17,9,779,23,10,766
18,16,22,8,24,9,21,10,766,17,13,779
15,25,14,27,12,734,5,31,36,3,1,750
24,17,23,22,26,18,28,19,16,35,779,8
24,18,21,19,17,16,23,779,26,8,28,9
26,17,21,28,24,22,35,18,39,40,34,19
22,21,17,18,23,19,26,28,16,779,35,8
20,27,15,734,14,31,12,36,5,44,3,767
23,28,17,21,35,24,39,22,40,34,33,787
25,31,20,36,734,15,14,44,12,767,49,5
26,35,23,39,40,17,21,34,24,787,33,41
30,38,37,32,42,33,45,46,43,34,47,41
29,32,38,33,37,34,43,42,45,46,787,41
36,27,44,25,767,734,49,20,50,15,14,54
33,30,34,29,43,38,787,41,46,40,47,45
32,34,787,41,43,30,40,29,39,47,46,48
33,40,787,41,32,39,43,35,48,30,47,28
39,28,40,26,34,787,41,33,23,48,43,32
31,44,27,49,767,25,50,734,20,54,15,14
38,42,29,30,45,46,32,47,33,43,41,34
37,29,42,30,45,32,46,33,43,47,34,41
40,35,787,34,41,28,48,33,43,26,32,47
787,39,34,41,33,35,48,43,32,28,47,30
787,43,48,40,34,33,47,39,32,46,51,30
45,38,37,46,29,47,30,32,43,33,41,787
41,47,787,46,48,33,34,32,40,45,30,51
49,36,50,31,767,54,27,696,58,25,734,65
46,42,47,38,37,43,29,30,32,41,33,787
45,47,43,42,41,38,32,30,33,787,48,37
46,43,45,41,48,51,787,42,32,33,34,40
41,787,51,43,40,47,39,34,57,33,46,32
50,44,54,36,58,767,31,696,65,66,60,27
49,54,58,44,696,65,66,36,60,55,767,31
57,48,47,64,41,43,787,46,40,76,788,45
53,55,684,56,60,59,73,74,72,66,75,70
52,56,684,55,59,74,70,60,75,61,67,73
58,50,65,49,66,60,696,55,44,71,72,52
52,60,53,684,66,72,73,56,65,74,71,58
53,59,684,52,61,67,70,75,62,55,74,73
64,51,76,48,788,47,79,41,43,787,46,40
65,54,66,60,50,71,55,72,696,49,52,73
61,56,67,70,62,53,684,75,68,63,52,74
66,55,72,65,71,52,73,58,684,74,53,77
67,62,59,70,68,63,56,75,69,684,53,74
61,67,68,63,59,69,70,56,75,82,684,53
68,69,62,61,67,59,70,56,75,82,83,92
57,76,51,79,788,48,89,97,47,743,100,99
66,58,60,71,72,54,55,77,73,50,52,80
65,60,71,72,58,55,73,77,54,52,684,74
61,62,70,59,68,75,63,56,684,69,74,82
63,69,62,61,67,59,70,75,56,82,83,92
63,68,62,61,67,59,70,92,83,84,93,82
75,67,61,59,74,62,684,82,81,56,78,68
72,77,66,73,65,60,80,74,78,55,58,684
71,73,77,66,60,80,74,65,78,684,55,75
72,74,80,77,78,684,71,75,60,81,66,55
75,73,684,78,81,80,72,70,77,82,71,60
74,70,81,684,78,73,82,67,59,80,61,56
64,79,57,89,97,100,51,99,743,98,788,48
80,71,72,73,78,74,66,707,81,60,75,65
81,80,74,73,75,77,82,72,707,70,684,71
89,76,97,100,64,99,743,98,57,774,51,107
78,77,73,72,74,81,71,707,75,82,684,66
82,78,75,74,80,83,70,73,707,77,684,90
81,83,78,75,70,90,74,80,67,91,73,707
82,90,81,91,92,78,75,70,67,707,74,93
85,94,86,93,87,92,635,88,91,69,95,90
86,84,87,94,88,93,635,95,92,96,91,101
85,87,84,88,94,95,96,635,93,101,92,102
88,86,85,95,96,84,101,635,94,102,93,103
95,87,96,86,101,85,102,84,635,103,94,104
97,79,100,99,76,774,743,98,64,107,784,57
91,83,92,82,93,81,94,637,78,707,70,75
90,92,93,83,94,82,84,637,81,68,69,85
93,91,94,90,84,83,85,82,69,68,637,86
94,92,91,84,90,85,86,83,635,69,637,87
93,84,92,85,86,91,635,87,90,69,88,83
96,88,101,87,102,86,103,85,104,635,84,105
95,101,88,102,87,103,86,104,85,635,105,84
89,100,99,79,98,774,76,107,64,743,109,784
99,100,107,97,89,774,79,109,76,64,111,57
98,100,97,107,89,774,79,76,109,64,111,743
99,97,98,89,774,79,107,76,109,64,743,784
102,96,95,103,88,104,87,105,86,635,85,636
101,103,96,104,95,105,88,87,106,636,86,635
104,102,105,101,96,106,95,88,636,108,87,86
103,105,102,106,101,96,108,95,636,88,110,87
104,106,103,102,108,101,636,110,96,95,88,112
105,108,104,103,110,102,636,101,112,96,95,113
109,98,99,100,774,97,111,89,79,744,114,76
110,106,105,112,104,636,103,113,102,115,116,101
107,111,774,98,114,99,744,100,97,89,120,79
108,112,113,106,115,636,105,116,104,117,103,588
109,114,744,107,120,774,121,98,706,99,100,97
113,110,115,116,108,117,118,588,106,636,119,105
115,112,116,117,110,118,119,588,108,122,106,636
120,111,121,109,744,706,124,107,774,127,98,99
116,113,117,112,118,119,110,588,122,108,123,617
117,115,118,113,119,112,122,110,588,123,108,125
118,116,115,119,113,122,112,123,110,588,125,617
117,119,116,115,122,113,123,112,125,588,617,110
118,122,117,116,123,115,125,113,617,588,126,112
121,114,124,706,111,127,744,109,678,130,131,679
120,124,706,114,127,678,111,130,744,131,679,109
123,119,125,118,617,117,126,116,115,128,588,113
125,122,126,617,119,128,118,117,129,116,115,132
121,127,120,130,706,678,131,114,679,135,680,111
123,126,122,128,617,119,129,132,118,133,117,580
128,125,129,123,617,132,122,133,119,580,134,118
130,124,131,678,121,135,120,706,680,138,679,114
126,129,132,125,133,123,617,134,122,580,136,119
132,128,133,126,134,125,136,580,123,137,617,122
131,127,135,678,124,138,680,121,140,120,706,142
130,135,127,678,680,138,124,140,142,121,659,679
133,129,134,128,136,126,137,580,125,139,617,123
132,134,129,128,136,137,126,580,139,125,123,617
136,133,132,137,129,139,580,128,141,126,144,125
138,131,680,140,130,142,127,678,143,677,124,659
137,134,139,133,132,141,580,129,144,128,574,126
136,139,134,141,133,132,580,144,129,574,128,145
140,135,142,680,131,143,130,677,146,127,678,659
137,141,136,144,134,574,580,145,133,132,129,147
142,138,143,135,680,677,146,131,130,148,659,678
139,144,137,145,574,136,147,134,593,580,149,133
143,140,138,677,146,135,680,148,131,786,150,130
142,146,140,677,138,148,150,135,786,680,152,749
141,145,139,147,574,593,137,149,136,151,134,153
147,144,593,149,141,151,574,139,153,563,137,154
148,143,150,142,152,786,749,677,140,138,155,157
145,149,593,151,144,153,141,154,574,563,156,139
150,146,152,749,143,155,786,157,142,755,677,159
151,147,153,593,145,154,156,144,563,158,574,141
152,148,749,155,146,157,786,143,159,755,142,161
149,153,154,147,593,156,145,563,158,144,160,554
150,155,148,749,157,159,146,755,161,786,143,163
151,154,149,156,593,147,158,563,145,160,554,144
156,153,151,158,149,160,593,147,554,563,162,145
157,152,159,150,749,161,148,755,163,146,762,165
158,154,160,153,151,162,554,149,164,593,563,147
155,159,161,152,150,749,163,755,165,148,762,166
156,160,154,162,554,153,164,151,167,149,549,563
161,157,155,163,165,152,762,166,749,150,755,170
158,162,156,164,154,554,167,549,169,153,168,151
159,163,165,157,166,762,155,170,152,755,173,749
164,160,167,158,169,549,156,168,554,154,171,172
165,161,166,159,762,170,157,173,763,155,174,755
167,162,169,160,168,549,171,158,172,156,554,175
166,163,170,161,762,173,159,174,763,157,155,177
165,170,163,173,161,174,762,763,159,177,157,155
169,164,168,162,171,549,172,160,175,176,158,156
169,171,167,172,175,164,549,176,162,178,548,160
168,167,171,164,172,549,175,162,176,160,178,548
166,173,165,174,163,763,177,161,762,179,159,757
168,172,169,175,167,176,549,164,548,178,162,180
175,171,168,176,169,178,548,167,547,549,180,164
174,170,166,177,763,165,179,163,181,757,762,161
173,177,170,763,179,166,181,757,165,163,183,762
172,176,171,178,168,169,180,547,548,167,182,549
175,178,172,180,171,182,547,168,169,167,184,548
179,174,181,173,757,763,183,170,185,166,708,165
180,176,182,175,547,172,184,171,168,186,169,548
181,177,757,183,174,185,173,763,187,170,708,716
178,182,176,184,547,175,186,172,171,188,551,168
179,183,177,185,757,187,174,189,173,716,763,191
180,184,178,186,176,547,175,188,551,172,190,171
185,181,179,187,757,189,177,716,191,174,192,173
186,182,180,188,178,551,190,547,176,175,194,559
183,187,189,181,716,191,179,757,192,177,193,736
188,184,190,182,551,180,194,178,559,547,196,176
189,185,191,183,192,716,181,193,179,736,757,195
186,190,184,551,194,559,182,196,180,178,547,198
187,191,192,185,193,183,716,195,736,181,197,179
188,194,559,186,196,551,184,198,575,558,182,200
192,189,193,187,195,736,185,197,716,183,199,181
193,191,195,189,736,197,187,185,199,716,183,738
192,195,191,197,736,189,199,187,185,201,716,202
196,190,559,198,188,575,200,186,558,551,203,184
197,193,192,736,191,199,189,201,202,187,204,732
198,194,200,575,559,190,203,188,208,186,558,576
195,199,193,736,192,201,202,191,204,732,206,189
200,196,575,203,194,559,208,190,595,188,211,576
201,202,197,204,195,206,732,736,193,205,192,207
198,203,196,208,575,194,211,595,559,190,213,576
202,199,204,206,205,197,732,207,739,737,195,736
201,204,206,199,205,207,739,197,737,732,209,195
200,208,198,211,575,595,196,213,194,594,214,559
206,202,205,201,207,199,739,209,737,197,210,732
206,207,204,209,202,739,201,210,199,212,737,197
205,204,202,207,201,739,209,199,210,737,197,212
205,209,206,739,210,204,202,212,201,737,199,215
203,211,200,213,595,198,594,575,214,196,217,576
207,210,205,739,206,212,204,202,215,201,796,737
209,212,207,739,205,215,206,796,216,204,202,737
213,208,214,594,203,595,217,200,198,221,575,608
210,215,209,216,739,796,207,218,205,220,222,219
214,211,594,217,208,221,203,595,609,200,225,610
213,217,211,594,221,208,225,610,609,203,595,227
216,212,218,796,220,210,222,219,223,209,739,224
218,215,220,222,219,223,212,796,224,210,226,209
221,214,213,225,610,594,211,227,609,208,229,614
222,219,220,216,223,215,224,796,212,226,210,228
222,218,220,223,216,224,215,226,796,212,228,769
222,223,218,219,216,224,215,226,796,228,212,769
225,217,610,214,227,213,594,229,609,613,211,614
219,220,218,223,216,224,215,226,796,228,212,769
220,224,222,219,218,226,216,796,228,215,769,230
223,226,220,222,228,219,218,230,216,769,796,215
221,227,610,217,229,613,214,232,614,609,213,594
228,224,230,223,220,222,231,219,218,768,769,233
229,225,610,221,613,232,217,234,614,633,214,609
230,226,231,224,223,233,768,220,222,769,219,798
227,232,613,225,234,610,633,221,237,614,217,239
228,231,226,233,768,224,798,235,223,236,220,769
230,233,228,798,235,226,768,236,224,238,808,223
234,229,237,613,633,227,239,225,610,242,666,221
231,235,798,236,230,238,228,768,808,780,240,226
237,232,239,633,229,242,666,613,227,244,641,246
236,233,798,238,231,240,780,230,241,808,228,768
238,235,240,233,798,780,241,231,243,808,230,772
239,234,242,232,633,666,244,229,246,613,641,227
240,236,780,241,235,243,798,233,245,808,772,231
237,242,234,244,666,246,633,232,249,692,647,641
241,238,780,243,236,245,235,798,247,772,233,808
243,240,238,245,780,247,236,248,235,772,250,798
239,244,246,237,666,234,249,692,647,633,252,232
241,245,240,247,780,238,248,250,236,772,765,251
246,242,249,239,692,666,252,237,647,234,254,664
247,243,248,241,250,240,251,780,765,238,253,772
244,249,692,242,252,647,239,666,254,664,237,258
245,248,250,243,251,241,765,253,240,255,780,238
250,247,251,245,253,243,765,255,241,771,256,240
252,246,692,244,254,664,647,242,258,666,262,239
248,251,247,253,245,255,771,765,256,243,257,241
250,253,248,255,247,256,771,257,245,765,259,243
249,254,692,664,246,258,244,647,262,261,263,665
255,251,256,250,771,257,248,259,247,260,765,245
258,252,664,262,249,261,692,263,246,665,267,268
256,253,257,251,771,259,250,260,248,264,247,760
257,255,259,253,771,260,251,264,250,265,760,248
259,256,260,255,771,264,253,265,760,251,266,250
262,261,254,263,664,267,252,268,665,249,271,692
257,260,256,264,255,265,771,760,266,253,269,251
259,264,257,265,256,266,760,269,255,771,761,270
262,263,258,267,268,254,271,664,676,252,665,275
261,263,258,267,268,254,664,271,252,676,665,275
261,262,267,268,258,271,254,664,676,665,275,699
265,260,266,259,760,257,269,270,256,761,272,771
266,264,269,260,270,760,259,761,272,257,273,256
269,265,270,264,761,272,260,760,273,259,274,257
268,263,271,261,262,275,258,699,676,278,254,664
267,271,263,261,262,275,258,699,676,278,254,664
266,270,272,265,761,273,264,274,260,760,752,276
272,269,761,273,266,274,265,276,264,752,760,277
268,267,275,699,263,278,261,262,676,258,282,530
270,273,269,274,761,266,276,752,265,277,264,758
272,274,270,276,761,269,277,266,752,758,279,265
273,276,272,277,270,758,279,761,269,280,752,281
278,271,699,268,282,267,530,529,535,534,533,284
277,274,279,273,758,280,272,281,270,283,761,269
276,279,280,274,758,281,273,283,272,270,285,815
282,275,530,535,529,534,284,537,533,699,532,541
280,277,281,276,758,283,274,285,273,815,286,272
281,279,283,277,758,276,285,815,286,274,289,273
280,283,279,285,758,277,286,815,276,289,274,292
535,530,284,537,529,534,278,541,533,545,544,287
281,285,280,286,815,289,279,758,277,292,293,276
537,535,541,545,282,530,287,544,529,546,534,543
286,283,289,281,815,292,280,293,301,298,302,279
285,289,283,292,293,815,281,298,303,302,295,301
545,544,541,546,288,537,284,543,542,291,535,530
291,546,544,287,545,543,541,542,290,537,540,284
286,292,293,285,298,295,303,299,283,302,815,301
291,294,711,288,543,546,542,297,544,539,538,540
290,288,546,543,542,544,294,545,711,287,541,540
293,289,298,295,299,303,286,300,302,296,301,285
292,295,299,298,300,296,289,303,286,302,800,301
290,297,291,711,304,288,543,542,546,538,539,540
296,293,300,299,298,292,303,289,800,302,801,286
300,295,299,293,298,292,800,303,801,289,792,302
294,304,290,291,306,711,288,543,546,542,307,538
299,303,293,292,300,295,302,296,301,289,801,286
298,300,295,293,296,303,292,302,801,289,301,286
296,299,295,298,293,292,303,801,302,289,800,792
302,305,303,298,308,292,299,289,293,286,801,300
301,303,305,298,292,299,293,308,801,289,300,295
302,298,301,299,292,293,300,305,295,801,289,296
297,306,294,307,290,741,291,711,310,713,288,543
301,302,308,303,298,309,292,801,299,289,293,286
307,304,297,310,741,294,311,290,291,713,711,313
306,310,304,741,311,297,313,294,315,290,778,713
305,309,301,302,303,312,799,801,298,314,299,292
308,312,799,305,314,301,302,316,801,303,318,298
311,307,313,306,741,315,304,778,317,297,294,319
313,310,315,307,317,778,306,741,319,304,320,297
314,309,316,799,308,318,802,305,321,301,801,302
315,311,310,317,778,319,307,320,741,306,323,304
316,312,318,309,802,321,799,322,308,324,305,326
313,317,311,319,778,310,320,307,323,850,741,306
318,314,321,312,802,322,324,309,799,326,809,308
319,315,320,313,323,311,778,850,327,310,333,307
316,321,322,314,324,802,312,326,809,329,325,309
317,320,323,315,850,313,327,778,311,333,524,523
319,323,317,327,850,315,333,524,313,523,526,778
322,318,324,316,326,809,329,314,325,802,328,312
321,324,326,318,329,325,316,809,328,314,330,802
327,320,319,333,850,524,523,317,526,525,528,527
326,322,329,321,325,328,318,809,330,823,316,332
328,329,326,330,324,332,331,322,823,334,321,822
329,324,325,322,328,321,330,823,809,332,318,331
323,333,524,523,526,320,528,525,527,338,319,850
325,330,329,332,326,331,324,334,822,322,823,336
325,326,328,324,330,322,332,823,321,331,809,822
332,328,325,331,329,334,326,822,336,324,335,823
332,334,330,336,335,328,822,325,337,329,833,339
331,330,334,328,325,336,822,329,335,326,337,833
327,338,524,526,528,523,527,525,323,341,320,816
331,336,332,335,330,337,822,328,833,339,325,340
336,337,334,339,833,331,340,332,822,342,330,328
335,334,337,331,833,332,339,822,330,340,328,342
335,339,336,833,340,334,342,331,822,332,343,829
333,341,526,528,524,327,527,344,523,525,816,323
340,337,833,335,342,336,343,334,829,331,345,822
339,342,343,337,833,335,345,336,829,346,334,822
344,338,816,347,333,528,526,527,349,524,525,523
343,340,339,345,833,337,346,829,335,336,348,856
342,345,340,346,339,348,833,829,337,856,335,350
347,341,816,349,338,826,351,333,528,526,527,524
346,343,342,348,340,856,350,829,339,833,352,337
345,348,343,350,856,342,352,340,829,887,353,339
349,344,826,341,351,816,354,338,814,333,827,356
346,350,345,352,856,343,887,353,342,829,355,340
347,351,826,344,354,341,816,356,827,814,338,358
352,348,887,353,346,856,345,355,881,343,357,342
354,349,826,347,356,827,344,358,341,816,814,834
350,353,887,348,355,856,346,357,881,345,359,343
352,355,887,350,357,881,348,359,856,346,886,360
351,356,349,826,358,827,347,834,361,344,814,367
357,353,352,359,887,350,881,360,886,362,363,348
354,358,351,361,834,827,349,826,367,347,888,370
355,359,353,360,362,363,887,352,886,365,364,881
361,356,834,367,354,370,888,827,351,373,836,835
357,360,362,363,355,365,364,368,886,353,366,369
362,365,359,363,368,364,357,366,886,369,355,372
358,367,370,834,888,356,373,354,835,827,375,836
363,365,360,368,364,366,359,369,886,357,372,371
362,364,365,368,366,360,369,359,886,371,372,357
366,363,362,369,368,365,886,360,371,372,359,374
368,362,363,360,364,366,359,369,372,371,886,357
364,369,363,368,362,371,886,365,372,360,374,359
370,361,888,373,358,834,375,835,868,356,378,380
365,362,363,364,366,360,369,372,371,374,359,886
366,371,364,372,363,368,886,362,365,892,374,360
367,373,888,361,375,378,868,358,834,380,835,382
372,369,374,366,892,376,364,368,363,377,365,362
371,374,369,376,366,368,892,377,364,365,363,379
370,375,367,378,888,868,380,361,382,867,383,835
376,372,371,377,379,892,369,368,381,366,919,364
378,373,380,868,382,370,867,383,888,367,386,387
377,374,379,372,381,371,919,892,369,384,368,366
379,376,381,374,919,372,384,371,892,385,909,369
380,375,382,373,383,868,867,386,370,387,888,367
377,381,376,919,374,384,385,372,892,909,371,388
382,378,375,383,867,386,868,387,373,389,370,392
379,384,377,376,385,919,909,374,388,372,892,371
380,383,378,386,867,375,387,389,868,373,392,844
386,382,387,380,389,867,378,392,375,398,841,844
385,381,388,909,379,377,391,919,390,395,396,376
384,388,909,391,381,390,396,395,379,394,919,917
387,383,389,382,392,380,867,398,841,378,401,844
386,389,383,392,382,398,841,867,380,401,844,378
385,391,396,390,909,384,395,917,394,381,393,894
387,392,386,398,383,841,401,382,867,404,844,380
395,396,391,394,894,393,388,397,385,399,915,917
396,390,388,395,917,385,394,894,909,393,384,915
398,389,387,401,841,386,404,383,847,406,844,382
397,394,399,395,894,400,390,402,403,396,391,405
395,393,390,397,894,396,399,402,391,400,403,388
390,394,396,393,894,391,397,388,399,402,385,400
390,391,395,394,894,388,393,917,385,915,397,399
399,393,394,400,402,395,894,403,390,396,405,391
392,401,404,389,841,387,386,406,847,408,383,844
397,400,402,393,403,394,894,395,405,390,396,407
402,399,403,397,393,405,894,394,395,407,390,396
404,398,392,406,841,847,389,408,387,410,386,412
400,403,399,397,405,393,894,394,407,395,390,915
402,405,400,894,399,407,397,393,394,409,915,395
401,406,398,408,847,392,410,841,389,412,387,414
403,407,402,409,894,400,915,399,397,411,393,394
408,404,410,847,401,412,398,414,913,841,392,416
409,405,403,411,915,402,894,413,400,399,415,397
406,410,412,847,404,414,401,913,416,398,418,841
407,411,405,413,915,403,415,402,894,914,417,400
408,412,406,414,847,416,913,404,418,401,860,420
413,409,415,407,417,405,914,915,419,403,402,912
414,410,416,408,406,418,913,860,847,420,439,404
415,411,417,409,914,419,407,425,405,915,912,465
412,416,410,418,408,420,860,439,913,406,464,847
413,417,411,914,419,409,425,407,465,466,911,467
414,418,412,420,439,860,410,464,408,474,913,406
419,415,413,425,914,411,465,466,467,409,449,911
420,416,439,464,414,860,412,474,477,410,913,408
425,417,465,415,466,914,467,413,449,450,411,451
439,418,464,416,474,414,860,477,412,481,410,913
422,435,434,423,424,433,896,436,432,437,431,897
423,421,424,435,436,434,896,437,433,438,432,431
424,422,436,421,896,435,437,434,438,433,447,875
423,436,422,437,896,421,438,435,447,875,434,448
419,465,466,467,417,449,450,415,914,451,413,452
427,446,445,428,895,429,444,430,443,431,442,907
426,428,429,446,895,430,445,431,444,443,432,897
427,429,430,426,446,431,895,445,432,897,433,444
430,428,431,427,432,426,897,895,433,446,434,445
429,431,428,432,427,433,897,426,434,895,435,446
432,430,429,433,897,434,428,435,427,421,426,895
433,431,434,430,897,435,429,421,428,422,427,423
432,434,435,431,430,421,897,429,422,428,423,424
435,433,432,421,422,431,897,423,430,424,429,896
434,421,433,422,423,432,424,431,897,896,436,430
437,424,423,438,422,896,447,875,421,448,435,459
438,436,447,424,423,448,875,896,422,459,421,460
437,447,436,448,875,424,459,423,460,896,422,461
420,464,418,474,416,860,477,414,481,412,486,863
441,458,457,442,443,456,907,444,455,908,454,445
442,440,443,458,444,457,907,456,445,446,455,908
441,443,444,440,907,458,445,457,446,456,426,455
444,442,445,441,907,440,446,426,458,427,457,895
443,445,442,446,441,426,907,440,427,895,458,428
446,444,426,443,427,442,907,895,428,441,440,429
445,426,444,427,443,428,895,442,429,907,441,430
438,448,437,459,875,436,460,424,461,423,468,896
459,447,438,460,875,437,461,468,436,424,469,861
450,467,466,451,465,452,425,453,910,454,419,455
449,451,452,467,453,466,910,465,454,425,455,419
450,452,453,449,910,467,454,466,455,465,456,425
453,451,450,454,910,449,455,456,467,457,466,465
452,454,451,455,910,450,456,449,457,458,467,466
455,453,452,456,910,457,451,458,450,440,449,908
454,456,457,453,458,452,910,451,440,450,441,908
455,457,458,454,453,440,452,441,910,908,451,442
458,456,455,440,454,441,442,453,908,452,443,910
457,440,456,441,455,442,454,443,907,908,453,444
448,460,447,461,438,468,875,437,469,436,471,861
461,459,468,448,469,447,471,438,875,472,861,437
460,468,459,469,471,448,472,447,462,861,875,438
463,472,471,470,469,473,862,468,461,476,475,460
462,470,472,473,471,862,469,476,475,468,478,461
439,474,420,477,418,860,481,416,414,486,863,485
466,425,467,449,419,450,451,417,452,415,910,914
465,467,449,425,450,419,451,452,417,910,453,914
466,449,465,450,451,425,452,419,453,910,454,417
461,469,460,471,472,459,462,448,463,861,447,470
471,468,472,461,462,460,463,459,470,448,473,861
463,473,462,472,476,475,471,862,478,469,479,843
472,469,462,468,463,461,470,460,473,862,459,476
471,462,463,469,470,468,473,461,476,862,460,475
476,470,475,463,478,462,472,479,471,862,480,843
477,464,439,481,860,420,418,486,485,863,488,416
476,478,479,473,480,470,482,463,843,483,462,863
475,473,478,479,470,480,463,472,462,482,843,471
474,481,464,486,485,439,863,488,860,420,487,484
479,475,476,480,473,482,470,483,863,463,843,484
478,480,475,482,476,483,473,863,484,470,843,487
482,479,478,483,475,484,476,863,487,473,488,470
486,477,485,488,474,487,484,863,464,483,439,482
480,483,479,484,863,478,487,475,488,476,485,473
482,484,480,487,863,488,479,485,478,486,475,481
483,487,488,482,485,480,863,486,479,481,478,477
486,488,487,481,484,483,477,863,482,474,480,464
485,481,488,487,477,484,483,474,863,482,464,480
488,484,485,483,486,482,481,863,480,479,477,478
485,487,484,486,483,481,482,863,477,480,474,479
494,495,497,493,498,492,502,501,491,505,504,490
496,491,500,499,492,503,493,506,494,510,489,507
490,492,496,493,500,499,494,489,503,495,497,506
493,491,494,490,489,496,495,497,500,498,502,499
492,494,489,491,495,497,498,502,490,501,505,496
489,493,495,497,498,492,502,501,491,505,504,490
497,498,502,494,489,501,493,505,492,504,509,491
490,500,499,491,503,492,506,493,510,507,512,511
495,498,502,494,489,501,493,505,504,492,509,491
497,502,495,501,494,489,505,493,504,492,509,491
500,503,496,506,490,491,510,511,492,512,507,508
499,496,503,490,506,491,510,492,511,512,507,493
505,502,504,498,497,495,509,494,489,493,508,507
498,501,497,495,505,504,494,489,493,509,492,508
506,499,500,510,496,490,511,491,512,507,803,508
505,509,501,502,508,507,498,497,495,512,493,494
504,501,509,502,498,497,508,495,507,494,493,489
503,510,499,500,511,512,496,490,507,508,491,509
508,512,509,511,504,505,510,501,506,500,499,503
507,509,512,504,511,505,510,501,506,502,500,499
504,508,507,505,501,512,502,511,498,497,495,493
506,511,512,503,499,507,500,508,496,509,490,491
512,510,507,508,506,509,503,499,500,504,805,505
511,507,508,510,509,506,504,503,505,499,500,501
516,514,515,518,517,519,521,520,522,876,846,877
515,513,516,517,518,520,519,521,522,846,876,877
514,517,513,516,520,518,519,521,522,846,876,877
513,518,514,515,519,521,517,522,520,876,846,877
520,515,522,521,514,519,518,516,513,876,877,846
519,516,521,513,522,517,514,515,520,876,877,846
521,518,522,517,520,516,515,513,514,876,877,846
517,522,521,519,515,518,514,516,513,876,877,846
519,522,518,520,517,516,515,514,513,876,877,846
521,519,520,517,518,515,516,514,513,876,877,846
525,524,526,528,527,327,333,323,338,850,806,320
523,526,528,525,527,333,327,338,323,850,320,806
523,527,528,526,524,333,327,338,323,806,850,816
528,524,527,525,523,333,327,338,323,341,850,816
525,528,526,523,524,333,327,338,323,806,816,850
526,527,525,524,523,333,327,338,323,816,341,850
534,533,530,535,532,537,540,531,539,542,282,541
535,529,534,537,533,282,284,541,532,545,540,544
532,536,538,539,533,540,534,529,542,543,530,711
531,533,540,539,538,534,536,529,542,530,543,537
534,529,532,540,531,530,539,538,542,537,535,543
529,533,530,532,540,535,537,531,539,542,538,543
530,537,284,282,529,534,541,533,545,544,287,546
538,531,539,532,540,533,711,542,534,543,529,546
541,535,284,545,530,544,529,534,287,546,533,543
539,540,536,532,531,542,533,711,543,534,529,546
538,540,536,532,531,542,533,543,711,534,529,546
539,538,542,532,533,543,531,536,534,529,546,711
545,544,537,287,546,284,535,543,542,530,288,534
543,546,540,539,544,545,538,533,541,532,534,537
542,546,544,540,545,541,539,288,538,537,291,533
545,546,541,287,543,288,542,537,284,291,535,540
544,541,287,546,537,543,542,288,284,535,530,540
544,543,545,542,288,541,287,291,537,540,539,533
178,180,176,175,182,172,184,551,548,550,171,186
172,175,171,547,552,168,549,176,572,169,178,553
168,167,164,169,171,162,172,160,554,553,548,175
572,547,561,560,551,562,548,180,552,178,175,182
188,186,184,190,547,559,182,558,180,550,194,178
572,555,553,548,556,561,549,550,566,172,-1,-1
552,549,564,555,554,548,557,171,168,167,172,164
158,160,156,154,162,549,563,153,164,564,565,553
552,566,557,553,556,572,564,-1,-1,-1,-1,-1
568,555,552,572,567,566,561,612,-1,-1,-1,-1
586,564,555,591,566,553,584,565,-1,-1,-1,-1
559,576,560,600,575,551,194,190,196,188,198,596
194,190,196,558,575,188,198,551,186,576,200,184
562,600,558,550,551,581,559,576,561,-1,-1,-1
572,568,562,570,550,556,552,560,-1,-1,-1,-1
560,561,570,550,581,571,600,568,572,-1,-1,-1
593,565,153,151,154,574,149,554,147,145,156,158
565,557,553,554,584,563,586,555,549,-1,-1,-1
563,564,584,573,554,593,574,153,154,151,557,156
555,612,604,591,557,556,586,552,-1,-1,-1,-1
612,605,568,569,556,611,688,-1,-1,-1,-1,-1
561,569,567,570,556,572,605,562,607,-1,-1,-1
605,607,568,567,570,606,571,688,-1,-1,-1,-1
571,562,568,561,607,569,581,640,-1,-1,-1,-1
640,570,607,581,616,562,569,619,615,-1,-1,-1
552,561,550,548,556,555,568,547,562,553,-1,-1
574,565,577,578,580,579,584,563,593,139,141,144
144,141,139,145,593,147,137,563,580,573,136,149
198,196,200,559,203,576,194,595,208,558,190,211
596,575,558,595,600,559,196,198,608,194,203,200
617,578,580,588,573,123,125,122,126,129,128,132
577,587,582,579,588,573,617,580,585,-1,-1,-1
585,584,578,582,583,573,586,-1,-1,-1,-1,-1
137,132,136,129,134,139,133,617,577,128,126,574
571,615,562,602,570,600,640,616,560,-1,-1,-1
585,587,603,578,579,601,589,-1,-1,-1,-1,-1
586,585,589,591,592,579,590,584,-1,-1,-1,-1
586,565,579,564,557,573,583,591,-1,-1,-1,-1
589,582,579,583,601,590,598,578,-1,-1,-1,-1
591,584,583,557,564,579,592,566,-1,-1,-1,-1
603,578,582,588,636,112,577,113,110,635,108,115
113,115,112,116,119,122,617,117,118,587,110,577
585,598,590,583,601,582,599,-1,-1,-1,-1,-1
589,592,599,598,597,583,585,625,-1,-1,-1,-1
586,592,604,566,557,583,625,584,-1,-1,-1,-1
625,591,590,604,597,583,586,-1,-1,-1,-1,-1
147,149,151,145,153,563,144,574,154,141,156,158
213,214,211,609,217,595,608,208,221,610,203,225
208,575,203,211,608,594,576,200,213,596,198,214
576,608,621,600,602,595,575,558,622,634,-1,-1
625,653,627,590,626,599,592,-1,-1,-1,-1,-1
589,629,663,599,590,601,585,-1,-1,-1,-1,-1
653,629,598,590,597,630,651,628,589,-1,-1,-1
602,560,558,576,596,581,562,559,575,-1,-1,-1
660,589,585,637,582,603,598,663,707,-1,-1,-1
600,634,615,596,621,581,576,620,-1,-1,-1,-1
637,587,635,582,636,601,93,94,92,91,84,85
625,631,591,612,566,592,627,-1,-1,-1,-1,-1
688,569,567,611,606,756,568,607,612,689,-1,-1
688,607,605,619,689,569,687,756,709,-1,-1,-1
571,569,619,640,606,570,605,568,-1,-1,-1,-1
622,595,594,596,609,621,576,211,213,208,638,214
594,610,614,622,608,217,648,221,214,213,225,211
225,221,227,217,614,609,613,229,214,594,213,232
605,632,631,688,756,681,612,567,-1,-1,-1,-1
567,604,566,631,611,556,605,-1,-1,-1,-1,-1
229,232,227,614,633,610,644,225,234,221,237,609
613,610,648,609,644,227,225,229,221,622,704,633
634,616,620,602,581,640,571,618,-1,-1,-1,-1
640,615,618,620,698,571,581,-1,-1,-1,-1,-1
123,125,122,126,577,128,119,129,580,588,132,118
725,642,620,616,624,698,715,615,-1,-1,-1,-1
687,607,640,606,698,571,710,-1,-1,-1,-1,-1
634,624,615,618,616,623,602,642,-1,-1,-1,-1
596,634,622,638,608,602,623,-1,-1,-1,-1,-1
608,638,609,648,621,594,614,596,-1,-1,-1,-1
634,649,624,638,639,620,621,-1,-1,-1,-1,-1
620,643,642,623,618,639,634,-1,-1,-1,-1,-1
627,592,631,604,597,632,626,591,590,-1,-1,-1
627,659,653,628,597,683,679,625,632,680,-1,-1
625,626,632,683,631,597,659,653,604,-1,-1,-1
679,653,626,659,652,630,678,706,599,-1,-1,-1
651,663,599,598,630,697,703,653,-1,-1,-1,-1
651,654,653,628,629,652,703,599,679,-1,-1,-1
632,625,604,627,611,612,681,-1,-1,-1,-1,-1
631,681,627,683,611,625,756,786,626,-1,-1,-1
234,237,232,613,641,666,239,644,229,242,227,614
602,615,620,623,621,624,596,-1,-1,-1,-1,-1
86,87,85,94,84,88,93,101,96,95,92,102
108,103,104,106,105,102,110,101,112,96,635,95
91,90,92,93,94,83,603,635,660,84,82,707
622,649,621,650,648,623,608,-1,-1,-1,-1,-1
649,661,643,662,623,624,686,-1,-1,-1,-1,-1
571,616,619,607,698,581,615,570,-1,-1,-1,-1
633,645,666,644,646,237,234,704,239,647,613,657
746,725,667,618,643,624,620,-1,-1,-1,-1,-1
661,624,667,642,701,639,662,-1,-1,-1,-1,-1
704,641,614,633,613,648,646,232,234,-1,-1,-1
641,647,657,666,674,646,692,655,633,665,-1,-1
641,704,657,655,656,645,644,658,-1,-1,-1,-1
692,249,645,664,246,666,252,244,665,242,674,254
614,622,650,704,638,609,644,610,613,-1,-1,-1
638,639,650,686,623,-1,-1,-1,-1,-1,-1,-1
704,649,648,686,656,638,669,-1,-1,-1,-1,-1
703,629,630,697,654,663,599,702,795,-1,-1,-1
654,679,706,744,628,784,630,121,774,678,114,120
628,599,626,597,630,679,659,627,629,-1,-1,-1
703,784,652,795,630,651,744,774,702,743,-1,-1
657,658,668,691,646,674,645,-1,-1,-1,-1,-1
669,704,650,658,646,686,751,-1,-1,-1,-1,-1
655,674,645,691,646,641,647,668,-1,-1,-1,-1
655,669,670,668,656,672,646,751,-1,-1,-1,-1
680,626,678,679,677,628,683,135,131,138,140,130
707,637,80,78,663,90,77,682,81,83,82,601
662,643,701,639,700,667,751,686,673,-1,-1,-1
661,751,686,700,673,639,669,701,643,-1,-1,-1
660,629,682,598,697,601,707,651,77,80,71,-1
254,665,258,252,692,262,249,261,263,647,246,267
664,675,676,674,263,258,647,254,261,692,262,252
242,239,237,244,633,641,647,246,234,645,692,249
746,721,701,642,643,722,661,-1,-1,-1,-1,-1
655,693,718,672,691,658,729,657,-1,-1,-1,-1
751,656,670,658,686,662,673,650,-1,-1,-1,-1
669,751,673,671,672,658,-1,-1,-1,-1,-1,-1
730,670,673,747,748,672,751,-1,-1,-1,-1,-1
729,670,668,730,718,671,658,-1,-1,-1,-1,-1
751,700,747,670,671,662,669,661,-1,-1,-1,-1
657,675,665,645,691,685,647,664,655,692,-1,-1
665,690,685,674,676,664,691,263,712,742,-1,-1
267,699,263,675,665,690,712,268,261,271,262,275
142,143,140,680,146,138,683,786,135,659,148,150
127,131,130,679,124,680,706,135,659,121,138,120
678,628,706,652,659,124,127,121,680,131,130,120
135,138,140,131,659,677,142,678,130,143,127,679
756,786,632,683,611,755,749,688,677,148,146,150
71,77,65,707,66,80,72,696,58,660,73,78
677,632,627,786,659,681,626,680,143,142,140,146
74,53,52,56,75,73,55,70,59,72,60,67
675,691,690,694,714,674,693,742,665,-1,-1,-1
751,669,649,662,650,656,639,661,-1,-1,-1,-1
619,709,708,710,606,689,698,-1,-1,-1,-1,-1
756,605,606,689,611,681,569,755,567,-1,-1,-1
709,688,756,606,762,755,687,763,605,-1,-1,-1
742,675,685,676,712,714,726,665,699,694,-1,-1
685,693,655,668,657,674,694,675,-1,-1,-1,-1
249,252,647,246,664,254,244,242,258,665,666,262
718,694,668,691,728,685,745,729,-1,-1,-1,-1
693,685,714,728,691,773,718,690,-1,-1,-1,-1
767,702,696,720,719,697,44,49,50,31,36,54
54,50,58,49,65,44,682,66,767,695,71,60
651,703,682,696,695,702,629,663,-1,-1,-1,-1
715,619,640,710,725,616,618,687,-1,-1,-1,-1
275,278,271,712,531,529,534,267,532,533,268,530
701,673,661,662,747,723,751,721,-1,-1,-1,-1
661,721,700,667,643,723,662,-1,-1,-1,-1,-1
695,795,703,719,705,697,651,720,654,743,767,-1
651,654,795,702,697,630,629,784,652,695,-1,-1
644,656,650,648,646,614,641,-1,-1,-1,-1,-1
719,743,795,788,702,779,79,76,64,89,57,766
121,120,124,114,744,679,678,652,127,111,130,109
80,78,77,81,82,660,83,73,74,71,72,75
757,710,709,763,687,716,177,179,181,183,174,717
763,689,708,762,687,757,170,174,163,173,166,165
708,715,717,687,698,716,757,724,709,619,-1,-1
538,539,290,536,540,542,543,294,291,531,532,546
699,742,536,531,532,538,539,713,533,676,540,534
711,294,297,304,536,741,538,290,539,531,540,712
742,726,775,690,694,773,685,-1,-1,-1,-1,-1
717,725,724,710,698,738,746,618,-1,-1,-1,-1
187,185,189,183,191,717,757,192,736,181,738,193
738,715,724,710,716,736,708,725,727,191,187,189
729,693,745,668,672,728,754,694,-1,-1,-1,-1
720,705,766,702,695,779,750,767,13,11,795,10
719,750,734,767,766,695,31,12,27,14,11,6
701,667,735,722,723,770,700,-1,-1,-1,-1,-1
731,733,721,746,727,667,735,-1,-1,-1,-1,-1
770,789,721,700,701,747,764,735,-1,-1,-1,-1
727,717,715,738,746,725,732,710,731,-1,-1,-1
715,618,724,642,746,698,717,-1,-1,-1,-1,-1
742,775,740,714,713,712,690,741,776,797,773,-1
731,724,732,746,738,722,733,717,737,736,-1,-1
745,782,694,693,718,783,773,-1,-1,-1,-1,-1
718,754,730,745,672,785,668,693,-1,-1,-1,-1
729,785,671,754,672,748,753,-1,-1,-1,-1,-1
727,733,732,737,722,201,738,202,739,199,746,204
201,199,731,202,736,738,737,727,197,204,195,206
731,769,722,735,737,796,727,768,732,739,-1,-1
25,27,14,20,15,12,31,750,36,5,720,767
770,733,721,768,722,769,723,808,-1,-1,-1,-1
193,195,192,197,191,199,738,189,732,201,187,716
739,204,731,202,201,206,732,205,796,733,207,209
736,717,732,724,727,716,193,191,192,195,199,197
209,207,205,210,206,204,212,737,202,796,201,215
797,726,741,775,778,713,776,742,307,306,310,304
307,306,310,304,713,311,297,740,778,313,294,315
726,712,690,714,713,775,740,536,676,531,711,699
79,89,76,97,788,64,705,795,100,784,57,774
111,774,109,114,706,784,107,652,120,121,100,99
754,729,782,759,718,728,752,693,-1,-1,-1,-1
724,727,667,642,725,722,731,715,-1,-1,-1,-1
764,673,671,700,748,723,789,-1,-1,-1,-1,-1
753,764,785,671,730,747,765,789,-1,-1,-1,-1
150,148,152,155,755,786,157,146,159,161,143,681
7,4,6,2,11,12,5,3,13,0,1,734
669,662,673,670,686,700,656,661,658,671,-1,-1
761,272,273,270,274,754,759,269,760,785,266,276
771,748,785,760,765,259,257,256,255,260,253,251
752,729,745,785,759,730,761,718,760,273,274,272
749,155,157,762,159,152,756,150,161,786,148,689
688,681,755,689,611,786,605,749,632,606,-1,-1
179,181,177,183,708,185,763,174,716,187,173,189
279,280,277,276,281,274,283,759,815,273,285,272
758,752,815,274,745,754,782,276,280,277,279,273
264,265,260,266,761,259,269,257,771,785,753,270
270,269,272,266,752,273,265,760,274,264,276,260
163,161,165,166,159,763,170,709,755,157,173,155
174,173,170,177,166,709,762,757,165,179,163,708
789,747,748,723,765,772,753,770,-1,-1,-1,-1
250,248,247,772,251,245,771,753,243,253,789,241
13,10,11,9,16,8,19,6,18,750,779,7
44,31,36,49,695,50,27,734,696,720,54,25
230,231,798,228,769,808,226,233,224,735,770,235
796,768,224,223,733,226,220,228,222,230,218,216
808,789,735,772,723,768,798,780,721,764,-1,-1
255,256,253,257,259,251,753,260,250,760,264,765
780,789,808,765,241,240,243,770,238,798,245,236
775,783,790,714,728,694,776,726,-1,-1,-1,-1
100,97,99,107,89,109,98,784,744,79,111,743
726,776,773,740,714,742,797,790,-1,-1,-1,-1
797,790,775,740,781,777,773,726,-1,-1,-1,-1
797,793,850,778,776,806,781,489,740,320,494,495
315,313,311,317,319,797,310,741,850,320,307,740
22,24,18,19,21,28,766,16,35,26,23,17
240,238,241,236,772,243,798,808,235,245,233,247
793,790,794,776,792,777,791,797,489,494,492,493
815,800,783,745,759,728,289,758,286,293,295,285
800,790,773,782,792,728,296,295,300,293,815,299
774,654,744,795,89,743,97,100,79,652,99,107
753,760,730,754,752,748,761,729,265,771,266,264
749,148,146,681,677,150,143,755,152,683,142,155
41,40,34,43,48,33,39,32,47,35,46,51
57,48,64,51,39,40,76,35,787,41,743,79
764,772,770,723,808,765,780,747,748,-1,-1,-1
776,783,792,781,773,775,800,296,300,-1,-1,-1
799,804,801,792,794,781,802,300,296,299,303,312
296,300,295,299,801,800,790,293,298,791,303,292
489,494,794,777,493,495,497,806,492,498,502,491
490,491,496,492,500,493,499,494,489,503,803,793
784,702,654,743,703,705,89,774,79,97,719,100
215,216,212,218,220,223,769,739,222,210,224,219
740,777,776,778,741,775,850,315,726,313,793,311
233,235,808,236,231,780,238,768,230,240,228,772
309,312,801,308,314,802,791,305,302,303,316,301
295,296,293,300,292,299,289,815,298,286,783,792
303,300,299,298,302,296,295,799,301,293,305,292
316,314,318,312,828,321,799,322,804,809,309,324
503,506,499,500,496,510,490,511,491,512,507,492
828,803,791,811,794,802,503,499,496,500,490,506
511,512,507,508,510,509,506,504,505,807,503,501
498,495,502,497,489,501,494,807,505,525,504,493
505,504,501,509,502,508,498,507,497,495,512,805
798,770,780,772,768,235,236,233,238,231,789,240
324,322,321,326,823,329,828,821,318,325,802,316
805,510,511,811,506,803,512,503,818,820,507,508
828,803,821,810,820,804,503,506,510,499,500,511
805,813,814,810,818,819,817,807,511,512,508,507
807,816,814,812,527,528,525,805,526,523,504,505
826,813,819,816,827,812,347,349,344,351,341,354
283,285,286,289,281,758,280,292,800,293,782,279
344,341,813,347,338,528,527,526,826,525,814,524
819,818,849,853,848,812,836,814,-1,-1,-1,-1
817,820,810,848,839,812,805,811,-1,-1,-1,-1
814,817,836,849,827,812,826,859,853,834,-1,-1
821,839,811,818,810,825,828,-1,-1,-1,-1,-1
828,811,820,825,809,823,810,804,839,802,324,322
331,334,332,336,833,330,335,823,328,337,325,824
329,326,822,809,325,328,324,330,332,824,331,322
832,822,823,829,830,825,833,336,332,331,334,330
821,832,824,820,823,831,839,809,-1,-1,-1,-1
349,351,347,827,814,354,344,816,356,341,813,819
826,834,354,356,836,351,814,819,358,349,347,361
811,821,802,809,804,321,318,322,316,803,324,820
833,342,856,343,340,345,339,346,822,337,824,830
856,832,829,882,840,824,881,887,348,350,346,833
832,839,838,840,837,825,-1,-1,-1,-1,-1,-1
824,840,831,830,825,829,838,823,882,-1,-1,-1
339,337,340,335,336,342,829,822,334,343,331,332
358,361,836,888,356,827,367,835,354,370,859,373
888,859,865,889,834,836,868,367,370,361,373,358
834,859,849,827,819,835,888,865,358,361,356,817
848,838,851,839,831,852,853,854,-1,-1,-1,-1
854,837,831,840,851,855,891,832,-1,-1,-1,-1
820,831,837,848,818,825,821,-1,-1,-1,-1,-1
832,882,838,855,831,830,824,890,-1,-1,-1,-1
392,398,389,401,844,387,404,847,386,842,406,867
847,845,841,877,844,846,913,406,520,401,404,517
475,862,473,470,476,478,479,463,863,845,480,913
841,867,869,387,842,846,389,392,386,398,383,382
862,877,843,842,913,861,463,470,462,473,520,522
515,514,517,520,513,516,522,521,519,518,877,872
406,408,404,410,401,913,841,842,398,412,392,414
853,837,817,839,818,852,849,851,-1,-1,-1,-1
859,853,836,817,819,857,865,848,835,852,-1,-1
320,323,319,327,523,524,525,317,526,528,527,806
852,854,873,837,838,858,918,848,-1,-1,-1,-1
853,851,848,837,858,857,849,873,-1,-1,-1,-1
849,852,848,817,857,859,837,819,-1,-1,-1,-1
891,873,838,851,855,883,837,901,918,-1,-1,-1
891,890,840,854,882,838,901,883,-1,-1,-1,-1
348,350,346,887,829,345,352,881,343,830,353,342
865,859,853,852,858,849,866,864,-1,-1,-1,-1
918,873,852,851,857,864,871,-1,-1,-1,-1,-1
865,849,836,835,857,853,889,834,866,819,888,-1
464,439,474,418,416,420,477,414,863,913,412,481
875,461,468,460,862,459,469,462,448,471,463,447
463,462,470,472,473,843,845,471,861,469,476,475
482,483,484,480,479,487,488,485,477,481,478,475
866,871,870,858,872,857,918,865,-1,-1,-1,-1
859,889,866,835,857,849,836,864,869,868,888,-1
865,889,864,872,869,857,859,835,870,-1,-1,-1
380,382,383,387,378,386,844,868,389,375,869,841
375,378,373,867,380,889,888,370,382,869,835,367
889,844,867,872,868,866,846,865,380,515,514,378
905,872,878,513,516,514,518,864,515,519,521,517
918,879,864,878,880,858,870,873,903,-1,-1,-1
870,513,514,515,846,516,866,517,518,869,520,519
918,854,851,883,858,880,891,871,852,-1,-1,-1
875,896,876,905,861,902,437,436,438,424,447,423
447,438,448,437,459,436,460,896,424,874,861,461
521,522,519,518,520,517,516,513,515,514,877,874
520,522,517,521,519,515,876,518,514,516,845,513
903,879,905,870,871,902,904,874,885,-1,-1,-1
903,880,885,878,871,918,884,904,-1,-1,-1,-1
879,918,884,883,873,871,885,899,-1,-1,-1,-1
887,886,353,355,352,882,856,357,350,830,359,348
890,881,840,830,886,855,887,369,366,856,364,832
891,899,873,880,854,884,901,918,893,855,-1,-1
899,885,880,900,898,883,893,879,-1,-1,-1,-1
879,903,898,884,906,904,880,878,-1,-1,-1,-1
364,366,363,369,362,881,359,360,357,368,365,890
352,353,881,350,355,856,348,357,346,886,359,345
367,370,373,835,361,834,868,375,358,378,889,836
865,869,868,866,835,888,859,867,375,872,373,378
892,882,369,886,855,366,371,901,364,372,363,374
854,855,883,901,873,899,890,838,-1,-1,-1,-1
371,372,374,369,376,919,377,890,366,379,901,364
909,899,919,917,900,388,385,901,384,391,381,379
394,395,393,390,403,396,402,397,399,915,405,400
426,427,446,428,445,429,444,430,907,897,443,431
424,423,436,422,437,421,438,875,435,874,902,447
431,432,430,433,429,434,428,435,895,427,421,902
916,906,885,900,884,908,907,904,912,911,-1,-1
893,884,883,901,900,909,891,919,917,880,-1,-1
917,898,916,893,884,899,912,909,391,388,396,915
891,892,899,890,919,893,883,855,909,371,854,376
896,897,421,435,422,434,423,433,874,904,903,432
904,878,879,885,902,897,906,871,895,905,-1,-1
903,906,895,897,902,885,429,430,428,431,427,426
876,874,870,518,516,519,513,521,878,522,514,515
907,904,898,895,908,885,445,444,443,446,442,426
443,442,444,441,445,440,446,458,895,908,426,457
457,458,907,456,440,455,910,441,454,911,442,453
385,388,384,893,919,391,381,917,396,379,390,395
452,453,454,451,450,455,911,449,456,467,457,908
910,914,916,908,912,452,451,450,453,454,449,417
915,916,914,911,917,409,407,900,411,396,894,413
410,412,847,408,414,860,843,406,416,845,842,418
415,417,413,419,911,411,425,912,409,465,910,466
894,407,405,409,396,912,403,390,395,391,394,402
898,912,911,908,900,906,910,914,917,915,907,-1
391,396,388,909,390,900,915,385,395,912,893,894
873,871,858,880,879,864,851,883,854,-1,-1,-1
379,377,381,376,909,892,384,374,385,893,371,372
