1,2,1660,4,3,5,8,10,1675,14,15,1656
0,3,1660,2,5,10,4,1675,15,13,8,11
0,1,4,1660,8,3,5,1675,10,14,1656,15
1,0,2,5,1660,10,13,15,11,4,1675,9
2,0,1,3,8,1660,14,1675,1656,10,18,5
3,1660,1,0,2,4,10,13,15,11,1675,9
5,3,1,1660,0,2,4,7,12,9,16,1679
6,5,3,1,1660,0,2,4,9,1679,12,11
4,2,1660,0,1,5,3,9,7,6,14,1656
7,6,5,3,1,1660,0,2,4,1679,11,1680
5,1660,3,11,1,0,4,2,9,8,7,6
9,7,5,3,6,1660,1,0,2,4,8,13
6,7,9,11,5,10,3,1,1660,0,2,4
11,10,5,9,3,7,1660,1,6,12,0,2
8,4,2,1660,10,0,1,5,3,13,11,9
10,13,5,11,1675,1660,3,1679,9,1,4,7
12,6,7,1679,9,11,13,5,10,3,1660,1
16,12,1680,6,1679,7,9,11,13,15,5,10
14,1656,8,1675,4,1660,2,10,15,0,5,1
18,14,1656,8,1675,4,1660,2,10,15,1668,0
17,16,1680,12,6,1679,7,1669,9,11,1668,13
19,18,14,8,1656,4,2,1675,0,1660,1,10
21,19,18,14,8,1654,1656,4,2,1675,0,1671
19,18,1654,14,1656,8,1675,1671,4,1660,2,10
1673,20,1677,17,16,1680,12,6,1679,1669,7,9
26,27,21,22,23,19,18,14,1654,8,1656,4
21,22,23,19,18,14,1654,8,1656,4,1675,2
26,21,22,23,19,18,14,1654,8,1656,4,1675
27,29,26,25,21,22,23,19,18,14,1654,8
28,27,26,25,23,21,19,22,18,14,1654,1656
21,22,25,26,27,28,29,23,19,18,14,8
29,28,27,26,23,25,19,18,14,30,1654,21
22,30,21,33,25,26,27,28,29,31,23,19
30,25,21,26,22,27,28,29,31,23,19,1655
31,29,28,23,27,19,1655,26,18,25,14,1654
23,1655,19,34,18,1654,31,14,1656,29,8,1671
24,1673,20,1677,17,16,1670,1680,12,1679,6,1669
34,31,35,23,29,1655,19,28,18,27,1654,14
35,37,23,34,1655,19,31,18,29,1654,14,28
32,1650,30,22,21,33,25,26,27,28,29,31
36,24,1672,1673,20,1677,17,1670,1662,16,1680,12
39,1650,32,30,22,33,1648,21,25,26,1634,27
1667,40,1652,36,1672,24,1673,20,1677,1662,1670,17
41,39,1650,32,30,22,33,1648,21,25,26,1634
42,1667,1652,40,36,1672,1615,24,1673,1662,20,1677
43,41,1638,39,1650,32,1623,30,1648,22,33,21
44,1651,42,1652,1667,40,1615,1672,36,1662,24,1673
45,1607,43,41,1638,39,1650,32,1623,30,1648,22
46,1651,44,42,1652,1616,1667,1615,40,1672,36,1662
47,45,1607,43,1608,41,1638,39,1650,1624,1623,32
1674,48,1659,46,1651,44,1616,42,1652,1615,1667,40
49,1599,47,1548,1607,45,1608,43,1638,41,1624,39
1548,1547,1624,1608,1599,1536,1607,51,1623,1572,49,1638
50,1674,48,1659,46,1651,44,1616,1618,42,1652,1667
51,49,1599,1548,47,1607,45,52,1608,43,1638,1624
52,1548,1547,1608,1599,1624,54,51,1607,49,1536,47
57,54,1548,55,51,1599,52,49,1608,47,1607,45
55,1548,52,1599,54,51,1608,1547,49,1624,1607,47
52,1547,55,57,1548,1624,1536,56,1608,1599,1529,54
54,56,51,57,1599,1548,49,55,52,47,1608,1607
53,1676,50,1674,48,1659,1649,46,1651,44,1616,1618
58,1507,1547,52,55,57,1536,1548,1624,56,1529,1608
60,1676,53,50,1674,1649,1659,48,46,1609,1651,1618
61,1507,58,1547,1508,52,55,57,1536,1529,1548,1624
62,1657,60,1676,1665,53,50,1649,1674,1659,48,1609
1647,63,61,1507,1508,58,1547,52,55,1481,1529,1536
64,62,1657,60,1676,1665,53,50,1649,1658,1674,1659
65,1453,1647,63,61,1507,1508,58,1547,1481,52,55
66,1631,64,62,1657,60,1665,1676,53,1658,1649,50
67,1406,65,1453,1455,1647,63,61,1507,1508,1454,58
68,1639,66,1631,64,62,1657,1629,60,1665,1676,53
69,1406,1405,67,65,1453,1455,1647,63,72,1454,61
1483,1454,1455,1482,1405,1506,1481,1406,1557,1453,1637,1508
72,1454,1405,1455,1483,1406,1482,1481,71,1453,1506,69
70,68,1639,66,1590,1631,64,62,1657,1629,60,1665
72,1483,73,1454,1506,1482,1455,1405,1557,1481,1523,1406
73,1405,72,75,1406,1455,1454,71,1483,69,67,1453
71,1405,69,1406,76,67,73,1455,1453,65,72,1454
75,1483,72,1506,73,1454,76,1482,1523,1557,1405,1455
74,1589,70,68,1639,1590,66,1631,64,1629,62,1657
77,1405,71,76,1406,69,73,67,1455,72,1453,1454
80,76,1405,77,73,71,1406,72,69,1455,75,1454
78,75,1496,1483,1506,72,73,76,1454,1523,1497,1482
79,74,1589,70,1544,1639,68,1590,66,1631,1630,64
82,78,75,1496,72,1483,1506,1498,73,76,81,1454
83,1546,79,74,1589,70,1544,1639,68,1590,66,1630
84,82,1493,78,75,1496,72,76,73,81,1483,1498
85,83,1546,79,1545,74,1589,1544,70,1633,1639,68
86,1419,84,82,1493,78,75,76,81,72,73,1496
87,1509,85,83,1546,1545,79,1584,1589,74,1544,1633
88,86,1419,84,82,1493,78,75,81,76,1492,1496
89,1433,87,1509,85,1476,83,1546,1545,79,1584,1544
90,1420,88,1419,86,1449,84,1493,82,78,1492,81
91,89,1433,1432,87,1509,85,1476,83,1545,1546,1477
92,1431,90,1420,88,1419,86,1449,84,1493,1494,82
93,91,89,1432,1433,87,1434,1509,1476,85,83,1545
94,92,1431,90,1420,88,1425,1419,86,1449,84,1494
95,93,1367,91,89,1432,1433,87,1434,1509,85,1476
96,94,92,1431,90,1420,88,1425,1419,1449,86,1426
97,95,93,1367,91,89,1432,1433,87,1434,1509,85
99,97,95,93,1367,91,89,1432,1433,87,1434,1509
100,99,97,95,1327,93,1367,91,89,1336,1433,1432
98,96,1430,94,1427,92,1431,90,1420,1425,88,1449
101,100,99,1326,97,95,1327,93,1367,91,89,1336
103,101,100,99,1326,97,95,1327,93,1367,91,89
104,103,106,101,107,100,99,1326,97,95,1327,93
107,105,104,103,101,100,99,1326,97,95,1327,93
106,105,104,103,101,100,99,1326,97,95,1327,93
107,106,105,104,103,101,100,99,1326,97,95,1327
106,105,107,104,108,103,101,100,99,1326,97,95
102,1461,98,96,1430,94,1427,92,1431,1364,90,1425
105,109,104,106,103,107,101,108,100,99,1326,97
108,107,106,109,111,105,104,103,101,100,1505,99
112,108,107,106,109,111,105,104,103,1187,101,100
110,102,1461,98,1428,1430,96,94,1427,1364,1431,92
113,112,108,107,1188,106,109,111,105,1158,104,103
113,112,108,107,115,1188,106,109,111,105,1158,104
118,116,115,113,112,108,107,1188,106,109,111,105
115,117,116,113,112,108,107,1188,106,109,111,105
115,118,117,116,113,112,108,107,1188,106,109,111
116,117,113,118,112,115,108,121,107,119,1188,106
119,115,118,117,120,116,113,112,108,107,1188,106
114,110,1274,102,1461,98,1428,1430,96,1427,94,1364
119,121,115,118,117,120,116,113,112,1193,108,107
122,114,110,1274,102,1461,98,1428,1430,96,1276,1427
123,119,121,115,118,117,120,116,113,112,1193,108
125,123,119,121,115,118,117,120,116,113,112,1193
124,122,1272,114,110,1274,1273,102,1461,98,1428,1430
126,125,123,119,1270,121,115,118,1252,117,120,116
127,124,122,1272,114,110,1274,1273,102,1461,98,1428
129,127,124,122,1272,114,110,1274,1273,102,1461,98
128,126,125,123,119,1270,121,115,118,1252,117,120
130,129,127,124,1271,122,114,1272,110,102,1274,98
132,130,129,127,124,1271,122,114,1272,110,102,1274
131,128,1278,126,125,123,119,1270,121,115,118,1252
133,136,132,130,129,1417,127,124,1271,122,114,1272
135,133,132,130,129,1417,127,124,1271,122,114,1272
136,135,133,132,138,130,129,1417,127,124,1271,122
130,129,1417,127,1271,124,122,1272,114,110,1274,1273
132,133,135,136,137,140,141,138,130,129,1417,127
137,141,136,135,133,132,138,130,129,1417,127,124
140,137,136,135,133,132,138,130,129,1417,127,124
141,140,137,136,135,133,132,139,138,130,129,1417
142,141,140,137,136,135,133,138,132,130,139,129
134,131,128,1278,126,125,1269,123,119,1270,121,1175
143,142,141,140,137,136,138,130,135,129,133,1417
145,147,143,142,141,140,138,137,130,136,129,1417
146,145,143,142,138,141,130,129,140,1417,127,137
147,146,149,145,138,143,130,142,129,1417,141,127
138,130,1417,129,147,127,1271,146,124,122,145,1251
139,132,133,135,136,137,140,141,142,143,145,146
144,134,1277,131,128,1278,126,1269,125,123,1215,119
149,138,148,1209,130,147,1417,129,146,127,145,1271
148,147,152,146,149,138,145,130,1209,143,129,1417
150,139,1225,132,133,135,1261,136,137,1226,140,141
152,153,148,149,1313,147,138,1209,146,130,145,1417
151,144,1277,134,131,1164,128,1278,1161,126,1269,125
156,151,1163,144,1277,134,131,1164,128,1278,1161,126
154,150,1225,139,132,133,1078,135,1261,136,137,1072
157,1230,156,151,1163,144,1277,134,131,1164,128,1278
158,1260,154,1227,150,1225,139,1078,132,133,1261,135
159,157,1230,156,151,1163,144,1277,134,1143,1164,131
160,1260,158,1228,154,1227,150,1079,1225,1078,139,132
161,159,1112,157,1230,156,1142,151,1163,144,1277,134
163,161,1112,159,157,1230,156,1142,151,1163,144,1277
162,1400,160,1228,1260,158,1227,154,1079,150,1225,1003
164,163,161,1112,159,1033,157,1230,1142,156,1075,151
165,162,1400,160,1228,1260,158,1077,1227,154,1079,150
166,164,1032,163,161,1112,159,1033,157,1230,1142,156
1245,167,165,1400,162,1228,160,1077,1260,158,1079,1227
168,166,164,1032,163,161,1112,159,1033,157,1230,1142
170,168,166,164,1032,163,161,1112,159,1033,157,1030
169,1245,167,165,1246,1400,162,1077,1228,993,160,1260
171,170,168,1100,166,164,1032,163,161,1112,159,1033
173,171,170,168,1100,166,164,1032,163,161,1112,159
174,173,171,170,168,1100,166,164,1032,163,161,159
175,174,173,171,1110,170,168,1100,166,164,1032,163
176,175,174,173,171,1110,170,168,1100,166,164,1032
172,1074,169,1245,1246,167,165,1400,162,993,1077,1228
177,176,175,1205,174,173,171,1110,170,168,1100,166
178,1074,172,1073,169,1245,1246,167,1400,165,993,1077
180,1073,178,1074,1159,172,1246,169,1245,993,167,1400
179,1229,177,176,175,1205,174,1111,173,171,1110,170
182,179,1229,177,1243,176,1205,175,174,1111,173,171
181,180,1073,1159,178,1074,172,926,1246,993,169,1245
183,182,1339,179,1229,177,1243,176,1205,175,174,1111
184,181,1159,1073,180,178,926,1074,172,993,1246,1245
822,188,839,863,823,862,1049,889,824,838,891,970
187,822,823,863,839,824,889,862,883,891,1049,979
186,184,969,181,180,1159,1073,888,178,1074,926,172
187,839,822,188,863,1049,191,862,838,823,923,891
188,823,187,824,822,190,863,839,889,883,979,865
185,183,1339,182,179,1229,1213,1243,177,176,1205,175
838,1049,839,190,923,187,862,822,924,863,188,837
189,186,969,184,181,888,1159,180,1073,926,178,1074
838,193,923,1049,196,839,190,837,924,862,187,826
190,193,839,187,195,838,1049,822,188,862,863,923
195,838,923,193,1049,837,196,826,924,839,190,862
197,923,195,838,826,837,193,1049,196,924,905,839
191,824,188,823,187,822,979,190,883,863,865,889
194,189,186,969,184,888,181,1159,926,1073,180,927
192,1291,185,183,1339,182,1213,1229,179,1243,177,176
198,826,197,923,195,837,838,885,193,904,1049,905
199,801,191,824,188,979,823,187,822,190,865,806
885,826,202,198,904,197,938,837,905,923,906,195
200,887,194,189,969,186,888,886,184,1159,181,927
204,202,826,198,885,197,837,923,904,195,838,905
201,192,1291,185,1339,183,1213,182,1013,1243,1229,179
204,885,206,930,826,202,904,938,198,912,197,906
203,801,199,191,824,800,188,979,187,823,822,190
208,885,930,204,206,938,904,826,202,856,912,198
205,887,200,194,886,189,969,888,186,184,927,877
207,1212,201,192,1291,1178,185,1339,183,1213,182,1013
210,930,208,885,204,938,856,206,904,826,202,879
209,203,801,199,800,191,979,824,188,806,804,187
212,216,207,201,1212,192,1291,185,1178,183,1339,1213
215,212,207,201,1212,192,185,1291,1178,183,1339,182
211,833,205,887,200,886,835,194,888,189,969,186
214,799,209,801,203,800,765,199,979,804,191,824
213,847,210,930,208,885,856,204,938,206,904,826
216,215,212,207,201,1180,1212,192,1291,185,1178,183
217,834,211,833,205,887,835,200,886,194,888,189
218,799,214,209,765,801,800,203,804,199,763,979
220,216,1256,215,212,207,1180,1212,201,192,1021,1291
219,213,847,210,930,208,857,204,885,856,206,938
222,764,218,799,765,214,209,800,801,763,804,203
221,834,217,833,211,835,205,887,886,832,200,881
223,1257,1256,220,215,216,212,1180,207,1212,201,1021
224,219,848,213,847,210,208,930,857,204,885,856
230,769,996,231,846,793,844,761,984,819,794,781
846,996,769,844,984,793,781,819,843,761,794,797
230,846,844,996,781,769,984,843,797,782,793,819
233,769,761,793,229,996,230,794,763,762,819,231
769,229,230,996,793,761,231,846,854,794,819,763
225,764,222,762,218,799,765,214,763,761,800,209
854,231,236,844,230,781,846,229,782,996,797,233
235,781,854,844,231,782,846,230,797,229,798,843
777,774,798,870,770,782,787,788,868,795,781,771
227,223,1257,220,1256,216,215,1179,212,1180,207,1212
226,221,834,821,217,833,211,835,205,832,887,886
232,761,233,769,793,762,229,763,794,996,230,819
242,236,781,782,235,844,854,243,231,798,797,846
782,781,236,798,235,844,797,854,777,788,231,237
244,798,777,242,237,782,241,245,870,788,781,774
237,243,777,245,798,774,870,242,782,788,241,770
237,774,244,777,770,243,870,798,868,787,771,788
228,224,219,848,213,847,210,208,855,930,204,206
240,761,232,762,233,793,763,769,794,229,764,765
242,243,782,798,241,244,777,781,236,237,788,870
239,226,821,221,834,217,833,835,211,832,205,887
234,225,764,762,222,765,247,218,799,761,763,240
245,770,237,774,244,766,777,868,243,771,870,787
238,227,223,220,1257,1256,216,215,1179,212,1180,207
247,762,240,761,250,232,763,764,234,793,765,233
255,250,253,234,762,764,225,247,761,240,222,765
253,762,250,247,234,240,761,764,225,765,232,763
251,770,245,766,774,237,771,868,767,244,777,243
246,228,792,224,791,219,848,213,847,855,210,208
256,766,770,251,767,245,771,774,868,237,775,244
252,238,1351,227,223,1259,220,1257,1256,216,215,1179
249,820,239,226,821,221,834,809,217,832,835,833
257,792,246,228,791,224,848,219,855,847,213,210
258,766,256,767,770,251,263,771,245,264,775,868
264,767,776,775,766,262,1080,771,258,816,770,814
263,776,767,775,1080,816,766,262,815,771,813,814
262,266,766,767,258,263,256,264,771,770,775,776
263,767,264,262,766,775,776,258,771,770,256,1080
260,820,249,239,808,821,226,221,809,834,217,832
264,776,851,263,266,816,1080,815,767,775,265,813
259,252,238,1351,227,1259,223,220,1257,1256,216,215
261,257,792,246,791,228,224,848,859,855,219,847
270,261,789,791,792,257,246,228,859,848,224,855
269,259,1283,252,238,1351,227,223,1259,220,1257,216
267,820,260,808,249,239,821,809,226,834,221,810
272,269,259,1283,252,238,1351,227,223,220,1259,1257
268,851,264,776,263,815,895,266,816,1080,767,265
271,789,270,261,791,792,859,257,246,228,855,848
274,272,269,259,1283,252,1282,238,1351,227,223,220
273,808,267,820,260,249,809,821,239,810,226,832
277,274,272,269,259,1283,252,1282,238,1351,227,223
277,279,274,272,269,259,1283,252,1282,238,1351,227
276,271,778,270,789,261,791,257,792,859,780,246
275,268,851,264,263,776,895,266,815,816,265,767
278,812,273,808,267,783,820,260,809,249,810,821
280,277,279,1352,274,272,269,1350,259,1283,252,1282
281,276,778,271,789,270,780,261,791,859,257,792
282,786,275,268,851,264,895,263,894,776,266,815
284,280,277,279,1352,274,272,1350,269,259,1283,1330
283,812,278,273,783,808,267,820,260,809,810,780
285,281,773,778,276,271,789,270,780,779,261,859
286,282,786,275,268,894,851,895,264,263,266,815
287,1365,284,280,1352,277,279,274,272,1350,269,259
287,284,291,280,277,1365,279,274,1352,1366,272,269
811,288,283,812,785,278,783,273,779,808,267,820
291,1365,287,1366,284,1352,280,279,277,274,1350,272
292,296,287,284,297,291,280,294,1365,277,279,1352
292,297,295,287,284,291,280,294,277,1365,279,274
296,292,295,287,284,291,280,294,277,1365,279,274
289,285,773,281,778,276,779,271,780,789,270,859
300,295,301,302,287,284,291,303,294,280,304,1365
295,299,301,302,303,304,287,292,284,291,296,280
295,302,300,303,299,304,292,296,297,287,284,291
301,303,295,304,292,300,296,299,297,287,284,291
302,304,292,301,296,295,297,300,299,287,284,291
292,303,296,302,297,301,295,300,299,287,284,291
290,892,286,786,282,275,894,268,851,895,264,896
294,1365,1366,291,1352,287,280,284,279,1350,277,274
297,296,292,304,303,302,301,295,300,299,287,284
293,811,288,785,283,812,278,779,783,273,808,267
299,300,295,301,287,302,291,284,294,303,280,1365
298,772,289,773,285,281,778,779,276,780,271,789
306,294,291,1365,1366,287,1352,284,280,1346,279,277
305,892,290,286,921,786,282,894,275,918,896,895
311,294,306,291,1365,287,1366,284,280,1352,309,279
313,311,291,294,306,287,1365,284,309,280,1366,299
307,1318,297,296,292,304,1315,303,302,301,1387,295
314,313,291,311,309,294,287,306,299,284,1365,1361
308,928,293,811,288,785,784,283,812,779,278,783
309,1361,299,300,316,1387,295,314,301,313,287,291
310,772,298,289,773,285,784,779,281,778,780,276
312,893,305,892,290,921,286,786,894,918,282,896
316,314,318,313,309,311,291,299,294,287,1361,306
315,1318,307,297,1376,296,292,1315,304,303,1319,302
320,893,312,920,892,305,921,290,918,1029,286,894
318,1290,309,1361,321,299,316,1297,300,1387,1360,314
317,836,308,928,293,811,784,288,785,283,812,779
319,310,772,298,784,289,773,779,285,836,281,778
705,703,321,702,701,700,706,704,1360,316,314,1279
325,836,317,928,308,784,293,811,785,768,288,779
323,893,320,920,312,921,892,305,918,1029,290,896
324,1287,1290,318,327,321,309,1361,1297,711,709,707
322,1317,315,1318,307,1376,297,296,1315,292,304,1319
326,768,319,310,772,790,298,784,289,773,836,779
328,836,325,790,317,928,784,308,768,293,811,785
327,715,711,709,707,714,705,330,713,321,703,712
329,864,323,893,920,320,968,312,921,1029,892,918
330,1287,324,1290,334,318,1289,1297,327,1361,321,309
331,322,1317,315,1318,307,1299,1376,297,296,1315,304
332,825,326,768,319,790,772,310,784,298,333,836
334,330,336,327,715,711,714,324,709,707,713,712
333,328,790,836,325,825,317,928,784,768,308,338
340,333,790,825,328,836,768,325,338,784,317,332
335,864,329,323,920,968,893,320,1029,918,921,312
336,1287,330,1289,339,1290,324,1297,334,318,1361,1387
341,825,790,340,333,768,338,836,332,328,784,326
337,1384,331,1316,1317,322,315,1318,1299,1376,307,297
344,825,341,347,338,790,340,768,332,333,326,836
338,825,332,344,768,326,790,341,319,340,772,310
339,1267,334,336,330,715,327,343,714,711,713,709
346,347,825,344,338,341,332,768,790,340,326,333
347,349,338,825,346,332,344,768,326,341,790,319
342,827,335,864,329,968,920,323,893,1029,320,967
343,336,1287,1289,330,348,339,1298,324,1290,1297,334
345,1384,337,1316,331,1317,322,1299,1298,315,1318,1376
348,1267,339,334,715,714,1266,336,711,713,712,327
351,827,342,943,864,335,968,329,920,967,323,1029
352,343,1288,336,348,354,339,1287,330,1289,1298,334
358,346,349,350,344,347,825,341,338,340,790,332
349,346,350,347,344,825,338,341,790,340,332,768
360,354,348,356,339,352,1267,336,343,334,330,1239
356,359,352,348,354,343,336,339,1288,330,1267,334
355,827,943,351,342,968,864,942,335,967,329,920
354,359,348,360,1267,339,356,1239,334,352,336,715
353,1446,345,1384,1316,337,1393,331,1317,322,1299,1298
361,828,355,943,827,351,942,342,968,967,864,335
363,1394,1446,353,345,1316,1393,1384,337,1321,331,1317
364,828,361,943,355,942,827,351,967,342,968,1022
365,1394,363,1446,1320,353,1393,345,1316,1321,1384,337
367,1394,1320,365,1446,363,1393,353,1321,1316,345,1384
366,828,364,940,361,943,942,355,827,1022,351,967
368,367,1394,1320,365,1446,363,1321,1393,353,1316,1375
369,366,940,828,364,942,361,1006,943,1022,355,1202
370,373,368,367,365,1394,1320,1388,1446,363,353,1321
370,367,368,365,1394,363,1320,1446,1388,353,1393,345
373,372,365,367,363,368,370,1394,353,1446,345,1320
374,376,373,372,365,367,370,368,363,1394,1446,353
374,373,365,372,367,363,368,370,1394,353,1446,345
941,371,369,940,366,828,1006,364,942,1022,361,943
373,372,375,370,374,367,368,365,376,1394,363,1388
378,375,373,374,1437,372,376,370,367,365,368,1394
376,374,375,379,378,373,1437,372,365,367,363,370
377,941,1005,371,369,940,1006,366,828,364,942,1022
380,376,374,375,379,378,373,1437,372,365,367,370
381,1005,377,1064,941,371,1006,940,369,1063,366,828
382,380,1468,376,374,375,379,378,1438,373,1437,372
383,1064,381,1005,377,941,1063,1006,371,940,369,1329
384,382,380,1468,376,1470,374,375,379,378,1438,373
385,1064,383,1067,381,1005,1063,377,941,1006,1065,1329
386,384,1469,382,380,1468,376,1470,374,375,379,1438
387,1067,385,1064,383,1068,1063,1005,381,1065,1329,1006
388,386,384,1469,382,1491,380,1468,1470,376,374,375
389,387,1067,385,1068,1064,1063,383,1065,1005,381,1329
390,1504,388,386,1469,384,382,1491,1468,380,1484,1470
391,1091,389,387,1067,1103,1068,385,1064,383,1063,1065
392,1504,390,388,1488,386,1469,384,1491,1484,382,1468
393,391,1091,389,387,1103,1067,1068,385,1064,1129,383
394,1517,392,1504,390,1488,388,1487,1469,386,1491,1484
395,1104,393,391,1091,389,1189,1103,387,1067,1068,385
396,1517,1489,394,392,1504,1488,1487,390,388,1484,1469
397,395,1104,393,391,1091,1189,389,1103,1190,387,1067
398,396,1489,1490,1517,394,1487,392,1486,1488,1504,390
399,1160,397,395,1104,1201,393,391,1189,1091,1190,389
400,398,1490,1489,396,1517,394,1486,1487,1488,392,1504
401,399,1160,397,395,1201,1104,393,391,1189,1190,1091
402,1515,400,1490,398,1489,396,1486,1517,1474,1487,394
403,401,399,1160,397,1168,395,1201,1104,393,1189,1190
404,1515,402,400,1490,398,1474,1486,1489,396,1487,1517
405,403,1145,401,1160,399,397,1168,1201,395,1104,393
406,1516,404,1515,402,1602,1490,400,1474,1486,398,1489
407,1132,405,403,1145,401,1146,1160,399,1168,397,1170
408,1516,406,404,1515,1602,402,1474,1490,400,1625,1486
409,407,1132,405,1145,403,1146,401,1160,399,1168,397
410,1619,408,1532,1516,406,1602,404,1515,1625,402,1474
411,1133,409,407,1132,405,1144,1145,403,1146,401,1169
412,1619,410,1532,408,1516,1602,406,1625,404,1515,1576
413,411,1133,409,407,1132,1144,405,1145,403,1146,401
414,412,1619,1532,1603,410,1516,408,1602,1625,406,1576
415,413,1182,411,1133,409,407,1132,1144,405,1145,403
416,414,1603,1532,412,1619,1605,410,1625,1516,1602,1576
417,415,1182,413,411,1133,1191,409,407,1132,1144,1374
418,1627,416,1603,414,1605,1532,412,1619,410,1576,1625
1181,419,417,1182,415,413,1191,411,1133,409,1374,1144
420,1627,418,416,1603,1605,414,1532,1604,412,1619,1576
421,1181,419,1192,417,1182,415,413,1332,1191,1133,411
422,1627,1626,420,418,1605,1603,416,1681,1604,414,1532
424,422,1626,1627,420,1681,1605,418,1604,1603,416,1542
423,1195,421,1181,1192,419,417,1182,1332,415,1191,413
425,1642,424,1626,1681,422,1627,420,1605,1604,1542,418
427,1642,425,1626,1681,424,422,1627,1542,1604,1605,420
426,1195,423,421,1192,1181,419,1332,417,1182,1331,415
428,1642,427,1661,425,1681,1626,424,1542,1566,422,1664
429,1194,426,1195,423,1301,421,1192,1181,1332,419,1331
430,1661,428,1642,427,1681,1566,425,1542,1626,1664,424
431,1194,429,426,1195,1301,423,1333,1192,421,1332,1181
432,1569,430,1661,428,1566,1642,1527,427,1681,1664,1542
433,431,1335,1194,429,426,1334,1195,1301,423,1333,421
434,1569,432,430,1661,1566,1527,428,1642,1664,427,1681
435,433,1335,431,1194,429,1334,426,1301,1195,423,1333
437,435,433,1335,431,1194,1334,429,1370,1301,426,1195
436,1570,434,1569,1525,432,1527,430,1661,1566,428,1448
438,437,435,433,1335,431,1194,429,1334,426,1370,1301
440,437,438,435,433,431,1335,1302,1194,429,1334,426
439,1570,436,434,1525,1569,432,1527,430,1566,1661,1448
441,440,438,437,435,433,1335,1302,431,1194,429,1334
442,1568,439,1570,436,1526,1525,434,1569,432,1527,1447
443,1293,441,440,1294,438,437,435,1302,433,1335,431
444,1556,442,1568,439,1570,436,1526,1555,1525,434,1569
445,1292,443,1293,441,1294,440,438,437,1304,435,1302
446,444,1556,442,1568,439,1570,1555,1526,436,1525,434
447,1292,445,1303,443,1293,1294,441,440,438,1304,437
448,1594,446,444,1556,1562,442,1568,439,1555,1570,1526
449,1324,447,1292,445,1303,1293,443,1294,1323,441,1304
450,448,1594,446,444,1556,1562,442,1568,1555,439,1570
451,1324,449,447,1292,1303,445,1323,1293,1294,443,1304
452,450,1594,448,446,1562,1556,1561,444,442,1568,1555
454,1596,452,1594,450,448,1562,1561,446,1556,444,1559
453,1391,451,1324,449,1322,1303,447,1292,1323,445,1392
455,454,1596,452,1594,1595,450,1561,1562,448,446,1559
456,1391,453,451,1324,1322,449,1414,1303,1292,447,1323
457,1628,455,1596,454,1595,452,1594,1561,450,1562,448
458,1390,1391,456,453,1322,1324,451,1414,449,1303,1392
459,1632,457,1628,455,1565,1596,1595,454,452,1561,1551
460,1390,1389,458,1391,456,1322,1414,453,1324,1583,451
461,1632,459,1628,1565,457,1595,455,1596,1551,454,1561
462,1389,460,1390,1401,458,1391,456,1414,1322,1583,453
463,1646,1632,1565,461,1628,459,1595,457,1551,455,1596
464,462,1401,1389,1513,1390,460,1414,458,1583,1391,1322
466,1513,1401,464,1389,1512,462,1390,1583,460,1414,458
465,1646,463,1612,1565,1632,461,1628,459,1551,1553,1595
467,1513,466,1512,1401,464,1389,1583,462,1414,1390,1465
468,1646,1612,465,1565,463,1632,1553,1551,461,1628,1595
469,1591,1512,1513,467,1581,466,1401,1583,1465,464,1389
470,1613,468,1612,1646,465,1553,1565,463,1551,1632,461
471,1591,469,1512,1581,1513,467,466,1465,1401,1583,1582
1582,1573,1581,1678,1465,1591,1518,473,1512,1479,471,1552
472,1613,470,1575,1612,468,1646,1553,465,1565,1552,1551
474,1581,1582,1591,473,1465,1573,1512,471,1678,1518,469
473,1591,1581,471,476,1512,474,469,1513,1582,1465,467
476,477,1581,1591,474,473,471,1582,1512,1465,469,1573
474,1573,476,1582,478,1678,1581,1574,477,1518,1465,1591
475,472,1575,1613,470,1612,1553,468,1646,1574,1552,465
479,1573,474,476,1574,1582,1678,478,1581,1552,1518,477
481,1573,479,1574,474,1678,1597,1582,476,1552,478,1575
480,1597,475,1575,1613,472,1574,470,1553,1552,1612,468
483,1597,1598,480,1575,475,1574,1613,472,1552,482,1553
482,481,1598,1574,479,1573,488,1597,474,484,1678,1552
485,487,1598,482,488,1574,481,1597,484,1573,479,483
1598,488,486,1597,485,484,1574,482,483,1575,481,1573
484,1598,1597,483,1574,1575,480,482,475,1552,1613,481
490,491,492,1002,965,1114,971,1025,1001,1117,1026,1113
491,965,1002,971,1114,1025,1001,1117,1026,1024,1113,1088
965,1002,971,1114,1025,1001,1026,1117,1024,1113,1088,1000
491,490,489,965,1002,971,1025,1114,1001,1026,1024,1117
494,495,1002,496,497,498,489,490,1001,491,492,499
495,493,1002,496,497,498,489,490,491,1001,492,499
494,493,1002,496,497,498,489,490,491,492,1001,499
497,498,489,490,491,1002,495,492,494,499,493,500
498,496,489,490,491,492,1002,499,495,500,494,493
489,490,491,492,1002,965,1114,971,1001,1025,1117,1113
492,491,490,489,498,965,1002,971,1025,1114,1001,1026
499,492,491,490,489,498,965,497,496,971,1002,495
493,494,495,1002,496,497,498,489,1001,490,491,492
503,495,504,494,505,496,493,501,497,1002,498,489
502,504,505,495,496,494,497,498,493,1002,501,489
505,503,496,502,497,498,495,489,494,1002,490,493
496,497,498,489,495,490,1002,494,491,493,492,501
500,499,492,491,490,489,498,965,497,496,505,971
506,500,499,492,491,490,489,965,498,497,971,496
507,506,500,499,492,491,490,489,965,971,498,497
501,493,494,495,502,963,503,504,505,1002,496,497
508,507,506,500,499,492,491,971,490,489,965,498
510,508,507,506,500,499,492,971,491,490,965,489
511,510,508,507,506,500,499,971,492,491,490,965
512,511,510,508,507,506,971,500,499,492,491,490
509,501,493,494,495,963,502,503,504,505,496,1002
513,512,511,510,508,507,506,971,500,499,492,491
515,513,512,511,510,508,971,507,506,500,499,492
514,509,501,493,494,495,963,502,503,504,505,496
516,515,513,512,511,510,508,971,507,506,500,499
517,514,509,501,493,494,495,963,502,503,504,505
518,516,515,513,512,511,510,971,508,507,506,500
519,517,514,509,501,493,494,963,495,502,503,504
520,518,516,515,513,512,511,510,971,508,972,507
521,519,517,514,509,501,493,494,963,495,502,503
522,520,518,516,515,513,512,511,972,510,971,508
523,521,519,517,514,509,501,493,963,494,495,502
524,522,520,518,516,515,513,512,972,511,510,971
525,523,521,519,517,514,509,501,493,963,494,495
526,524,522,520,518,516,515,513,512,972,511,510
527,525,523,521,519,517,514,509,501,963,493,494
528,526,524,522,520,518,516,515,972,513,512,511
529,527,525,523,521,519,517,514,509,501,963,493
530,528,526,524,522,520,518,516,972,515,513,512
531,529,527,525,523,929,521,519,517,514,509,501
532,530,528,526,524,522,520,518,972,516,515,513
533,531,529,527,929,525,523,521,519,517,514,509
534,532,530,528,526,524,522,520,972,518,516,515
535,533,531,529,527,929,525,523,521,519,517,514
536,534,532,530,528,526,524,522,520,972,518,516
537,535,533,531,529,929,527,525,523,521,519,517
538,536,534,532,530,528,526,524,522,520,972,518
539,537,535,533,531,529,929,527,525,523,521,602
540,538,536,534,532,530,528,526,524,522,520,972
541,539,537,535,533,531,529,929,527,525,523,607
542,540,538,536,534,532,530,528,526,524,522,520
543,541,539,537,535,533,531,529,929,527,525,523
544,542,540,538,536,534,925,532,530,528,526,524
545,543,541,539,537,535,533,531,529,929,527,613
549,546,544,542,540,538,536,925,534,532,530,528
546,544,542,540,538,536,925,534,532,530,528,526
547,545,543,541,539,537,535,533,531,529,929,527
548,549,546,544,542,540,538,925,536,534,532,530
550,547,545,543,541,539,537,535,533,531,529,929
551,548,549,546,544,542,540,538,925,536,534,532
552,550,547,545,543,541,539,537,535,533,531,529
554,552,550,547,545,543,541,539,537,535,533,531
553,551,548,549,546,544,542,540,538,925,536,534
555,558,554,559,552,560,550,561,547,562,545,563
559,557,555,560,554,561,552,550,562,563,547,564
558,560,561,557,555,554,562,552,563,550,564,565
559,561,558,557,562,555,563,554,564,552,550,565
560,559,562,558,563,557,564,555,565,554,566,552
563,564,561,560,565,559,566,558,567,568,557,555
562,564,565,561,566,560,567,559,568,558,569,557
563,565,562,566,567,561,568,560,569,559,570,558
566,564,567,563,568,562,569,570,561,571,560,572
565,567,568,564,563,569,562,570,571,572,561,573
566,568,565,569,564,570,563,571,562,572,573,561
567,569,566,570,565,571,564,572,563,573,562,574
570,568,571,567,572,566,573,565,564,574,563,575
569,571,572,568,573,567,566,565,574,575,564,563
570,572,569,573,568,567,574,566,575,565,576,564
571,573,570,569,574,568,575,567,576,566,577,565
572,571,574,570,575,569,576,568,577,567,578,579
575,573,576,572,577,571,578,579,570,556,569,553
574,576,577,573,578,579,572,556,571,553,551,570
577,575,578,574,579,556,573,553,572,551,548,571
578,576,579,575,556,574,553,551,573,548,572,549
579,577,556,576,553,575,551,574,548,549,573,546
556,553,551,548,549,546,544,542,540,538,925,536
581,582,583,584,585,586,1125,587,988,588,589,590
580,582,583,584,585,586,1125,587,588,988,589,590
581,583,580,584,585,586,587,1125,588,589,988,590
584,582,585,581,580,586,587,588,1125,589,590,591
585,583,586,582,587,581,588,580,1125,589,590,591
584,583,586,587,588,582,581,589,580,1125,590,591
587,588,585,584,589,583,590,582,591,1125,581,592
588,586,589,585,584,590,583,591,592,582,1125,593
587,586,589,590,585,591,584,583,592,593,1125,582
590,588,591,587,586,592,593,585,594,584,964,583
589,591,588,592,587,593,586,594,585,964,584,583
590,592,589,593,594,588,587,586,964,585,584,583
593,591,594,590,589,964,588,587,586,585,584,583
594,592,591,590,589,964,588,587,586,585,584,929
593,592,591,590,964,589,588,587,586,929,585,584
581,580,582,583,584,585,586,587,1125,588,988,589
594,593,592,591,590,964,589,588,587,929,586,585
595,581,580,582,583,584,585,586,587,588,1125,589
596,594,593,592,591,590,589,964,929,588,587,586
597,595,582,581,583,580,584,585,586,587,588,1125
598,596,594,593,592,591,590,589,929,964,588,587
599,597,595,582,583,581,584,580,585,586,587,588
600,598,596,594,593,592,591,590,589,929,964,588
604,601,605,606,599,597,595,583,584,582,585,581
605,603,606,601,599,597,584,585,583,595,586,582
604,606,603,601,599,585,584,583,586,597,587,595
605,604,603,601,599,585,586,584,587,588,583,597
602,600,598,596,594,593,592,591,929,590,589,964
609,606,610,605,611,604,603,601,586,587,599,588
610,608,611,606,605,604,603,601,587,588,586,589
609,611,608,606,605,604,603,588,587,586,589,601
610,609,608,606,605,604,589,588,603,587,590,586
607,602,600,598,596,594,593,592,591,611,929,590
612,607,602,600,598,596,594,593,592,929,591,611
611,610,609,608,606,605,604,603,589,590,588,591
613,612,607,602,600,598,596,594,593,614,592,929
614,611,610,609,608,606,605,604,602,612,603,607
615,613,612,607,602,600,598,596,616,614,594,593
616,614,611,610,609,608,606,605,604,603,612,601
617,615,613,612,607,602,600,616,598,618,614,596
618,616,614,611,610,609,608,606,605,604,603,621
619,617,615,613,612,607,602,600,616,618,614,620
620,618,616,614,611,610,609,608,606,605,604,603
621,619,617,615,613,612,607,602,616,600,618,622
622,620,618,616,614,610,609,611,608,606,605,604
623,621,619,617,615,613,612,616,607,622,618,620
624,622,620,916,618,616,614,609,610,608,611,627
625,623,621,619,617,615,613,622,620,616,618,612
626,624,622,620,618,916,616,629,614,627,610,609
627,625,623,621,619,622,617,628,620,624,615,618
628,626,624,622,620,631,916,632,618,629,616,614
632,629,627,625,630,623,628,621,622,624,626,620
631,629,627,625,623,621,630,628,619,622,624,626
630,628,626,624,622,620,631,632,916,629,618,616
633,635,630,636,628,637,626,624,631,622,632,620
636,634,637,633,630,628,631,632,626,629,624,622
637,635,634,631,633,632,630,628,629,626,627,624
636,635,631,632,634,629,633,630,628,627,626,625
639,640,641,1057,1207,1055,1137,1206,1138,1106,1251,1136
638,640,641,1057,1207,1055,1137,1138,1206,1106,1136,1017
639,641,638,1057,1055,1207,1137,1138,1206,1017,1136,1106
640,639,638,1057,1055,1137,1207,1138,1017,1136,1206,1251
643,644,638,639,640,641,645,1057,646,647,1207,1137
642,644,638,639,640,641,645,1057,646,647,1207,1137
643,638,642,639,640,641,645,1057,646,647,1207,1137
646,641,647,640,639,638,644,643,1057,642,1055,1137
645,647,641,640,639,638,644,1057,643,642,1055,1137
646,645,641,640,639,638,644,1057,643,642,1055,1137
642,643,644,638,639,640,641,645,1057,646,1207,647
650,647,651,646,652,645,641,653,640,639,638,644
649,651,652,647,646,653,645,641,640,639,638,1055
650,652,649,653,647,646,645,641,640,1055,639,638
651,653,650,649,647,646,645,641,1055,640,639,638
652,651,650,649,647,646,1055,645,641,640,639,638
648,642,643,644,638,639,640,641,645,646,1057,647
653,652,651,650,649,647,646,1055,645,641,640,639
655,653,652,651,650,649,647,646,1055,645,641,640
654,648,642,643,644,638,639,640,641,645,1207,646
656,655,653,652,651,650,649,647,1055,646,645,641
657,654,648,642,991,643,644,638,639,640,641,1207
658,656,655,653,652,651,650,649,647,646,1055,645
662,659,657,991,654,648,642,643,644,638,639,640
659,657,654,648,991,642,643,644,638,639,640,641
660,658,656,655,653,652,651,650,649,647,646,645
661,662,659,657,991,654,648,642,643,644,638,639
663,660,658,656,655,653,652,651,650,649,647,646
664,661,662,659,657,991,654,648,642,643,644,638
665,663,660,658,656,655,653,652,651,650,649,647
666,664,661,662,659,657,991,654,648,642,643,644
667,665,663,660,658,932,656,655,653,652,651,650
668,666,664,661,662,659,657,991,654,648,642,643
669,667,665,663,660,658,932,656,655,653,652,651
670,668,666,664,661,662,659,991,657,654,648,642
671,669,667,665,663,660,932,658,656,655,653,652
672,670,668,666,664,661,662,659,657,991,654,648
673,671,669,667,665,663,932,660,658,656,655,653
674,672,670,668,666,664,661,662,659,657,991,654
675,673,671,669,667,665,663,932,660,658,656,655
676,674,672,670,668,666,664,661,662,659,657,955
680,677,675,673,671,669,667,665,663,932,660,658
679,677,675,673,671,669,667,665,663,932,660,658
678,676,674,672,670,668,666,664,661,662,659,955
681,678,676,674,672,670,668,666,664,661,662,659
684,685,679,680,677,675,673,671,669,667,665,663
683,685,679,680,677,675,673,671,669,667,665,663
679,680,677,675,673,671,669,667,665,663,660,932
682,681,678,676,674,687,688,672,670,689,668,666
688,689,686,690,682,691,681,678,683,676,684,685
689,687,690,691,686,683,682,684,681,678,685,676
688,687,690,691,683,684,686,682,685,681,678,679
691,683,684,685,689,688,679,687,680,677,675,673
690,683,684,685,679,689,680,688,677,675,687,673
686,682,681,693,678,676,687,688,674,689,672,670
687,688,692,689,686,682,694,681,695,678,696,676
695,696,689,688,690,691,687,683,693,684,685,679
694,696,690,689,691,688,683,687,684,685,693,679
695,690,694,691,683,689,684,688,685,687,693,679
698,692,699,686,693,682,681,687,678,688,676,689
697,699,693,692,686,682,687,688,681,689,678,676
698,693,697,692,687,686,688,682,689,681,678,694
701,702,703,1360,1279,321,314,316,313,311,306,294
700,702,703,1360,1279,321,314,316,313,311,324,306
703,701,700,1360,1279,321,316,314,313,311,324,318
702,701,700,1360,321,1279,316,314,313,311,324,318
700,701,702,705,703,1279,1360,314,321,313,316,311
703,702,701,700,704,1360,321,1279,316,314,313,311
704,700,701,702,705,703,1279,1360,321,314,316,313
705,703,702,701,706,700,704,327,1360,321,1279,316
706,704,709,707,700,701,705,702,703,1279,1360,327
707,705,708,703,702,706,701,704,700,327,1360,1279
708,706,711,704,709,707,700,701,705,702,703,1279
709,707,710,705,708,706,703,702,701,704,700,327
713,710,708,711,709,706,707,704,705,700,701,702
712,710,711,708,709,707,706,704,705,701,700,702
715,713,711,712,709,710,707,708,706,705,704,702
714,711,713,709,712,707,710,708,705,706,703,702
717,718,1038,1019,1041,1153,1296,1018,1218,1039,1135,1244
716,718,1038,1019,1041,1153,1296,1218,1018,1039,1135,1244
717,716,1038,1041,1019,1153,1296,1039,1218,1135,1018,1244
716,717,718,1038,1019,1041,1153,1296,1018,1218,1039,1135
718,717,716,719,1038,1028,1041,1019,1153,1039,1296,1135
719,716,717,720,718,722,1038,1019,1028,1041,1153,1296
720,718,721,717,716,719,1028,1038,1041,1019,1153,1039
721,719,716,717,720,718,724,722,725,1038,1019,1028
725,722,720,718,723,721,717,716,719,1028,1038,1041
724,722,720,718,723,721,717,716,719,1028,1038,1041
723,721,728,724,720,719,722,717,716,725,718,1038
726,728,723,724,721,722,725,720,719,718,717,716
724,725,722,720,726,723,721,718,717,719,716,1028
730,731,723,721,726,719,727,1019,716,717,728,720
731,729,723,721,726,719,727,716,717,728,720,1019
730,729,723,726,721,727,719,716,717,728,720,724
733,734,729,730,731,735,1019,1020,723,721,719,726
734,732,729,730,731,735,1020,723,1019,721,726,719
733,729,732,730,731,735,1020,723,721,726,719,1019
731,730,1020,729,734,723,726,733,727,721,719,732
732,733,734,729,947,730,731,735,737,1019,1020,723
735,1020,731,730,726,727,723,721,729,734,728,733
739,737,740,1020,735,741,727,731,726,730,723,728
740,738,737,741,1020,727,735,726,731,723,728,730
739,738,741,737,1020,727,726,735,728,723,731,721
740,739,738,727,1020,728,737,726,724,723,725,735
736,732,733,734,947,729,730,731,735,737,738,1020
741,740,739,738,727,907,737,1020,728,726,724,735
742,736,732,733,734,947,729,730,731,735,737,738
743,741,740,739,738,907,737,727,1020,728,726,735
744,742,736,732,733,734,947,729,730,731,735,737
746,744,742,736,732,733,734,729,947,730,731,735
745,743,741,740,739,738,737,907,1020,727,735,726
747,746,744,742,736,732,733,734,729,730,735,731
751,748,745,743,739,740,738,741,737,1020,735,907
750,748,745,743,740,739,738,741,737,1020,907,735
749,747,746,744,742,736,753,733,734,732,754,729
754,750,751,748,738,739,745,740,737,743,741,752
753,750,751,748,745,738,739,740,743,737,741,735
756,752,757,749,758,747,759,746,760,744,753,742
755,757,752,758,749,759,747,760,753,746,744,754
756,758,755,759,752,760,749,753,747,754,746,750
759,757,760,756,753,755,754,752,750,749,751,747
760,758,753,757,754,756,750,755,751,752,748,749
759,753,758,754,750,757,751,756,748,755,752,738
793,763,794,769,765,996,819,807,804,764,225,805
764,761,765,763,225,793,804,222,794,799,800,218
794,765,804,807,819,805,800,817,799,806,818,984
765,222,799,218,800,763,214,804,209,801,203,794
804,799,800,806,794,807,805,214,801,979,209,203
767,770,771,775,868,245,774,849,902,237,1080,814
775,771,770,1080,868,849,814,816,902,774,813,245
326,772,319,784,310,836,298,779,928,773,785,289
996,793,794,819,846,984,763,807,844,817,915,843
868,771,774,902,787,777,775,849,870,869,798,874
868,849,902,814,774,787,874,875,869,876,813,850
773,298,779,289,285,785,778,780,928,281,276,811
778,285,780,281,276,789,859,271,783,810,791,270
870,787,868,798,902,795,788,869,802,849,874,796
1080,771,814,849,813,868,850,876,902,875,983,874
1080,775,816,767,813,814,771,766,983,850,939,849
798,870,774,788,782,787,795,781,868,797,796,802
789,276,859,271,791,270,810,261,855,792,783,257
780,773,783,778,812,810,859,285,288,283,789,281
810,778,859,783,789,276,791,809,858,855,271,808
844,782,797,846,798,788,843,842,796,984,996,870
798,797,788,844,870,796,843,842,846,795,774,984
810,808,809,278,859,273,858,820,267,821,832,789
928,779,772,785,811,308,773,293,310,780,783,812
779,812,783,288,780,283,278,773,810,808,809,273
282,275,895,851,268,815,264,898,776,816,263,897
869,802,902,795,903,874,901,871,803,796,980,831
796,797,795,842,803,787,802,829,843,903,841,869
791,859,270,792,261,855,848,257,810,228,246,858
836,768,784,328,928,325,772,326,317,319,308,785
792,855,848,228,224,246,858,857,847,219,213,872
228,246,848,224,219,855,847,213,857,210,930,858
794,996,819,763,807,984,817,804,765,915,805,845
807,819,817,804,805,984,915,818,806,800,900,845
802,796,803,903,869,829,842,871,831,830,901,578
842,829,803,841,802,830,903,840,845,571,570,572
842,843,796,829,795,841,845,984,803,915,840,802
788,870,797,795,796,844,787,842,802,843,803,846
214,800,801,209,203,804,979,806,199,824,805,191
806,801,979,805,203,866,867,824,199,865,818,191
199,979,824,191,806,188,865,823,866,187,883,805
903,871,803,901,831,976,830,579,578,556,577,829
903,829,830,831,578,577,576,575,579,574,573,556
805,800,807,806,867,818,979,817,801,866,899,909
806,867,818,866,899,979,909,900,916,633,634,630
867,979,866,909,818,865,899,824,882,916,908,900
805,817,818,806,915,867,900,800,899,634,633,916
820,809,821,260,810,249,832,239,858,226,834,835
832,858,821,872,855,835,249,881,834,239,226,857
859,809,858,855,832,791,872,821,857,820,848,881
288,785,812,283,783,278,779,808,273,780,810,267
783,278,808,273,809,810,820,267,780,260,821,249
850,853,814,852,876,945,944,849,958,956,875,957
850,876,849,875,852,853,958,975,874,902,1048,956
816,939,983,776,813,1080,914,853,944,850,775,814
813,1080,983,853,850,814,775,944,852,876,945,849
818,900,805,634,633,635,636,637,630,628,861,916
867,900,899,916,633,634,630,628,626,635,636,624
817,807,915,845,818,805,900,843,804,861,634,635
249,821,239,226,809,834,221,832,835,217,833,858
834,832,226,835,221,833,217,881,872,886,211,877
863,823,862,889,891,1049,970,883,890,924,1069,931
889,863,883,891,890,865,862,936,951,884,755,970
823,865,883,866,889,822,863,884,951,882,936,909
768,790,332,326,784,333,319,772,836,328,310,928
837,904,905,923,906,838,924,922,912,1049,911,953
864,342,968,335,920,329,967,1029,1036,323,893,918
943,942,361,355,967,827,1022,1098,968,351,342,864
840,830,566,567,565,568,564,569,563,570,562,571
573,572,571,574,570,575,569,576,568,577,567,578
579,556,578,553,551,577,548,576,549,575,546,574
881,872,835,834,877,857,873,833,886,221,217,856
887,211,886,205,888,200,877,969,927,194,189,186
833,217,835,211,886,887,205,881,877,200,888,927
881,833,886,877,887,211,927,888,873,205,878,200
928,317,784,308,811,293,785,288,779,772,812,283
905,924,922,953,952,697,698,699,692,906,693,970
1049,923,839,924,837,862,970,822,863,922,952,905
862,822,1049,863,970,924,891,823,889,952,837,931
562,561,563,560,564,559,565,558,566,557,567,555
829,861,860,840,557,558,559,555,560,561,554,562
841,829,845,840,803,830,861,860,915,561,560,562
842,845,841,915,796,829,861,817,840,860,900,637
846,797,843,984,996,842,788,845,796,819,841,915
915,841,861,900,817,637,860,632,636,631,635,629
996,984,843,797,819,845,793,842,915,794,841,817
213,930,856,210,938,208,885,879,873,204,912,904
847,224,857,219,213,856,930,872,210,208,938,873
875,902,874,876,1048,850,869,975,980,787,901,958
852,876,958,956,945,875,957,975,990,997,1048,1023
815,816,776,264,1080,263,939,813,983,266,775,767
956,958,957,990,997,975,982,875,999,1023,1031,1048
945,852,850,957,956,876,973,958,982,1016,990,997
231,230,844,846,229,781,996,769,782,843,797,984
848,857,872,847,224,832,228,856,219,881,873,213
930,879,938,873,880,912,885,937,208,904,878,877
872,856,847,873,881,930,219,213,879,938,877,210
855,872,832,857,881,848,821,835,873,847,856,877
855,791,858,848,792,809,857,261,872,832,228,847
554,552,555,557,550,558,547,559,545,543,560,619
632,629,631,637,627,636,625,635,623,860,634,621
970,891,924,952,931,889,1069,890,684,691,680,685
891,862,889,970,890,1069,883,931,924,936,952,933
920,329,893,323,1029,918,921,320,1036,312,892,919
883,884,882,951,909,760,759,758,754,753,757,756
909,865,882,899,884,908,883,946,951,989,754,760
899,909,866,916,908,989,865,882,633,626,630,628
902,787,849,869,874,870,802,875,814,901,795,980
901,802,871,874,980,903,981,976,1048,803,1061,831
795,788,787,802,796,797,869,803,902,903,842,829
976,831,981,980,925,579,556,553,551,578,1056,548
881,873,877,835,856,847,879,878,880,886,930,833
880,877,879,878,938,937,927,935,886,912,934,888
980,901,1048,1061,975,871,981,802,1046,1109,976,903
1048,874,975,980,958,1061,1046,901,869,1023,990,956
875,958,975,852,1048,956,874,990,1023,1046,957,980
878,927,888,880,934,887,926,879,935,969,200,937
880,934,935,937,995,926,959,1007,966,912,992,969
880,937,912,878,910,935,904,906,966,960,934,927
937,935,934,912,966,910,995,1007,906,960,959,1008
877,873,886,878,833,927,856,880,879,888,887,934
884,946,908,751,748,754,750,907,753,760,745,759
889,951,884,936,755,756,757,758,752,759,760,749
951,760,759,754,753,758,751,750,757,748,756,755
904,938,826,912,906,905,198,879,837,910,197,923
888,887,877,927,969,200,878,926,934,194,186,1159
200,888,969,194,186,189,927,926,184,1159,181,1073
969,927,926,1159,186,934,184,878,959,1073,181,993
890,891,936,951,1069,755,752,749,747,756,746,757
1069,936,933,947,746,747,744,749,742,752,755,736
1069,890,931,680,933,952,677,679,932,675,685,684
290,786,894,286,282,896,895,275,897,851,898,268
921,892,312,305,918,894,290,896,786,286,919,897
895,897,786,898,815,851,913,282,275,939,914,268
815,898,851,939,816,268,914,983,776,913,264,1080
897,917,894,913,898,949,977,895,786,914,950,948
898,913,949,895,914,950,939,948,815,974,851,978
914,939,815,950,851,974,983,816,944,948,1012,268
909,989,916,908,601,603,599,604,597,626,605,595
634,635,633,636,637,630,628,626,631,632,624,861
980,871,981,1061,976,1048,903,1109,1056,831,1046,925
869,874,901,875,802,980,871,1048,795,903,876,1061
831,871,579,976,578,556,577,553,830,576,551,575
906,912,905,910,911,837,937,960,923,953,922,966
911,953,922,697,692,698,686,699,924,682,955,681
910,911,905,960,953,954,966,955,922,962,686,692
741,725,728,740,724,727,739,722,738,726,720,1020
988,946,1027,580,597,595,581,582,583,584,585,907
908,882,989,946,884,988,597,580,599,595,601,581
960,966,911,962,954,1008,1007,955,953,1034,961,1208
960,954,955,953,681,686,676,682,962,672,678,692
910,906,937,960,966,911,905,935,962,954,837,1008
950,898,948,914,974,1012,939,1011,986,944,815,1223
974,939,944,983,1012,986,1016,816,853,1223,945,973
817,900,861,637,636,635,634,818,633,631,632,841
624,622,620,603,604,618,608,605,606,609,601,989
949,977,897,913,948,978,898,894,950,914,1097,1012
896,921,919,917,897,894,892,1151,977,913,898,949
917,1151,896,977,897,921,949,1096,913,894,978,898
893,918,1029,921,896,320,892,919,312,894,305,897
896,892,894,897,786,305,290,917,895,898,286,282
699,698,697,693,692,953,687,686,688,952,689,694
837,1049,924,862,839,922,905,970,952,699,698,953
970,952,922,696,695,694,691,690,689,699,683,688
542,540,544,538,536,534,532,530,528,526,972,524
1159,959,934,993,1073,994,995,181,992,1246,1074,180
878,934,926,969,959,880,1159,935,995,993,186,992
308,811,785,293,288,779,812,283,783,278,780,773
531,529,527,525,523,521,519,517,963,964,514,509
938,885,904,879,204,912,206,826,873,906,202,937
680,677,679,675,685,673,684,671,683,1069,932,669
667,665,663,660,658,656,655,653,652,651,1017,650
947,1018,1017,932,736,732,733,734,1019,729,660,658
959,995,935,992,994,1007,993,1159,1071,966,1004,1003
995,1007,966,959,992,1008,1071,910,1035,960,962,994
749,747,752,746,755,744,756,742,757,947,736,758
966,910,935,960,906,1007,1008,995,962,911,934,954
912,879,904,906,937,910,880,826,905,911,966,960
983,816,944,853,813,974,1080,945,850,986,1012,1016
828,942,1022,366,1202,364,943,1098,967,361,1236,1051
371,940,369,1006,828,366,942,1022,364,1202,943,361
1098,967,943,1167,1051,968,827,1036,1236,355,1029,351
827,967,968,351,1098,864,342,1036,1029,1167,920,335
945,1016,973,853,982,957,985,852,1108,850,987,956
957,973,982,852,956,999,987,997,985,958,998,990
907,745,1027,743,748,741,751,1028,725,750,740,728
732,733,734,729,730,1019,731,1018,735,1020,723,719
950,1012,1011,974,1223,914,986,1021,1179,1108,1016,944
948,913,978,950,1012,1011,898,914,1258,974,1223,986
974,1012,914,986,1223,1011,944,939,1016,1108,983,1021
757,756,755,758,759,760,752,753,749,754,747,750
696,695,691,690,694,683,684,685,689,688,679,687
686,692,697,682,681,678,698,676,699,955,674,693
962,1208,961,991,672,1034,674,670,668,1008,666,1106
672,674,670,676,668,991,666,954,1208,664,661,662
990,958,997,1031,999,1023,975,1010,998,1047,1030,1046
956,982,997,999,990,958,998,987,1031,1010,1009,1023
990,975,1023,997,1031,1048,1046,1062,1047,999,1061,1010
994,992,995,993,1003,1004,1071,1007,1077,1246,1076,1079
962,954,1008,955,961,1034,1007,1208,953,1035,672,674
1105,1107,1106,155,152,149,1209,153,1152,1207,138,148
1034,961,1035,1107,1208,1152,1105,155,1106,1071,153,991
501,493,494,495,502,1001,503,1126,504,1002,1000,505
1125,1126,963,525,523,521,519,517,514,509,501,988
1025,1114,1026,1117,1001,1088,1113,1120,1087,1116,1090,1043
1008,960,1007,962,1035,1034,995,954,1071,961,992,1152
1036,1167,968,1029,1037,919,864,920,1052,918,1151,1050
1029,864,1036,920,918,919,1167,329,893,921,1037,323
186,1159,184,926,181,1073,180,993,1074,178,959,934
952,931,891,684,680,691,685,683,679,696,690,677
1024,965,1025,1026,1089,1002,1087,1114,1088,1117,1090,1001
520,518,1024,516,971,515,1089,513,512,511,1216,510
982,987,985,957,998,1014,999,1015,1013,852,956,997
986,944,1016,1223,973,1108,983,945,985,853,1021,982
1048,1023,1046,990,1061,980,1062,1109,1031,1045,1047,997
925,1056,549,542,546,551,544,548,553,540,556,538
949,978,948,1097,913,897,1258,950,1011,1284,1012,898
948,1258,1011,1012,913,950,1179,1259,1223,1021,1282,974
866,824,865,867,909,883,823,882,884,899,818,951
1061,981,1109,1046,976,1059,1056,1045,1023,1062,831,925
976,1109,1056,1059,925,1216,1045,972,542,1058,540,549
987,999,998,997,1015,956,1009,1099,1014,1010,990,1031
853,813,944,850,945,852,814,973,957,876,1016,986
845,819,843,915,817,841,842,861,807,900,637,818
987,1013,1014,1015,982,1213,998,1111,1099,1243,999,957
1016,1108,944,973,985,1013,987,945,1178,982,1014,853
1015,998,1014,1099,999,1111,1009,1213,1110,997,1100,1243
1125,1027,1040,946,1126,1039,1044,1028,907,1094,725,745
597,599,601,595,580,603,581,582,604,605,583,606
997,1031,1023,1047,999,1010,1030,1062,1046,1009,1075,1033
657,654,648,642,1207,1208,643,644,638,639,640,641
994,1071,1004,1003,1081,1076,1070,1035,1077,1008,1079,1072
1246,994,1077,1003,992,1245,1400,1079,1004,1228,169,1076
1003,1004,1076,1077,1071,1079,1070,1081,1072,1078,1228,1400
992,1007,1071,994,1004,1035,1008,1081,993,1003,1070,1076
984,819,794,843,915,845,817,807,763,797,842,804
1031,1010,1023,1009,1030,1047,1033,1032,1062,1099,1100,1075
999,1099,1009,1100,1110,997,1010,1111,1032,170,168,171
997,1009,1010,1031,1099,1100,1030,1032,1033,1110,1023,1047
1044,1043,1042,1113,1094,1093,1114,1092,1115,1095,1039,1117
1000,1114,1113,1043,1117,1044,1025,1042,1115,1116,1093,1088
965,1114,1001,1025,1113,1117,1000,1043,1026,1088,1024,1116
1076,1079,1004,1078,1228,1072,1070,1227,1261,1260,1226,1081
1070,1076,1081,1072,1166,1079,1165,1226,1078,142,141,143
941,1006,377,940,371,369,1202,1022,1066,828,366,942
1202,940,1022,1085,1236,942,1118,369,828,1098,1051,366
1008,1071,1035,992,962,1081,1034,1004,1152,994,1070,1165
1035,962,1034,1071,1152,961,1081,1107,1313,155,153,1165
1100,1010,1032,166,1110,168,164,170,1033,1030,171,163
1030,1033,1032,1047,1100,1075,1112,164,166,163,1142,168
1223,1012,1179,1021,986,1108,1180,1257,974,1178,1016,1256
1223,974,986,1108,1021,1016,944,1179,985,973,1178,1013
1014,1213,987,1291,1015,1243,1111,1339,1205,998,1229,1099
1015,1111,1243,1099,998,1205,1110,1339,173,1229,174,175
1099,998,1111,1110,1009,1100,1243,173,1205,999,171,170
973,985,987,1013,982,945,1014,1178,1015,998,957,1213
1136,1055,1054,1053,1296,1138,1057,1275,1295,1137,1285,1153
1054,1296,1017,1038,1153,1295,1136,1053,1244,1055,1041,1344
1038,1018,1296,1153,1054,1041,1244,1295,1218,1017,1053,1135
726,727,723,721,731,730,728,719,724,720,716,722
1180,1108,1178,1212,1013,986,1256,212,985,1016,1291,207
1098,942,1236,1051,967,1167,1084,943,1203,1052,1036,1240
1062,1031,1046,1047,1030,1045,1060,1109,1010,1075,1058,1033
1026,1087,1025,1176,965,1090,1088,1157,1177,1114,1117,1224
1026,1114,1088,1117,1120,1090,1113,1087,1116,1130,1131,1043
1087,1088,1090,1117,1157,1114,1120,1130,1156,1177,1116,1113
1028,1040,1039,725,724,722,728,720,727,718,1041,1094
718,1041,717,716,719,1039,1038,1135,1153,1019,1218,1094
918,919,896,921,1037,893,917,1151,897,894,977,892
1033,1075,1142,1032,1060,1112,1230,1143,163,164,161,1163
1030,1047,1010,1062,1033,1075,1009,1060,1032,1142,1045,1112
164,166,163,1033,1112,161,159,1142,1230,157,1075,156
1112,1142,1075,1230,163,161,164,159,157,1163,156,1143
1107,1152,961,155,153,1313,1105,152,1081,148,147,1165
1081,1152,1034,1165,1313,1107,1004,1070,153,155,961,146
1029,1037,919,918,1151,920,896,917,1050,977,921,1096
1151,1050,919,1096,977,917,1082,918,1237,949,896,1097
1153,1041,1296,1218,1244,1135,1039,1295,1054,1217,1211,1134
1135,1094,1041,1134,1092,1218,1211,1153,1042,1095,1210,1217
1044,1094,1039,1000,1028,1042,1134,1092,1135,1041,720,1043
1135,1153,1218,1244,1134,1296,1211,1217,1094,1295,1092,1682
1092,1095,1043,1093,1134,1123,1115,1210,1113,1122,1135,1211
1113,1093,1115,1095,1116,1122,1117,1092,1121,1123,1120,1210
1094,1042,1092,1043,1039,1095,1134,1093,1135,1113,1210,1115
1058,1060,1059,1141,1214,1216,1075,1224,1143,1162,1030,1176
1062,1109,1045,1047,1059,1058,981,1060,1031,1030,1141,1214
1030,1075,1060,1033,1045,1142,1058,1143,1141,1112,1032,1230
980,1061,1046,1109,981,1023,1045,1062,871,990,1059,976
862,924,970,837,863,952,891,922,931,696,695,691
1096,1237,1151,1097,977,978,919,1284,1330,1346,917,949
1084,1167,1052,1083,967,1037,1240,1036,1050,1082,1241,1151
1050,1082,1037,1151,1237,1096,1036,1346,919,977,1097,1330
1285,1295,1275,1344,1276,1343,1314,1273,1362,1363,1251,1364
1053,1295,1136,1344,1285,1244,1275,1314,1138,1343,1218,1276
1136,1137,1138,1207,1275,1054,1251,1053,1206,1273,1285,1106
1216,972,1059,1089,534,532,530,528,526,524,522,1024
1137,1055,1207,1138,1206,1251,1136,1106,1271,1275,1209,1417
1141,1214,1224,1162,1216,1143,1176,1075,1161,1177,1089,1215
1216,1058,1214,1089,1141,1176,1224,1060,972,1024,1162,1087
1141,1058,1075,1143,1162,1142,1214,1224,1161,1163,1164,1230
1109,1046,981,1045,1059,1062,1023,1056,976,1058,1216,1060
1047,1045,1060,1058,1075,1030,1141,1059,1143,1214,1033,1142
1329,1066,1006,1005,1202,1086,1118,1085,941,381,940,1022
1005,1063,1006,381,941,377,1329,1066,940,371,1202,369
1329,1063,1086,1101,1066,1118,1064,1006,1119,1204,1085,1202
1202,1085,1118,1006,1236,1204,1022,1203,940,1119,1084,1051
1063,1064,1065,385,1329,383,1005,1006,1066,381,1086,941
1065,1067,1329,1063,1101,387,1064,1086,1066,1127,385,1006
933,932,680,677,675,679,673,671,669,667,685,665
1166,1072,1165,1226,142,143,141,140,145,1078,1261,137
1081,1035,1004,1070,1152,1165,1034,1076,1003,1166,1313,1072
1226,1261,1166,140,137,141,136,142,135,143,1225,1165
1074,1246,178,993,172,1245,169,1077,1400,167,165,959
172,1246,1245,169,1400,167,165,1077,993,162,1228,160
1142,1143,1230,1163,1112,1141,1162,1164,156,157,1161,159
1072,1078,1070,1226,1261,1166,1227,140,137,141,136,1225
1079,1400,1003,1228,1227,1260,1076,1078,165,162,160,1004
1261,1072,1225,1226,136,135,137,140,133,139,150,154
1078,1227,1076,1260,1072,1261,1225,160,158,1226,154,1070
813,814,850,983,849,853,876,771,852,875,868,958
1165,1070,1152,1166,1313,145,143,146,142,1076,147,1072
1237,1050,1346,1330,1096,1097,1284,1366,1151,1350,1282,977
1082,1241,1052,1050,1346,1237,1345,1037,1330,1096,1151,1366
1240,1083,1052,1082,1241,1167,1050,1037,1242,967,1346,1237
1236,1203,1022,1084,1051,1240,1235,1234,1098,1083,942,1052
1118,1204,1066,1119,1085,1203,1202,1234,1006,1236,1196,1200
1090,1157,1177,1088,1156,1175,1130,1252,1215,1120,1117,1193
1120,1090,1130,1116,1131,1156,1193,1157,1188,1121,1115,116
1024,1087,1176,1026,1157,1177,1090,1224,1025,1088,965,1141
1156,1130,1120,1193,1252,116,1175,120,113,1188,1131,112
391,1068,1067,389,387,1065,1102,1063,1064,385,1329,383
1095,1210,1093,1123,1211,1219,1220,1328,1122,1124,1682,1115
1115,1123,1122,1124,1121,1210,1116,1505,1328,1187,1326,1220
1092,1134,1042,1135,1095,1210,1211,1093,1043,1218,1123,1219
1123,1093,1210,1122,1328,1124,1115,1220,1211,1219,1505,1121
1097,977,978,949,1284,1258,917,948,1330,1011,1282,1259
1284,1258,978,1259,1282,1011,949,948,1179,1351,1283,1257
1051,1167,967,1036,1052,1037,1084,968,1029,827,1083,1050
1110,1100,1009,170,171,168,173,166,1205,1032,174,1010
168,166,170,1032,171,164,163,161,1033,1112,159,1030
1086,1119,1139,1329,1204,1118,1066,1200,1063,1196,1199,1234
1068,1065,1101,1127,1329,1086,1067,1198,1139,1063,1119,1066
1068,1091,1102,391,1065,1067,1128,389,1101,1329,1063,1127
395,393,1091,1103,391,1068,389,1129,1067,387,1102,1065
149,152,1209,155,138,153,130,1417,1206,148,129,1313
1105,1209,1206,149,1417,152,138,1107,130,155,1137,1271
155,153,152,1105,148,149,1313,147,138,1209,146,130
1013,985,1016,1178,1014,973,987,1213,1212,1291,1015,982
1059,1045,1058,1062,1056,1214,1216,1060,1141,1047,1089,1224
171,170,173,1100,168,174,166,175,164,1032,163,161
1205,1110,173,1099,174,171,175,1229,170,176,1100,177
159,161,1230,157,1142,156,1163,151,144,1143,1277,134
1117,1115,1116,1120,1093,1121,1088,1131,1122,1158,1095,1187
1117,1113,1088,1116,1043,1120,1115,1121,1131,1130,1090,1093
1121,1116,1122,1187,1123,1158,1131,1505,1124,104,103,101
1121,1131,1158,1122,1130,1187,1188,111,104,105,109,103
1120,1116,1088,1131,1130,1115,1121,1090,1188,1158,1093,1193
1085,1204,1203,1202,1236,1234,1235,1084,1240,1022,1051,1196
1204,1196,1234,1118,1238,1203,1221,1085,1235,1239,1242,1268
1116,1130,1131,1188,1121,1158,1193,1115,111,109,1156,106
1158,1187,1122,1131,104,1505,105,103,111,101,109,1188
1505,1187,1124,1326,101,1158,100,103,1328,104,99,1327
1124,1328,1122,1220,1505,1326,1327,1187,1219,1336,1121,99
1326,1505,1327,99,100,97,1187,101,95,1336,103,1367
1126,1040,1044,1027,963,1000,523,521,519,517,514,1094
1044,1000,1040,1001,1094,1042,1043,1039,1002,1092,1113,1114
1198,1101,1139,1199,1119,1065,1086,1200,1329,1197,1196,1204
1127,1102,1140,1198,1101,1068,1147,1149,1065,1139,1091,1199
1103,1128,1102,1068,1091,1127,1065,1140,1101,393,391,1067
1193,1188,1156,1131,112,116,113,107,109,106,108,120
1188,1158,111,109,105,106,104,1187,1193,107,103,108
407,1145,405,403,1146,401,1160,1168,399,1170,397,1201
411,409,1132,1144,407,405,1145,1146,1169,403,401,1160
1092,1211,1210,1095,1219,1682,1217,1123,1220,1093,1328,1244
1134,1218,1211,1217,1092,1244,1682,1210,1219,1095,1314,1423
1053,1138,1275,1285,1295,1273,1251,1344,1276,1343,1206,1272
1138,1251,1206,1271,1136,1275,1273,1417,1272,1209,127,124
1275,1251,1273,1053,1272,1271,1285,1276,1274,1417,122,124
1200,1119,1196,1197,1221,1204,1086,1234,1238,1222,1118,1239
1147,1198,1127,1199,1349,1139,1102,1101,1200,1232,1197,1410
1162,1224,1143,1161,1215,1177,1176,1164,1269,1142,1163,1175
1230,1163,1143,156,157,159,151,1164,1277,161,144,1161
1162,1161,1164,1163,1277,1230,1224,1269,1215,1278,151,156
1132,1146,1145,409,411,407,405,1170,1168,403,1160,401
405,1160,403,1168,401,399,1201,397,1104,1587,395,1190
1145,1170,1168,1160,1587,1171,405,1201,407,403,401,1190
1198,1199,1349,1232,1127,1197,1139,1200,1263,1222,1233,1101
1128,1140,1129,1127,1149,1147,1198,1102,1103,1101,1199,1349
1147,1300,1349,1140,1198,1410,1199,1232,1263,1347,1127,1197
1148,1247,1149,1140,1147,1128,1300,1198,1254,1349,1127,1129
977,1096,917,949,978,1097,896,1237,897,913,948,1258
1313,153,1107,1165,155,147,148,146,145,152,143,1105
1296,1244,1218,1295,1135,1217,1054,1314,1211,1134,1053,1344
1129,1148,1128,1189,1103,1150,1140,1102,1127,1104,1068,1091
1186,1185,1150,1148,1247,1249,1154,1149,1140,1128,1254,1300
116,120,1193,1252,113,117,112,118,108,1188,107,115
1175,1090,1156,1252,120,117,116,1270,1130,118,1193,113
104,105,111,1187,103,109,101,106,1505,100,107,99
1073,993,180,1074,1246,959,178,172,1077,1245,994,169
399,397,1201,1104,395,1189,393,1190,1091,391,1103,1129
1164,1269,1215,1278,1277,131,1270,128,126,1175,125,134
1161,1215,1164,1269,1177,1175,1278,1163,1277,1270,1157,131
1277,151,156,1164,144,134,131,1161,1278,128,1269,126
1277,1278,1269,131,134,128,144,126,151,1215,125,1270
145,146,143,1313,1166,142,147,148,141,153,1226,140
142,141,143,1226,140,145,137,146,1261,136,147,135
1037,1036,1052,1050,1151,919,1029,1083,1082,1096,918,977
1201,1587,1160,1190,1189,1104,401,399,403,397,1622,1154
1146,1144,1170,1172,1145,1168,1132,1171,1312,1587,1173,409
1171,1168,1587,1173,1145,1622,1190,1201,1160,1154,1183,1189
1587,1622,1183,1168,1190,1154,1186,1201,1189,1155,1184,1129
1171,1173,1170,1587,1622,1281,1146,1183,1168,1190,1154,1186
1171,1183,1622,1587,1184,1186,1155,1154,1190,1168,1250,1148
1172,1312,1169,1170,1171,1173,1310,1146,1281,1144,1587,1168
1252,1270,118,1269,117,115,1156,121,120,119,116,123
1177,1087,1224,1157,1175,1215,1090,1162,1026,1252,1156,1161
1175,1157,1215,1252,1161,1270,1269,1090,1156,118,117,1164
1013,1212,1291,1213,207,1014,985,201,1339,1243,192,183
1257,1021,1180,1256,1223,227,1178,212,223,1212,215,1108
1212,212,1178,207,215,1291,201,216,1108,1013,192,1213
419,1182,417,415,413,1191,1133,411,409,1374,1144,1132
415,413,1133,411,409,1144,1132,407,405,1145,1169,1146
1622,1155,1186,1154,1185,1150,1148,1587,1190,1247,1128,1248
1155,1183,1185,1186,1248,1150,1622,1249,1247,1148,1154,1255
1249,1247,1150,1186,1255,1254,1149,1300,1148,1140,1382,1147
1148,1154,1150,1128,1140,1129,1247,1149,1249,1189,1127,1147
103,1505,104,101,100,105,111,1326,99,109,97,1327
109,106,107,111,108,112,105,1158,113,104,103,1187
1103,1104,1129,1091,1068,395,393,1102,391,1128,1067,389
1189,1154,1129,1103,1104,1128,1186,1091,1148,1102,397,395
1182,1374,1133,1144,413,411,415,1132,417,409,1169,1396
1181,1182,1191,421,419,417,415,1133,413,1374,411,1144
112,113,116,1188,108,107,120,106,109,117,111,118
429,1195,1301,426,423,1192,1332,421,1331,1181,419,1182
1192,423,1332,1181,421,1182,419,1191,417,415,1397,1374
1238,1234,1239,1268,1265,1242,1235,1266,1203,1267,354,362
1200,1222,1221,1265,1233,1196,1231,1239,362,354,359,1238
1199,1139,1200,1101,1197,1232,1119,1196,1221,1222,1086,1263
1197,1200,1232,1139,1222,1221,1196,1233,1119,1265,1231,1239
1221,1196,1222,1119,1265,1239,1238,1234,1204,1231,362,1268
1189,1104,1190,397,395,399,1103,1129,1091,393,1154,391
1085,1022,1236,1051,1203,1098,1084,942,828,1240,1167,967
1240,1235,1236,1084,1083,1051,1242,1241,1238,1052,1082,1268
1234,1203,1085,1235,1196,1238,1240,1236,1202,1084,1242,1268
175,174,176,173,177,171,1110,170,168,1100,166,1009
1271,1417,1209,1251,129,127,130,138,1272,124,1138,149
1106,1206,1137,1209,1251,1105,1417,1138,1271,149,129,138
1106,961,1207,654,648,1105,642,643,644,638,639,1206
1417,138,149,130,129,1271,127,124,1251,148,1272,122
1220,1219,1123,1328,1682,1337,1124,1336,1338,1122,1327,1326
1682,1219,1217,1210,1220,1338,1423,1337,1314,1328,1123,1336
207,1291,201,192,1339,1213,185,1013,183,1243,182,1229
1243,1014,1339,1111,1229,1205,1015,183,182,175,176,185
1224,1176,1141,1089,1177,1162,1087,1215,1161,1157,1024,1143
1175,1269,1270,1278,1157,1252,125,121,123,126,119,115
1089,1214,1176,1024,1087,1224,1177,971,1141,1026,1157,511
1682,1314,1423,1219,1338,1362,1344,1424,1337,1210,1220,1422
1217,1244,1211,1682,1134,1314,1295,1423,1219,1210,1092,1338
1220,1337,1338,1328,1423,1336,1422,1424,1434,1327,1124,1367
1328,1337,1336,1338,1327,1124,1422,1434,1367,1326,1424,95
1265,1239,1196,362,1238,354,1231,1267,1268,359,1266,348
1265,1231,1221,362,359,354,1239,1264,360,348,1196,1267
1021,1108,986,1016,1178,1013,985,1180,973,944,1212,1014
1177,1162,1215,1161,1175,1157,1269,1087,1164,1270,1252,1278
133,139,150,135,132,1261,136,137,1226,140,141,142
140,137,141,142,136,143,135,133,145,132,146,139
1225,1078,158,154,150,1261,139,133,135,132,136,1072
1260,1227,1079,160,158,1078,154,1225,150,1076,1261,139
179,177,176,1205,175,174,173,171,1110,170,1099,168
156,157,1163,151,144,1277,134,1164,131,1161,1278,128
362,359,360,1265,354,356,348,1286,352,339,1267,1375
1197,1222,1233,1200,1221,1231,1262,1265,1264,362,1139,1196
1222,1231,1264,1265,362,359,360,1286,1221,356,1306,1375
1238,1235,1203,1242,1268,1240,1239,1241,1280,1084,1266,1236
1240,1242,1241,1083,1084,1268,1280,1345,1082,1266,1346,1052
1084,1051,1098,1240,1052,1083,1167,1235,967,1241,1082,1037
1330,1097,1284,1096,1282,1258,1350,978,977,1259,1283,1351
1268,1242,1266,1235,1280,1267,712,710,713,714,708,715
1268,1266,1267,1238,354,714,715,712,713,710,348,711
1083,1241,1242,1082,1052,1345,1346,1050,1280,1167,1237,1037
1345,1082,1346,1366,1052,1237,311,1330,306,1279,1050,313
1280,1241,1345,1266,1279,710,708,712,706,704,713,714
1205,1229,1111,175,176,174,177,182,179,173,1110,171
1295,1217,1314,1344,1423,1682,1211,1053,1362,1285,1219,1338
1400,167,165,162,1077,1228,160,1260,1079,158,1227,1003
1245,1077,1400,169,1228,167,165,1003,1079,162,994,1260
1149,1300,1254,1349,1147,1410,1140,1347,1148,1356,1198,1263
1249,1253,1255,1185,1382,1254,1247,1155,1435,1356,1150,1300
1247,1254,1300,1150,1149,1356,1347,1410,1373,1349,1147,1140
1184,1248,1185,1155,1249,1183,1247,1253,1255,1150,1186,1254
1271,1272,1273,1417,124,122,127,1275,1274,129,114,130
117,120,118,1270,115,116,121,113,119,1193,112,123
1382,1255,1373,1249,1356,1254,1418,1185,1354,1247,1347,1300
1300,1347,1356,1410,1149,1349,1307,1348,1263,1354,1147,1232
1254,1249,1356,1373,1247,1347,1300,1354,1410,1149,1348,1150
215,212,1180,216,220,207,1212,201,1178,1291,192,185
1256,1180,223,215,212,220,216,1021,1212,207,1178,201
1259,1179,1011,1257,1351,948,1021,1223,238,1012,227,1180
1351,1257,1179,238,227,252,1256,223,1011,1180,1021,215
158,1227,154,150,1225,1078,139,133,132,1261,135,136
136,137,135,1226,140,133,141,132,139,150,142,143
1233,1264,1306,1375,1231,1286,1222,1388,360,356,1321,359
1232,1233,1262,1222,1305,1264,1197,1199,1231,1306,1265,1221
1286,1375,1231,356,360,359,352,1288,362,1321,1265,354
362,354,1239,359,348,1267,360,339,1266,356,334,715
712,710,714,713,708,715,711,706,709,704,707,700
715,714,1266,334,713,339,711,712,709,710,707,708
1266,1280,1242,710,712,708,713,714,1279,706,715,704
1278,125,1270,126,128,123,131,119,121,134,115,1252
121,119,115,123,118,125,117,126,120,116,113,112
127,124,1272,129,122,130,114,1273,1274,110,1461,102
122,124,1274,114,110,1461,1428,102,1276,98,1430,96
1272,1274,1276,1428,122,114,1461,124,110,1364,102,1343
114,1461,110,1428,102,98,1430,1427,96,1364,94,1431
1285,1273,1276,1343,1344,1428,1272,1274,1364,1271,1363,122
1428,1343,1364,1274,1363,1427,1461,1430,1426,1362,110,114
134,131,144,1278,128,126,1269,125,123,1270,119,121
128,126,131,125,123,1270,119,121,115,118,1252,117
1360,313,314,311,316,321,306,1345,294,291,1365,1366
1279,706,704,700,1345,701,702,311,313,1360,707,705
1173,1183,1184,1250,1622,1155,1171,1186,1185,1325,1587,1170
1283,1351,1259,269,259,252,238,272,1258,227,1257,274
269,259,252,1351,238,1259,227,223,1257,220,1258,1256
1282,1258,1259,1351,1283,978,1179,238,1257,252,269,259
1344,1276,1343,1273,1363,1364,1314,1428,1362,1274,1429,1427
356,352,360,1288,359,343,336,362,1298,348,1289,354
1290,1297,324,1361,318,1387,309,1319,300,299,295,301
1298,352,1289,343,1393,1287,336,1299,1297,330,1316,348
1287,1297,1299,1319,1290,1387,330,1361,1315,324,1376,301
1361,318,309,1387,299,300,295,321,301,1319,316,302
1339,192,1213,183,185,1243,182,1229,179,1014,1205,177
445,1293,1294,443,440,441,1304,438,437,1302,435,1411
443,440,438,441,437,435,1302,1335,433,431,1334,1194
1293,1302,438,440,443,441,437,1411,1335,435,1370,1334
1344,1314,1285,1217,1343,1275,1362,1423,1276,1682,1363,1211
1295,1054,1244,1053,1218,1314,1344,1217,1136,1285,1135,1275
1387,1290,1361,1319,301,295,300,302,318,309,299,1315
1289,1299,1316,343,1319,1287,1297,1317,1384,1376,336,1315
1376,1317,1319,1315,1318,1297,304,303,331,322,302,1387
1410,1349,1347,1263,1147,1307,1232,1140,1199,1348,1198,1262
1195,1331,1332,429,1192,426,1397,423,1372,1181,1191,421
1370,1334,1335,438,437,440,433,435,1333,1368,1194,1301
1292,1304,1294,1293,447,445,1415,1411,1302,443,438,440
1411,1294,1302,1293,1370,1460,1588,438,1334,440,1335,445
1262,1306,1388,1264,1421,1375,1233,1321,370,1286,1437,1320
1375,1388,1321,1264,1286,1320,1288,370,356,368,1394,1231
1305,1263,1262,1233,1306,1355,1232,1264,1375,1222,1388,1231
1311,1281,1312,1184,1325,1250,1173,1183,1172,1155,1185,1248
1310,1312,1174,1172,1308,1281,1173,1169,1171,1170,1311,1183
1312,1308,1281,1173,1311,1172,1183,1184,1171,1622,1250,1170
1250,1184,1281,1325,1183,1248,1185,1155,1377,1173,1249,1186
1172,1173,1281,1171,1170,1183,1622,1311,1184,1587,1146,1186
147,146,153,148,145,143,152,149,142,1166,138,141
1344,1423,1362,1682,1343,1338,1424,1363,1429,1219,1462,1276
303,304,302,292,296,301,1387,297,295,307,1361,300
1384,1317,1299,337,331,322,1376,1318,315,1289,1315,1319
322,1318,1376,315,307,1315,296,297,304,1319,292,303
307,297,296,292,304,1315,303,302,301,1387,295,1361
1315,302,303,1387,301,1376,304,295,1361,292,300,296
1394,1321,1446,1393,365,363,1298,1316,353,1288,1384,345
1288,1393,1298,1286,1446,356,352,1316,1289,1299,363,343
1323,1392,1324,1303,453,451,1415,1304,1292,449,1416,1294
1303,1304,1415,1411,1294,1292,1460,1480,1302,1293,449,447
1303,449,1292,447,1323,445,1294,1293,1304,443,440,1415
1377,1250,1248,1253,1184,1399,1185,1249,1255,1155,1382,1183
99,100,97,1327,101,95,93,1367,1336,91,1432,89
95,97,1367,99,93,100,91,1434,1432,89,1433,1422
1124,1327,1336,1326,1337,1505,1367,99,97,95,100,1434
1066,1086,1118,1006,1085,1202,1204,1119,1005,1203,1236,1022
1282,1284,1350,1283,1097,269,1259,1351,1352,272,1258,259
1397,1372,1332,1379,1374,1195,1456,1192,1396,1191,1381,1181
1192,1191,1397,1374,1181,1182,1396,1379,421,1133,1144,419
1383,1331,1301,1372,1194,1332,1369,1397,1195,1379,431,1456
1333,1301,1194,433,1331,1383,431,1195,429,1371,1332,1372
433,1334,1194,431,1301,429,1333,1195,426,1331,423,1332
1434,1367,1327,1422,1432,95,93,1477,1476,97,91,99
1336,1422,1434,1424,1477,1367,1327,1463,1432,1476,1462,95
1337,1424,1422,1336,1462,1463,1434,1477,1429,1367,1327,1476
183,1229,182,1243,179,177,1205,176,175,1111,174,173
1398,1308,1311,1325,1250,1524,1310,1281,1184,1377,1248,1312
1310,1309,1308,1312,1281,1340,1311,1174,1173,1172,1398,1184
1308,1340,1341,1310,1398,1311,1309,1281,1541,1325,1312,1250
1363,1364,1362,1429,1426,1428,1427,1425,1462,1683,1424,1274
1343,1362,1363,1276,1423,1364,1429,1424,1273,1682,1426,1428
311,306,1366,1346,313,294,1365,314,291,1350,1352,1082
1330,1366,1237,1350,306,1282,1284,1352,1365,294,1283,1097
1410,1307,1348,1263,1305,1349,1262,1353,1232,1355,1233,1147
1305,1307,1355,1410,1262,1407,1306,1263,1421,1388,1233,1349
1232,1263,1199,1197,1198,1233,1307,1222,1200,1262,1139,1221
1283,272,269,1282,274,259,279,1284,252,277,1351,280
238,252,227,1257,223,1256,1179,220,215,216,1180,212
279,274,272,277,280,1350,269,1283,259,1282,252,1351
1407,1348,1355,1421,1442,1305,1438,1437,1307,1388,1306,378
1353,1348,1409,1347,1407,1355,1307,1305,1410,1442,1421,1484
1305,1421,1388,1306,1437,370,1438,372,1262,368,1320,1321
1347,1354,1348,1307,1300,1410,1353,1305,1263,1355,1349,1149
1358,1402,1472,1342,1359,1341,1395,1521,1456,1308,1309,1340
1341,1359,1342,1309,1308,1310,1381,1395,1340,1312,1281,1379
1381,1309,1341,1379,1310,1342,1174,1312,1396,1308,1397,1172
314,316,321,313,311,294,291,306,318,287,1345,1365
300,1387,309,299,295,301,302,303,304,287,292,291
1429,1363,1424,1462,1426,1683,1338,1364,1463,1422,1425,1495
1429,1364,1426,1683,1462,1425,1427,1494,1424,1495,1431,1430
1427,1426,1425,1430,1429,1431,1461,1683,1494,94,1449,98
1352,280,287,284,279,277,274,272,1350,269,1283,259
1352,1365,1350,291,1330,272,279,274,280,277,287,269
93,1432,95,91,1434,1433,89,1476,1509,87,1477,85
1371,1333,1383,1334,1386,1369,1331,1372,1301,1385,1335,1456
1378,1456,1372,1379,1380,1331,1359,1381,1397,1396,1358,1357
1368,1334,1333,1335,1383,1371,1301,1331,1194,1386,433,437
1369,1383,1333,1385,1372,1378,1331,1456,1379,1380,1397,1301
1379,1456,1397,1396,1381,1332,1374,1359,1174,1309,1169,1191
1354,1356,1408,1348,1347,1353,1254,1409,1307,1300,1410,1485
1396,1169,1144,1133,1146,1182,1174,1132,1170,411,413,1145
1286,1321,1288,356,352,360,1298,1320,1393,343,359,1289
1315,1318,304,296,292,303,297,302,307,315,301,1387
1253,1248,1250,1255,1382,1435,1249,1185,1373,1254,1184,1445
1456,1359,1372,1381,1358,1379,1357,1309,1341,1397,1396,1331
1396,1381,1374,1174,1309,1169,1191,1312,1172,1341,1144,1170
1378,1357,1358,1359,1456,1402,1341,1342,1381,1309,1472,1372
1309,1396,1174,1312,1341,1310,1169,1172,1374,1170,1173,1308
1373,1255,1356,1254,1418,1354,1249,1347,1348,1408,1300,1247
1372,1331,1369,1456,1397,1301,1379,1378,1332,1396,1381,1374
337,331,1317,322,1299,1318,315,1376,307,1315,297,296
1378,1369,1380,1404,1456,1359,1357,1383,1372,1358,1379,1381
1371,1385,1369,1413,1378,1383,1380,1456,1372,1333,1404,1331
295,301,300,302,299,309,303,304,292,296,297,287
370,1320,1321,368,1394,1375,367,1446,1393,365,1288,1298
1390,1414,460,1322,1391,458,456,1392,1457,453,1324,1323
1391,458,1322,456,1414,453,1324,1392,451,1323,1303,1457
453,1322,1324,451,1303,449,1323,1292,1392,447,1304,445
1323,1416,1415,1303,1480,1304,1460,1458,1324,1411,1294,1292
1298,1316,1299,1384,353,1317,1289,345,337,1376,331,1319
1446,363,1393,353,1316,1321,345,1384,1298,337,1299,1288
1541,1398,1340,1342,1563,1524,1308,1325,1543,1341,1311,1377
1169,1174,1309,1144,1170,1172,1146,1312,1171,1310,1133,1341
1379,1374,1396,1191,1381,1169,1192,1174,1144,1182,1133,1309
1524,1325,1377,1311,1308,1436,1250,1399,1248,1253,1184,1281
1435,1377,1253,1382,1445,1248,1373,1255,1418,1473,1471,1356
1228,162,1260,160,1079,1227,158,1003,154,1078,1225,1076
1389,1414,1583,1390,462,460,1322,1457,1391,1519,1392,458
1342,1358,1395,1341,1340,1308,1359,1398,1541,1520,1310,1309
1472,1357,1402,1521,1358,1380,1395,1342,1664,1520,1341,1359
1357,1403,1380,1402,1358,1472,1378,1528,1359,1342,1369,1521
1406,69,1455,67,1453,1454,65,1483,1481,1508,1647,63
67,1453,1455,65,1647,63,1454,1508,1507,1481,61,58
1438,1421,1355,1437,378,372,1470,379,370,373,1388,1305
1409,1354,1353,1485,1407,1484,1348,1442,1356,1355,1438,1491
1484,1442,1407,1353,1491,1438,1470,1421,1355,1348,1437,378
1263,1307,1349,1232,1262,1233,1305,1147,1199,1197,1222,1264
1588,1370,1302,1500,1368,1412,1334,1333,1335,1371,438,1467
1371,1386,1368,1451,1370,1383,1369,1385,1333,1334,1413,1372
1404,1385,1380,1357,1378,1439,1403,1369,1371,1358,1359,1456
1392,1457,1322,1323,1416,1391,1415,1459,1303,1324,456,453
1460,1411,1304,1588,1500,1499,1294,1302,1370,1412,1467,1292
1480,1458,1415,1460,1323,1478,1499,1500,1411,1304,1567,1588
129,1271,130,127,124,122,1272,114,1274,1273,110,102
1373,1408,1354,1475,1356,1353,1409,1485,1348,1255,1347,1407
86,84,1493,82,78,1496,1498,75,72,1506,1483,1497
90,1419,88,86,84,1493,82,1492,78,1498,1496,75
1437,370,372,1388,378,373,368,379,1320,367,1394,1306
1477,1434,1463,1476,1462,1584,1510,1367,1432,1511,1545,1495
1338,1424,1362,1337,1462,1422,1429,1363,1343,1220,1463,1683
1462,1422,1463,1429,1477,1683,1495,1434,1510,1426,1336,1511
1431,1494,1449,1420,1683,94,92,1492,1419,90,1495,1493
1425,1683,1494,1495,1449,1431,1492,1420,1463,94,92,1419
1430,1425,1431,94,1426,96,98,92,1420,1449,1494,90
1461,1427,1364,1430,102,110,98,96,1431,1425,94,1363
1462,1683,1426,1494,1495,1425,1463,1427,1492,1449,1511,1422
96,98,94,1431,92,1425,1420,90,1449,1426,88,1419
92,1420,1449,90,1419,88,1494,86,1493,84,1492,82
1433,1476,91,1509,89,87,1545,1584,85,1546,83,1633
89,1509,87,85,1546,1545,83,1584,79,1544,1589,1633
1432,1476,1477,1584,1433,91,1509,93,1545,89,1510,1463
1373,1382,1418,1253,1471,1255,1354,1356,1408,1475,1254,1249
1399,1531,1377,1435,1445,1253,1625,1325,1473,1382,1248,1418
372,378,373,370,368,367,375,1388,365,1394,1320,374
378,1437,379,1421,373,372,375,370,1468,374,368,376
1404,1403,1528,1527,1357,1472,1402,1380,1521,1566,1664,1385
1451,1441,1413,1404,1385,1386,1439,1380,1412,1357,1371,1448
1413,1439,1404,1448,1403,1385,1380,1357,1386,1528,1527,1378
1438,1470,1407,379,378,1437,1421,1468,375,1469,373,372
1452,1444,1447,1441,1440,1450,1448,1526,1439,1413,1451,1404
1441,1439,1448,1440,1404,1413,1525,1527,1403,1528,1451,1357
1471,1418,1435,1373,1408,1475,1474,1382,1354,1253,1486,1485
353,1393,1316,345,1384,337,1298,1299,1317,331,1288,322
1526,1444,1448,1525,1439,1568,1441,1527,1570,1528,1440,442
1527,1439,1528,1566,1569,1403,1404,1472,1664,436,1521,1413
1420,1419,1493,1492,86,90,88,1498,84,82,1496,1514
1440,1467,1452,1451,1500,1441,1413,1386,1412,1444,1385,1588
1386,1413,1385,1441,1371,1404,1369,1380,1378,1368,1439,1383
1440,1444,1441,1451,1447,1413,1467,1439,1404,1448,1385,1526
65,1508,1647,63,1507,61,1481,58,1530,1547,1529,1536
1455,1482,1481,1508,1453,1637,1557,1530,67,65,1564,1636
1453,1481,1508,67,65,1482,1507,1647,63,1530,1637,61
1379,1381,1359,1396,1397,1309,1174,1358,1341,1374,1169,1310
1416,1392,1459,1458,1415,1480,1322,1323,1466,1460,1478,1391
1480,1478,1567,1499,1460,1415,1502,1450,1500,1467,1323,1588
1458,1416,1466,1480,1478,1567,1392,1415,1499,1539,1460,1502
1500,1588,1411,1412,1467,1370,1368,1450,1386,1302,1371,1451
102,98,1430,96,1427,94,1431,92,1425,90,1420,1426
1683,1463,1495,1426,1494,1511,1477,1510,1425,1492,1584,1514
1477,1510,1495,1511,1584,1643,1476,1633,1494,1514,1545,1641
1466,1540,1459,1458,1567,1539,1478,1554,1457,1416,1480,1502
1519,1479,1583,1518,1457,1459,1464,1401,1414,1538,1416,1458
1567,1458,1478,1539,1502,1480,1416,1499,1558,1501,1450,1452
1451,1412,1386,1440,1588,1371,1385,1413,1368,1369,1441,1370
376,380,374,382,375,379,378,373,1437,372,365,367
386,384,1468,382,1470,380,376,374,375,379,1438,378
1468,379,375,1438,378,374,376,380,382,373,1437,384
1475,1418,1408,1486,1485,1409,1373,1354,1487,1353,1484,1382
1521,1402,1395,1520,1342,1358,1541,1398,1340,1542,1341,1563
1445,1471,1474,1475,1418,1486,1435,1408,1515,1485,1373,1490
1486,1471,1475,1490,1485,1487,1408,1418,1489,402,1484,1409
1485,1408,1409,1487,1484,1353,1354,1442,1489,1488,1373,1407
1584,1545,1509,1433,1633,1510,89,1546,87,1544,85,1643
1584,1476,1510,1432,1545,1633,1511,1643,1509,1433,1495,1544
1499,1502,1480,1450,1467,1500,1460,1452,1501,1440,1451,1415
1519,1464,1459,1457,1466,1458,1416,1540,1414,1567,1480,1478
1499,1460,1415,1500,1467,1450,1588,1411,1412,1502,1304,1451
1530,1508,1637,1564,1529,1507,1535,1666,1647,63,1600,1580
1557,1637,1481,1636,1600,1530,1564,1666,1508,1620,1453,1586
1482,1454,1557,1481,1455,1523,1637,1636,1600,1406,1508,1530
1491,1442,1470,1469,1407,1438,1504,1468,1353,379,378,388
1484,1409,1488,1442,1491,1407,1353,1517,1470,1438,1504,1354
1487,1485,1475,1489,1484,1488,1409,1517,1408,398,1491,396
1485,1488,1484,1517,1491,1409,1504,1442,394,1469,392,1408
1504,1491,1484,1469,392,388,390,1442,1470,386,1468,384
1517,1487,396,1488,394,1504,392,1484,1485,1491,390,1469
1489,1486,1487,398,1517,396,1488,1485,394,1484,1475,1504
1470,1442,1469,1468,1438,379,375,388,386,384,382,380
1498,1514,1493,1497,1419,1496,1522,84,1641,82,86,1643
1498,84,1496,82,78,1497,1514,75,1506,1523,1483,72
1492,1449,1495,1514,1493,1498,1420,1419,1511,92,90,86
1511,1492,1514,1510,1643,1641,1498,1449,1522,1584,1493,1633
1506,78,1497,1523,75,1483,1557,1636,1644,72,1522,1482
1522,1644,1523,1506,1620,1640,1636,1621,1557,78,1483,1630
1497,1496,1522,1523,82,1644,78,1641,1506,75,1636,1483
1500,1467,1460,1450,1412,1588,1451,1440,1386,1411,1452,1371
1467,1412,1588,1386,1368,1451,1371,1370,1440,1385,1383,1369
1443,1502,1560,1452,1444,1447,1555,1450,1440,1441,1526,1448
1452,1450,1443,1440,1499,1560,1444,1467,1451,1441,1500,1447
1560,1555,1562,1501,1443,1447,1556,1526,1444,1452,1502,1568
390,388,1469,386,384,1491,382,1468,1470,380,1442,376
1326,100,101,99,103,104,97,1327,95,105,111,93
1483,1557,1523,1482,1636,1454,1637,1620,1600,1481,1644,1455
1547,58,1529,1536,52,1530,55,1624,1534,57,1548,1533
1507,1530,1529,61,1547,1536,1535,1564,58,1533,1534,52
1545,87,85,1546,83,1544,79,1589,1633,74,70,1590
1584,1511,1643,1633,1545,1641,1630,1514,1544,1509,1522,1546
1643,1514,1641,1633,1492,1522,1630,1498,1497,1545,1640,1544
1513,1583,1465,1401,1519,466,1414,1389,1457,1479,464,1518
1401,1583,1389,1414,464,1465,1390,462,1519,1457,460,1322
1498,1522,1641,1497,1643,1644,1496,1640,1630,1523,1633,82
1490,402,1486,1474,400,1489,1487,398,1485,1475,1517,396
1515,406,1474,404,1490,1486,402,1473,400,1471,1489,1475
394,1504,1488,392,390,388,1469,1491,1484,386,384,1470
1479,1464,1538,1519,1459,1540,1466,1537,1583,1457,1458,1416
1457,1459,1416,1464,1414,1458,1392,1466,1480,1415,1540,1322
1541,1543,1563,1395,1398,1606,1604,1524,1436,1340,1342,1576
1520,1395,1541,1402,1542,1543,1563,1398,1342,1340,1681,1524
1644,1640,1523,1621,1620,1658,1629,1636,1506,1590,1557,1610
1636,1620,1557,1600,1482,1621,1610,1637,1454,1666,1658,1586
1377,1436,1399,1325,1253,1248,1531,1435,1250,1311,1382,1255
1527,1569,1448,436,1566,434,1528,1439,1661,432,1664,430
1525,1448,1570,1527,442,1444,439,1569,436,1439,1566,1528
1566,1528,1664,1661,1521,1403,1472,432,1542,1520,430,1404
1472,1521,1403,1664,1402,1520,1395,1357,1661,1542,1541,1342
1536,1533,1535,1534,1572,1550,1624,1549,1580,1571,1578,1623
1564,1535,1529,1666,1533,1580,1550,1536,1534,1547,1586,1577
1445,1473,1399,1435,1471,1418,1602,1253,1474,1377,1373,1382
1619,1602,1516,1625,410,408,1473,1474,406,1515,404,1531
1534,1550,1549,1578,1571,1572,1579,1577,37,34,38,31
1572,1549,1571,1634,1550,1578,1623,31,34,29,37,28
1533,1550,1580,1577,1534,1549,1578,1579,1536,1585,1593,1571
1624,1534,1572,1533,1623,1608,1571,1634,1549,1638,1648,1550
1540,1554,1551,1464,1539,1559,1558,1466,1565,1567,1595,1479
1464,1540,1537,1479,1466,1554,1539,1459,1551,1567,1519,1458
1567,1558,1502,1501,1478,1443,1452,1503,1458,1450,1560,1561
1539,1554,1466,1567,1558,1459,1502,1458,1478,1559,1501,1503
1398,1563,1524,1340,1436,1325,1606,1377,1399,1311,1308,1531
1543,1520,1604,1563,1626,1606,1541,1605,1576,1436,1395,1627
1563,1606,1541,1436,1576,1605,1524,1531,1398,1399,1625,1603
1590,1589,1630,1639,79,74,70,1629,68,1631,1640,66
1633,1544,1546,1589,85,83,1643,1630,1590,79,74,1639
83,1589,79,1544,74,70,1639,1590,68,1630,1631,66
1536,1624,1548,1529,1608,1572,1534,1623,1599,1533,1607,1638
1599,1608,1607,1624,49,47,45,1638,1623,1536,43,41
1578,1571,37,34,31,38,29,1579,35,28,1634,23
1578,1579,1549,38,37,35,1593,1635,34,1571,1655,23
1554,1559,1595,1558,1628,1561,1540,1539,1503,1596,1501,459
1678,1538,1553,1537,1518,1540,1464,1612,1551,1554,1479,1646
1537,1612,1551,1646,1538,1554,1565,1540,465,1559,1595,1632
1558,1539,1559,1501,1595,1567,1503,1466,1561,1502,1560,1443
1526,1447,1560,1556,1568,1443,1444,1525,1448,444,1570,442
1568,444,1526,442,1570,1525,439,1447,436,1448,1569,1527
1600,1637,1620,1666,1481,1610,1564,1586,1530,1621,1580,1508
1501,1503,1560,1502,1443,1567,1452,1555,1562,1447,1444,1478
1558,1561,1503,1501,1539,1562,1596,1560,1555,1443,1502,1567
1443,1447,1444,1452,1526,1448,1441,1556,1439,1440,1525,1568
1562,1503,1555,1558,1594,1560,1556,1501,448,452,1447,1526
1555,1556,448,1526,446,1560,1568,444,1447,442,1501,1525
1436,1606,1524,1398,1399,1531,1576,1377,1325,1340,1435,1253
1535,1580,1586,1550,1529,1577,1533,1585,1579,1534,1593,1578
1632,1595,1628,1551,1559,459,1561,457,1596,1554,455,1558
1664,1661,1528,1521,1542,1520,1472,1681,1642,1403,1543,428
1502,1478,1501,1450,1499,1452,1480,1443,1440,1467,1560,1503
1570,442,1526,1525,439,436,1569,1527,1448,434,1566,432
1566,1527,1661,432,1664,430,1528,1642,1542,428,1681,1521
436,1525,1569,434,1527,432,1566,1448,1661,430,1528,1664
29,31,28,1634,34,27,37,26,38,1648,25,35
1623,1634,1571,1648,28,1549,27,1638,26,29,25,31
1678,1582,1552,1518,1538,1581,1465,1479,1464,1537,1553,1591
1552,1573,1575,1678,1553,1538,1613,474,1582,1537,475,1518
1613,1553,1552,472,1612,470,1537,1646,1573,1551,1678,468
1625,1531,1473,1436,1532,1602,1445,1399,1619,1474,1516,1435
1593,1579,1550,1635,1578,35,1655,1653,1617,38,23,1549
38,37,35,34,23,31,1635,1655,1571,19,29,28
1578,1635,35,38,1655,23,37,19,1653,34,1654,18
1577,1585,1550,1593,1579,1533,1601,1578,1635,1549,1617,38
1512,1465,1582,1513,1583,469,1519,1518,1479,467,1678,1401
1518,1465,1678,1479,1512,1519,1538,1464,1583,1552,1459,1513
1519,1414,1457,1389,1479,1392,1459,1416,1390,1322,1464,1458
1633,1545,1643,1509,1544,1511,1546,1630,1641,85,1589,87
1601,1577,1593,1617,1611,1579,1550,1653,1635,1614,1645,1578
1585,1592,1580,1601,1577,1593,1611,1617,1618,1535,1550,1579
1190,1622,1154,1201,1189,1129,1186,1160,1104,1148,1103,1128
1412,1370,1368,1371,1302,1386,1333,1334,1383,1451,1369,1335
74,1639,70,1590,68,1631,66,1629,64,1657,62,1665
1639,1629,1631,68,70,66,1640,64,1657,1665,1658,62
1512,1581,469,1513,1465,467,1583,1582,1401,466,1519,1389
1601,1618,1611,1585,1617,1616,1593,1580,1645,1577,1659,1615
1635,1653,1617,1579,1655,1614,1654,35,23,1578,1645,19
448,446,1556,1562,444,1568,1555,442,1526,1503,439,1570
1561,1559,1596,1503,1562,1558,455,454,1594,1555,1501,1560
1561,454,1594,1562,452,450,448,1556,1503,446,1555,444
1575,1574,480,1552,475,1613,1553,472,1573,1678,1612,470
1574,1597,482,1575,483,1552,1573,481,480,479,1678,1613
49,1607,47,1608,45,43,1638,1624,41,1623,39,1650
1666,1586,1610,1637,1564,1592,1580,1585,1609,1530,1601,1535
1617,1611,1593,1645,1577,1653,1614,1635,1579,1615,1663,1662
1474,1516,1473,1515,1471,1486,406,1445,1475,1490,404,1485
1532,1625,1576,414,1619,1602,412,1516,1473,410,1606,1531
1605,1543,1606,1576,1563,1603,1436,1625,1531,1541,418,1532
1576,1603,1625,1606,1532,416,1531,414,1602,1619,1473,1563
1436,1576,1531,1625,1399,1524,1473,1445,1435,1377,1398,1602
45,1638,43,41,39,1623,1650,1648,32,30,33,22
1607,1638,1623,45,47,43,41,1572,1648,1650,39,1634
1649,1618,1592,1676,1659,1616,1611,1586,1601,60,50,53
1609,1592,1586,1666,1618,1585,1649,1601,1611,1580,1564,1616
1645,1617,1615,1614,1662,1651,1593,1663,1653,1652,1670,1671
1646,1551,1565,465,1537,1632,463,1595,1554,1628,1559,461
1612,1553,470,1646,468,1551,1552,1537,1565,465,463,1632
1653,1663,1671,1668,1654,1635,15,1669,1670,1675,1655,1656
1662,1645,1652,1672,1670,1663,42,1667,1614,40,1617,1677
1615,1651,1611,1645,1662,46,1652,44,1617,1601,1672,42
1614,1645,1653,1663,1635,1671,1662,1654,1655,1579,1668,1670
1616,1611,1659,1601,1615,1651,1674,50,1645,48,1617,1585
410,1516,408,1602,406,1515,1625,404,1474,1473,402,1490
1621,1610,1600,1658,1609,1586,1666,1637,1592,1665,1618,1649
1610,1609,1665,1600,1649,1592,1618,1586,1657,1676,1666,1637
1154,1186,1190,1155,1148,1129,1150,1128,1189,1201,1185,1140
1648,1638,1634,1650,33,25,41,26,27,30,43,39
1608,1623,1572,1638,1534,1607,1634,1648,1571,45,1650,41
1602,1473,1531,1474,1445,1516,1471,1515,408,1435,1486,1399
1627,1605,422,1604,420,1603,1576,418,1543,416,1606,1625
1605,1603,418,416,1532,1576,414,1604,1625,1619,412,1602
1595,457,1596,455,1561,454,1559,1562,1594,452,1503,450
1658,1631,1665,1657,1621,68,64,66,1609,62,1649,1676
1590,1640,1629,1522,1589,1639,1658,1631,1644,1621,1665,70
1657,64,66,1665,62,1676,1658,60,1649,53,1609,50
1628,459,457,1595,1596,455,1561,1551,454,1559,1562,452
1643,1544,1630,1641,1546,1590,1589,1640,1629,1522,1639,85
27,26,1648,28,25,29,33,31,1650,30,34,21
1655,1653,23,35,1654,19,38,18,1656,1671,14,37
1620,1557,1600,1610,1637,1621,1666,1586,1564,1609,1481,1658
1564,1666,1530,1580,1586,1535,1508,1610,1529,1585,1577,1550
41,1650,43,1648,39,33,30,32,25,1634,22,21
68,1631,66,64,1629,1657,62,1665,60,1658,1676,53
1644,1629,1658,1621,1620,1665,1609,1523,1631,1610,1636,1639
1522,1630,1640,1497,1644,1629,1544,1590,1658,1621,1523,1620
1681,1626,425,424,1542,1604,1605,1627,422,1543,1664,420
1641,1630,1544,1522,1640,1590,1629,1497,1546,1644,1589,1498
1620,1621,1523,1636,1658,1610,1557,1600,1629,1609,1665,1482
1614,1662,1663,1653,1670,1671,1668,1669,1672,1652,1654,1677
1565,463,1632,1551,461,1628,1595,459,1559,457,1537,1554
63,61,1507,58,1547,1508,52,55,57,1536,1529,1548
33,25,1650,26,30,27,21,39,28,32,22,29
1618,1659,1616,50,53,1674,48,1592,1651,1611,46,1615
30,33,32,22,21,25,26,27,28,29,31,34
1652,44,1615,42,1667,1672,40,1662,1645,36,1670,24
1667,1672,40,36,24,1662,1673,1677,1670,20,17,1680
1654,1671,1655,19,1663,1656,23,18,1675,1668,35,14
1656,18,19,1671,14,1675,8,15,1668,4,10,1660
23,19,1654,18,1656,14,1671,8,1675,4,31,1668
14,1675,8,4,1660,10,2,15,5,0,1,3
62,1676,60,1649,53,50,1659,1674,1609,48,1618,46
1621,1665,1609,1649,1657,1610,1676,1618,64,62,1592,60
1674,48,1616,1651,46,1615,44,1611,1652,42,1667,1645
1,0,2,3,4,5,10,1675,8,15,1656,13
1642,1681,1542,1664,428,427,1626,1604,1543,425,1520,1521
1670,1663,1672,1677,1669,1614,1668,1680,20,1673,1671,24
1668,1670,1669,1671,15,13,1679,1680,11,1677,10,1675
1521,1542,1520,1543,1472,1681,1395,1541,1604,1563,1402,1606
1657,1649,1676,1609,62,60,1618,1659,53,50,1674,1610
1564,1586,1580,1585,1535,1577,1592,1550,1601,1593,1533,1529
40,36,1672,24,1673,20,1677,17,1662,1670,16,1680
15,1669,13,10,11,1679,1675,5,9,1680,1660,1656
1679,13,1680,11,15,9,7,10,16,12,5,6
1677,1669,1680,1679,1668,20,17,16,1673,24,9,11
1668,1675,15,1656,10,13,1669,18,14,5,1660,8
1677,1673,24,36,1670,20,17,1680,16,1669,1663,12
20,1677,17,16,1680,12,6,1679,1669,7,9,11
48,46,1651,44,1616,42,1652,1615,1667,40,1672,1611
10,1660,8,14,4,5,2,13,3,1,0,11
53,1649,50,1659,1674,48,1618,1616,46,1651,44,1615
20,17,1680,16,12,1679,1669,6,7,9,11,1668
1518,1538,1464,1479,1465,1537,1540,1553,1519,1459,1466,1512
9,11,7,13,12,6,5,10,3,1660,1,0
1679,16,12,9,7,6,11,13,15,10,5,3
1542,1604,1626,1543,1605,1627,1606,1576,1520,422,1563,1603
1219,1338,1423,1337,1220,1424,1422,1362,1336,1328,1462,1434
1495,1494,1463,1492,1511,1449,1514,1510,1431,1498,1477,1493
