1,4,1538,5,3,1539,2,7,1540,10,11,6
0,5,4,7,1539,1538,10,11,3,15,2,1540
3,6,1540,4,8,1533,1538,0,13,9,1532,1
4,2,1540,0,6,1538,1,8,1533,1532,5,13
3,0,1538,1,2,1540,5,6,1539,7,1532,8
1,7,10,1539,0,11,15,1538,4,18,1545,3
2,8,1540,3,13,1533,9,4,1538,12,1505,1532
10,11,5,15,1539,1,18,1545,0,1538,28,22
6,13,9,1533,2,1540,12,1505,3,16,1503,4
13,12,8,1505,16,1533,6,21,1504,2,1540,1503
11,15,7,1539,18,5,1545,1,28,22,1541,0
10,15,7,18,5,1539,1545,28,22,1,23,0
9,16,13,1505,21,8,1504,26,1533,6,-1,-1
9,8,12,1533,1505,6,16,2,1540,1503,1504,21
17,20,19,33,24,1558,35,37,30,27,1557,29
10,11,18,7,1545,1539,28,22,5,23,1,1541
21,12,1504,26,9,1505,13,32,1509,8,1501,34
20,14,19,24,33,1558,27,1557,37,35,25,30
15,28,1545,22,10,11,23,1539,7,1560,1542,29
24,17,20,14,27,1558,1557,33,25,37,1556,1552
17,33,19,14,1558,24,37,35,1557,27,30,1552
26,16,1504,32,12,1509,1505,34,9,1488,1501,13
23,28,18,1560,29,15,30,11,1545,10,1542,1543
22,29,28,1560,30,18,15,35,1543,11,1545,10
27,19,1557,25,17,20,1558,1556,31,33,14,1552
31,27,1556,24,36,1557,19,39,1558,1552,1555,17
21,32,1504,16,34,1509,1488,12,38,1505,9,1501
25,24,1557,31,1556,19,1558,36,17,20,1552,39
22,18,1560,23,1545,15,1542,29,11,10,1534,30
30,23,1560,22,35,1543,28,37,18,1534,33,15
29,35,23,1543,37,1560,22,33,14,20,28,1534
25,36,1556,27,39,1557,24,1555,44,19,1552,-1
34,26,1488,38,1509,21,1504,40,16,1489,43,1499
37,20,1558,35,17,19,14,30,24,1550,1557,1543
32,38,1488,26,40,1509,21,43,1489,1504,16,-1
37,30,1543,33,29,20,23,1558,1550,14,1560,17
31,39,1556,25,44,27,1555,1557,24,50,1552,-1
35,33,1543,1558,30,1550,20,29,14,17,19,1552
34,40,1488,32,43,1489,1509,26,51,49,21,-1
36,44,1556,31,1555,50,25,1553,27,56,1557,1552
43,38,1488,34,1489,51,49,32,53,1463,48,1509
42,46,47,1398,52,45,55,48,54,1408,-1,-1
41,47,46,1398,45,52,48,1408,55,49,1397,54
40,51,49,38,53,1489,48,1488,1463,45,34,47
50,39,1555,56,1553,36,1556,31,60,1554,-1,-1
47,48,42,1398,49,1408,41,46,52,53,43,51
41,42,1398,52,47,55,45,54,1408,59,48,58
1398,45,42,52,48,46,1408,41,49,55,1397,53
49,45,1408,47,53,1398,51,43,42,1464,52,1397
48,53,51,43,45,1408,47,40,1464,1463,1398,42
56,44,1553,39,60,1555,1554,36,64,1536,-1,-1
53,49,43,1463,48,40,1489,1453,1464,1408,45,38
1398,55,46,47,42,1408,1397,59,41,54,45,58
51,49,48,1463,1464,43,1408,1453,45,40,1489,47
57,58,55,59,61,52,46,1398,63,1397,1388,41
52,59,54,58,46,1398,1397,57,47,42,1408,41
50,60,1553,1554,44,64,1536,66,1555,39,68,1559
54,58,61,59,55,63,62,1387,1388,52,46,1397
59,57,54,55,61,1388,52,1397,1387,63,46,1398
58,55,1388,54,57,1397,52,61,1387,1398,46,1408
64,56,1536,66,1554,68,50,1553,1523,78,44,1559
57,63,58,62,54,1387,59,65,1391,1388,55,74
63,65,61,1391,74,57,1387,80,58,77,54,83
62,61,65,1391,57,1387,74,58,54,59,80,1388
66,68,60,1536,1554,78,56,1523,86,50,-1,-1
62,74,63,1391,80,61,77,83,1387,1390,76,57
64,68,1536,60,78,1554,1523,56,86,-1,-1,-1
71,72,1421,73,85,70,1418,84,69,1420,82,79
66,64,78,1536,1523,60,86,1554,56,89,-1,-1
75,82,1427,84,81,71,85,1421,67,1428,87,72
73,76,79,1420,72,77,1417,67,1418,83,1421,71
1421,67,72,85,84,69,82,73,1418,1427,75,70
73,67,1421,71,1418,70,1420,85,79,84,76,82
72,70,1420,79,67,1418,76,1421,71,1417,85,77
80,65,1391,83,77,62,63,76,1390,1419,1417,79
69,1427,81,82,84,87,1428,71,85,88,1421,67
79,77,70,1417,1420,83,73,80,72,74,1419,1418
76,83,1417,79,80,74,70,1420,1419,65,73,1391
86,68,1523,66,1536,89,64,91,1524,60,1522,92
76,1420,1417,70,77,73,83,1418,72,1375,1419,80
83,74,77,1419,1417,1391,65,76,1348,79,1390,62
1427,75,87,82,88,69,1428,84,1424,90,85,71
84,1427,69,85,1428,75,81,1421,71,87,67,1426
80,77,1417,1419,76,74,79,1420,70,65,1391,1375
85,82,1421,1427,71,1428,69,75,1426,1418,81,72
84,1421,82,71,1418,72,1428,1426,1427,69,67,73
78,89,91,1524,92,1523,68,1522,94,66,1536,64
88,81,1424,90,1427,1428,75,82,93,69,84,1412
87,90,1424,81,93,1427,1428,75,1412,82,95,69
91,86,92,1524,94,78,99,1522,1506,1485,1523,104
93,88,1424,87,1412,95,81,100,1428,1427,-1,-1
89,92,1524,94,86,99,1506,78,1485,1522,104,1484
91,1524,94,89,1506,1485,86,99,1522,1484,104,78
95,90,1412,100,88,1424,1407,87,108,-1,-1,-1
99,92,91,1485,89,1484,104,1524,1506,109,86,1477
100,93,1407,1412,108,90,1404,1424,121,88,1414,-1
97,98,1486,102,103,1551,101,1487,110,1496,107,-1
96,102,1551,1486,98,101,103,1496,107,1487,105,114
96,103,1486,97,110,1551,102,1487,122,101,1496,-1
104,94,1484,109,1485,92,91,1483,89,116,106,1477
108,95,1407,93,121,1404,1412,1413,90,131,-1,-1
102,107,105,114,97,1496,106,1551,125,96,116,124
101,97,1551,107,1496,96,1486,114,105,98,1487,106
98,110,1486,96,122,1487,1551,97,127,102,1448,-1
99,109,1484,116,1483,106,94,105,114,124,1537,1485
106,107,114,101,116,109,125,124,102,104,1496,1483
105,114,116,107,109,124,101,125,104,1483,1496,102
114,105,101,106,125,1496,102,124,116,1551,109,97
100,121,1404,1413,95,1407,131,130,93,135,1403,-1
116,104,1483,106,105,99,124,114,1484,107,125,1497
122,103,1486,127,1487,98,1448,96,138,1551,97,-1
112,117,1460,113,119,1461,1434,115,118,1465,120,123
113,111,117,115,1434,1460,120,119,1461,1481,118,126
115,112,1434,111,120,1460,117,126,1433,1481,1470,119
107,105,125,106,124,116,101,1496,109,102,1497,1551
113,120,112,1434,126,1433,1470,111,128,1481,1460,117
109,106,124,114,1483,105,125,104,107,1497,99,101
111,119,1461,118,112,1460,113,123,1434,1411,1465,115
119,123,1461,117,132,1411,1395,111,1437,140,1396,1460
118,117,1461,123,111,112,1411,132,1460,1395,1437,113
115,126,1470,113,128,1433,1434,112,129,111,1469,133
131,108,1413,130,1404,135,100,1403,1415,1407,134,95
127,110,1448,1487,138,103,1486,98,141,1551,1449,1443
118,132,1395,119,1411,140,1396,1461,117,144,1394,1437
125,116,114,1497,106,107,105,109,1483,1447,1496,101
124,114,1496,107,116,106,105,1447,1497,101,109,1449
128,120,1470,129,115,1433,133,113,1469,136,1434,112
122,138,1448,110,141,1487,1443,103,145,1486,1442,-1
129,126,1470,133,120,136,1469,115,1433,1432,139,-1
133,128,1470,136,126,1469,1432,139,120,1433,1471,143
135,131,134,1415,121,1413,137,1403,108,1402,1404,142
130,1413,121,135,1415,1403,134,1404,108,1402,137,1401
123,1395,140,1396,144,118,1392,1411,149,119,1394,1461
129,136,1432,128,139,1469,1470,126,143,1471,1478,120
135,137,1415,130,142,131,1401,155,121,160,1413,156
130,134,1415,131,137,121,142,1413,1401,1402,1403,155
133,139,1432,129,143,1471,1469,1478,128,146,1470,126
134,142,135,1415,155,130,1401,156,160,131,164,121
127,141,145,122,1448,1443,1442,110,159,1487,-1,-1
143,136,1432,133,146,1478,129,150,1471,1469,128,152
144,1396,132,149,123,1395,157,1392,162,118,1367,168
145,138,1442,159,127,1443,161,165,1448,167,122,1445
155,137,156,134,160,1401,1415,135,164,130,131,171
146,139,1478,150,136,1432,152,133,1476,1471,153,129
140,149,1396,157,132,162,1392,1395,1367,168,123,-1
141,159,1442,161,138,165,167,127,1443,172,1445,-1
150,143,152,1478,139,1476,153,136,1432,1537,154,133
148,151,1497,1475,154,158,166,163,153,1447,169,124
147,158,1497,151,163,1447,166,1475,154,169,1446,124
144,157,1396,140,162,1367,1392,168,132,1354,1395,1355
152,146,1476,153,143,1478,154,139,1537,1475,151,136
147,154,1475,148,153,1497,1476,158,166,152,169,163
150,153,1476,146,154,1478,151,143,1475,1537,147,139
152,154,1476,151,150,1475,147,146,1537,1478,169,148
151,153,1475,147,152,1476,148,150,1497,169,166,1537
156,160,142,1401,164,137,134,1415,171,135,1378,1402
155,160,142,164,1401,137,171,134,1415,1378,135,-1
162,149,1367,168,144,1355,1354,1396,140,1392,178,1376
148,163,166,147,1446,1447,1527,1497,151,169,1452,184
161,165,145,167,1442,141,172,138,1445,177,1443,-1
155,156,164,1401,142,171,137,1378,1415,134,188,135
159,165,167,145,1442,141,172,-1,-1,-1,-1,-1
157,168,1355,149,178,1376,144,1354,1367,140,1342,1396
166,1527,158,1452,1446,169,148,184,185,147,186,191
160,171,1401,155,156,1378,188,142,192,1415,1402,137
167,161,159,172,1442,145,177,141,1445,-1,-1,-1
163,169,1452,1527,158,184,176,148,191,185,147,151
165,172,159,1442,161,177,1445,145,187,141,181,1443
162,178,1376,1355,157,196,149,1377,144,198,194,1354
1452,166,176,191,184,163,1527,195,197,1431,158,185
173,180,1423,1466,181,179,1445,187,1446,186,1444,1443
164,188,1378,192,160,1401,156,155,203,142,1402,1358
177,167,1445,187,165,1442,159,181,161,1423,145,180
170,179,180,1466,186,1446,1423,181,185,1527,1444,187
175,193,182,1307,1304,202,1293,1305,183,1306,1356,212
174,182,1307,193,183,1356,189,202,1304,1293,1306,1342
169,195,1452,197,191,1431,166,201,184,211,163,1527
187,172,1445,181,167,1423,1442,180,165,170,159,1443
168,196,1376,1377,198,204,162,1355,206,207,200,205
186,173,185,170,1446,1527,180,1466,184,163,1423,181
181,170,1423,173,187,179,1445,1466,177,186,172,1446
180,187,1423,177,1445,170,173,172,1466,179,1443,1442
183,175,174,189,1356,1307,193,1342,190,202,1293,194
182,189,1356,190,175,1342,1307,174,194,193,1354,1355
185,1452,191,1527,166,186,169,163,197,1431,176,179
186,184,1527,179,191,1452,163,166,1446,169,173,197
185,179,1527,184,173,1446,191,163,1452,170,166,180
181,177,1445,180,172,1423,170,167,1442,173,1466,1443
192,171,1378,203,164,1358,160,213,1401,1380,-1,-1
190,183,1342,194,182,1356,199,175,1355,1376,1354,1307
194,189,1342,183,199,1355,1376,182,1356,205,1377,1354
184,1452,197,1431,169,176,185,195,1527,166,211,186
188,203,1378,171,1358,213,164,1331,1380,-1,-1,-1
174,1304,202,1293,175,212,182,1292,1305,1307,216,183
190,199,1376,1342,189,1355,205,1377,183,207,178,168
176,201,197,1431,211,191,169,210,1452,1405,214,184
198,204,178,1377,206,200,207,208,1376,205,168,209
1431,191,211,195,176,201,1452,184,214,169,1405,185
196,206,200,208,204,209,178,1377,207,205,1376,168
205,194,1377,1376,190,207,204,189,1355,196,1342,178
208,198,209,206,196,204,178,207,1377,205,-1,-1
210,195,1405,211,1431,197,214,215,176,219,191,1385
1293,212,193,1292,1304,216,174,217,1290,175,1284,182
213,192,1331,188,1358,220,224,171,1378,221,1359,-1
206,207,196,1377,198,205,208,200,178,1376,199,209
207,199,1377,204,194,1376,196,206,190,178,198,1355
204,208,198,200,196,207,209,1377,205,178,1376,199
205,204,1377,206,199,196,198,1376,208,178,194,200
200,209,206,198,204,196,207,1377,178,205,-1,-1
208,200,206,198,204,196,207,-1,-1,-1,-1,-1
1405,215,201,214,219,211,1385,223,195,1431,227,197
1431,214,197,1405,201,195,210,219,191,176,215,1452
1293,202,216,1290,217,1292,193,1284,218,1304,1274,174
203,1331,220,224,221,192,1358,225,1359,188,232,1330
1405,211,219,210,201,1431,215,227,197,195,1385,223
1385,210,223,1405,219,227,214,229,201,231,234,211
217,212,1290,218,1293,202,1274,222,1284,1283,1292,193
216,218,1290,222,1274,212,1293,226,202,1282,1283,-1
217,222,216,1274,226,1290,1282,212,237,1293,202,-1
214,227,1405,215,210,1385,223,211,234,201,231,229
224,213,221,1331,232,238,225,203,1330,241,-1,-1
225,224,232,1331,1330,220,238,213,1359,1368,241,203
226,218,217,1274,237,1282,216,1290,242,-1,-1,-1
1385,229,215,231,227,234,236,219,233,228,210,1405
220,221,232,225,238,1331,213,1330,241,203,1368,1359
221,232,1330,224,1368,1331,238,220,1359,1382,1227,213
222,237,218,1282,1274,242,217,216,-1,-1,-1,-1
234,219,1385,223,231,215,229,214,1405,236,210,233
233,230,229,236,1332,235,1450,231,223,1385,239,240
231,236,233,223,228,1385,234,1450,230,240,227,1332
228,235,233,1332,239,1450,229,236,244,231,240,243
236,229,234,233,223,1385,1450,227,240,228,1332,215
225,238,221,224,220,241,1330,1368,1227,1261,1331,213
228,236,229,1450,230,1332,231,240,235,223,239,1385
231,227,236,229,223,1385,240,233,219,1450,215,228
230,239,1332,228,233,1450,244,236,243,229,240,231
231,233,229,1450,240,234,228,1332,223,230,243,1385
226,242,1282,222,246,1281,1274,218,1264,-1,-1,-1
232,241,224,1261,245,221,225,220,1227,1368,247,1330
1332,244,235,230,1450,243,233,240,228,236,229,231
1450,243,236,1332,233,244,231,234,229,239,228,230
245,238,1261,247,232,1221,1227,224,220,1220,221,225
246,237,1281,1282,248,226,1265,1264,222,1274,250,-1
244,240,1450,1332,239,236,233,231,230,235,228,229
243,239,1332,1450,240,235,233,230,236,228,231,229
241,247,1261,1221,238,249,1220,251,1227,232,-1,-1
242,248,1281,237,250,1282,1294,1265,-1,-1,-1,-1
245,249,1221,241,251,1261,1220,1201,253,238,-1,-1
250,246,1294,1281,252,242,1265,1258,1269,254,-1,-1
251,247,1221,253,245,1201,255,1200,1261,241,1220,-1
1294,252,248,1269,254,246,1258,1265,256,1281,1268,1225
249,253,1201,1221,247,255,1200,245,1199,257,1220,-1
254,250,1269,1294,256,248,1268,1258,258,1225,-1,-1
255,251,1200,249,1201,257,1199,1221,259,247,-1,-1
256,252,1269,1268,258,250,1294,260,1225,248,1258,-1
253,257,1200,259,251,1199,249,1201,261,-1,-1,-1
254,258,1268,252,1269,260,250,1294,-1,-1,-1,-1
259,255,1200,261,253,1199,263,251,-1,-1,-1,-1
260,256,1268,254,262,1210,1269,252,264,265,1222,266
257,261,1200,1199,255,263,1289,253,1197,269,-1,-1
262,258,1210,264,1268,265,256,266,1222,1214,267,254
259,263,257,1197,1199,269,1289,1200,255,270,-1,-1
264,260,265,1210,1214,266,258,1226,1206,1268,267,1222
261,269,1197,270,259,1239,1289,272,257,1199,-1,-1
262,265,1226,266,1214,260,1206,1210,267,268,258,1190
264,266,1206,262,267,1226,260,268,1214,1190,1210,258
267,265,1206,268,264,262,1226,271,1190,260,258,273
266,268,1206,265,271,1190,264,1226,262,273,260,-1
267,271,1206,266,1190,265,273,1226,264,275,262,1175
270,263,272,1239,1197,261,274,259,1240,-1,-1,-1
269,272,1239,263,274,1197,1393,1240,280,261,1215,-1
268,273,1190,267,1206,275,266,1175,276,265,1226,277
270,274,1239,1393,269,280,1215,263,1197,1240,284,-1
271,275,1190,276,1175,268,277,1174,1206,267,278,266
280,272,1393,270,284,1239,1208,1215,269,287,-1,-1
276,273,277,1174,1175,271,278,1190,1146,1173,279,268
277,275,1174,278,273,1173,1175,279,1146,271,1145,282
278,276,275,279,1174,1173,273,282,1175,281,1145,1207
277,279,1173,276,282,1174,281,275,1207,273,283,1145
282,278,281,1173,277,1207,283,276,1174,1169,285,275
284,274,1393,1208,287,272,1209,270,1215,1239,289,-1
282,283,1207,279,285,278,1172,1173,286,277,1169,288
279,281,1207,1173,283,278,285,277,1172,1169,276,286
285,281,282,1207,286,1172,279,288,290,1173,278,1169
280,287,1208,274,1393,289,1123,1209,272,-1,-1,-1
283,286,281,288,1172,1207,282,290,279,-1,-1,-1
288,285,1172,283,290,281,1207,292,282,-1,-1,-1
284,289,1208,280,1123,291,293,274,1209,1393,1079,-1
286,290,1172,285,292,283,1207,294,281,-1,-1,-1
291,287,1123,293,284,1079,1208,295,280,-1,-1,-1
288,292,1172,286,294,285,1168,1207,283,296,-1,-1
293,289,1079,295,287,1123,297,1080,-1,-1,-1,-1
294,290,1172,1168,296,288,286,298,1169,1207,-1,-1
295,291,1079,297,289,1031,1123,1080,299,287,-1,-1
296,292,1168,298,290,1161,1172,300,288,1169,-1,-1
293,297,1079,1031,291,299,1080,289,301,1123,-1,-1
298,294,1168,1161,300,292,290,302,1152,-1,-1,-1
299,295,1031,293,301,1079,1019,1080,291,303,-1,-1
300,296,1161,294,302,1152,1168,304,292,1160,-1,-1
297,301,1031,1019,295,303,1034,293,1079,305,971,1017
298,302,1152,1161,296,304,1160,1148,294,1168,-1,-1
299,303,1019,1034,297,305,971,1031,295,306,-1,-1
300,304,1152,298,1148,307,1161,1142,296,1160,308,-1
305,301,971,1034,306,299,1019,920,297,309,-1,-1
302,307,1142,300,308,1148,1152,310,298,1135,-1,-1
971,303,306,1034,920,301,309,914,1019,299,311,-1
305,309,971,920,914,303,311,1034,301,895,913,-1
308,304,1142,310,1135,302,312,1148,1137,-1,-1,-1
310,307,1135,1142,312,1137,304,314,1132,1148,302,1136
306,311,914,305,895,971,313,920,303,-1,-1,-1
312,308,1135,307,314,1137,315,1142,304,-1,-1,-1
309,313,895,914,306,316,894,908,305,-1,-1,-1
310,314,315,1137,308,1135,307,317,1078,-1,-1,-1
316,311,895,894,318,309,914,320,908,-1,-1,-1
315,312,1137,310,317,1078,1135,308,1076,319,1131,-1
314,317,312,319,1076,1078,1137,310,321,-1,-1,-1
318,313,894,320,895,311,803,322,-1,-1,-1,-1
315,319,1076,314,321,312,1078,-1,-1,-1,-1,-1
320,316,322,803,894,313,323,-1,-1,-1,-1,-1
317,321,1076,315,324,1133,314,326,-1,-1,-1,-1
322,318,803,323,316,894,325,800,313,-1,-1,-1
319,324,1133,1076,326,317,1134,328,315,-1,-1,-1
323,320,325,803,318,800,327,773,316,-1,-1,-1
322,325,320,773,800,803,327,329,318,-1,-1,-1
326,321,1133,328,1143,319,1076,334,1134,1144,-1,-1
327,323,773,322,329,330,800,320,803,332,802,-1
324,328,1143,1133,334,321,336,1044,1144,319,-1,-1
329,325,773,330,323,332,322,802,331,800,-1,-1
326,334,1143,324,336,1044,1133,339,321,-1,-1,-1
330,327,773,332,325,802,331,323,333,801,340,-1
332,329,331,802,327,773,333,325,340,341,801,335
332,333,802,330,335,809,329,801,773,337,340,342
331,330,802,333,329,773,335,340,327,809,801,342
331,335,809,802,332,337,330,343,762,344,342,340
336,328,1143,1044,326,339,324,347,1045,1133,-1,-1
337,333,331,338,344,809,343,762,342,332,346,802
339,334,1044,347,1143,328,1045,1035,352,326,-1,-1
335,338,344,346,333,343,349,808,809,762,331,342
346,337,349,344,808,335,807,797,343,762,1120,342
347,336,1044,352,334,1035,354,1143,1045,328,-1,-1
341,342,762,345,343,732,761,344,348,332,331,330
340,345,732,342,348,762,343,761,350,731,332,330
762,343,340,341,761,344,732,345,335,346,797,337
762,342,344,761,340,346,335,337,797,338,341,349
343,346,762,338,797,349,337,342,761,335,340,333
348,341,732,340,350,342,715,351,762,731,761,343
349,344,797,338,343,337,761,762,1120,807,844,342
339,352,1035,336,354,1044,1069,334,356,1045,-1,-1
350,345,351,341,732,715,340,353,731,342,355,762
346,338,797,344,807,1120,337,343,808,844,761,762
348,351,345,353,715,355,732,341,731,357,340,707
350,353,348,355,715,345,357,707,732,341,-1,-1
347,354,1069,1035,339,356,336,1044,1024,1005,-1,-1
355,351,357,350,715,707,348,359,345,682,-1,-1
352,356,1069,347,358,1005,1035,1024,339,-1,-1,-1
353,357,707,351,715,359,350,682,360,348,708,-1
354,358,1069,1005,352,361,967,1024,347,-1,-1,-1
355,359,707,353,360,715,351,708,682,362,350,-1
361,356,967,1005,354,364,964,1069,368,365,966,-1
360,357,707,708,362,355,682,363,353,676,715,-1
362,359,363,708,676,357,707,371,355,664,682,-1
358,364,967,964,368,365,356,366,1005,968,367,935
363,360,676,708,371,359,664,662,378,707,357,-1
362,371,676,360,378,662,708,359,664,384,385,-1
368,361,964,365,968,366,967,358,969,367,965,935
368,366,969,364,367,361,968,369,964,979,975,375
365,367,368,969,369,364,979,375,361,968,372,974
369,366,365,375,969,979,368,372,364,370,361,974
365,364,366,969,968,361,964,367,975,369,979,358
367,375,372,979,366,370,365,969,383,368,379,373
372,373,379,377,374,375,383,369,380,376,387,979
363,378,676,362,662,384,385,386,360,664,677,708
370,375,373,369,379,383,377,979,374,367,387,380
374,370,377,379,372,380,376,383,375,382,381,387
377,373,376,380,379,370,381,382,372,383,375,387
372,369,979,370,367,383,379,373,387,366,377,1030
380,381,374,382,377,373,379,370,383,372,-1,-1
374,380,379,373,376,370,382,383,381,372,387,375
384,385,371,662,386,363,676,677,392,362,727,664
377,383,373,370,374,380,372,387,376,375,382,381
376,377,382,381,374,379,373,383,370,372,387,-1
382,376,380,374,377,373,379,370,383,-1,-1,-1
381,380,376,377,374,379,373,383,370,-1,-1,-1
387,379,377,372,370,373,393,375,1033,979,380,374
385,378,677,386,662,392,371,727,676,644,363,396
386,384,378,392,677,662,371,396,390,644,395,727
385,392,384,378,396,677,390,395,371,662,388,391
383,393,1033,972,1030,379,979,402,400,401,375,377
391,390,389,394,395,398,396,392,386,385,404,600
391,388,394,390,398,395,396,404,392,-1,-1,-1
388,391,394,395,389,396,392,398,386,385,600,404
388,390,389,394,395,398,396,392,386,404,600,385
396,386,395,385,390,600,384,677,388,391,394,378
1033,387,972,401,402,400,383,1030,399,379,397,979
391,389,398,390,395,388,396,404,392,600,405,579
396,394,390,391,392,388,398,600,389,386,404,385
395,392,600,390,394,386,391,388,398,385,389,598
399,403,400,972,1030,407,1047,406,974,402,408,936
394,404,395,389,391,405,390,388,579,396,600,411
397,400,972,403,402,1030,407,401,1033,393,406,408
402,399,972,401,1033,393,397,1030,407,403,409,408
402,1033,400,393,972,399,409,387,412,397,408,1030
401,400,1033,393,972,399,409,397,387,408,412,1030
397,406,399,407,936,1047,410,400,408,973,972,974
405,398,579,411,394,395,389,391,600,546,414,396
404,411,579,398,414,546,394,547,-1,-1,-1,-1
410,407,403,973,936,408,397,938,399,1047,409,927
410,408,406,403,409,399,397,973,938,400,992,936
409,407,410,412,992,406,938,399,400,403,413,973
412,408,407,992,413,410,402,400,401,938,399,406
407,406,973,408,938,403,409,936,992,888,397,399
405,414,546,404,579,417,547,398,-1,-1,-1,-1
409,413,408,992,416,415,407,1068,402,401,410,938
416,412,415,992,1068,409,418,408,993,938,419,407
546,411,417,405,606,420,547,579,404,538,-1,-1
416,413,418,1068,419,412,992,993,421,409,-1,-1
415,413,418,1068,419,993,992,412,421,409,1014,994
420,414,606,546,538,423,411,547,539,541,-1,-1
419,416,415,993,1068,421,413,994,422,424,992,903
421,418,994,422,993,416,424,415,1068,425,413,959
538,423,417,606,539,414,426,546,541,-1,-1,-1
419,422,424,994,418,425,993,415,416,959,427,1068
424,421,994,425,419,427,418,959,993,-1,-1,-1
538,420,426,539,417,606,428,540,-1,-1,-1,-1
422,425,421,994,419,427,959,418,429,993,-1,-1
427,424,422,994,959,429,421,419,854,430,-1,-1
428,423,540,539,538,534,420,431,-1,-1,-1,-1
429,425,959,430,854,424,994,422,421,432,859,-1
534,431,426,540,433,536,423,539,-1,-1,-1,-1
430,427,854,959,425,432,859,994,855,424,-1,-1
429,432,854,859,427,959,434,856,855,835,425,-1
433,534,428,536,435,533,540,426,-1,-1,-1,-1
434,430,859,856,429,437,854,878,835,427,-1,-1
431,435,533,536,534,436,428,537,438,-1,-1,-1
432,437,878,856,439,430,859,858,-1,-1,-1,-1
436,433,533,438,537,431,536,440,535,534,-1,-1
438,435,537,533,440,433,441,535,551,536,-1,-1
878,439,434,442,856,432,879,858,-1,-1,-1,-1
440,436,537,441,435,533,551,443,535,433,-1,-1
442,437,878,879,449,434,989,858,856,-1,-1,-1
441,438,537,551,443,436,444,533,535,435,-1,-1
443,440,551,444,438,537,445,436,548,535,446,-1
439,449,879,989,437,878,453,858,832,-1,-1,-1
444,441,551,445,440,446,548,537,438,555,447,-1
445,443,446,441,551,548,447,555,440,448,-1,-1
446,444,447,443,555,548,448,551,441,450,-1,-1
447,445,555,448,444,450,443,548,570,551,451,441
446,448,555,450,445,570,451,444,548,568,452,443
450,447,555,570,446,451,445,452,568,574,444,454
453,442,989,988,439,879,1013,455,832,-1,-1,-1
448,451,570,447,452,555,574,446,454,568,583,445
452,450,448,454,570,574,583,447,456,555,446,569
451,454,574,583,450,456,570,448,597,592,575,458
449,988,455,989,1013,442,953,457,879,-1,-1,-1
583,452,456,451,574,592,597,458,450,575,603,570
988,457,453,953,1013,449,460,1048,989,950,-1,-1
454,458,592,583,452,459,603,597,451,574,461,-1
455,460,1048,953,988,453,463,923,1013,1112,950,-1
459,456,592,461,454,603,583,609,462,452,597,-1
461,458,592,462,609,456,603,464,608,454,583,-1
1048,457,463,1112,465,953,455,923,988,-1,-1,-1
462,459,609,464,458,608,592,603,466,456,-1,-1
464,461,608,609,466,459,467,607,458,610,611,603
465,460,1112,1048,469,457,963,923,1050,921,-1,-1
462,466,608,467,461,607,609,610,468,459,611,-1
463,469,1112,963,1050,460,472,1048,-1,-1,-1,-1
467,464,607,608,610,468,462,470,461,609,742,611
607,468,466,610,470,464,608,742,471,462,675,614
607,467,470,742,610,471,466,675,473,464,608,614
465,472,1050,963,463,481,1039,1112,962,-1,-1,-1
471,468,742,473,607,467,675,610,474,466,614,743
473,470,742,474,468,675,475,743,607,467,610,476
469,481,1050,1039,501,465,505,963,962,1016,504,-1
474,471,475,470,742,743,675,476,468,757,482,607
475,473,471,476,743,757,742,470,675,482,486,-1
474,476,757,473,482,743,471,486,756,779,675,742
475,482,757,474,486,756,743,473,490,779,496,471
478,483,1015,484,479,1025,480,485,986,1012,494,489
477,479,1015,483,480,986,1025,494,484,961,985,495
480,478,1015,494,477,985,986,495,961,483,1025,499
479,494,985,495,478,961,1015,499,477,986,1016,962
501,472,1039,505,1050,504,469,1016,500,962,-1,-1
486,476,757,490,475,756,496,474,777,778,743,779
477,484,1025,478,485,1015,1012,489,479,986,480,488
485,483,477,489,1012,1025,478,488,1015,479,487,-1
489,484,1012,483,488,1025,477,487,906,478,493,1015
490,482,496,756,476,777,757,778,502,475,506,779
493,488,492,489,906,851,1012,491,485,484,498,-1
487,489,493,485,1012,906,484,492,851,483,491,-1
485,488,1012,484,487,483,906,493,1025,477,492,-1
486,496,777,502,482,756,778,506,476,805,757,503
498,492,851,804,497,493,503,487,880,805,906,850
491,493,851,498,487,804,497,488,906,880,850,503
487,492,488,491,851,906,498,489,804,1012,497,485
495,480,985,479,499,478,500,1016,961,962,1015,477
494,499,985,480,500,1016,479,504,962,961,478,1039
502,490,777,506,486,778,805,756,503,482,497,810
498,503,804,805,506,491,502,492,810,880,851,777
491,497,804,503,492,851,805,880,506,493,810,502
500,495,1016,985,504,494,962,480,505,1039,479,501
499,504,1016,505,495,1039,985,962,501,494,481,1050
505,481,1039,504,472,500,1016,1050,499,-1,-1,-1
506,496,777,805,503,490,778,497,486,756,810,804
506,497,805,502,498,804,777,496,491,810,778,880
505,500,1016,1039,501,499,481,495,962,985,1050,472
504,501,1039,500,481,1016,499,472,1050,962,495,-1
502,503,805,777,496,497,778,490,498,804,810,491
509,508,511,510,512,515,514,513,518,516,517,520
507,510,509,512,511,515,514,513,518,520,516,517
507,511,508,513,512,510,515,514,516,517,518,519
512,508,515,514,507,509,511,518,520,513,519,521
509,513,507,516,508,514,512,517,515,518,510,519
515,510,514,508,518,507,509,511,520,519,521,513
516,511,517,509,519,518,514,521,520,507,515,512
515,512,518,520,519,510,521,511,517,509,508,513
512,514,510,518,520,508,511,509,519,521,507,517
517,513,519,511,521,518,520,514,509,515,512,507
516,519,513,521,518,520,511,514,515,512,509,507
520,521,514,519,515,517,512,516,513,511,510,509
521,520,517,518,516,514,513,515,511,512,509,510
518,521,519,514,517,515,512,516,513,511,510,509
520,519,518,517,514,516,515,513,512,511,510,509
523,524,525,526,527,528,529,530,531,1333,532,1345
524,522,525,526,527,528,529,530,531,532,1333,1316
523,525,526,527,528,522,529,530,531,532,1333,1316
527,526,524,528,523,529,530,522,531,532,1333,1306
527,528,525,524,529,530,523,531,532,522,1333,1316
526,525,528,529,524,530,523,531,532,522,1333,1306
526,527,530,525,529,524,531,532,523,522,1333,1316
527,528,530,531,526,525,532,524,523,522,1306,1333
531,532,528,529,526,527,525,524,523,522,1306,1316
532,530,529,528,527,526,525,524,523,522,1306,1316
531,530,529,528,526,527,525,524,523,522,1306,1316
435,537,436,536,433,535,438,431,549,534,440,551
428,431,536,540,433,426,601,533,549,539,435,-1
537,549,550,533,551,536,548,438,440,436,441,554
534,533,549,431,601,433,540,535,428,435,537,436
438,440,436,533,535,551,441,435,443,536,433,548
420,423,539,606,417,426,541,540,546,414,547,-1
538,423,540,606,426,541,420,542,428,417,601,534
534,601,539,428,426,536,542,431,423,538,549,-1
606,544,547,539,552,542,538,557,546,420,417,-1
601,557,545,539,541,540,544,543,-1,-1,-1,-1
545,601,549,560,550,556,542,557,-1,-1,-1,-1
557,541,552,559,578,542,558,545,547,-1,-1,-1
557,543,556,558,542,601,544,560,559,567,-1,-1
414,547,411,417,606,579,405,553,420,404,541,538
546,552,553,606,541,579,414,417,411,544,599,405
551,555,554,445,444,550,446,535,443,568,441,447
601,550,535,536,543,533,534,560,540,537,-1,-1
549,554,535,560,543,548,653,551,601,-1,-1,-1
441,443,440,537,548,444,535,438,445,436,446,533
547,553,544,578,599,541,546,606,559,-1,-1,-1
579,599,547,552,600,598,546,404,578,-1,-1,-1
550,653,568,560,548,555,561,535,-1,-1,-1,-1
447,446,448,445,548,568,570,450,444,554,451,443
564,545,558,567,560,543,562,563,557,-1,-1,-1
544,545,558,559,542,541,578,556,543,-1,-1,-1
567,557,559,545,556,571,544,-1,-1,-1,-1,-1
578,558,557,544,590,571,567,630,545,552,-1,-1
653,554,550,564,543,556,549,545,-1,-1,-1,-1
569,653,786,576,568,570,554,564,563,-1,-1,-1
563,567,565,564,580,566,556,786,-1,-1,-1,-1
786,562,564,580,576,653,556,567,561,566,-1,-1
563,556,786,653,560,562,561,567,-1,-1,-1,-1
573,567,591,562,571,566,-1,-1,-1,-1,-1,-1
573,581,565,585,582,562,580,563,-1,-1,-1,-1
558,562,565,571,556,559,564,563,545,-1,-1,-1
554,570,555,561,653,569,548,448,450,447,446,-1
561,575,574,570,576,577,568,452,786,451,450,602
450,448,451,568,574,555,569,452,447,561,446,454
567,590,565,559,591,572,558,-1,-1,-1,-1,-1
640,591,590,749,645,571,630,595,-1,-1,-1,-1
591,582,565,566,586,640,585,-1,-1,-1,-1,-1
452,575,583,451,454,570,569,597,450,602,456,448
602,574,577,597,569,583,452,605,604,454,576,570
596,786,561,577,569,580,563,575,653,-1,-1,-1
575,602,596,576,626,605,569,574,597,-1,-1,-1
559,630,552,599,590,544,557,553,-1,-1,-1,-1
404,405,553,411,546,398,547,600,414,395,394,396
563,596,786,581,625,576,562,566,-1,-1,-1,-1
617,628,625,585,566,580,596,-1,-1,-1,-1,-1
573,585,584,586,587,566,591,-1,-1,-1,-1,-1
454,597,452,456,574,592,451,575,603,458,602,450
587,622,616,585,582,672,617,-1,-1,-1,-1,-1
617,582,581,584,622,566,628,573,-1,-1,-1,-1
640,573,587,582,588,589,591,-1,-1,-1,-1,-1
639,584,588,586,582,672,670,-1,-1,-1,-1,-1
589,639,666,587,594,586,640,671,-1,-1,-1,-1
588,640,749,594,593,586,666,595,-1,-1,-1,-1
630,572,571,559,578,645,-1,-1,-1,-1,-1,-1
573,640,572,565,586,571,749,582,-1,-1,-1,-1
456,603,458,583,454,459,597,609,461,452,604,612
594,595,641,642,589,749,638,643,-1,-1,-1,-1
666,638,593,589,588,637,641,639,671,-1,-1,-1
749,642,645,593,646,589,572,-1,-1,-1,-1,-1
576,625,626,577,580,786,581,-1,-1,-1,-1,-1
583,602,604,575,592,603,454,574,456,452,612,605
644,599,631,600,553,396,630,392,677,-1,-1,-1
598,553,630,578,552,631,600,644,547,-1,-1,-1
396,395,598,392,553,579,599,394,398,644,390,404
549,540,543,536,542,534,545,539,550,-1,-1,-1
575,605,604,597,577,618,574,583,626,569,603,-1
592,609,612,597,604,458,459,456,583,461,454,462
602,597,612,618,603,605,592,575,613,583,-1,-1
602,647,618,626,604,577,619,575,597,-1,-1,-1
538,417,420,541,546,547,539,414,423,552,-1,-1
467,468,466,610,470,464,742,608,471,675,462,614
464,466,462,609,611,610,467,607,461,614,468,612
461,608,603,462,459,612,464,611,592,458,466,-1
607,467,468,466,614,742,608,470,675,611,464,471
608,614,613,612,609,610,615,464,466,462,620,467
613,603,604,611,609,618,592,608,597,-1,-1,-1
620,612,651,611,615,618,604,624,614,-1,-1,-1
610,615,675,706,611,742,608,468,607,467,470,613
614,620,624,706,613,611,882,675,610,651,650,-1
622,695,690,584,623,672,-1,-1,-1,-1,-1,-1
628,622,585,581,621,625,584,623,636,-1,-1,-1
604,651,619,605,613,612,647,602,620,679,-1,-1
679,647,651,618,648,605,649,680,650,-1,-1,-1
624,651,613,615,650,679,882,618,611,764,680,-1
628,617,629,623,627,622,636,-1,-1,-1,-1,-1
617,623,616,584,585,621,628,-1,-1,-1,-1,-1
622,632,695,627,616,621,617,-1,-1,-1,-1,-1
620,882,650,615,764,706,651,833,613,680,712,-1
628,596,581,626,636,580,617,-1,-1,-1,-1,-1
596,647,625,605,577,636,602,628,-1,-1,-1,-1
629,633,632,623,621,634,635,-1,-1,-1,-1,-1
617,625,636,621,581,622,585,629,626,-1,-1,-1
627,648,621,636,634,628,649,-1,-1,-1,-1,-1
631,590,578,645,599,598,559,572,-1,-1,-1,-1
630,598,644,646,599,645,-1,-1,-1,-1,-1,-1
635,623,695,627,633,652,687,-1,-1,-1,-1,-1
635,694,627,632,634,697,-1,-1,-1,-1,-1,-1
629,649,693,633,627,694,648,-1,-1,-1,-1,-1
632,687,633,697,652,695,627,-1,-1,-1,-1,-1
628,629,626,647,625,648,621,617,-1,-1,-1,-1
666,669,668,638,671,594,665,-1,-1,-1,-1,-1
641,594,637,668,678,593,657,666,-1,-1,-1,-1
670,666,588,671,587,672,686,594,-1,-1,-1,-1
749,591,586,589,572,573,588,-1,-1,-1,-1,-1
643,638,657,593,642,678,594,656,-1,-1,-1,-1
595,643,654,593,641,646,749,-1,-1,-1,-1,-1
641,654,657,642,656,658,593,-1,-1,-1,-1,-1
598,677,631,655,392,384,600,646,385,396,386,599
595,630,572,749,590,631,646,-1,-1,-1,-1,-1
655,595,631,642,645,654,644,-1,-1,-1,-1,-1
619,605,626,648,636,618,679,651,-1,-1,-1,-1
629,649,619,679,647,636,634,-1,-1,-1,-1,-1
925,680,679,693,648,634,619,650,629,-1,-1,-1
680,624,620,679,764,651,712,925,882,649,615,619
620,619,679,618,613,650,680,624,615,647,-1,-1
701,635,687,695,689,632,688,-1,-1,-1,-1,-1
561,554,560,564,786,568,563,550,576,569,-1,-1
643,660,658,642,655,656,646,727,-1,-1,-1,-1
727,646,677,654,660,644,662,384,664,-1,-1,-1
658,657,643,659,684,661,654,660,641,-1,-1,-1
643,656,678,641,661,674,638,684,-1,-1,-1,-1
660,659,656,654,663,643,664,684,727,-1,-1,-1
684,658,754,656,663,660,681,661,683,-1,-1,-1
658,727,664,654,655,663,662,659,656,676,-1,-1
674,684,657,685,683,678,656,659,-1,-1,-1,-1
384,378,676,727,371,677,664,385,363,362,386,660
659,682,658,664,708,681,660,754,707,-1,-1,-1
676,660,727,708,662,663,362,363,658,360,371,378
668,669,722,667,717,637,691,-1,-1,-1,-1,-1
594,671,639,588,637,670,669,589,638,-1,-1,-1
669,924,724,722,665,673,671,-1,-1,-1,-1,-1
678,665,637,638,691,674,669,-1,-1,-1,-1,-1
667,671,637,665,673,666,924,670,722,668,-1,-1
686,639,671,673,672,666,690,669,587,-1,-1,-1
669,666,670,639,637,673,667,686,594,588,-1,-1
670,686,639,690,616,584,587,-1,-1,-1,-1,-1
924,670,686,705,671,669,667,704,724,-1,-1,-1
685,691,661,678,668,657,692,-1,-1,-1,-1,-1
742,706,614,743,471,470,473,610,468,474,607,755
362,363,662,664,371,708,360,378,727,384,359,385
384,385,644,662,727,386,378,655,392,396,598,371
674,668,657,638,661,641,691,-1,-1,-1,-1,-1
619,680,651,649,650,648,925,620,647,618,-1,-1
925,650,679,649,712,764,693,651,698,624,619,620
682,731,763,754,663,715,707,659,732,774,-1,-1
707,681,708,663,715,359,355,357,731,360,353,664
684,774,853,794,685,661,754,844,659,-1,-1,-1
659,683,661,754,656,774,658,657,-1,-1,-1,-1
674,692,794,661,683,691,907,-1,-1,-1,-1,-1
670,690,704,673,672,705,701,639,671,-1,-1,-1
635,741,713,689,652,697,739,714,632,-1,-1,-1
689,701,704,703,652,702,739,705,-1,-1,-1,-1
739,688,741,687,652,702,701,737,-1,-1,-1,-1
686,701,695,616,672,704,670,-1,-1,-1,-1,-1
674,717,668,716,685,692,678,665,-1,-1,-1,-1
685,871,716,907,794,691,674,-1,-1,-1,-1,-1
925,694,649,696,698,634,680,712,-1,-1,-1,-1
693,633,696,699,697,634,-1,-1,-1,-1,-1,-1
701,632,690,616,623,652,635,-1,-1,-1,-1,-1
698,700,699,693,694,736,925,883,-1,-1,-1,-1
635,714,699,694,687,713,633,-1,-1,-1,-1,-1
883,925,696,693,712,736,680,795,700,-1,-1,-1
714,700,696,697,694,718,713,-1,-1,-1,-1,-1
699,736,696,718,726,714,734,735,698,-1,-1,-1
690,652,695,704,688,686,689,-1,-1,-1,-1,-1
739,730,711,689,744,688,737,703,741,729,-1,-1
711,705,710,688,704,702,709,-1,-1,-1,-1,-1
705,686,701,688,690,703,673,924,-1,-1,-1,-1
704,924,710,703,673,686,724,688,-1,-1,-1,-1
675,755,614,882,615,743,742,624,610,779,814,-1
357,359,682,355,708,715,353,360,681,351,362,663
360,359,362,676,682,664,707,663,363,357,662,355
788,790,710,711,787,789,703,729,-1,-1,-1,-1
790,705,924,724,709,703,-1,-1,-1,-1,-1,-1
729,730,788,703,709,702,861,-1,-1,-1,-1,-1
764,925,680,698,883,795,650,833,624,693,-1,-1
714,741,687,725,719,697,699,-1,-1,-1,-1,-1
713,699,718,725,697,700,719,687,-1,-1,-1,-1
350,353,355,351,348,707,731,682,732,345,681,357
871,721,692,717,758,691,-1,-1,-1,-1,-1,-1
721,716,722,720,691,665,-1,-1,-1,-1,-1,-1
735,714,700,725,766,699,726,909,-1,-1,-1,-1
725,741,738,737,713,740,739,714,-1,-1,-1,-1
721,723,722,752,717,753,-1,-1,-1,-1,-1,-1
720,716,758,753,717,871,-1,-1,-1,-1,-1,-1
724,667,717,720,723,665,669,924,-1,-1,-1,-1
790,724,720,752,722,787,-1,-1,-1,-1,-1,-1
924,790,667,723,722,710,705,673,-1,-1,-1,-1
766,714,719,713,718,740,735,-1,-1,-1,-1,-1
735,734,700,746,718,736,733,909,-1,-1,-1,-1
662,655,660,664,677,384,676,378,385,654,644,658
729,788,860,847,861,881,789,730,-1,-1,-1,-1
730,788,861,711,728,744,881,709,702,-1,-1,-1
729,744,861,711,702,788,739,737,796,728,-1,-1
732,763,681,761,715,345,341,348,342,682,340,762
341,345,731,340,348,342,761,762,715,350,343,763
909,745,735,746,748,747,726,1233,-1,-1,-1,-1
746,726,736,775,750,1233,700,-1,-1,-1,-1,-1
909,766,726,718,733,765,700,746,748,725,-1,-1
700,734,883,696,698,775,726,-1,-1,-1,-1,-1
739,744,769,741,719,738,702,730,689,-1,-1,-1
769,719,740,767,768,737,-1,-1,-1,-1,-1,-1
741,702,689,737,744,688,730,719,687,-1,-1,-1
766,738,780,765,725,767,719,-1,-1,-1,-1,-1
739,713,689,687,719,737,702,-1,-1,-1,-1,-1
470,675,471,468,473,610,607,467,614,474,743,706
757,474,475,675,755,473,706,779,476,742,471,482
730,769,737,861,796,702,739,729,-1,-1,-1,-1
987,1233,746,733,751,747,830,748,-1,-1,-1,-1
734,1233,745,733,726,750,735,751,-1,-1,-1,-1
987,748,772,745,784,785,733,909,751,-1,-1,-1
909,772,747,765,770,733,735,745,780,-1,-1,-1
595,640,589,572,645,593,591,642,-1,-1,-1,-1
1233,821,734,746,830,822,775,751,-1,-1,-1,-1
987,1233,830,825,745,829,843,785,746,750,747,-1
759,723,720,848,787,753,904,898,790,-1,-1,-1
898,721,760,759,720,752,758,-1,-1,-1,-1,-1
659,774,684,763,681,683,663,731,844,-1,-1,-1
779,706,882,814,743,757,675,833,-1,-1,-1,-1
778,757,486,482,490,779,777,476,496,776,502,475
476,475,482,756,743,779,474,486,490,755,473,778
869,721,871,760,716,868,753,-1,-1,-1,-1,-1
898,904,752,848,970,753,905,760,897,-1,-1,-1
898,869,891,897,753,758,759,-1,-1,-1,-1,-1
762,343,342,797,344,732,731,844,346,763,340,341
342,343,340,344,761,341,732,346,335,797,337,338
731,774,844,681,754,761,797,732,853,-1,-1,-1
833,712,624,882,650,795,680,814,620,-1,-1,-1
780,909,748,766,770,740,735,771,-1,-1,-1,-1
735,909,725,765,740,718,780,-1,-1,-1,-1,-1
780,738,771,791,768,740,-1,-1,-1,-1,-1,-1
842,769,767,796,738,886,791,-1,-1,-1,-1,-1
738,744,796,768,737,861,886,-1,-1,-1,-1,-1
782,772,780,748,765,771,781,-1,-1,-1,-1,-1
780,782,792,767,770,791,793,765,-1,-1,-1,-1
784,748,770,747,781,783,782,785,-1,-1,-1,-1
329,327,325,330,802,323,800,801,332,331,322,333
844,763,853,754,683,684,797,681,1120,761,794,-1
820,883,734,821,736,750,795,-1,-1,-1,-1,-1
778,810,779,814,828,813,824,756,777,805,-1,-1
496,502,778,490,805,506,756,486,503,810,482,497
777,756,805,810,496,490,502,776,506,486,503,779
755,757,756,814,743,776,778,476,482,475,706,486
765,771,767,770,740,766,782,909,748,-1,-1,-1
831,783,772,782,784,896,832,770,793,-1,-1,-1
793,831,770,771,792,781,834,772,896,780,-1,-1
952,784,781,827,832,772,1013,950,785,896,-1,-1
772,783,785,827,747,781,987,952,-1,-1,-1,-1
987,784,825,827,826,747,751,783,772,-1,-1,-1
563,576,561,564,653,580,596,562,569,-1,-1,-1
790,848,723,752,789,709,788,-1,-1,-1,-1,-1
729,709,728,711,789,730,861,787,847,-1,-1,-1
788,847,787,848,849,728,709,-1,-1,-1,-1,-1
710,724,787,723,709,924,752,-1,-1,-1,-1,-1
842,798,767,771,792,799,768,-1,-1,-1,-1,-1
793,798,771,857,782,834,791,831,835,-1,-1,-1
831,792,782,834,896,771,857,781,858,835,-1,-1
685,853,907,852,692,683,995,774,-1,-1,-1,-1
883,820,833,813,712,764,775,698,-1,-1,-1,-1
886,769,861,744,881,768,730,842,-1,-1,-1,-1
346,349,844,344,761,1120,338,343,762,342,807,337
857,799,792,902,791,929,842,-1,-1,-1,-1,-1
798,842,929,930,889,902,791,-1,-1,-1,-1,-1
773,323,819,803,801,818,322,325,802,320,327,1288
802,816,819,800,773,809,331,332,1043,333,330,329
331,332,333,801,330,773,809,329,335,327,800,816
320,322,323,894,800,318,818,873,316,325,-1,-1
498,497,880,491,805,851,503,810,492,506,850,828
503,506,777,502,497,810,778,804,496,498,880,490
1043,808,809,812,817,811,337,335,338,333,816,-1
349,808,1120,837,338,836,346,797,337,344,812,852
807,338,806,812,337,837,349,346,335,344,809,-1
333,1043,335,802,331,806,801,337,816,332,811,808
805,880,778,828,804,776,777,503,497,506,498,502
1043,865,817,838,815,816,806,840,809,-1,-1,-1
839,817,837,808,806,841,807,840,-1,-1,-1,-1
833,824,820,814,795,776,828,-1,-1,-1,-1,-1
833,755,779,813,882,776,764,706,-1,-1,-1,-1
838,865,863,811,862,864,840,867,817,-1,-1,-1
1043,865,801,819,811,809,867,802,806,-1,-1,-1
840,812,811,838,841,806,1043,815,839,864,-1,-1
1288,873,819,800,803,872,894,874,867,-1,-1,-1
1288,801,800,818,816,867,865,-1,-1,-1,-1,-1
821,813,795,824,775,883,833,823,-1,-1,-1,-1
820,822,823,750,824,775,-1,-1,-1,-1,-1,-1
830,823,843,821,932,750,1233,850,-1,-1,-1,-1
850,822,828,824,821,932,880,820,843,-1,-1,-1
828,813,820,823,821,776,810,-1,-1,-1,-1,-1
987,899,751,785,829,826,951,830,-1,-1,-1,-1
951,901,827,899,825,785,900,1029,950,-1,-1,-1
952,783,901,826,785,950,784,1013,-1,-1,-1,-1
880,810,824,823,850,776,804,851,805,778,813,-1
843,899,825,751,830,999,998,1029,-1,-1,-1,-1
1233,751,822,843,829,750,745,932,825,-1,-1,-1
793,896,782,781,834,858,792,832,-1,-1,-1,-1
896,952,989,783,1013,879,781,831,449,858,988,442
764,814,813,795,882,755,624,712,820,-1,-1,-1
793,858,835,831,856,857,896,792,782,878,859,-1
859,857,856,834,855,854,858,430,432,793,902,792
995,837,852,807,949,1120,846,-1,-1,-1,-1,-1
839,807,836,812,808,846,-1,-1,-1,-1,-1,-1
815,840,864,811,817,862,865,887,863,841,-1,-1
845,837,812,841,846,817,-1,-1,-1,-1,-1,-1
838,887,864,817,841,815,811,812,876,980,-1,-1
840,839,845,817,887,812,876,838,-1,-1,-1,-1
768,889,799,886,791,798,796,930,-1,-1,-1,-1
932,829,830,822,998,751,999,823,-1,-1,-1,-1
797,774,763,853,761,1120,346,349,344,343,731,762
875,839,877,841,846,876,-1,-1,-1,-1,-1,-1
839,949,877,845,837,892,836,995,-1,-1,-1,-1
926,960,789,728,860,849,984,788,-1,-1,-1,-1
904,787,759,752,849,789,905,-1,-1,-1,-1,-1
904,960,905,848,847,934,789,-1,-1,-1,-1,-1
880,851,932,823,828,906,804,492,810,491,822,493
492,491,493,880,804,850,906,498,487,497,488,828
995,1120,853,794,907,836,807,-1,-1,-1,-1,-1
774,844,794,1120,852,683,797,763,-1,-1,-1,-1
430,959,859,429,855,427,432,835,903,425,994,856
854,859,902,835,903,857,959,430,429,929,-1,-1
878,859,858,835,434,432,834,437,430,854,439,879
835,798,902,792,855,834,793,859,856,-1,-1,-1
878,879,856,896,834,437,831,439,835,434,793,442
854,430,835,856,432,855,429,434,959,857,878,834
885,926,728,881,847,884,861,-1,-1,-1,-1,-1
729,881,730,796,744,728,788,886,711,769,860,-1
864,815,866,838,863,980,957,-1,-1,-1,-1,-1
815,944,865,866,867,862,838,946,874,-1,-1,-1
838,840,980,887,862,815,1020,817,-1,-1,-1,-1
815,867,811,816,863,838,1043,819,944,-1,-1,-1
948,958,863,946,862,944,957,-1,-1,-1,-1,-1
865,1288,874,819,863,944,816,815,818,-1,-1,-1
871,869,870,995,907,949,758,-1,-1,-1,-1,-1
870,758,760,891,868,871,893,-1,-1,-1,-1,-1
869,892,893,868,891,949,1000,-1,-1,-1,-1,-1
868,716,907,692,758,869,721,995,-1,-1,-1,-1
874,1288,873,908,915,916,943,818,-1,-1,-1,-1
818,894,908,803,872,895,1288,-1,-1,-1,-1,-1
1288,944,916,872,867,946,818,863,-1,-1,-1,-1
1117,845,877,942,876,941,-1,-1,-1,-1,-1,-1
875,887,1020,845,1117,841,941,840,-1,-1,-1,-1
875,892,942,845,1000,846,1117,-1,-1,-1,-1,-1
437,858,439,856,434,879,442,432,896,834,859,835
442,858,989,878,439,896,832,449,437,856,453,-1
804,850,828,810,851,498,491,497,805,492,823,503
861,884,860,796,886,728,729,885,-1,-1,-1,-1
624,755,706,833,764,814,615,620,650,779,-1,-1
698,795,775,736,712,820,925,696,-1,-1,-1,-1
890,881,885,927,886,860,889,888,-1,-1,-1,-1
927,860,926,928,884,936,984,890,881,973,-1,-1
796,889,842,881,884,768,890,861,769,-1,-1,-1
840,1020,864,876,841,980,838,996,-1,-1,-1,-1
938,890,973,930,927,1014,410,406,992,889,929,884
890,886,842,930,799,884,888,-1,-1,-1,-1,-1
888,884,889,930,927,973,885,886,938,-1,-1,-1
893,869,760,897,912,870,898,1092,-1,-1,-1,-1
870,877,1000,949,893,846,942,-1,-1,-1,-1,-1
891,1000,1092,870,892,912,869,956,-1,-1,-1,-1
895,873,316,313,803,318,908,320,311,818,-1,-1
311,894,313,908,914,309,873,316,306,-1,-1,-1
831,858,832,879,834,781,793,989,878,783,782,-1
898,910,912,760,891,970,759,-1,-1,-1,-1,-1
759,897,760,970,753,904,891,910,752,-1,-1,-1
951,1029,825,829,999,826,922,900,-1,-1,-1,-1
951,901,923,922,921,826,1029,950,1112,899,-1,-1
950,900,826,923,827,951,952,953,921,-1,-1,-1
929,855,798,857,903,799,930,1014,835,-1,-1,-1
993,959,855,902,929,1014,994,1068,854,418,419,-1
905,759,848,970,849,898,934,911,752,-1,-1,-1
904,934,911,970,849,965,960,759,848,-1,-1,-1
487,851,488,1012,493,850,932,489,492,998,485,491
995,871,794,692,852,868,949,685,-1,-1,-1,-1
895,873,914,915,872,894,913,311,313,-1,-1,-1
735,748,765,733,766,747,726,718,780,-1,-1,-1
933,897,970,1011,911,912,898,966,-1,-1,-1,-1
905,933,935,965,934,970,910,904,966,-1,-1,-1
1021,897,1092,891,910,1011,893,-1,-1,-1,-1,-1
920,915,914,918,908,919,971,917,1034,306,-1,-1
309,895,311,920,306,913,908,971,305,313,915,-1
913,943,917,908,918,872,914,-1,-1,-1,-1,-1
946,943,874,939,944,945,872,-1,-1,-1,-1,-1
918,940,943,915,931,939,913,1053,-1,-1,-1,-1
917,913,919,1053,931,915,920,940,-1,-1,-1,-1
1034,918,920,1018,1019,1053,1017,913,971,-1,-1,-1
971,913,1034,914,306,305,919,309,303,1019,918,-1
1112,922,963,900,923,961,962,951,1048,463,901,-1
1029,951,921,900,986,961,899,1015,999,-1,-1,-1
1048,900,901,953,1112,950,921,460,457,463,988,-1
724,705,673,710,667,790,669,704,722,-1,-1,-1
680,693,698,712,649,679,650,696,883,-1,-1,-1
984,885,860,847,960,928,937,-1,-1,-1,-1,-1
973,885,890,936,888,928,884,406,410,938,-1,-1
936,937,984,885,926,1047,927,973,403,406,-1,-1
902,930,1014,799,903,798,888,855,-1,-1,-1,-1
929,888,890,889,799,1014,938,902,842,-1,-1,-1
1058,1053,940,917,1052,1002,918,-1,-1,-1,-1,-1
843,850,822,823,906,998,851,830,-1,-1,-1,-1
966,935,910,911,1011,1006,967,965,970,-1,-1,-1
905,965,960,976,911,849,904,984,-1,-1,-1,-1
964,933,966,965,967,911,364,968,361,1005,-1,-1
406,403,973,928,1047,927,410,407,397,937,885,399
984,975,1047,928,976,936,926,974,960,968,403,-1
410,992,888,973,408,407,1014,406,409,1068,412,413
945,940,943,916,978,917,946,947,1002,-1,-1,-1
939,917,1002,931,978,943,1058,945,918,-1,-1,-1
1010,955,1117,1046,1020,876,1009,1040,875,-1,-1,-1
1000,875,1117,956,954,877,955,892,-1,-1,-1,-1
939,917,915,916,940,872,-1,-1,-1,-1,-1,-1
946,874,863,916,867,866,1288,948,865,-1,-1,-1
947,939,946,948,1004,978,916,940,977,-1,-1,-1
948,944,945,916,866,947,939,874,863,958,-1,-1
1004,948,945,977,946,958,978,1032,939,1003,-1,-1
947,946,958,945,977,866,1004,944,-1,-1,-1,-1
995,892,846,868,870,836,907,-1,-1,-1,-1,-1
901,953,952,1013,923,988,827,900,1048,455,783,826
1029,900,899,922,826,901,999,921,986,825,-1,-1
783,1013,950,827,832,988,901,989,953,784,-1,-1
988,455,457,950,1048,923,1013,460,453,901,952,1112
956,1007,1026,955,942,1117,1115,1000,1008,-1,-1,-1
1007,1117,1009,941,954,1010,942,1026,1008,-1,-1,-1
954,1092,1000,942,1115,1026,893,1021,-1,-1,-1,-1
958,983,982,980,862,866,981,-1,-1,-1,-1,-1
948,977,982,957,866,947,1028,946,-1,-1,-1,-1
854,427,994,429,425,903,855,430,993,424,422,859
984,934,849,926,847,976,937,905,-1,-1,-1,-1
985,962,922,480,986,479,921,963,1015,494,495,478
1016,1050,985,963,1039,961,499,500,495,504,472,480
1050,962,1112,921,465,469,961,463,472,1039,1016,985
364,967,935,968,361,965,368,365,358,966,366,-1
935,964,934,968,976,911,364,905,933,967,368,-1
1006,933,967,935,1005,1011,964,1049,1024,358,910,911
964,358,361,966,1005,935,364,356,1006,933,368,965
368,364,964,975,965,969,365,976,366,361,937,935
365,368,366,367,974,979,975,968,369,364,1030,375
904,905,898,910,897,759,911,933,-1,-1,-1,-1
305,1034,920,306,303,301,309,914,1019,919,913,299
400,1030,399,1033,393,387,402,397,401,383,974,979
410,406,936,927,938,888,407,403,408,890,992,928
1030,975,969,1047,979,397,972,399,403,937,400,387
937,974,968,1047,969,976,368,984,365,1030,-1,-1
937,984,965,934,975,968,960,-1,-1,-1,-1,-1
947,1028,958,948,1032,1004,982,945,-1,-1,-1,-1
1004,1001,1002,939,945,940,1003,947,-1,-1,-1,-1
375,1030,369,367,969,974,387,372,383,366,972,365
864,996,983,887,862,1020,957,840,-1,-1,-1,-1
1070,982,990,983,1027,991,957,-1,-1,-1,-1,-1
1028,958,981,977,1027,957,-1,-1,-1,-1,-1,-1
1070,996,997,957,980,981,990,-1,-1,-1,-1,-1
937,926,960,928,976,885,975,1047,934,847,-1,-1
495,494,499,480,1016,962,961,500,479,504,1039,478
1015,1029,922,961,478,1025,479,999,477,480,483,951
751,745,785,747,825,1233,784,-1,-1,-1,-1,-1
455,1013,453,953,457,950,989,449,952,1048,460,923
449,879,442,1013,453,832,988,439,952,455,896,-1
1070,991,1061,1107,981,997,983,-1,-1,-1,-1,-1
990,1090,1100,1027,981,1107,1070,1101,-1,-1,-1,-1
938,413,412,1068,409,408,416,410,407,1014,415,406
418,1068,903,419,994,416,1014,421,415,959,413,422
422,419,421,425,424,959,993,418,427,903,429,854
907,949,852,836,868,871,794,846,-1,-1,-1,-1
997,1046,1020,983,980,1070,887,-1,-1,-1,-1,-1
1070,996,1046,1061,1060,983,990,1010,1020,-1,-1,-1
843,999,1012,932,1025,906,829,-1,-1,-1,-1,-1
1029,1025,899,998,986,829,1015,951,922,843,1012,-1
956,893,942,892,1092,877,870,954,-1,-1,-1,-1
1003,1002,1051,1074,978,1058,1004,1089,-1,-1,-1,-1
1058,1001,940,978,931,1074,1056,1052,939,-1,-1,-1
1001,1004,1032,1051,1037,978,947,1087,-1,-1,-1,-1
947,1003,978,1032,977,945,948,1001,-1,-1,-1,-1
356,967,1006,1069,966,358,1024,354,361,935,352,1049
966,1049,1005,1024,1011,1022,933,967,1021,1069,1023,-1
955,1026,1008,954,1009,1041,1117,1116,1115,-1,-1,-1
1041,1007,1026,1116,1091,1009,1042,954,955,-1,-1,-1
1007,955,1040,1042,1010,1008,1041,941,-1,-1,-1,-1
1040,1046,941,1060,1009,955,1042,997,1062,1020,-1,-1
933,1021,1006,1049,966,910,912,-1,-1,-1,-1,-1
485,489,484,488,1025,906,998,483,487,477,493,999
988,952,989,453,950,953,832,455,449,783,457,827
929,1068,938,992,930,888,993,903,416,902,413,-1
478,477,986,479,1025,483,480,484,961,999,1029,494
500,499,504,962,1039,985,495,505,1050,494,501,481
1122,1019,1018,1031,1054,1080,919,1034,299,1158,-1,-1
1053,1054,1017,1057,919,1122,1052,1019,-1,-1,-1,-1
1034,301,1017,1031,299,303,919,297,971,305,920,1080
887,996,1046,876,941,980,864,997,1010,-1,-1,-1
1049,1092,1011,912,1115,1006,1022,956,-1,-1,-1,-1
1049,1023,1116,1024,1115,1006,1026,1036,1021,-1,-1,-1
1036,1024,1022,1116,1035,1069,1045,1049,1091,1006,-1,-1
1023,1069,1006,1022,1005,1049,1035,1036,354,356,1116,966
483,1015,477,484,1012,999,986,478,485,998,489,479
1007,1115,1008,1116,954,1022,956,955,-1,-1,-1,-1
1028,1071,1090,982,981,991,1106,-1,-1,-1,-1,-1
1106,982,977,1032,1027,958,1071,-1,-1,-1,-1,-1
951,999,922,986,899,900,1015,1025,826,961,829,-1
972,974,979,387,397,399,400,393,1033,383,402,403
297,299,1080,295,1019,1079,1017,301,293,1122,1034,1158
1028,977,1004,1106,1037,1003,947,-1,-1,-1,-1,-1
393,401,402,972,387,400,399,383,1030,397,379,979
971,1019,303,920,305,301,919,306,299,1017,1031,913
352,347,1069,1044,1036,1023,1045,339,354,1024,336,-1
1023,1045,1091,1116,1035,1022,1024,1144,1044,-1,-1,-1
1087,1032,1072,1003,1038,1106,1051,-1,-1,-1,-1,-1
1106,1072,1071,1073,1096,1037,1105,-1,-1,-1,-1,-1
481,1016,505,504,1050,501,472,500,962,499,469,985
1010,1042,1062,1060,1009,1046,1064,1098,1041,941,-1,-1
1008,1042,1064,1075,1091,1009,1007,1040,-1,-1,-1,-1
1040,1041,1064,1062,1009,1010,1008,1075,1060,1077,-1,-1
809,806,811,816,865,801,817,333,802,335,-1,-1
336,339,1045,334,1143,1035,347,328,1144,352,1036,326
1044,1036,1144,1143,1035,1091,336,1023,339,334,1075,347
1010,996,997,1020,941,1060,1040,-1,-1,-1,-1,-1
403,937,936,974,397,975,928,406,399,1030,984,407
460,457,923,1112,463,953,455,465,988,950,921,-1
1022,1006,1021,1011,1024,1115,1023,966,1116,1005,-1,-1
472,1039,963,962,469,1016,481,465,504,505,501,500
1087,1001,1088,1003,1089,1074,1037,-1,-1,-1,-1,-1
1058,1056,1057,1055,1053,931,1018,1002,-1,-1,-1,-1
1018,931,1052,918,1057,919,1054,917,-1,-1,-1,-1
1122,1018,1156,1234,1057,1017,1158,1080,1053,-1,-1,-1
1056,1059,1066,1052,1057,1067,1058,1083,-1,-1,-1,-1
1058,1055,1067,1074,1052,1089,1002,1066,-1,-1,-1,-1
1052,1054,1018,1059,1156,1055,1053,-1,-1,-1,-1,-1
1002,1056,1052,1074,931,1001,1055,940,-1,-1,-1,-1
1083,1055,1156,1086,1066,1057,1081,-1,-1,-1,-1,-1
1040,1061,1010,997,1046,1062,1098,1042,1070,-1,-1,-1
990,1070,1060,997,1098,1107,-1,-1,-1,-1,-1,-1
1040,1042,1098,1077,1064,1060,1010,1097,-1,-1,-1,-1
1134,1064,1078,1075,1076,1077,1131,-1,-1,-1,-1,-1
1042,1063,1041,1075,1062,1077,1040,1134,-1,-1,-1,-1
1066,1204,1067,1082,1121,1167,1083,-1,-1,-1,-1,-1
1083,1065,1055,1059,1082,1067,1056,-1,-1,-1,-1,-1
1056,1089,1065,1066,1055,1121,1074,-1,-1,-1,-1,-1
416,993,992,413,418,415,1014,412,419,938,903,409
354,352,356,1024,1005,1035,347,1023,358,1006,-1,-1
990,997,983,1061,981,996,991,1060,-1,-1,-1,-1
1105,1106,1096,1038,1090,1027,1101,1028,-1,-1,-1,-1
1087,1094,1038,1073,1108,1037,1109,-1,-1,-1,-1,-1
1096,1094,1038,1093,1095,1072,-1,-1,-1,-1,-1,-1
1056,1089,1001,1058,1002,1051,1067,-1,-1,-1,-1,-1
1134,1144,1091,1064,1041,1063,1042,1045,1133,-1,-1,-1
319,317,1134,321,1078,315,1133,1063,314,324,-1,-1
1131,1062,1064,1063,1097,1098,1078,1042,-1,-1,-1,-1
1137,314,1063,1131,1076,315,1077,317,312,1135,1134,-1
293,295,1080,291,1031,1123,297,289,1158,299,1122,287
1158,1122,1079,1031,1017,1123,295,297,1234,293,1019,1054
1083,1084,1085,1086,1128,1082,1059,-1,-1,-1,-1,-1
1167,1083,1065,1066,1081,1085,1204,1127,-1,-1,-1,-1
1081,1066,1086,1059,1082,1084,1055,1156,1065,1085,-1,-1
1191,1086,1081,1128,1166,1083,1189,1177,1156,-1,-1,-1
1130,1081,1127,1129,1167,1082,1128,1083,-1,-1,-1,-1
1084,1083,1156,1059,1081,1166,1234,1191,-1,-1,-1,-1
1108,1051,1072,1037,1088,1181,1003,-1,-1,-1,-1,-1
1181,1089,1087,1051,1108,1121,1202,1141,-1,-1,-1,-1
1088,1074,1067,1051,1121,1181,1056,1001,-1,-1,-1,-1
1101,1105,991,1071,1027,1100,1162,1096,-1,-1,-1,-1
1036,1075,1041,1045,1144,1008,1116,1023,-1,-1,-1,-1
956,1021,893,1000,912,1115,891,-1,-1,-1,-1,-1
1096,1110,1095,1104,1073,1099,1105,-1,-1,-1,-1,-1
1109,1073,1072,1102,1095,1108,-1,-1,-1,-1,-1,-1
1102,1104,1093,1094,1073,1103,1109,-1,-1,-1,-1,-1
1105,1073,1093,1071,1038,1099,1101,1090,-1,-1,-1,-1
1098,1131,1132,1114,1077,1107,1062,-1,-1,-1,-1,-1
1097,1062,1061,1060,1107,1077,1040,-1,-1,-1,-1,-1
1105,1101,1124,1162,1110,1093,1111,1096,-1,-1,-1,-1
1101,1162,1114,1107,1090,991,1113,-1,-1,-1,-1,-1
1162,1105,1090,1100,1099,1111,1071,1096,991,1113,-1,-1
1139,1109,1095,1094,1155,1103,1154,-1,-1,-1,-1,-1
1104,1138,1140,1139,1102,1159,1095,-1,-1,-1,-1,-1
1126,1095,1159,1110,1093,1103,-1,-1,-1,-1,-1,-1
1101,1096,1071,1090,1099,1162,1093,1038,-1,-1,-1,-1
1028,1038,1071,1032,1037,1027,-1,-1,-1,-1,-1,-1
990,1061,1114,1100,1098,1097,991,-1,-1,-1,-1,-1
1109,1087,1181,1141,1072,1088,1094,-1,-1,-1,-1,-1
1094,1155,1141,1108,1102,1181,1139,1072,1154,1095,-1,-1
1124,1126,1093,1104,1099,1125,1159,1119,-1,-1,-1,-1
1162,1124,1118,1119,1113,1099,1101,1160,-1,-1,-1,-1
463,1048,963,465,921,923,460,469,1050,900,457,953
1136,1162,1118,1111,1114,1148,1100,1101,-1,-1,-1,-1
1136,1097,1113,1107,1100,1132,-1,-1,-1,-1,-1,-1
1026,1022,956,1021,1049,1092,954,1116,1007,-1,-1,-1
1022,1026,1023,1036,1008,1091,1115,1007,1024,1049,-1,-1
955,875,942,941,876,954,1007,877,-1,-1,-1,-1
1160,1152,1148,1111,1119,1113,1136,1162,1124,1161,-1,-1
1160,1124,1125,1118,1111,1147,1152,1110,-1,-1,-1,-1
349,807,797,852,853,844,346,836,338,344,774,-1
1202,1065,1181,1089,1203,1067,1088,1204,-1,-1,-1,-1
1080,1054,1158,1234,1017,1031,1018,1156,1157,1079,-1,-1
1079,289,1158,287,1208,291,1157,1080,1209,293,284,295
1110,1111,1119,1125,1099,1126,1162,1118,-1,-1,-1,-1
1126,1119,1124,1146,1145,1110,1147,1160,-1,-1,-1,-1
1146,1110,1159,1104,1125,1124,1175,-1,-1,-1,-1,-1
1167,1130,1237,1085,1267,1129,1082,1287,-1,-1,-1,-1
1192,1084,1081,1129,1177,1191,1085,-1,-1,-1,-1,-1
1130,1192,1149,1128,1085,1150,1127,1151,1237,-1,-1,-1
1129,1127,1237,1085,1150,1238,1167,1149,-1,-1,-1,-1
1077,1137,1132,1097,1078,1135,314,1063,-1,-1,-1,-1
1135,1131,1136,1097,1142,1137,1114,308,-1,-1,-1,-1
324,1134,326,1143,321,1144,1076,328,319,334,1075,-1
1133,1144,1063,1075,1076,1143,324,321,1064,1078,-1,-1
308,1137,1142,310,1132,307,312,1131,314,1136,304,1078
1142,1113,1132,1148,1114,1135,1118,308,-1,-1,-1,-1
1135,314,312,310,1131,1078,308,1132,315,1142,307,-1
1159,1226,1190,1140,1175,1103,1206,-1,-1,-1,-1,-1
1154,1102,1140,1153,1155,1103,1171,1109,-1,-1,-1,-1
1139,1226,1214,1138,1103,1153,264,1154,-1,-1,-1,-1
1181,1109,1202,1155,1170,1108,1088,1171,-1,-1,-1,-1
307,1135,308,1148,1136,304,1132,310,302,1137,1152,-1
334,328,1044,326,1133,1144,336,1045,324,1134,339,-1
1045,1134,1143,1075,1133,1091,1044,1036,324,326,-1,-1
1174,1147,1173,1146,1169,1125,276,277,1207,278,-1,-1
1126,1174,1175,1145,1125,1159,276,275,-1,-1,-1,-1
1160,1145,1169,1161,1119,1168,1125,1152,-1,-1,-1,-1
1142,1152,1136,1118,302,304,1113,307,300,1160,308,1135
1192,1163,1129,1151,1185,1150,1130,1165,-1,-1,-1,-1
1238,1130,1149,1129,1237,1185,1232,-1,-1,-1,-1,-1
1165,1192,1177,1149,1163,1164,1179,1129,-1,-1,-1,-1
1160,300,302,1148,1161,1118,298,304,1119,1147,296,1142
1154,1193,1139,1213,1171,1214,1140,1155,1211,-1,-1,-1
1171,1153,1155,1139,1213,1102,1140,1170,1247,1109,-1,-1
1154,1109,1171,1141,1139,1102,1170,1153,-1,-1,-1,-1
1234,1086,1059,1054,1057,1166,1122,1083,1084,-1,-1,-1
1158,1189,1234,1209,1166,1123,1122,1188,1080,1208,-1,-1
1080,1157,1122,1234,1123,1079,1054,1166,1031,1017,-1,-1
1126,1138,1175,1104,1146,1103,1190,1110,-1,-1,-1,-1
1152,1119,1118,1161,1147,300,1148,298,1111,302,1125,1168
298,300,1160,296,1152,1168,1147,294,302,1169,1118,-1
1101,1111,1113,1100,1099,1105,1124,1090,1118,-1,-1,-1
1165,1182,1149,1151,1185,1183,1192,-1,-1,-1,-1,-1
1178,1165,1179,1177,1151,1180,1176,-1,-1,-1,-1,-1
1151,1179,1163,1183,1164,1187,1149,1177,-1,-1,-1,-1
1084,1234,1086,1189,1191,1157,1156,1158,-1,-1,-1,-1
1127,1204,1082,1085,1267,1130,1205,1237,1065,-1,-1,-1
294,1169,296,1161,292,1172,298,1147,290,1207,300,1160
1207,1168,1173,1145,1147,1172,282,279,281,1161,292,283
1202,1247,1171,1141,1251,1203,1155,1154,1181,-1,-1,-1
1154,1213,1247,1155,1170,1153,1139,1141,1211,1251,-1,-1
290,1207,286,288,285,292,283,1168,1169,281,282,294
279,278,282,277,1207,1174,1169,1145,276,281,275,283
276,275,277,1146,1173,1145,1175,278,273,279,282,-1
275,1190,273,1146,1159,1174,276,1138,271,277,1126,268
1240,1186,1178,1289,1179,1197,1164,1239,-1,-1,-1,-1
1192,1180,1191,1151,1164,1128,1084,1165,-1,-1,-1,-1
1240,1188,1180,1215,1176,1164,1239,-1,-1,-1,-1,-1
1165,1186,1187,1164,1176,1183,1151,1198,1262,-1,-1,-1
1188,1178,1177,1191,1189,1164,1215,-1,-1,-1,-1,-1
1088,1202,1141,1108,1121,1089,1087,1109,1170,-1,-1,-1
1163,1194,1184,1183,1185,1195,-1,-1,-1,-1,-1,-1
1262,1165,1187,1163,1182,1179,1195,-1,-1,-1,-1,-1
1196,1185,1182,1231,1194,1232,-1,-1,-1,-1,-1,-1
1149,1184,1163,1232,1182,1150,-1,-1,-1,-1,-1,-1
1198,1179,1187,1289,1176,1199,1219,1197,-1,-1,-1,-1
1262,1186,1179,1219,1198,1183,1165,1218,-1,-1,-1,-1
1215,1180,1189,1209,1178,1393,1240,1191,1157,1208,-1,-1
1188,1157,1191,1180,1209,1166,1084,-1,-1,-1,-1,-1
1206,271,268,273,1175,1138,1226,266,267,275,265,264
1084,1180,1189,1177,1166,1128,1188,1086,1192,-1,-1,-1
1129,1151,1177,1149,1128,1163,1191,-1,-1,-1,-1,-1
1222,1212,1153,1211,1210,1213,1214,1225,262,-1,-1,-1
1236,1231,1182,1195,1216,1184,-1,-1,-1,-1,-1,-1
1262,1194,1216,1218,1182,1183,1217,-1,-1,-1,-1,-1
1184,1230,1229,1231,1228,1232,-1,-1,-1,-1,-1,-1
263,1239,1289,1240,261,269,270,1176,1199,272,259,1186
1186,1201,1199,1219,1187,1289,1200,1179,-1,-1,-1,-1
1200,1289,1198,259,261,257,1201,255,253,1186,1197,251
255,1199,253,257,259,1201,251,261,1198,1289,249,-1
251,1198,1221,253,1200,249,1219,1199,1220,255,247,-1
1181,1203,1170,1141,1121,1088,-1,-1,-1,-1,-1,-1
1202,1205,1204,1251,1170,1121,1247,-1,-1,-1,-1,-1
1167,1065,1205,1203,1082,1267,1121,-1,-1,-1,-1,-1
1251,1267,1203,1204,1252,1167,-1,-1,-1,-1,-1,-1
266,268,265,267,1190,1226,264,271,262,273,1138,260
282,281,1172,283,1169,1173,279,285,286,278,1168,290
284,287,1209,280,1393,1123,274,289,1215,1188,1157,-1
1208,1188,1189,1157,1215,1393,1123,284,280,287,-1,-1
1222,262,260,1214,1268,264,1193,258,1225,265,1212,1226
1213,1223,1212,1193,1246,1247,1222,1224,1153,1171,1244,-1
1222,1224,1211,1225,1223,1193,1210,1213,1258,1245,1268,-1
1211,1171,1247,1193,1153,1246,1154,1212,1223,-1,-1,-1
264,1210,262,1140,1226,1193,1153,265,260,1222,1206,266
1393,1188,1240,1178,1239,1209,272,274,1208,1180,280,270
1236,1217,1256,1194,1271,1195,-1,-1,-1,-1,-1,-1
1218,1216,1271,1227,1368,1195,1262,1220,-1,-1,-1,-1
1217,1262,1220,1219,1227,1195,1261,1187,-1,-1,-1,-1
1220,1187,1262,1198,1218,1201,1221,1186,-1,-1,-1,-1
1221,1261,1219,1218,1227,1201,245,247,241,1262,249,251
247,249,245,1220,251,1261,1201,241,253,1219,1227,238
1210,1225,1212,1193,1268,1269,1224,260,262,1214,1211,258
1211,1245,1212,1244,1224,1246,1213,1260,1257,-1,-1,-1
1257,1212,1225,1258,1245,1223,1222,1211,1269,1265,1294,1259
1222,1269,1258,1224,1212,1268,1294,1210,252,1257,254,1193
264,1206,265,1138,1190,1140,1214,266,262,268,267,271
1261,1368,1220,238,232,1217,1218,241,225,245,1221,221
1230,1231,1270,1196,1235,1242,-1,-1,-1,-1,-1,-1
1243,1230,1248,1196,1232,1241,1238,-1,-1,-1,-1,-1
1229,1228,1196,1242,1241,1243,-1,-1,-1,-1,-1,-1
1236,1228,1194,1196,1184,1235,-1,-1,-1,-1,-1,-1
1238,1185,1229,1248,1196,1184,1150,-1,-1,-1,-1,-1
745,751,830,746,750,987,734,822,733,-1,-1,-1
1122,1158,1156,1166,1054,1157,1080,1086,-1,-1,-1,-1
1236,1270,1302,1256,1228,1231,1280,-1,-1,-1,-1,-1
1231,1216,1256,1194,1235,-1,-1,-1,-1,-1,-1,-1
1127,1130,1238,1287,1150,1267,1248,1167,1129,-1,-1,-1
1248,1237,1150,1287,1232,1130,1250,1229,-1,-1,-1,-1
272,270,1240,1197,269,1215,1393,274,263,1178,280,1176
1239,1178,1176,1215,1197,1393,1289,1188,272,270,269,-1
1243,1315,1230,1255,1286,1249,1229,1242,-1,-1,-1,-1
1255,1230,1254,1270,1228,1241,1277,-1,-1,-1,-1,-1
1249,1229,1248,1250,1241,1315,1230,-1,-1,-1,-1,-1
1253,1223,1260,1246,1263,1245,1252,1272,1211,-1,-1,-1
1260,1224,1257,1223,1259,1244,1212,1258,-1,-1,-1,-1
1247,1211,1213,1252,1223,1244,1251,1253,-1,-1,-1,-1
1251,1171,1213,1170,1246,1211,1154,1252,1203,-1,-1,-1
1238,1243,1250,1229,1287,1232,1237,1249,-1,-1,-1,-1
1315,1243,1250,1263,1275,1241,1276,1286,1248,-1,-1,-1
1243,1248,1287,1272,1249,1263,1253,1238,-1,-1,-1,-1
1247,1205,1203,1252,1170,1246,1171,-1,-1,-1,-1,-1
1253,1272,1251,1205,1246,1244,1267,1247,-1,-1,-1,-1
1272,1244,1252,1263,1250,1246,1260,-1,-1,-1,-1,-1
1277,1279,1270,1242,1278,1255,1295,-1,-1,-1,-1,-1
1286,1277,1242,1285,1241,1315,1254,-1,-1,-1,-1,-1
1236,1317,1271,1216,1280,1235,-1,-1,-1,-1,-1,-1
1258,1224,1265,1259,1245,1294,1225,1260,1223,1264,-1,-1
1294,1225,1257,1269,1224,1265,250,252,248,1268,1212,1222
1257,1266,1245,1260,1264,1265,1275,1224,-1,-1,-1,-1
1245,1275,1263,1244,1259,1253,1257,1223,-1,-1,-1,-1
241,245,1227,238,1220,1221,247,232,249,1218,1368,225
1187,1218,1219,1195,1183,1220,1179,1217,-1,-1,-1,-1
1253,1260,1250,1249,1244,1272,1275,-1,-1,-1,-1,-1
1282,1281,1266,1283,1274,1265,1259,242,237,1257,-1,-1
1281,1257,1258,1294,248,1264,1259,246,250,242,1224,1269
1276,1283,1259,1273,1264,1275,-1,-1,-1,-1,-1,-1
1205,1127,1167,1237,1287,1272,1252,1204,-1,-1,-1,-1
258,1269,256,260,254,1222,1225,1210,252,262,1258,1294
252,1294,254,1225,1268,1258,250,256,258,1222,248,1224
1254,1228,1302,1279,1242,1235,-1,-1,-1,-1,-1,-1
1317,1217,1368,1256,1216,1382,-1,-1,-1,-1,-1,-1
1253,1287,1250,1252,1263,1267,1244,-1,-1,-1,-1,-1
1276,1283,1284,1285,1286,1266,1290,1315,1291,-1,-1,-1
1282,1290,218,217,222,216,1283,226,1264,237,212,242
1260,1276,1315,1249,1266,1263,1259,1286,-1,-1,-1,-1
1315,1273,1286,1266,1275,1285,1249,1283,-1,-1,-1,-1
1255,1295,1254,1285,1291,1278,1242,1286,-1,-1,-1,-1
1295,1297,1254,1279,1296,1277,1298,-1,-1,-1,-1,-1
1254,1302,1278,1296,1329,1270,1300,-1,-1,-1,-1,-1
1300,1301,1256,1317,1302,1299,1235,-1,-1,-1,-1,-1
242,246,1265,1282,248,1264,237,1294,250,1274,1258,-1
237,1274,242,226,1281,222,1264,218,246,217,1283,1290
1290,1274,1273,1266,1264,1284,216,217,1276,1282,212,-1
1290,1292,1273,1291,1283,212,1285,216,1293,202,1429,-1
1291,1286,1273,1255,1277,1284,1276,1295,-1,-1,-1,-1
1315,1255,1276,1285,1273,1241,1249,1277,1275,-1,-1,-1
1272,1237,1238,1250,1248,1267,1127,-1,-1,-1,-1,-1
818,874,819,867,872,873,944,800,-1,-1,-1,-1
1199,1186,1197,1198,1176,261,1200,259,263,1240,-1,-1
216,217,212,1274,1283,1284,218,1293,202,222,1292,1273
1429,1285,1295,1284,1292,1277,1303,1273,1298,-1,-1,-1
202,1293,1304,212,1284,1429,1303,1291,193,216,1290,174
202,212,193,1292,1304,216,174,217,1290,175,1284,182
250,1258,248,1269,252,1265,254,1225,1281,246,1257,1268
1429,1278,1291,1277,1298,1297,1285,1254,1303,-1,-1,-1
1297,1329,1350,1279,1278,1324,1319,-1,-1,-1,-1,-1
1350,1298,1296,1278,1309,1295,1310,-1,-1,-1,-1,-1
1297,1429,1295,1308,1303,1309,1278,1291,-1,-1,-1,-1
1301,1313,1300,1314,1311,1312,1280,1319,1381,-1,-1,-1
1313,1302,1280,1299,1329,1301,1319,1279,-1,-1,-1,-1
1299,1317,1381,1311,1280,1300,1314,1382,-1,-1,-1,-1
1300,1279,1270,1280,1235,1329,-1,-1,-1,-1,-1,-1
1429,1304,1308,1305,1292,1298,193,1291,1295,202,1293,-1
193,202,1293,1305,174,1303,1292,175,212,1429,1308,1306
1304,1316,532,1306,531,530,1303,1308,529,528,174,526
531,532,529,530,528,527,526,525,517,516,519,521
175,1356,1306,174,182,1365,521,520,519,518,517,183
1325,1303,1298,1305,1309,1316,1429,1334,1304,-1,-1,-1
1325,1297,1350,1321,1310,1308,1298,-1,-1,-1,-1,-1
1322,1350,1321,1309,1323,1324,1327,1347,1297,-1,-1,-1
1381,1314,1369,1301,1299,1379,1383,-1,-1,-1,-1,-1
1314,1319,1313,1318,1338,1320,1299,-1,-1,-1,-1,-1
1319,1300,1299,1329,1312,1314,1318,-1,-1,-1,-1,-1
1312,1311,1369,1338,1299,1313,1301,1337,-1,-1,-1,-1
1249,1276,1286,1275,1241,1243,1255,1273,-1,-1,-1,-1
532,530,1333,528,526,531,524,527,525,529,523,522
1301,1271,1256,1382,1381,1280,1383,-1,-1,-1,-1,-1
1327,1319,1320,1326,1312,1324,1313,1374,-1,-1,-1,-1
1313,1318,1324,1312,1329,1327,1300,1299,1296,-1,-1,-1
1328,1326,1318,1338,1312,1458,1327,1406,1422,-1,-1,-1
1325,1310,1336,1334,1323,1309,-1,-1,-1,-1,-1,-1
1310,1327,1374,1347,1323,1324,1350,1326,1349,-1,-1,-1
1347,1341,1321,1322,1336,1310,1335,1374,-1,-1,-1,-1
1350,1319,1327,1318,1322,1296,1310,1329,-1,-1,-1,-1
1308,1334,1321,1309,1316,1333,1336,1305,-1,-1,-1,-1
1425,1327,1320,1374,1458,1318,1328,1322,1349,1373,-1,-1
1318,1374,1322,1326,1324,1319,1425,1347,1320,1310,-1,-1
1320,1406,1422,1458,1338,1326,1337,1414,-1,-1,-1,-1
1296,1313,1300,1319,1279,1302,1324,-1,-1,-1,-1,-1
225,221,1359,1382,1331,1368,232,224,1383,220,213,238
213,221,220,224,203,1359,1330,225,1358,232,192,1383
1450,239,230,244,233,235,243,240,228,236,229,231
522,523,524,526,525,528,527,1316,530,529,531,532
1325,1333,1336,1316,1339,1321,522,523,524,526,528,525
1347,1341,1349,1348,1457,1346,1323,-1,-1,-1,-1,-1
1341,1334,1340,1321,1323,1339,1325,1344,-1,-1,-1,-1
1370,1406,1369,1338,1371,1372,1328,1314,-1,-1,-1,-1
1337,1314,1320,1328,1369,1406,1312,1370,-1,-1,-1,-1
1344,1334,1333,1343,1336,1340,1345,522,523,524,525,526
1344,1341,1336,1357,1346,1339,1352,-1,-1,-1,-1,-1
1340,1336,1335,1323,1346,1347,-1,-1,-1,-1,-1,-1
189,190,1356,1355,194,183,1354,182,1376,199,162,175
1353,1362,1344,1339,1345,1352,1351,-1,-1,-1,-1,-1
1352,1340,1343,1339,1357,1362,1336,-1,-1,-1,-1,-1
522,523,524,509,525,507,1351,511,1333,513,527,526
1360,1341,1390,1348,1340,1357,1335,-1,-1,-1,-1,-1
1374,1349,1323,1322,1335,1341,1425,1327,1457,1310,-1,-1
1390,1419,1457,1335,80,1346,83,1391,74,1360,1349,1417
1457,1347,1425,1374,1373,1335,1348,1326,1419,1322,-1,-1
1297,1310,1296,1324,1309,1322,-1,-1,-1,-1,-1,-1
1345,1384,507,1353,508,509,510,511,512,1343,1400,515
1362,1344,1363,1563,1357,1343,1386,1353,1340,1399,-1,-1
1362,1400,1343,1351,1399,1352,1363,1345,1441,1384,-1,-1
1367,1342,1355,1356,157,1364,162,1365,149,1366,190,189
1376,162,1342,168,194,1354,157,190,178,1377,199,189
1342,1307,183,182,1365,189,1354,175,190,174,521,520
1360,1352,1563,1344,1340,1361,1346,-1,-1,-1,-1,-1
192,1380,203,1359,1331,1378,213,188,1379,1383,171,1330
1383,1330,1331,1358,1382,1379,221,225,1381,213,203,224
1361,1390,1357,1346,1387,1391,1388,1563,1348,-1,-1,-1
1360,1388,1563,1389,1387,1357,1397,59,1386,1390,-1,-1
1353,1352,1363,1399,1343,1344,1400,1563,1386,-1,-1,-1
1386,1362,1399,1352,1563,1451,1454,1353,-1,-1,-1,-1
1365,1366,1367,1384,510,1354,515,512,514,508,518,520
520,518,521,515,514,512,519,510,1364,517,508,516
1459,1364,1367,1392,1384,1441,1354,1396,1394,1365,149,157
157,1366,1354,1392,149,1364,1396,162,144,1459,1355,140
225,1227,1330,232,1382,1271,1217,221,238,224,1261,-1
1370,1314,1337,1311,1338,1379,1372,1381,-1,-1,-1,-1
1372,1337,1369,1379,1371,1380,1403,1338,-1,-1,-1,-1
1404,1337,1403,1406,1370,1407,1372,1413,1414,-1,-1,-1
1370,1380,1403,1402,1371,1379,1337,1413,1369,1378,1404,-1
1425,1375,1416,1349,1457,1458,1374,1426,1419,1326,-1,-1
1425,1347,1327,1349,1326,1322,1373,1318,1458,1323,-1,-1
1420,1417,1418,1373,1419,79,1426,1457,1416,83,76,73
1377,1355,178,194,199,168,196,205,162,190,204,207
204,1376,207,205,196,199,178,206,198,194,168,1355
171,188,192,1380,164,1401,1402,1358,160,203,1415,155
1383,1370,1380,1359,1369,1381,1372,1358,1311,-1,-1,-1
1372,1358,1378,1402,1379,1370,192,1403,188,1401,-1,-1
1383,1311,1301,1382,1317,1379,1359,1299,1369,-1,-1,-1
1330,1383,1381,1317,1368,1359,1271,225,221,1301,-1,-1
1359,1381,1382,1379,1330,1311,1358,1331,1317,-1,-1,-1
1351,1366,1364,1441,510,508,1459,507,512,515,509,514
223,215,229,231,227,234,219,236,210,233,228,1405
1454,1363,1563,1389,1451,1464,1453,1352,1361,1399,1362,-1
1388,1391,63,61,1360,58,1390,1361,59,62,57,65
59,1397,1387,58,1361,1389,55,57,61,54,52,1360
1464,1386,1397,1454,1361,1563,1388,1408,59,-1,-1,-1
1391,1360,1348,1346,1387,80,74,65,1419,83,63,1361
74,65,1390,63,62,1387,80,61,83,1348,1360,77
1396,1366,1395,1367,1459,1394,149,144,132,140,157,1364
274,1215,280,272,1208,1239,284,1209,270,1188,1240,287
1395,1410,1411,1459,1392,1409,132,1396,1437,123,1441,1366
132,1396,123,1394,1411,1392,140,118,144,1459,149,119
140,144,132,1392,149,1395,123,157,1367,1394,162,1366
1408,59,52,55,1388,1398,1389,1464,58,47,48,46
47,52,42,46,45,1408,55,41,48,1397,59,49
1362,1440,1353,1363,1400,1451,1352,1456,1386,-1,-1,-1
1441,1353,1399,1435,1351,1440,1384,1410,1362,1459,-1,-1
160,164,155,1415,142,156,1402,1378,171,134,137,135
1415,1403,1401,1372,1380,1378,131,1413,135,130,134,164
1413,1404,1402,131,1372,1371,121,130,1415,135,1370,108
1413,121,1407,1403,108,1371,131,100,130,95,135,1414
210,214,219,201,211,215,1431,195,1385,227,197,223
1328,1337,1414,1371,1338,1422,1320,-1,-1,-1,-1,-1
1404,100,95,1412,108,1414,1371,93,121,1413,1403,-1
48,1398,47,1397,52,45,1464,49,53,42,55,46
1410,1437,1492,1394,1435,1439,1411,1436,-1,-1,-1,-1
1394,1441,1459,1435,1409,1400,1392,1395,1411,1366,-1,-1
1437,1395,123,1394,118,1461,132,119,1409,1465,1396,117
93,1424,90,95,1414,1407,1430,88,100,87,1428,-1
131,121,1404,1403,130,108,135,1415,1402,1371,1407,100
1406,1412,1407,1422,1430,1371,1328,1404,1424,95,-1,-1
135,134,130,131,1401,1402,137,142,1413,155,1403,121
1426,1373,1458,1422,1430,1375,1425,1418,1428,-1,-1,-1
79,83,76,1420,77,1419,1375,80,70,73,1418,74
1420,1421,72,73,85,1426,71,79,1375,70,67,84
83,1417,80,1457,1348,77,1375,79,76,74,1420,1390
79,73,1418,1417,70,76,72,1375,77,83,1421,67
85,71,72,84,1418,67,82,73,69,1426,1420,1427
1328,1430,1458,1414,1406,1416,1320,-1,-1,-1,-1,-1
170,1445,180,181,1466,1443,187,173,177,1442,1444,172
87,88,90,1412,1428,1430,81,93,1427,82,95,75
1373,1374,1326,1349,1458,1416,1327,1347,1457,-1,-1,-1
1416,1418,85,1428,84,1421,1375,1430,82,1420,72,71
82,81,75,69,84,1428,87,85,71,1421,88,1424
82,1427,84,85,1424,81,87,1426,1430,75,69,1421
1303,1291,1295,1298,1292,1304,1308,1284,-1,-1,-1,-1
1422,1424,1428,1412,1426,1416,1414,87,84,82,85,-1
197,211,191,195,201,176,214,1452,1405,184,169,210
136,1471,133,139,1478,1469,143,129,1477,146,1480,128
1470,120,1481,115,1493,1434,126,1479,1469,113,128,129
113,1481,112,115,1460,111,1433,1482,120,117,1520,1493
1410,1441,1440,1400,1436,1409,1459,-1,-1,-1,-1,-1
1439,1456,1468,1435,1440,1467,1409,1474,-1,-1,-1,-1
1411,1492,1465,1461,1409,118,1394,123,119,1472,1395,1460
1474,1472,1492,1491,1439,1473,1507,1468,-1,-1,-1,-1
1474,1436,1492,1438,1468,1409,-1,-1,-1,-1,-1,-1
1399,1456,1435,1436,1400,1451,-1,-1,-1,-1,-1,-1
1410,1459,1400,1435,1384,1366,1394,1351,1353,-1,-1,-1
159,167,145,1445,141,172,165,1443,161,177,138,1423
1448,1423,1442,1445,1466,138,141,1444,127,170,145,122
1466,1449,1448,1446,1447,1443,1423,170,1487,173,158,1496
177,1423,187,172,181,1442,1443,167,180,170,1466,165
1527,163,158,1466,173,179,186,1444,185,170,166,1447
125,148,158,1497,1449,124,1444,1496,147,1446,114,163
122,127,1443,1487,1449,138,1444,110,141,1466,1486,1551
1444,1487,1496,1447,1448,1551,125,1486,122,1466,102,114
240,1332,236,233,243,244,231,239,230,228,229,235
1455,1386,1454,1456,1363,1399,1453,1440,-1,-1,-1,-1
169,184,191,166,176,1527,163,185,197,1431,195,186
1463,1454,1455,1464,53,1462,51,1451,1386,1489,49,-1
1386,1453,1464,1389,1451,1363,53,1463,1563,1455,-1,-1
1456,1462,1453,1467,1451,1463,1498,1454,-1,-1,-1,-1
1455,1440,1467,1436,1451,1468,1399,-1,-1,-1,-1,-1
1419,1349,1348,1373,1375,1335,1417,83,80,1425,1347,-1
1425,1326,1328,1422,1416,1373,1320,1374,-1,-1,-1,-1
1366,1441,1410,1392,1394,1384,1395,1367,1364,1396,1435,1400
111,112,1434,1461,1482,1465,117,113,119,1481,115,118
119,117,118,1460,111,1465,1437,1411,123,112,1482,132
1498,1463,1455,1499,1489,1453,1467,51,1561,-1,-1,-1
51,1453,53,1489,1462,43,49,1464,1455,40,1454,48
1454,53,1408,1389,1397,1453,48,49,51,1463,1386,47
1472,1437,1461,1460,1492,1482,1411,117,111,119,1490,-1
170,1423,1444,173,1446,180,1443,179,181,1445,1448,186
1468,1498,1455,1456,1502,1462,1436,1507,-1,-1,-1,-1
1474,1507,1467,1439,1436,1502,1456,1498,1438,-1,-1,-1
1470,133,1432,129,1471,1479,136,1480,128,1433,126,139
126,128,129,120,1433,1469,133,115,1479,136,1432,113
1432,1477,1480,1478,1469,136,133,139,1485,143,1537,129
1465,1438,1490,1491,1492,1482,1437,1460,-1,-1,-1,-1
1507,1514,1474,1491,1517,1438,1513,-1,-1,-1,-1,-1
1507,1438,1468,1439,1473,1491,1502,1492,1517,1436,-1,-1
151,154,147,1497,1476,1483,153,1537,148,152,124,116
153,152,1537,150,154,1475,1478,146,151,1483,143,147
1471,1484,1485,1537,1478,1480,1432,99,94,1476,1506,104
143,146,1432,150,139,1476,1471,1537,1477,136,152,153
1469,1495,1493,1494,1480,1433,1470,1471,-1,-1,-1,-1
1471,1485,1494,1506,1477,1479,1469,1432,-1,-1,-1,-1
1434,1520,1493,1433,1482,1460,113,115,1519,112,120,-1
1460,1520,1490,1481,1465,1434,1472,1508,1461,112,111,-1
109,116,1475,104,1537,124,1497,1484,106,99,114,125
99,104,1477,1485,94,1537,1483,109,92,116,91,1475
94,1506,1484,92,1477,1480,99,91,1524,1471,104,89
98,103,1551,96,1487,97,110,102,122,1496,101,1449
1486,1551,1449,122,1448,110,103,1496,98,127,102,97
38,34,32,40,1509,1489,43,26,1499,1504,21,51
1488,1463,40,51,43,1499,1462,38,1509,34,53,32
1508,1491,1472,1482,1520,1510,1512,1465,-1,-1,-1,-1
1514,1490,1438,1472,1473,1510,1474,1508,-1,-1,-1,-1
1437,1438,1439,1465,1472,1409,1474,1411,-1,-1,-1,-1
1481,1495,1433,1519,1479,1520,1434,1530,-1,-1,-1,-1
1506,1521,1495,1480,1479,1522,1485,1530,1524,-1,-1,-1
1530,1493,1494,1479,1521,1519,1562,1548,-1,-1,-1,-1
125,1551,107,114,102,101,1449,1487,124,105,1447,97
147,124,148,1475,151,1483,1447,125,116,158,114,109
1561,1499,1502,1462,1467,1455,1468,1501,1500,-1,-1,-1
1509,1561,1498,1489,1462,1501,1488,1504,1463,1502,32,-1
1561,1526,1518,1503,1517,1501,1502,1498,-1,-1,-1,-1
1504,1561,1503,1509,1505,1499,1500,21,16,26,1498,-1
1507,1498,1561,1517,1468,1500,1467,1474,1499,-1,-1,-1
1526,1533,1505,1501,1500,1532,13,1540,1504,1518,1561,8
21,16,26,1509,1505,1501,32,12,9,1488,34,1499
13,9,12,16,1504,1533,1503,21,1501,8,26,6
1485,1494,92,1524,1522,1480,94,91,89,1521,1477,99
1474,1502,1517,1473,1468,1438,1467,-1,-1,-1,-1,-1
1512,1520,1490,1510,1519,1548,1516,1482,1491,-1,-1,-1
1488,1504,32,1499,26,1501,34,21,1489,38,16,40
1508,1514,1516,1512,1511,1490,1491,-1,-1,-1,-1,-1
1529,1516,1514,1515,1510,1513,1512,-1,-1,-1,-1,-1
1548,1508,1516,1510,1544,1519,1520,1531,1530,1515,1490,1511
1518,1514,1511,1517,1528,1529,1473,1526,-1,-1,-1,-1
1513,1473,1491,1511,1510,1516,1517,-1,-1,-1,-1,-1
1516,1534,1511,1535,1544,1529,1512,1542,1543,-1,-1,-1
1512,1515,1511,1510,1544,1548,1508,1529,1514,1535,-1,-1
1518,1507,1473,1500,1502,1513,1526,1474,1561,1514,-1,-1
1526,1517,1513,1500,1528,1503,1532,-1,-1,-1,-1,-1
1548,1520,1508,1530,1493,1512,1495,1481,-1,-1,-1,-1
1481,1508,1519,1482,1490,1493,1434,1512,-1,-1,-1,-1
1562,1494,1530,1522,1495,1525,1506,1531,1546,1524,-1,-1
1524,1525,1506,1521,1523,92,1494,86,91,89,1562,78
1536,78,68,1525,1554,86,1559,1522,64,1524,66,60
92,91,89,1522,86,1506,94,78,1485,1523,99,1494
1562,1522,1546,1523,1559,1521,1524,1531,1554,1530,-1,-1
1518,1532,1503,1500,1528,1541,1533,1517,1513,-1,-1,-1
163,185,184,166,1452,186,1446,191,169,158,179,173
1541,1518,1526,1529,1513,1542,1532,1545,-1,-1,-1,-1
1542,1511,1515,1534,1528,1513,1516,1560,1545,-1,-1,-1
1548,1562,1495,1521,1531,1519,1494,1512,1493,1525,-1,-1
1562,1548,1530,1546,1547,1544,1521,1512,1525,-1,-1,-1
1526,1540,1541,1533,1538,1503,1528,3,2,6,1518,4
13,8,1540,6,1503,1505,9,1532,2,3,12,1526
1560,1515,1543,1542,1535,1529,28,29,22,23,30,35
1543,1547,1544,1534,1515,1550,37,35,1560,1516,-1,-1
64,68,1554,60,66,1523,78,56,1559,1553,86,50
1476,1484,1483,1477,1475,1478,153,152,109,104,154,99
4,0,1540,1539,3,1,1541,1532,5,2,10,7
10,7,5,15,11,1545,1,1538,1541,18,0,4
2,3,6,1533,1538,1532,4,8,13,0,1503,9
1545,1539,1528,1532,1538,1542,15,18,10,1526,28,11
1545,28,1529,1560,1534,18,1541,1528,22,15,23,1539
35,30,37,29,1560,1535,1534,1550,23,33,22,28
1548,1516,1531,1535,1512,1515,1547,-1,-1,-1,-1,-1
18,15,28,1542,1539,1541,10,11,22,7,1560,23
1562,1559,1547,1531,1525,1549,1521,-1,-1,-1,-1,-1
1546,1531,1535,1550,1544,1549,1562,-1,-1,-1,-1,-1
1512,1530,1531,1519,1544,1508,1562,1516,1495,-1,-1,-1
1552,1559,1546,1555,1553,1550,1547,1554,-1,-1,-1,-1
37,1547,1558,1552,1535,1543,33,1549,35,1557,20,30
102,1486,97,1496,1487,96,101,98,107,103,1449,114
1557,1558,1555,1556,1549,1550,27,24,33,1553,19,37
1555,1554,56,50,44,1559,1549,60,39,1536,1552,1556
1536,60,1559,1553,56,1523,64,68,66,50,78,1555
1553,1556,1552,39,44,1549,36,1557,50,31,56,25
31,1557,36,25,27,1555,39,1552,24,44,1558,19
27,24,1556,1558,1552,19,25,31,20,33,1555,17
33,1557,20,19,37,1552,24,17,1550,27,35,14
1554,1546,1525,1549,1553,1523,1536,1562,60,56,1555,-1
28,29,22,23,1534,1543,30,1542,18,35,1545,15
1498,1500,1499,1501,1502,1509,1503,1517,1462,-1,-1,-1
1521,1531,1525,1530,1546,1548,1522,1495,1547,1559,-1,-1
1386,1361,1352,1363,1389,1357,1454,1362,1360,-1,-1,-1
