470,468,467
1329,1319,1313
1319,1329,1324
18,28,22
1515,1535,1534
1543,1535,1550
1535,1543,1534
1371,1372,1370
1372,1403,1402
1371,1403,1372
142,137,156
164,160,156
1401,160,164
183,217,218
88,81,75
81,1427,75
87,81,88
1338,1312,1320
1319,1312,1313
1458,1326,1425
1326,1458,1320
1312,1318,1320
1318,1312,1319
1318,1326,1320
1326,1318,1327
1318,1319,1324
1327,1318,1324
1296,1329,1279
1329,1296,1324
1291,1277,1285
28,1560,22
1560,23,22
1543,1560,1534
1,5,14
5,7,14
10,11,7
23,11,22
11,18,22
11,23,14
7,11,14
1529,1515,1534
1558,37,1550
37,1543,1550
66,68,78
17,25,14
1539,5,1
1539,10,7
5,1539,7
1519,1548,1512
45,49,43
1489,1499,1509
1403,131,1402
131,1403,1413
121,131,1413
1415,1401,1402
131,1415,1402
1415,142,1401
1337,1371,1370
142,155,1401
155,160,1401
155,142,156
160,155,156
1300,1329,1313
1266,1275,1259
1284,1291,1285
1427,69,75
1387,1360,1361
1326,1374,1425
1374,1326,1327
1430,1416,1426
1278,1296,1279
183,182,217
1356,182,183
182,1356,1307
804,498,491
941,1010,1046
1010,1060,1046
1118,1148,1152
1148,1118,1113
1148,1142,304
1148,302,1152
302,1148,304
294,296,304
296,298,304
1172,286,285
286,1172,288
1172,290,288
1091,1116,1036
1116,1091,1008
1076,319,317
319,1076,321
1076,1133,321
927,885,884
1035,339,1044
907,995,852
794,907,852
171,164,156
188,171,156
269,259,257
251,253,1201
1490,1510,1491
1516,1510,1512
1515,1544,1535
1516,1544,1515
1544,1548,1531
1544,1516,1512
1548,1544,1512
1511,1516,1515
1529,1511,1515
1511,1529,1513
1511,1510,1516
23,30,14
1549,1546,1559
1535,1547,1550
1547,1549,1550
1549,1547,1546
1546,1547,1531
1544,1547,1535
1547,1544,1531
1555,44,39
1553,1549,1559
1549,1553,1555
1553,44,1555
33,37,1558
24,19,1558
24,27,25
17,24,25
24,17,19
31,1556,36
1556,31,25
27,1556,25
1556,39,36
1556,1555,39
1539,15,10
11,15,18
15,11,10
1542,1529,1534
1560,1542,1534
1542,1560,28
1538,1540,1532
4,1538,0
1540,1538,3
1538,4,3
1538,1,0
1538,1539,1
1503,1526,1532
1518,1526,1500
1526,1503,1500
1540,1533,1532
1533,1503,1532
1533,1505,1503
6,1533,1540
34,26,41
1489,40,43
40,45,43
1488,1489,1509
1488,40,1489
165,159,167
159,165,161
103,110,161
145,110,127
138,145,127
145,138,141
110,145,161
145,159,161
208,209,200
1530,1548,1519
1548,1530,1531
1546,1525,1559
246,209,208
48,49,45
48,47,1408
47,48,45
1387,1388,58
1388,1387,1361
1399,1400,1440
1519,1520,1493
1499,1501,1509
1505,1501,1503
1503,1501,1500
130,131,121
1415,130,135
130,1415,131
142,134,137
1415,134,142
134,1415,135
130,134,135
108,100,137
134,108,137
108,130,121
108,134,130
991,1090,1027
981,991,1027
991,981,990
991,990,1107
996,997,983
1060,997,1046
997,996,1046
1257,1265,1259
1275,1260,1259
1266,1276,1275
1378,171,188
1401,1378,1402
1378,1401,164
171,1378,164
1380,1372,1402
1378,1380,1402
1312,1299,1313
1299,1300,1313
1369,1337,1370
1337,1369,1338
1265,1264,1259
1264,1266,1259
69,71,67
84,71,69
1390,1360,1387
1457,1349,1335
1374,1349,1425
1322,1327,1324
1322,1374,1327
1349,1373,1425
1373,1349,1457
1373,1458,1425
1373,1416,1458
1416,1375,1426
1373,1375,1416
1375,1419,1417
1419,1375,1457
1375,1373,1457
1418,85,1426
1375,1418,1426
1337,1406,1371
1406,1337,1338
1424,87,88
1428,1430,1426
85,1428,1426
84,1428,85
1428,1424,1430
1424,1428,87
81,1428,1427
87,1428,81
1291,1295,1277
1295,1278,1277
1278,1295,1298
1284,1292,1291
471,742,470
742,468,470
820,824,821
824,820,813
497,503,498
804,497,498
851,804,491
804,851,880
767,771,791
427,432,434
419,994,421
419,415,418
415,419,421
421,422,424
422,994,424
994,422,421
859,432,430
1063,1077,1064
1097,1077,1131
1077,1097,1098
1097,1114,1107
1098,1097,1107
1100,1114,1113
1162,1100,1113
1114,1100,1107
1100,991,1107
991,1100,1090
1160,1118,1152
1118,1160,1119
1111,1118,1119
1162,1111,1099
1111,1162,1113
1118,1111,1113
1110,1093,1099
1142,307,304
1137,314,312
1132,1097,1131
1097,1132,1114
1137,1132,1131
298,300,304
300,302,304
302,300,1152
277,278,273
275,277,273
277,275,276
283,1172,285
275,1174,276
1174,277,276
1207,1169,1172
283,1207,1172
1091,1041,1008
1042,1041,1064
1172,292,290
315,317,312
314,315,312
315,1076,317
1078,1063,1076
315,1078,1076
1078,315,314
1137,1078,314
1078,1137,1131
1077,1078,1131
1078,1077,1063
1133,324,321
1045,1091,1036
1035,1045,1036
1045,1035,1044
1075,1063,1064
1041,1075,1064
1075,1041,1091
889,890,884
890,927,884
927,890,888
1047,936,403
415,382,401
347,1035,352
1035,347,339
685,674,691
723,722,724
269,274,270
280,274,269
251,249,253
249,255,253
37,35,1543
35,30,1543
33,35,37
30,35,14
35,33,14
29,1560,1543
30,29,1543
1560,29,23
29,30,23
1552,1549,1555
1556,1552,1555
1552,1558,1550
1549,1552,1550
1554,1553,1559
60,1554,1536
1553,1554,56
1554,60,56
50,1553,56
1553,50,44
50,60,66
60,50,56
39,50,36
44,50,39
19,20,1558
20,33,1558
17,20,19
20,17,14
33,20,14
15,1545,18
1545,15,1539
1545,28,18
1545,1542,28
1542,1528,1529
1529,1528,1513
1528,1518,1513
1528,1526,1518
1526,1528,1532
2,1540,3
2,6,1540
2,4,0
4,2,3
26,21,16
26,32,1509
32,26,34
32,1488,1509
1488,32,34
38,1488,34
1488,38,40
40,38,45
45,38,41
38,34,41
1530,1495,1521
1495,1519,1493
1495,1530,1519
1495,1494,1521
1530,1562,1531
1562,1530,1521
1525,1562,1521
1562,1546,1531
1562,1525,1546
1522,1525,1521
1494,1522,1521
1525,1523,1559
1523,1554,1559
1554,1523,1536
68,1523,78
1536,1523,68
1522,1523,1525
1523,86,78
236,240,234
1332,244,243
1332,239,244
239,1332,235
1342,1356,183
1377,178,1376
42,45,41
42,47,45
52,1397,1408
51,1489,43
49,51,43
1388,59,58
59,1388,1397
1353,1399,1362
1399,1353,1400
1353,1351,1400
1367,1366,1364
1518,1517,1513
1517,1473,1513
1517,1507,1473
1517,1518,1500
1473,1514,1513
1514,1473,1491
1510,1514,1491
1514,1511,1513
1511,1514,1510
1508,1519,1512
1508,1520,1519
1520,1508,1490
1510,1508,1512
1508,1510,1490
1462,1499,1489
1462,1498,1499
108,1407,100
1070,981,983
981,1070,990
997,1070,983
1073,1093,1095
1106,1028,1027
260,262,265
1210,262,260
1210,1268,1222
1268,1210,260
254,1268,256
1268,254,1269
1268,1225,1222
1225,1268,1269
1273,1276,1266
1273,1284,1285
1260,1263,1244
1263,1260,1275
1104,1103,1095
1093,1104,1095
1104,1093,1110
1314,1299,1312
1299,1314,1311
1314,1369,1311
1314,1312,1338
1369,1314,1338
1301,1299,1311
1281,1264,1265
216,1290,217
1290,212,1284
212,1292,1284
216,212,1290
212,216,217
182,212,217
1264,1283,1266
1283,1273,1266
1283,1290,1284
1273,1283,1284
1563,1389,1361
1389,1388,1361
1388,1389,1397
1399,1363,1362
1356,1365,1307
1309,1297,1298
1297,1278,1298
1278,1297,1296
1310,1309,1321
1310,1322,1324
1322,1347,1374
1349,1347,1335
1347,1349,1374
1353,1343,1351
1343,1353,1362
1363,1352,1362
1352,1363,1563
1352,1343,1362
1343,1352,1344
1352,1357,1344
1357,1352,1563
1360,1357,1361
1357,1563,1361
83,1419,80
1419,83,1417
77,83,80
83,77,1417
1348,1419,1457
1348,1457,1335
1348,1390,80
1419,1348,80
54,57,58
1418,1421,85
1421,84,85
1421,71,84
1416,1422,1458
1430,1422,1416
1328,1338,1320
1328,1406,1338
1328,1422,1406
1458,1328,1320
1422,1328,1458
90,1424,88
1428,82,1427
82,1428,84
82,69,1427
82,84,69
1429,1295,1291
1292,1429,1291
1429,1292,1303
1429,1303,1298
1295,1429,1298
1304,1292,202
1292,1304,1303
1304,1305,1303
1305,1308,1303
1303,1308,1298
1308,1309,1298
496,490,486
490,756,486
756,779,757
743,779,755
779,743,757
805,502,506
503,805,506
497,805,503
805,497,804
473,742,471
742,473,675
473,471,486
473,743,675
743,473,474
475,476,757
475,474,476
743,475,757
475,743,474
696,736,700
698,712,883
736,698,883
698,736,696
824,823,821
775,820,821
775,736,883
736,775,734
712,795,883
813,795,833
820,795,813
795,775,883
775,795,820
851,850,880
823,850,932
790,723,724
860,728,881
885,860,884
860,881,884
788,709,711
728,861,881
861,796,881
796,861,744
789,788,728
788,789,709
771,792,791
792,771,782
750,775,821
775,750,734
437,424,434
500,1016,499
1016,500,504
781,783,832
783,952,832
420,411,423
420,417,411
431,426,423
539,542,541
426,539,423
562,580,566
742,610,468
610,742,675
551,440,441
440,551,537
580,581,566
581,580,625
994,425,424
424,425,434
425,427,434
959,425,994
425,959,427
993,419,418
419,993,994
855,902,857
835,855,857
835,859,855
1041,1009,1008
1009,1041,1042
1010,1040,1060
1009,1040,1010
1040,1009,1042
1062,1077,1098
1062,1040,1042
1062,1042,1064
1077,1062,1064
1062,1098,1060
1040,1062,1060
1100,1101,1090
1101,1100,1162
1101,1162,1099
296,1161,298
1161,300,298
1161,1160,1152
300,1161,1152
1126,1125,1146
1125,1126,1110
1126,1104,1110
1125,1124,1119
1124,1125,1110
1124,1111,1119
1124,1110,1099
1111,1124,1099
308,307,1142
1114,1136,1113
1132,1136,1114
1136,1132,1142
1136,1148,1113
1136,1142,1148
266,260,265
268,271,267
271,278,267
278,271,273
271,1190,273
1190,271,268
1125,1145,1146
1145,1174,1146
1207,281,282
281,1207,283
281,279,282
279,281,278
321,326,328
324,326,321
326,324,1133
1143,1045,1044
334,1143,1044
1143,334,328
326,1143,328
1143,326,1133
1075,1134,1063
1063,1134,1076
1134,1133,1076
796,886,881
881,886,884
886,889,884
1068,993,418
973,927,888
973,936,927
412,415,401
972,393,387
969,365,368
397,1047,403
339,336,1044
336,334,1044
334,336,339
995,868,949
868,995,907
692,685,691
794,692,907
685,692,794
716,692,691
274,272,270
1393,274,280
1208,1393,280
1393,272,274
249,1221,247
1221,245,247
1220,1221,1201
1221,251,1201
1221,249,251
1552,1557,1558
1557,1552,1556
1557,1556,27
1557,24,1558
24,1557,27
60,64,66
64,60,1536
64,68,66
64,1536,68
1545,1541,1542
1541,1528,1542
1528,1541,1532
1541,1538,1532
1538,1541,1539
1541,1545,1539
1505,12,16
9,12,1505
12,26,16
2,12,6
12,9,6
8,1533,6
9,8,6
1533,13,1505
13,9,1505
8,13,1533
13,8,9
1501,1504,1509
1504,26,1509
1504,21,26
1504,1501,1505
1504,1505,16
21,1504,16
1448,138,127
91,99,89
1448,1449,1444
1520,1481,1493
1479,1495,1493
1479,1494,1495
1494,1479,1480
1479,1469,1480
150,195,152
1444,1446,1466
172,165,167
86,1524,89
1524,91,89
1523,1524,86
1524,1523,1522
91,1524,92
236,229,233
228,229,223
229,228,233
240,1450,243
1450,1332,243
236,1450,240
1450,236,233
1332,1450,233
1342,1354,1356
1354,1367,1364
1354,157,1367
1365,1354,1364
1354,1365,1356
189,183,218
190,189,218
189,1342,183
189,190,1342
222,190,218
207,246,208
1377,196,178
47,1398,1408
1398,52,1408
42,1398,47
1464,1389,1454
1397,1464,1408
1389,1464,1397
52,55,1397
55,59,1397
55,54,58
59,55,58
157,149,1367
178,168,1376
168,178,144
1366,1384,1364
1384,1441,1400
1351,1384,1400
1473,1438,1491
1436,1456,1440
1384,1459,1441
1459,1384,1366
1502,1517,1500
1517,1502,1507
1507,1502,1468
1502,1467,1468
1467,1502,1498
1467,1436,1468
1436,1467,1456
1462,1467,1498
51,1463,1489
1463,1462,1489
1463,1453,1462
1453,1464,1454
1406,1414,1371
1414,1407,1371
1422,1414,1406
1414,1422,1430
1404,1407,108
1404,121,1413
1404,108,121
1407,1404,1371
1403,1404,1413
1404,1403,1371
1061,997,1060
1061,1070,997
1070,1061,990
1098,1061,1060
990,1061,1107
1061,1098,1107
1094,1073,1095
1093,1096,1099
1073,1096,1093
1106,1038,1037
1038,1096,1073
1090,1071,1027
1071,1106,1027
1071,1038,1106
1038,1071,1096
1028,982,1027
982,981,1027
1177,1191,1128
1209,1393,1208
1191,1084,1128
655,654,660
683,685,794
754,659,684
683,754,684
754,683,774
853,794,852
853,683,794
683,853,774
1246,1223,1244
1211,1246,1213
1246,1211,1223
1245,1257,1259
1260,1245,1259
1245,1260,1244
1223,1245,1244
1121,1203,1204
1203,1170,1251
1268,258,256
258,1268,260
258,267,256
258,266,267
266,258,260
1224,1245,1223
1245,1224,1257
1257,1258,1265
1258,1294,1265
1224,1258,1257
1258,1224,1225
1294,1258,1269
1258,1225,1269
1249,1263,1275
1263,1249,1250
1241,1230,1229
1286,1273,1285
1273,1286,1276
1214,262,1210
1103,1102,1095
1094,1102,1109
1102,1094,1095
1089,1088,1121
1358,1380,1378
1281,248,246
248,250,246
250,248,1294
1294,248,1265
248,1281,1265
1292,1293,202
212,1293,1292
1293,212,182
1274,1283,1264
1283,1274,1290
1274,222,218
217,1274,218
1290,1274,217
1363,1386,1563
1389,1386,1454
1386,1389,1563
1350,1297,1309
1310,1350,1309
1350,1310,1324
1296,1350,1324
1297,1350,1296
1323,1347,1322
1323,1310,1321
1310,1323,1322
1347,1323,1335
1323,1341,1335
1343,1345,1351
1336,1323,1321
1323,1336,1341
1346,1357,1360
1390,1346,1360
1348,1346,1390
1341,1346,1335
1346,1348,1335
61,1387,58
57,61,58
72,1421,1418
71,72,67
1421,72,71
77,76,1417
70,76,77
1420,1375,1417
1420,1418,1375
175,182,1307
1316,1308,1305
777,490,496
490,777,756
777,496,502
805,777,502
779,814,755
882,814,833
814,882,755
814,813,833
810,804,880
810,805,804
474,482,476
473,482,474
482,473,486
476,482,757
756,482,486
482,756,757
680,650,712
624,650,620
615,624,620
624,615,882
822,823,932
823,822,821
822,750,821
750,822,830
492,851,491
850,906,932
906,850,851
790,787,723
787,789,848
787,790,709
789,787,709
860,847,728
847,789,728
861,730,744
702,730,711
730,702,744
788,729,728
729,861,728
729,730,861
729,788,711
730,729,711
927,928,885
936,928,927
928,936,1047
926,860,885
928,926,885
926,928,984
926,847,860
926,984,960
847,926,960
792,798,791
798,792,857
902,798,857
793,792,782
726,718,700
736,726,700
726,736,734
718,766,725
769,796,744
750,746,734
733,746,745
746,726,734
726,746,733
1233,750,830
746,1233,745
1233,746,750
1048,457,953
457,1048,460
465,1112,963
1112,921,963
896,781,832
879,896,832
896,879,858
538,420,423
539,538,423
428,426,431
544,552,541
542,544,541
557,544,542
544,557,559
533,433,435
436,533,435
533,436,537
580,596,625
411,405,389
388,371,389
391,388,389
388,391,390
396,395,600
599,553,552
600,599,598
553,599,600
579,553,600
405,579,404
579,405,411
552,547,541
553,547,552
579,547,553
685,661,674
661,683,684
683,661,685
657,656,643
656,654,643
659,656,684
656,661,684
661,656,657
641,657,643
686,673,670
790,710,709
710,790,724
703,702,711
702,703,688
703,710,705
709,703,711
710,703,709
882,706,755
615,706,882
706,743,755
743,706,675
468,607,467
607,610,467
610,607,468
614,615,611
610,614,611
614,610,675
706,614,675
614,706,615
443,551,441
445,446,555
554,568,653
438,440,537
436,438,537
581,585,566
585,581,617
622,585,617
628,581,625
581,628,617
634,694,633
634,648,649
648,634,629
627,634,633
634,627,629
680,679,650
648,679,649
679,680,649
959,429,427
432,429,430
427,429,432
859,854,855
854,959,855
854,859,430
429,854,430
854,429,959
959,903,855
903,902,855
903,959,994
993,903,994
835,856,859
432,856,434
859,856,432
292,1168,294
1168,296,294
1168,1161,296
1169,1168,1172
1168,292,1172
1135,1132,1137
1132,1135,1142
1135,308,1142
310,1137,312
308,310,307
310,1135,1137
1135,310,308
304,310,312
307,310,304
1159,1126,1146
1104,1159,1103
1126,1159,1104
1175,275,273
1190,1175,273
1175,1159,1146
1174,1175,1146
1175,1174,275
1206,1190,268
1206,268,267
266,1206,267
1206,266,265
1173,279,278
1173,278,277
1174,1173,277
1145,1173,1174
1173,1145,1169
279,1173,282
1173,1207,282
1207,1173,1169
1145,1147,1169
1161,1147,1160
1160,1147,1119
1147,1168,1169
1168,1147,1161
1147,1125,1119
1147,1145,1125
1144,1134,1075
1045,1144,1091
1144,1075,1091
1143,1144,1045
1144,1143,1133
1134,1144,1133
886,842,889
1014,1068,992
1068,1014,993
1014,903,993
938,973,888
1014,938,888
938,1014,992
936,406,403
406,407,403
973,406,936
409,412,401
412,409,992
1068,413,992
413,412,992
412,413,415
1033,393,972
382,1033,401
393,1033,382
380,393,382
393,383,387
380,383,393
383,380,379
372,379,370
372,383,379
383,372,375
397,974,1047
974,975,1047
975,974,969
400,1033,972
1116,1023,1036
1023,1035,1036
1023,1024,1035
1009,1007,1008
1011,912,910
869,868,758
1000,893,1092
893,912,1092
912,893,891
752,787,848
787,752,723
720,722,723
752,720,723
720,752,753
912,897,910
897,912,891
668,665,691
661,678,674
678,661,657
674,678,691
678,668,691
668,678,638
678,641,638
641,678,657
692,871,907
716,871,692
871,868,907
868,871,758
871,716,758
1180,1191,1177
253,1200,1201
255,1200,253
259,1200,257
1200,255,257
1227,1218,1217
1218,1227,1220
1219,1220,1201
1198,1219,1201
1219,1218,1220
1218,1219,1262
289,280,291
289,287,280
284,1208,280
287,284,280
284,287,1208
110,122,127
122,1448,127
138,1443,141
1448,1443,138
1423,1443,1466
1443,1444,1466
1443,1448,1444
94,91,92
94,99,91
97,66,78
1470,126,128
1482,1520,1490
1482,1481,1520
1469,1471,1480
176,191,1452
195,176,152
176,153,152
1506,1522,1494
1506,1524,1522
1524,1506,92
1506,1494,1480
231,236,234
231,229,236
223,231,234
229,231,223
150,146,210
215,1405,210
146,215,210
215,146,228
1332,230,235
230,1332,233
228,230,233
242,1281,246
199,1377,1376
222,199,190
178,198,200
196,198,178
207,204,1377
204,196,1377
204,198,196
46,42,41
46,1398,42
1398,46,52
46,55,52
54,46,41
55,46,54
168,1355,1376
1355,1354,1342
1354,1355,157
508,1384,1351
1435,1436,1440
1400,1435,1440
1441,1435,1400
1474,1507,1468
1507,1474,1473
1474,1438,1473
1474,1439,1438
1436,1439,1468
1439,1474,1468
119,140,200
140,178,200
178,140,144
1470,120,126
1561,1502,1500
1502,1561,1498
1501,1561,1500
1561,1501,1499
1498,1561,1499
1467,1455,1456
1455,1467,1462
1453,1455,1462
53,1463,51
53,51,49
1453,53,1464
53,1453,1463
48,53,49
53,48,1408
1464,53,1408
1101,1105,1090
1105,1071,1090
1071,1105,1096
1105,1101,1099
1096,1105,1099
978,1002,940
977,948,958
977,982,1028
982,977,958
908,894,873
913,908,915
918,913,915
1087,1051,1037
1051,1089,1074
1089,1051,1088
1051,1087,1088
995,836,852
836,995,949
846,836,949
877,845,846
1020,887,876
1020,941,1046
1020,876,941
996,1020,1046
980,996,983
980,1020,996
1020,980,887
948,866,958
1215,1209,1188
1209,1215,1393
1209,1189,1188
1189,1180,1188
1180,1189,1191
1167,1082,1204
1263,1253,1244
1084,1081,1128
676,363,371
371,363,389
363,360,389
654,642,643
642,641,643
754,763,681
763,754,774
1246,1247,1213
1247,1246,1251
1170,1247,1251
1214,1193,1153
1153,1193,1213
1193,1211,1213
1193,1210,1222
1193,1214,1210
1202,1203,1121
1202,1170,1203
254,252,1269
250,252,254
252,1294,1269
252,250,1294
1211,1212,1223
1212,1224,1223
1212,1193,1222
1193,1212,1211
1225,1212,1222
1224,1212,1225
1276,1315,1275
1315,1249,1275
1286,1315,1276
1249,1315,1241
1315,1286,1241
1243,1241,1229
1243,1249,1241
1248,1243,1229
1249,1243,1250
1243,1248,1250
1242,1230,1241
1277,1255,1285
1255,1286,1285
1242,1255,1277
1286,1255,1241
1255,1242,1241
262,264,265
1214,264,262
1154,1139,1153
1139,1102,1103
1140,1139,1103
1140,1214,1153
1139,1140,1153
1067,1056,1074
1089,1067,1074
1067,1089,1121
192,1378,188
192,1358,1378
1227,1261,1220
1261,1221,1220
1221,1261,245
1271,1368,1217
1368,1227,1217
1368,232,1227
1451,1386,1363
1451,1363,1399
1455,1451,1456
1451,1399,1440
1456,1451,1440
1386,1451,1454
1451,1453,1454
1451,1455,1453
1306,532,1305
532,1306,531
532,1316,1305
1336,1340,1341
1357,1340,1344
1346,1340,1357
1340,1346,1341
1339,1343,1344
1339,1345,1343
1340,1339,1344
1339,1340,1336
65,70,77
76,79,1417
79,1420,1417
79,76,70
1420,79,70
73,1420,70
73,70,67
72,73,67
73,72,1418
1420,73,1418
1414,1412,1407
1424,1412,1430
1412,1414,1430
90,1412,1424
93,1412,90
1407,95,100
95,93,90
1412,95,1407
95,1412,93
100,95,137
95,90,137
1304,174,1305
174,1306,1305
1306,174,1307
174,175,1307
1316,1325,1308
1309,1325,1321
1308,1325,1309
776,779,756
776,814,779
814,776,813
776,824,813
828,810,880
828,823,824
776,828,824
828,776,810
850,828,880
828,850,823
699,696,700
699,694,696
718,699,700
702,739,744
627,632,623
632,627,633
693,634,649
634,693,694
693,698,696
694,693,696
698,925,712
925,680,712
693,925,698
680,925,649
925,693,649
764,882,833
764,624,882
795,764,833
764,795,712
650,764,712
624,764,650
843,822,932
822,843,830
843,829,830
492,493,851
493,906,851
906,493,487
493,492,491
498,493,491
503,493,498
789,849,848
847,849,789
849,847,960
849,904,848
904,849,905
937,928,1047
928,937,984
975,937,1047
984,976,960
937,976,984
976,937,975
365,364,368
799,798,902
842,799,889
798,799,791
799,842,791
856,834,858
834,856,835
834,896,858
834,835,857
792,834,857
793,834,792
747,733,745
726,735,718
735,766,718
735,726,733
738,740,767
766,740,725
740,719,725
719,740,738
747,748,733
748,747,772
987,747,745
747,987,785
449,455,457
453,455,449
988,455,453
457,455,953
455,988,953
879,878,858
878,856,858
878,437,434
856,878,434
463,465,460
465,463,1112
1048,463,460
463,1048,1112
921,961,963
781,784,783
772,784,781
747,784,772
784,747,785
827,952,783
784,827,783
827,784,785
827,950,952
469,465,963
1050,469,963
469,1050,472
469,472,460
465,469,460
472,1039,481
1050,1039,472
1039,501,481
1039,505,501
505,1039,504
1039,1016,504
896,831,781
781,831,782
831,793,782
831,834,793
834,831,896
539,540,542
540,539,426
428,540,426
545,557,542
563,580,562
563,786,580
786,576,580
576,596,580
596,576,577
576,569,577
395,398,600
405,398,389
398,405,404
398,579,600
579,398,404
391,394,390
394,395,390
394,398,395
394,391,389
398,394,389
578,599,552
599,578,630
578,544,559
544,578,552
547,606,541
606,539,541
606,538,539
420,606,417
538,606,420
417,414,411
546,579,411
546,547,579
414,546,411
546,606,547
606,546,417
546,414,417
662,676,371
388,386,371
386,388,390
644,600,598
654,658,660
656,658,654
658,656,659
594,637,638
637,668,638
665,637,669
637,665,668
640,591,586
571,565,591
565,562,566
567,556,562
565,567,562
567,565,571
673,667,669
722,667,724
667,665,669
665,667,722
673,704,705
686,704,673
703,704,688
704,703,705
704,686,690
608,610,611
574,451,452
443,444,551
551,535,537
535,533,537
560,554,653
585,582,566
628,621,617
622,621,623
621,622,617
621,627,623
627,621,629
636,648,629
621,636,629
636,621,628
636,628,625
583,574,452
583,456,592
613,612,611
613,615,620
615,613,611
768,886,796
768,842,886
769,768,796
768,738,767
768,769,738
768,767,791
842,768,791
938,410,973
410,406,973
406,410,407
413,416,415
416,413,1068
415,416,418
416,1068,418
376,382,381
376,380,382
367,356,358
366,365,969
367,366,969
372,369,375
354,369,352
356,369,354
369,356,367
369,370,352
369,372,370
1030,397,972
1030,974,397
1030,972,387
400,399,407
407,399,403
399,397,403
397,399,972
399,400,972
402,409,401
402,400,409
1033,402,401
400,402,1033
408,400,407
400,408,409
410,408,407
409,408,992
408,938,992
408,410,938
966,935,967
876,1117,941
1026,1116,1008
1007,1026,1008
912,1021,1092
1021,912,1011
1049,1021,1011
870,869,891
893,870,891
868,870,949
869,870,868
904,759,848
759,752,848
752,759,753
720,717,722
717,716,691
665,717,691
717,665,722
721,753,758
721,720,753
716,721,758
717,721,716
721,717,720
753,760,758
760,869,758
869,760,891
760,897,891
263,259,269
1164,1180,1177
1164,1151,1165
1151,1164,1177
1123,1209,1208
287,1123,1208
289,1123,287
1123,289,291
1487,1449,1448
122,1487,1448
1487,122,110
1487,1496,1449
1443,1442,141
159,1442,167
1442,172,167
1442,145,141
145,1442,159
1485,1506,1480
1485,94,92
1506,1485,92
96,98,66
97,96,66
1479,1433,1469
1433,1470,1469
1433,1479,1493
1481,1433,1493
1433,120,1470
1472,1482,1490
1472,1490,1491
1438,1472,1491
1482,1434,1481
1434,1433,1481
1470,129,1469
129,133,1469
129,1470,128
139,129,128
133,129,139
1478,139,143
146,1478,143
1478,146,150
1478,1432,139
1432,1478,1471
133,1432,1469
1432,1471,1469
169,176,1452
1447,1446,1444
1449,1447,1444
1496,1447,1449
1385,228,223
1385,215,228
226,199,222
205,207,1377
199,205,1377
205,226,207
226,205,199
194,199,1376
199,194,190
1355,194,1376
190,194,1342
194,1355,1342
204,206,198
206,208,200
198,206,200
206,207,208
206,204,207
1355,162,157
162,1355,168
162,149,157
149,162,144
162,168,144
507,508,1351
508,507,509
1345,507,1351
507,1345,509
512,508,509
1384,510,1364
508,510,1384
512,510,508
510,1365,1364
1459,1410,1441
1410,1435,1441
1439,1492,1438
1492,1472,1438
1392,1459,1366
1392,1366,1367
149,1392,1367
1038,1072,1037
1072,1087,1037
1094,1072,1073
1072,1038,1073
1056,1058,1074
1058,1002,1074
1067,1055,1056
1055,1067,1066
1086,1081,1084
946,916,944
866,946,944
946,866,948
977,947,948
908,895,894
918,931,1053
1002,931,940
1058,931,1002
1001,1002,978
1002,1001,1074
1001,1051,1074
803,322,323
800,803,323
322,803,320
894,803,873
1288,818,819
818,800,819
803,818,873
818,803,800
836,1120,852
1120,853,852
887,841,876
841,845,876
815,811,838
808,337,338
863,866,944
866,957,958
957,980,983
957,982,958
981,957,983
982,957,981
862,815,838
862,863,815
863,862,866
957,862,980
862,957,866
800,801,819
801,816,819
816,801,809
297,299,1031
1017,1018,1054
1018,1057,1054
1057,1018,1053
1166,1084,1191
1189,1166,1191
1166,1086,1084
1151,1192,1149
1192,1177,1128
1192,1151,1177
1230,1196,1229
1151,1163,1165
1163,1151,1149
1271,1256,1317
1267,1167,1204
1150,1130,1237
1246,1252,1251
1252,1246,1244
1253,1252,1244
1238,1150,1237
1167,1085,1082
1085,1081,1082
1081,1085,1128
362,363,676
363,362,360
708,362,676
362,708,360
664,708,676
662,664,676
360,359,357
708,359,360
631,644,598
599,631,598
631,599,630
844,763,774
763,844,761
853,844,774
1120,844,853
1171,1247,1170
1247,1171,1213
1171,1153,1213
1171,1154,1153
1102,1155,1109
1171,1155,1154
1139,1155,1102
1155,1139,1154
1155,1171,1170
1088,1181,1121
1181,1202,1121
1254,1242,1277
1254,1278,1279
1278,1254,1277
1138,1175,1190
1175,1138,1159
1159,1138,1103
1138,1140,1103
1065,1067,1121
1067,1065,1066
1065,1121,1204
1082,1065,1204
1066,1065,1082
1382,1271,1317
1382,1368,1271
1368,1382,1330
1358,1379,1380
1372,1379,1370
1380,1379,1372
1379,1369,1370
1369,1379,1311
1331,1359,1358
1359,1379,1358
1379,1359,1383
1359,1331,1330
1382,1359,1330
1359,1382,1383
192,203,1358
203,1331,1358
220,203,188
203,192,188
224,1331,220
1261,241,245
245,241,247
241,220,247
225,1368,1330
1368,225,232
1306,529,531
516,529,1306
521,1306,1307
1365,521,1307
512,511,514
511,512,509
61,63,1387
74,77,80
74,65,77
193,1304,202
193,174,1304
174,193,175
175,193,182
1293,193,202
193,1293,182
1345,1333,522
1339,1333,1345
778,776,756
776,778,810
777,778,756
778,777,805
810,778,805
714,718,725
714,699,718
737,769,744
739,737,744
769,737,738
737,719,738
737,739,741
719,737,741
695,632,652
632,695,623
739,689,741
689,687,741
689,702,688
689,739,702
652,689,688
687,689,652
976,934,960
934,849,960
849,934,905
934,911,905
911,933,910
933,911,935
966,933,935
933,1011,910
933,966,1011
965,934,976
911,965,935
934,965,911
930,1014,888
799,930,889
890,930,888
930,890,889
765,740,766
987,825,785
989,453,449
989,879,832
442,989,449
989,442,879
439,449,457
439,442,449
439,457,460
878,439,437
439,878,879
442,439,879
961,962,963
962,1050,963
1039,962,1016
962,1039,1050
950,1013,952
988,1013,953
1013,950,953
952,1013,832
1013,989,832
1013,988,453
989,1013,453
827,901,950
536,535,549
535,536,533
536,431,433
533,536,433
540,601,542
601,536,549
556,564,562
564,563,562
564,560,653
560,564,556
786,564,653
563,564,786
569,575,577
575,569,574
569,570,574
570,451,574
451,570,450
570,569,568
570,448,450
570,568,555
448,570,555
561,576,786
576,561,569
561,786,653
568,561,653
569,561,568
378,662,371
662,378,384
386,378,371
677,662,384
677,644,655
666,594,588
666,637,594
571,590,559
590,578,559
578,590,630
558,545,556
567,558,556
545,558,557
557,558,559
558,571,559
558,567,571
667,924,724
924,667,673
924,673,705
924,710,724
710,924,705
610,466,467
608,466,610
608,609,462
612,609,611
609,608,611
448,447,450
447,451,450
446,447,555
447,448,555
447,456,451
548,535,551
548,445,555
568,548,555
554,548,568
444,548,551
548,444,445
560,550,554
535,550,549
550,548,554
548,550,535
543,601,549
550,543,549
543,550,560
545,543,556
543,560,556
543,545,542
601,543,542
582,573,566
573,565,566
565,573,591
591,573,586
573,582,586
587,588,586
582,587,586
592,458,459
456,458,592
447,458,456
458,447,446
445,458,446
444,458,445
454,583,452
583,454,456
451,454,452
456,454,451
597,583,592
583,597,574
597,575,574
619,679,648
380,377,379
376,374,380
374,377,380
358,1005,967
356,1005,358
1005,966,967
361,367,358
361,366,367
366,361,365
361,364,365
361,358,967
979,1030,387
383,979,387
979,383,375
369,979,375
979,367,969
979,369,367
974,979,969
1030,979,974
1117,955,941
955,1007,1009
955,1010,941
955,1009,1010
875,845,877
845,875,876
875,1117,876
1022,1023,1116
1023,1022,1024
1022,1049,1024
954,1026,1007
955,954,1007
954,955,1117
892,893,1000
892,870,893
877,892,1000
870,892,949
892,846,949
892,877,846
970,759,904
897,970,910
970,904,905
970,911,910
911,970,905
760,898,897
898,970,897
970,898,759
759,898,753
898,760,753
1239,269,270
272,1239,270
1240,1239,1215
1393,1239,272
1215,1239,1393
1186,1289,1176
1289,1186,1198
1219,1187,1262
1187,1219,1198
1186,1187,1198
1179,1164,1165
1179,1187,1186
1179,1186,1176
1164,1179,1176
1164,1178,1180
1180,1178,1188
1240,1178,1176
1178,1164,1176
1178,1215,1188
1178,1240,1215
103,1486,110
1486,1487,110
1486,103,98
96,1486,98
1486,96,97
1445,1443,1423
1445,1442,1443
172,1445,177
1442,1445,172
94,1484,99
1485,1484,94
1483,1484,1537
99,104,89
104,105,89
1484,104,99
104,1484,1483
114,106,116
105,106,114
104,106,105
101,1496,102
97,101,102
101,97,78
86,101,78
101,86,89
105,101,89
1460,1434,1482
1433,115,120
1434,115,1433
115,1434,113
136,133,139
1432,136,139
136,1432,133
170,1423,1466
170,180,1423
186,179,1446
1527,186,1446
186,180,179
1447,158,1446
158,1447,148
197,176,195
176,197,191
1385,227,215
227,223,234
227,1385,223
153,1476,152
1478,1476,1537
1476,150,152
1476,1478,150
1475,1483,1537
1476,1475,1537
114,125,1496
125,1447,1496
226,237,207
207,237,246
237,242,246
515,512,514
510,515,1365
515,510,512
1394,1410,1459
1392,1394,1459
1394,1392,1395
1411,1394,1395
1410,1409,1435
1435,1409,1436
1409,1439,1436
1409,1492,1439
1492,1409,1437
1394,1409,1410
1409,1411,1437
1409,1394,1411
123,1411,1395
132,123,1395
123,140,119
123,132,140
132,1396,140
140,1396,144
1392,1396,1395
1396,132,1395
1396,149,144
1396,1392,149
316,318,894
803,318,320
318,803,894
1052,1055,1057
1052,1057,1053
1052,1058,1056
1055,1052,1056
931,1052,1053
1052,931,1058
1086,1083,1081
1083,1066,1082
1081,1083,1082
1055,1059,1057
1059,1083,1086
1059,1055,1066
1083,1059,1066
939,978,940
943,939,940
939,943,916
917,918,915
943,917,915
917,943,940
931,917,940
917,931,918
872,908,873
908,872,915
872,943,915
943,872,916
818,872,873
872,818,1288
945,946,948
947,945,948
946,945,916
945,939,916
939,945,978
1032,977,1028
1106,1032,1028
1032,1106,1037
313,316,894
895,313,894
313,895,311
309,313,311
306,313,309
316,313,303
303,313,305
313,306,305
914,309,311
895,914,311
914,913,920
913,914,908
914,895,908
306,914,920
914,306,309
807,1120,836
807,808,338
840,841,887
845,839,846
841,839,845
1043,816,809
1043,811,816
840,817,841
811,817,838
817,840,838
865,811,815
811,865,816
863,865,815
763,731,681
731,763,761
351,322,320
335,337,809
864,862,838
862,864,980
840,864,838
980,864,887
864,840,887
773,800,323
773,801,800
297,295,293
295,297,1031
1034,971,920
971,306,920
306,971,305
971,303,305
971,1034,303
1019,1017,1031
299,1019,1031
919,1034,920
913,919,920
918,919,913
919,918,1053
1018,919,1053
919,1019,1034
919,1018,1017
1019,919,1017
1163,1183,1165
1187,1183,1262
1183,1179,1165
1179,1183,1187
1216,1271,1217
1216,1256,1271
1205,1267,1204
1203,1205,1204
1205,1203,1251
1252,1205,1251
1205,1252,1267
1127,1267,1237
1267,1127,1167
1130,1127,1237
1127,1085,1167
1085,1127,1130
1267,1287,1237
1287,1238,1237
1248,1287,1250
1238,1287,1248
1129,1150,1149
1129,1130,1150
1192,1129,1149
1129,1192,1128
1085,1129,1128
1129,1085,1130
1238,1232,1150
1232,1196,1184
1196,1232,1229
1232,1248,1229
1232,1238,1248
664,727,660
727,664,662
727,655,660
727,677,655
677,727,662
663,658,659
658,663,660
663,664,660
682,663,681
664,663,708
663,682,708
663,754,681
754,663,659
707,359,708
682,707,708
359,707,357
594,589,588
588,589,586
589,640,586
644,646,655
631,646,644
646,595,642
646,654,655
646,642,654
797,844,1120
844,797,761
1202,1141,1170
1141,1155,1170
1181,1141,1202
1155,1141,1109
1087,1108,1088
1108,1181,1088
1072,1108,1087
1141,1108,1109
1108,1141,1181
1108,1094,1109
1108,1072,1094
1138,1226,1140
1226,264,1214
1140,1226,1214
1226,1206,265
264,1226,265
1206,1226,1190
1226,1138,1190
1382,1381,1383
1381,1301,1311
1301,1381,1317
1381,1382,1317
1379,1381,1311
1381,1379,1383
1331,213,220
213,203,220
203,213,1331
224,238,232
238,241,1261
238,224,220
241,238,220
238,1261,1227
232,238,1227
224,221,1331
1331,221,1330
221,225,1330
221,224,232
225,221,232
532,530,1316
530,528,1316
530,532,531
529,530,531
530,529,528
529,527,528
517,516,1306
521,517,1306
63,1391,1387
1391,63,65
1391,1390,1387
74,1391,65
1390,1391,80
1391,74,80
65,62,70
63,62,65
62,57,54
62,61,57
62,63,61
70,62,67
1334,1325,1316
1333,1334,1316
1334,1336,1321
1325,1334,1321
1334,1339,1336
1334,1333,1339
714,697,699
694,697,633
699,697,694
719,713,725
713,714,725
713,719,741
687,713,741
697,713,687
713,697,714
695,701,690
701,695,652
701,652,688
704,701,688
701,704,690
965,964,935
935,964,967
964,361,967
361,964,364
930,929,1014
903,929,902
1014,929,903
929,799,902
929,930,799
765,909,748
909,735,733
748,909,733
735,909,766
909,765,766
740,780,767
765,780,740
767,780,771
770,748,772
770,765,748
770,780,765
770,781,782
770,772,781
771,770,782
780,770,771
751,825,987
751,1233,830
829,751,830
825,751,829
1233,751,745
751,987,745
998,843,932
843,998,829
998,999,829
1025,998,1012
998,1025,999
906,998,932
1012,998,906
950,923,953
901,923,950
923,1048,953
900,923,901
1048,923,1112
923,921,1112
923,900,921
534,540,428
534,428,431
536,534,431
534,601,540
601,534,536
378,385,384
385,378,386
385,677,384
392,386,390
677,392,644
392,385,386
385,392,677
395,392,390
392,395,396
392,396,600
644,392,600
637,671,669
666,671,637
673,671,670
671,673,669
640,572,591
572,571,591
572,590,571
464,608,462
466,464,462
464,466,608
461,609,459
609,461,462
603,592,459
609,603,459
603,609,612
604,603,612
603,597,592
603,604,597
587,639,588
639,666,588
671,639,670
639,671,666
672,686,670
686,672,690
639,672,670
672,639,587
584,582,585
584,587,582
584,585,622
584,672,587
636,647,648
647,619,648
651,613,620
619,651,679
650,651,620
679,651,650
604,618,605
618,647,605
647,618,619
618,651,619
651,618,613
613,618,612
618,604,612
597,602,575
604,602,597
602,604,605
602,605,577
575,602,577
373,374,370
374,373,377
379,373,370
377,373,379
1006,1005,1024
1005,1006,966
1049,1006,1024
966,1006,1011
1006,1049,1011
1005,1069,1024
1024,1069,1035
1069,356,354
1069,1005,356
1069,354,352
1035,1069,352
1021,1115,1092
1026,1115,1116
1115,1022,1116
1115,1021,1049
1022,1115,1049
954,1115,1026
942,954,1117
875,942,1117
942,877,1000
942,875,877
1197,1240,1176
1289,1197,1176
1197,1239,1240
1197,263,269
1239,1197,269
263,261,259
1197,261,263
261,1197,1289
1199,1289,1198
1199,1198,1201
1200,1199,1201
1199,1200,259
261,1199,259
1199,261,1289
1079,295,1031
295,1079,293
293,1079,291
1079,1123,291
1123,1157,1209
1158,1157,1123
1157,1189,1209
1157,1166,1189
1166,1157,1234
1157,1158,1234
1122,1017,1054
1234,1122,1054
1158,1122,1234
1551,97,102
1551,1486,97
1496,1551,102
1487,1551,1496
1486,1551,1487
180,181,1423
181,1445,1423
186,181,180
181,186,214
1477,1484,1485
1471,1477,1480
1477,1485,1480
1484,1477,1537
1478,1477,1471
1477,1478,1537
106,109,116
109,106,104
109,1483,116
109,104,1483
107,105,114
107,101,105
107,114,1496
101,107,1496
1434,112,113
1460,112,1434
112,115,113
115,112,120
120,112,126
112,117,126
117,1461,119
1411,1461,1437
1472,1465,1482
1465,1460,1482
1465,1461,1460
1461,1465,1437
1465,1492,1437
1492,1465,1472
1446,173,1466
173,170,1466
179,173,1446
180,173,179
170,173,180
185,186,1527
163,1527,1446
158,163,1446
1405,201,210
201,150,210
201,195,150
219,214,1405
219,227,214
215,219,1405
227,219,215
151,154,169
176,154,153
169,154,176
154,151,1475
154,1476,153
154,1475,1476
151,147,1475
124,114,116
124,125,114
1483,124,116
125,124,1447
1282,237,226
1274,1282,222
1282,226,222
1282,1274,1264
1281,1282,1264
242,1282,1281
237,1282,242
1057,1156,1054
1059,1156,1057
1156,1234,1054
1156,1059,1086
1156,1166,1234
1166,1156,1086
872,874,916
874,872,1288
916,874,944
1004,947,977
1032,1004,977
945,1004,978
1004,945,947
807,837,808
837,807,836
837,836,846
839,837,846
837,812,808
812,837,839
812,839,841
817,812,841
816,867,819
865,867,816
867,1288,819
867,874,1288
874,867,944
867,863,944
867,865,863
732,731,761
1034,301,303
1019,301,1034
301,1019,299
297,301,299
303,301,293
301,297,293
1254,1270,1242
1270,1254,1279
1228,1196,1230
1228,1270,1235
1242,1228,1230
1270,1228,1242
1235,1280,1256
1299,1280,1300
1301,1280,1299
1280,1301,1317
1256,1280,1317
1182,1183,1163
1194,1182,1184
1218,1195,1217
1195,1216,1217
1195,1218,1262
1195,1194,1216
1194,1195,1182
1183,1195,1262
1182,1195,1183
1252,1272,1267
1272,1287,1267
1272,1252,1253
1287,1272,1250
1272,1263,1250
1272,1253,1263
1185,1232,1184
1185,1163,1149
1150,1185,1149
1232,1185,1150
1182,1185,1184
1185,1182,1163
593,589,594
641,593,638
593,594,638
642,593,641
595,593,642
589,749,640
749,572,640
749,593,595
593,749,589
807,349,1120
349,797,1120
349,807,338
527,526,528
1333,526,524
528,526,1316
526,1333,1316
526,525,524
525,526,527
525,529,516
525,527,529
511,518,514
517,518,511
697,635,633
635,697,687
635,632,633
632,635,652
635,687,652
488,906,487
488,1012,906
968,964,965
364,968,368
964,968,364
968,969,368
968,975,969
968,976,975
968,965,976
826,901,827
826,827,785
826,900,901
900,826,951
825,826,785
899,825,829
999,899,829
899,826,825
826,899,951
922,961,921
900,922,921
922,900,951
479,480,961
494,480,479
485,484,1012
484,1025,1012
494,484,485
1015,1025,477
645,631,630
590,645,630
572,645,590
645,749,595
749,645,572
645,646,631
646,645,595
672,616,690
584,616,672
616,584,622
616,695,690
616,622,623
695,616,623
647,626,605
626,596,577
605,626,577
596,626,625
626,636,625
626,647,636
1115,956,1092
956,1115,954
956,1000,1092
956,942,1000
942,956,954
1080,1158,1123
1079,1080,1123
1080,1122,1158
1080,1079,1031
1017,1080,1031
1122,1080,1017
1445,187,177
181,187,1445
111,112,1460
112,111,117
1461,111,1460
111,1461,117
123,118,1411
118,1461,1411
118,123,119
1461,118,119
184,1527,1452
184,185,1527
191,184,1452
185,184,191
186,211,214
185,211,186
211,185,191
214,211,1405
211,201,1405
1527,166,1452
163,166,1527
166,169,1452
147,166,148
166,158,148
166,163,158
166,151,169
166,147,151
1497,147,148
1447,1497,148
124,1497,1447
147,1497,1475
1475,1497,1483
1497,124,1483
1003,1004,1032
1003,1032,1037
1003,1001,978
1004,1003,978
1051,1003,1037
1001,1003,1051
806,812,817
1043,806,811
806,817,811
812,806,808
806,1043,809
337,806,809
806,337,808
732,715,731
353,715,351
715,707,682
715,682,681
731,715,681
707,355,357
355,353,357
715,355,707
355,715,353
762,343,335
343,762,761
797,344,761
344,343,761
337,344,338
335,344,337
343,344,335
325,773,323
325,327,773
322,325,323
351,325,322
327,325,351
333,331,340
333,762,335
333,335,809
773,802,801
801,802,809
330,802,773
802,333,809
333,802,331
1302,1270,1279
1329,1302,1279
1300,1302,1329
1270,1302,1235
1280,1302,1300
1302,1280,1235
1236,1235,1256
1216,1236,1256
1194,1236,1216
523,525,522
525,523,524
1333,523,522
523,1333,524
525,513,522
513,525,516
513,1345,522
1345,513,509
513,511,509
517,513,516
513,517,511
519,517,521
519,518,517
520,521,1365
515,520,1365
520,519,521
519,520,518
520,515,514
518,520,514
489,485,1012
488,489,1012
489,488,487
489,494,485
493,489,487
1029,899,999
899,1029,951
1029,922,951
985,962,961
480,985,961
962,985,1016
985,494,495
985,480,494
985,495,499
1016,985,499
1025,483,477
484,483,1025
483,494,477
483,484,494
478,1015,477
1015,478,479
494,478,477
478,494,479
1025,986,999
1015,986,1025
986,1029,999
1029,986,922
922,986,961
986,479,961
986,1015,479
211,1431,201
1431,197,195
201,1431,195
197,1431,191
1431,211,191
341,732,340
341,345,732
330,341,340
341,330,345
350,327,351
715,350,351
349,346,797
346,344,797
346,349,338
344,346,338
342,333,340
333,342,762
732,342,340
342,732,761
762,342,761
327,329,773
329,330,773
330,329,345
802,332,331
332,802,330
331,332,340
332,330,340
1231,1236,1194
1196,1231,1184
1231,1194,1184
1228,1231,1196
1231,1228,1235
1236,1231,1235
329,348,345
348,350,715
350,348,327
348,329,327
345,348,732
348,715,732
