1,4,5,3,1267,1268,2,7
0,5,4,7,1267,10,11,3
3,6,1304,4,8,1305,1268,0
4,2,1304,0,6,1268,1,8
3,0,1,2,1304,1268,1267,5
1,7,10,0,11,1267,15,4
2,8,1304,1305,3,13,9,1303
10,11,5,15,1,1267,18,0
6,13,1305,9,2,1304,12,1303
13,12,8,16,1318,1305,6,21
11,15,7,18,5,1267,1,28
10,15,7,18,5,1267,28,22
9,16,13,1318,21,8,1305,26
9,8,1305,12,6,1318,16,1304
17,20,19,33,24,35,37,1044
10,11,18,7,28,22,1267,5
21,12,1318,26,9,13,1316,32
20,14,19,24,33,1044,27,37
15,28,22,10,11,1214,23,1503
24,17,20,1044,14,27,33,1042
17,33,19,14,1044,24,37,1042
26,16,1318,32,1316,12,34,9
23,28,1503,18,29,15,1214,30
22,29,1503,28,30,18,1212,1269
27,19,1044,25,17,20,1043,31
31,27,1043,24,36,1044,19,39
21,32,16,1316,34,1329,1318,12
25,24,31,1044,1043,19,36,17
22,18,1503,1214,23,15,29,11
30,23,1212,1503,22,35,1269,28
29,35,1212,23,37,1269,1177,1503
25,36,1043,27,39,24,1044,1038
34,26,1329,1316,38,21,1347,40
37,20,1042,35,17,1044,19,14
32,38,1329,26,40,1316,1347,21
37,30,1212,33,1177,29,1269,1042
31,39,1043,25,44,27,1038,24
35,33,1042,1177,1212,30,20,1072
34,40,1329,32,43,1347,26,1316
36,44,1043,31,1038,50,1041,25
43,38,1329,34,51,1347,49,1343
42,46,47,52,45,55,48,54
41,47,46,45,52,48,55,1362
40,51,49,38,53,48,1343,1329
50,39,1041,56,1038,36,1043,31
47,48,42,49,1362,41,46,52
41,42,52,47,55,45,54,59
45,42,52,48,46,41,1362,49
49,45,47,1362,53,51,43,42
48,53,51,43,45,1362,47,1326
56,44,1041,39,60,1038,1033,1032
53,49,43,1326,1343,48,40,1322
55,46,47,42,1362,59,41,54
51,49,1326,48,43,1362,1363,1343
57,58,55,59,61,52,1376,46
52,59,54,58,46,57,47,42
50,60,1041,1033,44,64,1032,66
54,58,61,1376,59,55,63,62
59,57,54,1376,55,61,1432,52
58,55,54,1376,57,1432,52,1365
64,56,1033,66,68,1031,50,1041
57,63,1376,58,62,54,1404,59
63,65,1404,61,74,1376,57,1393
62,61,1404,65,1376,57,1393,74
66,68,60,1031,1033,78,56,86
62,1404,74,63,1426,80,61,77
64,68,60,1031,78,1033,56,86
71,72,73,1459,85,70,84,69
66,64,78,1031,60,86,1033,1006
75,82,1478,84,81,71,85,67
73,76,79,72,77,1429,67,1448
67,72,85,84,1459,69,82,73
73,67,71,1459,70,85,1448,79
72,70,79,67,76,1448,1459,71
80,65,1404,1426,83,77,62,63
69,1478,81,82,84,87,1490,71
79,77,70,1429,83,73,80,1448
76,83,1429,79,80,74,70,65
86,68,1031,66,1006,89,64,1004
76,1429,70,77,73,1448,83,72
83,74,77,1401,1426,1429,65,76
1478,75,87,82,1490,88,69,84
84,1478,69,85,75,1490,81,71
80,77,1429,76,74,79,1401,1425
85,82,1478,71,69,1459,1490,1445
84,1459,82,71,1445,72,1478,69
78,89,1004,91,1006,92,68,1031
88,81,1489,1490,90,1478,75,82
87,90,1489,81,93,1490,1478,75
91,86,1004,92,94,78,1006,970
93,88,1489,87,95,1530,81,1490
89,92,1004,94,86,970,99,78
91,94,89,1004,970,86,99,978
95,90,1489,100,1530,88,87,1536
970,99,92,91,89,104,967,938
100,93,1536,108,90,1530,1489,121
97,98,1058,102,103,1057,101,110
96,102,1058,98,101,960,103,1057
96,103,97,1058,1057,110,102,122
104,94,970,938,109,92,91,967
108,95,1536,93,121,1534,1530,90
102,107,960,105,114,97,106,1058
101,97,1058,960,107,96,114,105
98,110,1057,96,122,1058,97,1142
99,109,938,116,106,94,970,1007
106,107,114,101,116,109,125,124
105,114,116,107,109,124,101,125
114,105,101,106,960,125,102,124
100,121,1534,1536,95,131,130,1528
116,104,106,105,1007,99,124,938
122,103,1057,127,98,1142,1058,96
112,117,1202,1171,113,119,115,118
113,111,1202,117,115,1171,1156,120
115,112,111,120,1202,1156,117,126
107,105,125,106,124,116,960,101
113,120,112,126,1156,1111,1112,111
109,106,124,114,105,125,104,930
111,119,1171,118,112,1202,113,123
119,123,1195,117,1171,132,1172,111
118,117,1171,123,111,1172,1195,112
115,126,1112,113,128,1111,112,1156
131,108,1534,130,135,100,1536,1527
127,110,1142,1057,138,103,950,942
118,132,1195,119,1282,140,1172,117
125,116,114,930,106,107,105,109
124,114,960,107,961,116,106,105
128,120,1112,129,115,1111,133,1077
122,138,1142,950,110,141,1057,942
129,126,1112,133,120,1077,136,1111
133,128,1112,136,126,1077,139,120
135,131,134,1533,121,137,1534,1527
130,121,135,1533,1534,1527,134,108
123,1282,140,1195,144,118,1283,149
129,136,128,139,1077,968,1112,126
135,137,130,1533,142,131,155,1532
130,134,1533,131,137,121,142,1527
133,139,968,129,143,969,1077,128
134,142,135,155,1533,130,156,160
127,141,950,145,122,949,1142,110
143,136,969,133,146,968,129,150
144,132,1282,149,123,157,1283,1195
145,138,949,950,159,127,161,951
155,137,156,134,160,1533,135,1532
146,139,969,150,136,152,133,968
140,149,1282,157,132,162,1283,168
141,159,949,161,138,165,167,950
150,143,969,152,139,940,153,136
148,151,930,931,154,158,166,163
147,158,151,929,930,163,961,166
144,157,140,162,1282,1285,1283,168
152,146,153,143,940,969,154,139
147,154,931,148,153,930,158,166
150,153,940,146,154,931,151,143
152,154,151,150,931,940,147,146
151,153,931,147,152,940,148,150
156,160,142,164,137,1532,134,171
155,160,142,164,137,171,1532,134
162,149,1285,168,144,1264,1288,140
148,163,929,166,147,961,915,151
161,165,145,167,949,141,951,172
155,156,164,142,1532,171,1531,137
159,165,167,145,949,141,172,951
157,168,1285,1264,149,178,144,1263
166,158,929,915,169,926,148,184
160,171,155,156,1531,1532,188,142
167,161,159,172,145,949,951,177
163,169,926,158,184,176,148,191
165,172,159,951,161,177,949,145
162,178,1264,157,1259,196,1285,149
926,166,176,191,184,163,195,197
173,180,928,888,181,179,943,915
164,1531,188,192,160,1532,1526,156
177,167,951,187,165,888,949,159
170,179,180,928,915,186,181,888
175,193,1298,182,1333,1332,202,183
174,182,1298,193,183,1292,1333,189
169,195,926,197,191,166,201,184
187,172,951,888,181,167,180,949
168,196,1259,1264,1242,198,204,162
186,173,915,185,170,180,928,184
181,170,888,173,187,179,928,177
180,187,888,177,170,951,173,172
183,175,1292,174,189,1298,193,190
182,189,1292,190,175,1263,1298,174
185,191,926,166,186,169,163,197
186,184,179,191,926,915,163,166
185,179,915,184,173,191,163,170
181,177,888,180,172,951,170,167
192,171,1531,203,164,1526,1519,160
190,183,1263,194,182,1292,199,175
194,189,1263,183,199,1264,1292,182
926,184,197,169,176,185,195,166
188,203,1531,171,1519,1526,213,1518
174,1332,202,175,1390,1333,212,182
190,199,1264,1263,189,1259,205,183
176,201,197,211,191,926,169,210
1242,198,204,178,206,1259,200,207
191,211,195,176,926,201,184,214
1242,196,206,200,208,204,209,178
205,194,1259,190,207,1264,204,189
208,198,209,206,1242,196,204,178
210,195,1051,211,197,214,215,176
1390,212,193,1332,216,174,1399,1373
213,192,1519,188,1517,220,1518,1531
1242,206,207,196,198,1259,205,208
207,199,1259,204,194,1242,196,206
1242,204,208,198,200,196,207,209
205,204,1259,1242,206,199,196,198
200,209,206,198,1242,204,196,207
208,200,206,198,1242,204,196,207
1051,215,201,214,219,211,223,195
214,197,1051,201,195,210,219,191
202,216,1390,217,1355,1373,193,218
203,1517,220,1519,224,221,192,1511
1051,211,219,210,201,215,227,197
210,223,1051,219,227,214,229,201
217,212,1355,218,202,1356,222,1390
216,218,1356,1355,222,212,226,202
217,222,1356,216,226,1355,212,1301
214,227,1051,215,210,223,211,234
224,1517,213,221,232,238,225,203
225,224,1517,232,220,1511,238,213
226,218,1356,217,237,1301,216,1355
229,215,231,227,234,236,219,233
220,221,232,1517,225,238,213,1511
221,232,224,1512,1517,1511,238,1537
222,237,218,1356,1301,242,217,216
234,219,223,231,215,229,214,1051
233,230,229,236,1069,235,231,223
231,236,233,223,228,234,230,1069
228,235,233,1069,239,229,236,244
236,229,234,233,223,227,240,228
225,238,221,224,1537,220,241,1517
228,236,229,1069,230,231,240,235
231,227,236,229,223,240,233,219
230,239,1069,228,233,244,236,243
231,233,229,240,234,1069,228,223
226,242,1301,222,246,1356,1289,218
232,241,224,1525,245,1537,221,225
244,1069,235,230,243,233,240,228
243,236,1069,233,244,231,234,229
245,238,1525,247,232,1473,1537,224
246,237,1289,1301,248,226,1300,1356
244,240,1069,239,236,233,231,230
243,239,1069,240,235,233,230,236
241,247,1525,1473,238,249,1474,251
242,248,1289,237,250,1301,1272,226
245,249,1473,241,251,1525,1470,253
250,246,1289,1272,252,242,1278,254
251,247,1470,253,1473,245,255,1464
252,248,1278,254,1272,1243,246,1289
249,1470,253,247,1464,1473,255,1469
254,250,1243,1278,256,248,1244,1272
255,251,1464,1470,249,257,1458,259
256,252,1243,258,250,1244,1278,260
253,257,1458,1464,259,251,1470,249
254,258,1243,252,1244,260,250,1278
259,255,1458,261,253,1464,1465,263
260,256,1244,254,1243,262,1144,252
257,261,1458,255,263,1465,1464,1411
262,258,1244,264,1144,265,256,266
259,263,1458,1411,257,1465,269,1407
264,260,1144,265,266,1244,1095,258
261,269,1411,1407,270,259,1372,1458
262,265,1095,266,260,1144,1100,267
264,266,262,1095,267,260,268,1029
267,265,268,264,1095,262,1029,271
266,268,265,271,1029,264,1095,262
267,271,266,1029,265,273,1095,1096
270,263,1407,272,1411,261,1372,274
269,272,1407,263,274,1372,1354,1411
268,273,1029,1096,267,275,266,1095
270,274,1354,1407,269,1372,280,1371
271,275,1096,276,1029,268,1018,277
1354,280,272,1463,270,284,1371,1407
276,273,1096,277,1018,916,271,278
277,275,916,278,273,891,1096,1018
278,276,275,891,279,916,273,282
277,279,891,276,282,281,275,916
282,278,891,281,277,887,283,276
284,274,1354,1463,287,272,1371,1279
282,283,279,285,887,894,278,891
279,281,887,891,283,278,894,285
285,281,894,282,286,887,279,288
280,287,1463,1279,274,1354,289,1315
283,286,894,281,288,282,290,887
288,285,894,283,290,893,281,292
284,289,1279,280,1463,291,1277,1280
286,290,894,285,292,893,283,294
291,287,1277,1279,293,284,295,1271
288,292,893,286,894,294,885,285
293,289,1277,295,287,1279,297,1240
294,290,893,885,296,288,894,286
295,291,1277,297,289,1240,299,1271
296,292,885,298,290,893,881,819
293,297,1240,1277,291,299,1229,289
298,294,885,300,292,819,893,881
299,295,1240,293,301,1229,1277,291
300,296,294,302,819,885,304,292
297,301,1229,1228,1240,295,303,293
298,302,296,304,810,819,727,294
299,303,1228,1229,297,305,1230,1188
300,304,727,298,307,810,296,811
305,301,1228,1230,306,299,1188,1229
302,307,727,300,308,310,298,812
303,306,1230,1228,301,309,1184,1188
305,309,1230,1184,303,311,1213,1228
308,304,310,727,302,812,745,312
310,307,745,312,812,304,1109,727
306,311,1213,1184,305,313,1230,1036
312,308,745,307,314,315,1109,812
309,1213,313,1036,306,1184,316,1035
310,314,745,315,308,760,307,317
316,311,1036,1213,318,309,1012,320
315,312,745,760,310,317,747,308
314,317,312,747,319,760,310,729
318,313,1012,320,1036,311,1213,1013
315,319,747,314,321,729,312,704
320,316,1012,322,1013,313,1036,323
317,321,747,704,315,728,324,729
322,318,1013,323,1012,316,325,1185
704,319,324,747,728,326,317,690
323,320,1013,325,318,1185,1012,327
322,325,1013,1185,320,1099,327,329
704,326,321,690,728,328,319,691
327,323,1099,322,329,1185,330,1013
324,328,690,704,334,691,321,728
329,325,1099,330,323,332,322,1060
326,334,690,691,324,336,704,748
330,327,1099,332,325,1060,331,323
332,329,331,327,1099,1060,333,325
332,333,1060,1059,330,335,329,1099
331,330,1060,333,329,1059,1099,335
331,1059,335,332,337,1060,1073,330
336,328,691,326,690,339,688,689
337,333,1059,1073,331,338,344,343
339,334,688,691,347,328,689,690
335,338,1073,999,344,346,333,343
999,346,337,349,344,335,343,1073
347,336,688,352,334,696,689,691
341,342,1025,345,343,1024,344,348
340,345,1025,342,348,1026,343,350
343,340,1024,1025,341,344,345,986
342,344,1024,340,346,335,337,1025
343,346,1024,338,349,337,342,335
348,341,1026,1025,340,350,342,988
349,344,338,996,1024,343,337,999
339,352,688,696,336,354,689,334
350,345,1026,351,341,1046,1025,340
346,338,344,996,999,963,998,337
348,351,1026,1046,345,353,355,341
350,353,1046,348,355,1026,345,357
347,354,696,339,688,356,726,734
355,351,1046,357,350,1253,348,1026
352,356,696,347,886,726,358,684
353,357,1253,1046,351,359,350,957
354,358,886,684,352,361,726,696
355,359,1253,353,360,1046,954,351
684,361,356,886,590,354,364,592
360,357,1253,954,362,355,363,353
362,359,363,954,958,357,1253,371
358,364,590,684,368,365,356,366
363,360,958,371,359,954,982,953
362,371,958,360,953,378,982,359
368,361,365,590,580,366,591,358
368,366,578,364,367,580,361,369
365,367,368,578,369,364,589,375
369,366,365,375,589,578,368,372
365,364,366,578,580,361,367,590
367,375,372,589,366,588,370,527
372,373,379,588,377,374,375,383
363,378,958,953,362,384,385,386
370,375,588,373,369,379,383,527
374,370,377,379,372,380,376,588
377,373,376,380,379,370,381,382
372,369,588,589,370,367,527,383
380,381,374,382,377,373,379,370
374,380,379,373,376,370,382,383
384,385,371,953,386,958,363,392
377,383,373,588,370,374,380,372
376,377,382,381,374,379,373,383
382,376,380,374,377,373,379,370
381,380,376,377,374,379,373,383
387,379,588,527,377,372,370,373
385,378,386,953,1015,1121,392,371
386,384,378,392,1121,953,1015,371
385,392,384,378,1121,396,390,395
383,527,393,526,588,379,589,402
391,390,389,394,395,398,396,392
391,388,394,390,398,395,396,404
388,391,394,395,389,396,392,398
388,390,389,394,395,398,396,392
396,1121,386,395,385,390,384,388
387,401,402,400,526,383,527,399
391,389,398,390,395,388,396,1122
396,394,390,391,392,388,1122,398
395,392,390,1121,1122,394,1128,386
399,403,400,526,546,407,535,406
394,404,1122,395,389,391,405,390
397,400,526,403,402,407,401,393
402,399,401,393,397,526,407,403
402,400,393,399,409,387,526,412
401,400,393,399,526,409,397,387
397,406,535,399,407,410,400,408
405,398,1161,1122,411,394,395,1150
404,411,1161,398,414,1134,1122,1150
410,407,403,525,408,536,397,535
410,408,406,403,409,525,399,523
409,407,410,412,523,406,525,399
412,408,407,413,523,410,402,400
407,406,525,408,523,403,409,536
405,414,1161,404,1134,417,398,1105
409,413,408,524,523,416,415,407
416,412,415,524,409,418,523,408
411,417,1134,1105,405,1161,420,1104
416,413,418,419,524,412,556,421
415,413,418,524,556,419,412,421
420,414,1105,1134,423,411,1103,1104
419,416,415,556,421,528,413,524
421,418,528,422,556,416,424,415
423,417,1105,1103,414,426,1106,1104
419,422,528,424,418,425,509,415
424,421,528,425,419,509,427,418
420,426,1103,417,1081,1105,428,1080
422,425,528,421,419,509,427,418
427,424,509,422,528,429,421,582
428,423,1081,1103,420,431,1062,1080
429,425,509,582,508,430,424,528
431,426,1081,1062,433,423,1103,1061
430,427,508,582,509,425,432,520
429,508,432,520,427,582,434,507
433,428,1062,1061,1081,435,426,1008
434,430,507,508,429,520,511,437
1061,431,435,1062,1063,436,428,1008
507,432,437,511,439,430,510,520
436,433,1061,1063,438,431,1008,1062
438,435,1063,1061,440,433,1009,1008
439,434,507,510,442,432,511,519
440,436,1063,1009,441,435,1061,443
442,437,510,449,507,434,519,516
441,438,1009,443,436,1063,992,444
443,440,992,444,438,1009,445,1063
439,449,516,519,437,510,453,522
444,441,992,445,440,1009,446,438
445,443,992,446,441,922,447,440
446,444,447,992,443,922,448,441
447,445,448,922,444,992,450,443
446,448,450,445,922,900,451,444
450,447,900,446,451,922,445,452
516,453,442,519,439,552,455,522
448,451,900,447,452,858,446,454
452,450,858,448,454,900,447,456
451,454,858,450,456,448,900,795
449,455,552,516,442,457,515,522
452,456,451,858,795,458,853,450
457,453,515,552,449,460,516,534
454,458,853,795,452,459,451,461
455,460,515,518,453,552,463,517
459,456,853,461,454,854,795,462
461,458,853,854,462,456,464,836
457,463,517,515,518,465,455,608
462,459,854,464,458,836,853,466
464,461,836,854,466,459,798,467
517,465,460,608,469,518,457,513
462,466,836,467,461,854,822,798
463,469,517,513,608,460,472,607
467,464,836,468,462,822,752,470
468,466,470,464,752,822,836,471
467,470,752,471,466,473,822,464
465,472,513,512,463,481,517,608
471,468,752,473,467,741,474,466
473,470,741,474,468,752,475,467
469,512,481,513,514,501,465,505
474,471,741,475,470,752,476,468
475,473,741,471,476,742,470,744
474,476,473,482,744,741,742,471
475,482,744,474,486,473,490,742
478,483,484,479,617,644,618,480
477,479,617,483,480,618,494,484
480,478,617,494,477,618,616,495
479,494,617,495,478,616,499,477
501,472,514,512,505,504,469,513
486,476,744,490,475,714,496,474
477,484,644,478,485,489,479,617
485,483,644,489,477,657,478,488
489,484,657,644,483,488,477,487
490,482,714,496,744,476,502,475
488,493,718,492,489,657,491,485
487,489,657,493,485,718,484,492
485,488,657,484,487,644,483,493
486,496,714,502,482,744,506,476
498,492,692,497,493,658,718,503
491,493,498,487,692,718,497,488
487,492,718,488,491,692,657,498
495,480,479,499,478,616,500,617
494,499,480,500,606,479,504,616
502,490,714,506,486,659,503,482
498,503,506,491,658,692,502,492
491,497,503,492,692,658,506,493
500,495,606,504,494,514,480,505
499,504,514,505,606,495,501,512
505,481,514,504,512,472,500,606
506,496,503,490,714,659,497,486
506,497,502,498,658,496,491,659
505,500,514,501,499,606,512,481
504,501,514,500,481,512,499,606
502,503,496,497,659,658,490,498
434,511,437,432,510,439,520,430
430,582,429,520,427,432,509,597
528,582,427,425,583,429,424,422
519,507,439,437,521,511,442,434
507,520,521,531,510,432,434,437
514,472,481,513,606,469,505,501
469,512,607,472,465,608,606,514
505,504,512,501,481,500,606,472
457,518,455,552,534,460,453,517
449,453,519,522,552,442,455,439
463,608,460,518,465,515,457,550
515,550,517,460,608,457,463,534
516,510,522,530,442,449,439,521
508,430,511,597,582,432,531,429
511,510,529,531,530,507,519,-1
581,516,552,519,530,534,532,453
524,408,410,525,409,407,412,537
413,523,416,556,412,415,573,409
410,537,406,536,523,407,408,403
527,399,387,397,400,393,546,589
387,588,383,589,526,375,393,379
422,509,421,419,424,425,418,583
521,541,542,543,533,530,531,-1
519,532,521,533,522,510,529,581
554,511,521,542,520,597,529,-1
533,539,581,562,530,522,540,587
532,543,540,530,529,562,560,541
552,515,551,581,550,518,522,455
403,545,397,406,546,544,547,536
525,406,545,548,410,537,538,535
525,619,523,536,538,410,573,406
619,548,558,537,557,536,595,525
581,587,532,562,551,522,534,561
560,562,533,566,543,559,532,564
555,543,542,568,529,560,553,533
541,554,555,553,529,531,615,543
541,560,533,540,529,568,564,555
646,545,547,549,535,579,598,546
544,548,535,536,549,646,668,403
526,547,397,589,578,535,399,403
544,546,580,578,579,535,368,646
545,668,557,536,549,538,544,525
646,668,545,645,548,544,625,598
518,577,601,608,534,551,517,515
587,534,539,628,550,576,577,581
453,455,516,534,515,522,449,457
852,555,615,542,575,554,610,541
615,542,531,635,597,553,614,852
541,553,575,568,542,574,543,852
418,416,583,524,419,415,573,413
668,595,548,611,596,538,594,549
852,595,619,614,538,610,615,537
563,560,564,565,540,567,566,543
564,543,540,559,568,541,567,570
587,586,584,576,566,585,562,539
539,532,566,587,540,533,561,581
593,584,566,565,559,572,540,561
560,567,570,568,559,574,543,565
563,572,567,559,571,593,564,605
563,562,540,584,561,559,587,593
564,571,570,565,569,559,560,563
564,555,560,541,574,570,575,543
603,570,567,627,571,604,705,564
574,564,567,569,627,568,560,613
567,605,565,569,604,572,-1,-1
565,666,605,593,647,571,563,665
524,635,556,619,523,614,537,583
570,613,575,627,568,564,555,569
555,574,610,613,553,568,852,541
628,587,585,561,664,551,577,600
628,550,602,601,600,551,576,518
365,368,366,589,367,580,546,547
646,598,580,544,591,547,599,645
368,364,547,578,579,365,591,590
522,539,532,534,552,551,530,516
508,509,429,427,520,597,583,430
556,509,582,528,635,419,597,418
586,563,593,566,561,621,585,620
586,667,664,576,620,561,686,628
584,585,620,621,561,667,593,576
539,576,561,562,551,628,581,532
375,372,383,527,379,370,387,589
527,375,369,367,588,578,546,526
364,684,361,591,592,358,368,580
590,580,579,599,592,364,622,368
590,685,684,683,591,622,886,358
563,647,584,572,565,621,586,666
611,609,595,612,610,613,557,558
558,557,594,611,538,610,852,-1
668,611,625,634,674,557,612,549
635,520,582,554,508,583,531,615
646,599,645,706,579,549,544,687
598,622,706,591,579,675,646,645
602,618,628,664,577,629,617,601
602,608,607,577,550,616,517,518
601,600,618,577,616,617,607,628
705,569,627,630,626,604,623,-1
705,571,569,661,624,605,603,623
624,572,571,665,666,604,672,565
499,500,512,514,607,495,504,513
513,601,616,606,608,512,602,469
517,601,607,465,463,518,513,550
613,594,612,632,626,610,627,611
594,575,852,595,558,613,553,609
596,594,612,557,595,634,668,609
633,611,594,609,632,634,596,-1
609,574,627,575,626,610,594,570
619,615,635,852,558,573,537,554
554,614,852,553,635,542,558,619
480,607,617,602,606,479,601,618
479,618,478,480,477,616,602,494
617,602,600,629,478,479,477,616
614,537,558,538,573,525,852,615
667,586,621,677,639,585,1165,584
620,586,647,638,593,584,639,641
599,710,592,683,591,675,590,-1
648,705,661,650,630,637,660,603
672,661,605,665,604,649,670,705
645,668,596,674,687,549,646,557
632,627,603,631,609,613,630,-1
574,570,626,603,569,613,609,-1
576,577,600,664,551,602,587,550
644,686,618,600,664,483,656,477
637,705,623,631,603,648,626,661
637,768,630,632,626,636,633,-1
633,626,612,631,768,609,613,700
632,612,700,768,634,631,609,611
633,596,674,612,700,611,701,625
597,614,615,573,554,583,619,582
637,697,698,768,721,631,699,648
648,636,630,721,631,623,768,660
641,639,642,647,640,621,666,655
677,638,642,620,655,621,667,640
641,654,642,638,643,669,720,639
638,640,647,666,669,642,654,665
655,640,638,639,643,641,652,677
642,653,640,652,654,651,655,877
484,483,485,629,657,477,656,489
598,646,625,687,706,549,668,674
598,544,549,645,579,545,706,625
641,593,638,666,621,572,640,-1
623,637,721,660,650,630,705,661
663,661,672,650,670,624,673,680
623,662,649,660,648,661,673,663
877,719,654,738,739,653,643,720
676,653,659,655,643,658,761,642
761,877,652,643,651,659,714,742
640,719,720,651,669,643,641,642
642,676,652,639,677,678,643,638
657,1165,686,644,718,678,489,488
488,489,656,485,487,718,644,484
497,659,692,676,498,503,506,491
714,658,502,652,506,496,761,503
662,648,751,721,722,650,623,637
623,705,624,649,604,650,648,672
673,751,660,650,681,878,663,682
680,649,673,670,682,672,671,650
600,686,585,628,667,576,629,577
672,666,605,624,669,695,670,641
665,641,572,647,605,669,593,638
686,620,1165,585,677,664,586,656
557,549,625,548,596,611,545,645
641,720,640,665,666,654,695,719
672,680,663,693,695,649,665,682
680,774,732,682,694,807,693,663
670,665,624,649,695,663,680,605
662,663,682,650,681,649,679,680
625,701,687,634,596,717,645,668
710,706,708,599,709,622,707,-1
692,652,658,655,678,659,718,498
1165,639,678,620,667,655,686,642
718,1165,676,677,692,655,656,657
694,681,682,731,733,730,673,732
663,670,671,693,682,673,807,694
878,679,804,662,751,731,673,682
680,694,663,673,671,679,732,670
788,685,710,592,622,784,713,-1
358,886,590,361,356,592,685,364
784,886,592,726,683,684,783,788
667,656,1165,629,664,644,657,585
645,717,674,625,706,708,598,723
339,347,689,336,696,352,691,334
688,691,736,735,734,336,696,748
326,324,691,328,748,704,728,334
334,690,336,328,748,689,326,688
491,492,498,658,718,676,493,678
680,807,670,695,671,737,720,663
732,679,682,671,730,774,733,680
720,670,693,672,669,665,737,680
352,734,688,347,354,726,689,339
699,698,703,636,764,763,721,702
697,702,700,768,636,703,716,633
697,721,722,764,636,750,637,703
633,701,768,698,702,634,674,632
700,674,717,702,715,634,633,687
716,698,700,701,715,703,697,725
716,697,763,764,698,702,782,725
324,321,326,728,690,319,747,328
623,603,661,604,630,648,569,624
598,708,645,687,599,675,646,625
712,723,708,724,709,675,785,-1
723,706,687,717,707,675,-1,-1
710,712,711,779,675,713,707,-1
622,709,713,683,675,788,711,599
779,778,713,709,781,780,814,712
707,779,786,785,709,780,711,724
711,788,710,814,683,778,709,779
490,496,486,659,502,744,761,482
716,723,725,717,702,724,701,-1
725,702,703,782,715,793,763,698
723,687,701,674,715,708,-1,-1
493,487,657,492,692,488,678,656
720,739,654,737,651,740,738,669
719,695,654,669,737,693,739,640
637,699,648,660,722,636,697,623
699,751,721,660,749,750,878,662
724,708,717,707,715,687,725,-1
723,725,785,792,715,707,712,-1
716,793,792,724,715,782,702,723
783,886,734,685,696,354,784,356
304,302,811,307,812,810,308,300
704,324,690,747,321,748,729,319
747,760,754,728,746,315,317,319
733,732,773,694,769,771,770,679
804,733,802,803,679,681,878,801
694,774,771,671,730,682,679,775
731,730,769,802,679,694,804,803
696,787,783,736,726,689,688,352
748,736,755,689,746,777,691,753
735,777,787,734,689,755,748,783
719,720,807,1037,693,740,739,695
743,877,739,742,794,651,741,740
740,719,738,651,794,737,1037,743
1037,739,794,797,737,719,738,775
473,474,471,743,742,475,752,470
741,877,744,743,738,761,475,474
741,738,752,794,742,473,471,877
482,476,761,486,475,714,742,490
310,1109,308,312,314,760,812,307
756,753,735,729,748,728,755,754
319,317,729,321,728,315,704,314
735,690,691,728,689,746,326,324
878,762,801,824,722,751,750,804
764,762,749,765,722,789,699,763
878,662,660,722,681,749,804,673
468,470,743,471,822,467,741,473
756,755,767,857,746,759,800,735
756,759,760,729,757,758,746,1109
753,777,735,736,800,857,746,787
753,759,754,767,746,729,755,857
1109,898,758,754,760,812,745,759
759,757,766,898,849,905,754,767
756,767,758,766,754,757,753,890
314,1109,745,729,754,315,757,312
744,653,877,714,742,659,482,486
824,765,821,860,749,750,801,789
790,764,782,789,703,697,791,716
763,697,699,750,703,789,790,782
789,821,762,820,750,791,860,790
759,890,870,767,905,758,756,849
759,890,756,753,766,857,851,754
633,631,700,698,632,636,637,697
770,733,802,842,841,730,773,731
773,859,769,842,897,730,772,733
773,732,774,776,775,730,772,694
795,859,773,776,858,454,771,452
770,771,859,772,730,732,776,769
732,775,807,671,771,694,1037,693
774,1037,776,807,771,797,732,740
796,775,771,795,772,797,798,853
787,736,805,755,800,799,735,734
814,711,815,781,713,813,839,779
711,780,712,786,709,781,778,809
809,779,786,808,781,711,712,826
780,809,778,711,813,779,872,815
793,763,790,716,725,703,846,840
726,799,787,734,784,685,805,696
685,799,783,788,806,683,726,886
786,712,792,724,825,826,707,-1
780,712,826,779,785,808,809,825
777,783,799,734,736,805,726,784
784,814,806,713,683,799,685,839
765,790,763,791,764,750,820,821
763,791,846,789,782,793,764,765
790,820,846,832,789,831,765,855
793,825,725,785,724,840,782,826
782,840,792,725,846,790,716,825
743,740,822,738,739,752,797,798
853,772,796,456,454,776,458,452
798,776,854,853,795,797,836,459
798,1037,740,775,796,794,776,822
836,796,854,822,797,462,464,461
783,805,806,787,784,777,788,726
777,805,857,827,837,755,787,851
824,804,803,878,749,823,762,731
803,769,733,889,731,841,804,903
801,804,802,889,731,823,824,878
731,878,801,803,681,751,802,749
799,777,827,787,800,806,783,839
799,839,805,788,814,827,784,783
774,1037,693,671,775,737,680,740
809,780,826,786,866,867,913,781
780,872,808,781,867,786,813,779
818,811,727,300,302,819,816,817
834,850,727,810,817,812,302,959
1109,850,308,745,727,307,811,898
815,865,864,781,829,872,778,809
839,778,788,806,815,713,711,827
839,828,778,813,829,814,827,864
818,880,817,882,914,810,819,-1
834,816,835,833,811,914,810,818
816,819,882,810,883,880,881,817
818,885,881,298,296,300,810,883
791,821,831,830,765,948,832,789
860,765,820,762,948,952,824,789
836,798,752,466,794,467,464,468
824,860,952,803,889,902,801,1191
801,762,860,749,823,821,878,803
826,840,913,792,856,785,793,786
825,808,913,786,866,785,780,856
839,805,837,828,800,806,799,777
839,838,827,829,815,837,843,814
864,838,828,815,813,844,865,839
831,948,847,1064,820,908,821,832
830,908,832,847,820,791,848,1064
831,855,908,791,846,820,912,956
835,1048,1019,914,984,817,834,-1
850,835,811,959,817,898,833,904
834,984,833,959,904,817,850,1019
464,462,798,822,466,854,461,467
851,843,827,828,800,838,857,839
843,829,828,845,837,844,864,851
827,815,814,828,806,805,778,788
793,856,825,846,855,792,913,956
895,903,842,802,889,989,769,-1
895,770,896,897,769,841,859,923
851,838,861,845,837,828,869,890
864,845,884,838,829,863,874,869
869,843,838,844,861,863,862,851
790,791,840,793,855,832,782,763
907,831,908,830,848,1064,1065,909
908,909,910,847,907,912,831,911
959,906,904,905,898,758,766,850
834,898,811,959,812,727,835,757
843,890,837,857,861,767,800,838
558,553,615,614,610,619,595,554
458,459,795,854,456,796,461,454
461,853,462,459,836,798,796,464
956,832,856,846,840,912,908,791
913,956,855,840,825,980,912,826
851,800,753,767,890,837,755,777
452,451,859,450,454,900,897,772
770,772,773,858,897,452,842,900
821,952,824,762,823,948,765,801
843,862,851,869,870,890,845,899
899,869,861,870,868,845,1045,1162
869,875,876,845,874,868,844,862
829,865,884,844,813,838,879,815
864,872,879,884,813,829,933,873
913,871,808,867,826,980,1049,856
1049,809,866,808,873,872,871,-1
876,1045,869,862,899,863,901,875
862,845,863,868,861,899,843,876
862,899,890,766,861,905,1162,851
997,1049,866,980,1143,924,867,913
809,865,873,813,867,879,781,864
1049,963,879,867,998,872,865,997
932,1074,875,933,884,863,934,844
934,876,863,918,874,1074,868,945
875,868,918,901,863,934,869,1045
742,738,651,653,761,744,743,739
804,751,749,801,681,731,824,662
865,933,963,873,884,962,872,864
1050,892,816,882,914,818,1090,1030
885,883,893,887,819,894,294,292
883,818,880,892,816,916,819,881
881,882,891,887,916,819,818,893
933,864,865,844,879,874,932,829
294,881,893,296,292,819,298,290
684,726,356,685,358,354,592,590
282,894,893,881,891,281,883,279
181,187,180,951,170,177,943,172
903,1191,803,802,841,823,-1,-1
851,767,870,766,861,857,843,759
279,278,282,277,887,916,883,276
916,1030,880,1050,1018,882,276,275
894,885,292,881,290,887,294,288
285,286,283,893,887,288,281,290
989,896,842,990,841,903,1215,897
923,895,990,842,897,965,900,989
859,900,923,842,896,858,770,450
850,757,959,758,849,812,1109,834
862,1162,870,1045,868,905,869,995
448,450,923,858,451,897,922,447
876,917,920,918,1045,919,868,921
952,1102,1191,1017,1087,823,860,1174
989,1191,889,1016,841,895,1017,1215
959,906,984,983,849,835,834,-1
870,766,1162,906,849,899,758,862
1162,904,983,995,849,905,899,-1
847,1065,937,909,848,1064,1138,908
831,848,847,912,832,855,830,956
911,848,935,937,907,910,847,1110
911,848,909,924,925,912,908,-1
909,935,925,910,936,848,982,937
956,908,848,910,855,924,980,832
856,866,826,825,980,956,808,840
880,833,1048,816,1050,1090,817,-1
179,173,928,186,929,163,185,158
276,891,892,277,275,883,1018,278
1001,919,1002,921,901,920,947,1003
876,934,875,945,921,901,917,946
920,917,1002,1011,994,901,1001,995
919,1045,995,901,994,917,1162,-1
917,918,947,946,1001,945,901,944
446,447,923,445,992,448,900,964
896,900,922,965,897,448,964,447
1143,980,910,925,912,871,956,987
987,911,910,1143,981,924,936,985
169,191,184,166,176,197,163,185
928,942,929,961,941,915,943,158
170,173,927,915,943,179,180,888
158,163,961,148,915,927,166,928
124,147,148,931,116,125,961,1007
151,154,147,1007,153,930,940,152
1074,933,962,1000,874,1073,934,884
932,884,962,879,874,1074,963,865
1074,875,955,918,945,874,932,1000
911,982,909,1110,937,936,953,954
911,957,954,935,982,925,981,1253
1138,907,1110,909,1065,935,1015,848
99,104,970,1007,939,109,94,967
938,969,967,940,968,970,1007,966
152,153,150,931,969,1007,939,154
960,942,1058,1142,1057,961,927,125
1142,927,950,943,941,928,122,127
888,942,928,950,951,170,949,927
946,971,947,974,973,977,972,1047
946,955,918,934,1047,921,1074,875
944,945,947,973,1047,921,971,974
944,1001,974,972,946,921,917,971
830,821,952,1087,860,1064,820,831
951,141,145,159,950,167,138,165
138,127,141,1142,942,949,943,122
949,172,888,177,167,187,943,181
860,902,948,1087,823,821,1102,824
958,378,384,371,1110,982,363,385
359,1253,360,982,362,957,936,958
1074,1000,934,1056,945,1047,1073,932
912,856,855,980,913,924,832,908
1253,988,1046,981,936,954,355,1026
363,362,953,371,982,378,360,954
850,834,904,898,835,849,811,984
107,101,102,114,125,1058,941,105
125,929,124,148,930,158,941,927
999,932,933,963,1000,1073,338,879
999,349,962,998,873,879,338,346
992,965,1009,991,922,444,443,923
964,923,990,896,991,1010,922,992
968,967,979,1135,1077,1078,939,970
970,979,939,94,966,938,92,99
136,1077,966,133,969,139,939,129
143,146,139,968,940,150,136,939
94,967,99,938,92,104,91,939
944,976,977,973,974,975,946,947
1053,1001,974,947,1003,1075,1107,944
944,1047,971,975,946,1014,1185,-1
944,977,972,947,1075,971,1136,946
1185,1013,973,976,971,1012,1014,323
1036,971,1035,975,1012,977,1213,1013
1136,974,971,1035,976,1075,1137,944
1004,979,1006,92,1023,1005,91,89
978,967,966,1078,1023,92,970,1004
956,913,924,856,871,866,912,855
987,988,957,986,925,985,936,1143
958,954,953,935,362,1110,936,363
993,995,906,904,984,994,1162,-1
835,1019,904,993,983,833,1084,959
987,996,986,997,1143,981,998,1024
1024,1025,985,988,996,981,342,343
981,1143,985,925,986,997,924,996
1026,1025,986,1046,957,981,345,348
895,903,1215,990,1016,841,1027,896
895,1215,896,1010,989,965,923,991
1008,1010,964,965,1009,1034,1063,1061
444,443,964,445,441,1009,922,446
1084,983,1070,984,1019,994,-1,-1
995,1011,920,983,919,993,1070,-1
1162,920,983,1045,906,994,899,919
346,1024,349,985,998,344,986,343
1049,1143,998,985,871,996,987,924
997,996,1049,349,963,873,346,985
338,962,337,349,963,1073,346,344
1073,1074,932,955,962,1056,1059,999
917,947,972,1003,1002,921,1053,919
1003,919,917,1011,1001,1052,1054,972
1053,1002,1054,1001,972,1052,1055,917
89,91,92,86,1006,978,94,78
1023,1021,1020,978,1022,1006,1223,1004
1004,1031,86,1021,78,978,1005,89
931,938,109,930,116,940,104,124
1061,1063,991,1062,1034,1009,433,435
1063,440,964,438,992,441,1008,991
991,990,1215,1079,1034,965,1008,964
1052,1070,1002,994,919,1067,1003,-1
1013,1036,318,320,316,976,975,322
322,323,1185,1012,320,975,318,325
1185,1060,973,1047,1099,1056,975,1059
1121,1138,384,1129,1110,385,386,392
903,1027,1017,989,1116,1215,1191,-1
1102,1191,1117,1016,902,1116,903,1174
1096,1030,275,892,1029,273,916,276
1084,984,1048,1086,833,993,835,1085
1071,1021,1032,1022,1039,1005,1033,1006
1031,1020,1006,1033,1032,1005,68,78
1071,1223,1020,1083,1076,1005,1082,1039
1078,1223,978,1005,979,1113,1022,1135
343,344,342,986,996,346,1025,340
341,340,342,345,1026,986,988,1024
348,345,350,988,1046,1025,341,351
1215,1116,1108,1079,1016,989,1080,1010
1101,1095,1029,1030,1089,1018,1096,1100
1096,271,268,1095,273,1028,1018,266
1018,1089,892,1050,1028,1096,1090,1101
68,1033,78,1021,64,1006,66,60
1041,1039,1033,1020,1021,1038,56,1031
60,1031,56,1041,1032,64,1021,68
1062,1008,1079,1081,1010,1080,991,1061
1137,1213,976,977,1184,1036,1136,311
1213,1012,313,976,316,311,1035,318
740,807,775,737,797,774,739,794
1041,1043,1040,44,39,1032,1039,36
1040,1032,1071,1020,1038,1072,1042,1041
1042,1044,1039,1038,1043,1072,33,24
56,50,1038,44,1032,1033,60,39
33,37,1044,1040,1072,20,35,19
31,27,25,36,1038,39,1044,1040
24,19,1042,27,20,1040,33,1043
920,868,1162,899,995,901,862,876
353,1026,355,350,351,1253,988,348
973,955,1056,946,945,1014,944,-1
1085,1019,1090,833,914,1086,1092,1084
997,873,998,867,871,866,963,1143
1090,880,1030,892,1089,914,1091,1018
210,214,219,201,211,215,195,227
1054,1067,1011,1003,1002,1126,1066,1070
1107,1003,1055,972,1054,1075,1182,1139
1066,1052,1055,1003,1053,1126,1107,1068
1066,1107,1054,1182,1053,1068,1167,1003
1059,955,1047,1060,1000,1073,333,1014
1058,110,103,122,1142,98,941,96
97,102,1057,96,98,960,103,941
333,331,1056,335,1060,1073,337,332
331,332,1099,1059,330,333,1014,1056
433,1063,435,1008,1062,436,431,438
431,1061,433,428,1008,1081,1034,435
436,1061,435,438,1009,1008,440,433
1088,830,847,1065,907,1087,948,831
1138,1088,907,937,1148,1064,1129,847
1055,1126,1167,1054,1068,1182,1176,1052
1093,1052,1070,1126,1127,1011,1054,1084
1066,1167,1182,1181,1055,1175,1227,1107
233,239,243,244,240,230,236,235
1084,1011,993,1067,1093,994,1052,-1
1022,1020,1039,1076,1072,1083,1032,1040
1177,1042,1071,37,1039,1076,1040,1241
337,1000,335,1059,999,333,338,1056
932,934,1000,955,874,875,933,962
1107,1139,974,972,1136,1053,977,1182
1083,1071,1241,1022,1123,1072,1177,1249
1112,1135,129,133,968,1111,966,128
1135,1023,1222,979,966,1113,1077,978
1027,1080,1034,1215,1010,1108,1081,1106
1081,1103,1079,1106,1108,1034,426,1027
428,426,1080,1062,1103,1034,431,423
1119,1083,1223,1249,1113,1120,1022,1160
1082,1076,1249,1022,1123,1223,1119,1071
1086,1070,1019,993,1093,1094,1067,984
1092,1090,1097,1091,1048,1086,1094,1151
1092,1084,1094,1085,1019,1048,1093,1097
1102,1088,952,1174,948,902,1064,830
1174,1064,1065,1148,1087,1102,1138,907
1030,1091,1101,1050,1090,1028,1018,1151
1050,1085,1091,1048,1089,914,1030,880
1089,1097,1151,1085,1090,1101,1092,1154
1094,1097,1085,1086,1098,1168,1154,1093
1094,1067,1084,1168,1127,1070,1086,1092
1092,1168,1093,1098,1086,1097,1127,1084
264,265,1029,266,1028,262,1100,268
273,1018,275,1029,271,276,268,1028
1092,1154,1151,1091,1085,1098,1094,1086
1154,1168,1094,1092,1178,1097,1166,1127
329,325,327,1060,1185,330,323,332
1146,1095,1147,264,1144,1145,1101,1194
1147,1028,1151,1089,1091,1100,1030,1145
1174,1017,902,1117,1087,952,1088,1191
423,420,1080,426,1106,1081,1105,417
1114,1106,1105,1134,1115,1150,1118,417
417,1104,420,1134,414,1106,1103,423
1104,1108,1105,1103,1080,1115,1114,420
1053,1182,1139,1055,1075,1140,972,1068
1027,1106,1080,1079,1116,1115,1104,1215
757,745,812,760,308,898,310,314
953,1015,937,384,935,1138,982,958
1112,120,1156,1222,1135,126,115,1077
126,128,1111,129,120,1077,133,115
1082,1222,1119,1120,1223,1158,1078,1023
1104,1118,1150,1134,1115,1161,1105,1106
1114,1104,1118,1108,1116,1149,1106,1117
1027,1117,1108,1017,1016,1115,1102,1215
1149,1116,1102,1017,1174,1115,1118,-1
1114,1141,1150,1149,1128,1115,1104,1134
1120,1082,1249,1160,1113,1158,1083,1125
1119,1158,1125,1160,1113,1082,1249,1157
392,1015,386,385,396,384,1129,1128
395,398,404,396,1161,1150,1128,394
1249,1281,1241,1083,1076,1124,1082,1201
1130,1133,1160,1249,1281,1131,1123,1132
1120,1157,1160,1170,1131,1158,1119,1186
1066,1127,1067,1054,1167,1176,1052,1055
1168,1126,1176,1093,1067,1166,1094,1167
1141,1122,1150,396,1129,1121,1118,392
1141,1015,1121,1138,1128,1148,392,396
1133,1209,1132,1124,1200,1210,1199,1281
1186,1160,1125,1132,1170,1124,1169,1120
1186,1130,1209,1131,1197,1221,1124,1286
1130,1199,1281,1200,1124,1201,1209,1123
1161,414,1114,1104,411,1150,1105,405
1077,1078,1222,1111,966,1112,968,979
1137,977,1139,1155,1075,1035,1164,1107
1164,1136,1184,1035,1155,1213,1230,1163
1015,1065,1129,937,1148,1110,1121,907
1107,1140,1182,1155,1136,1075,1190,1055
1190,1182,1139,1183,1181,1155,1107,1179
1118,1129,1149,1128,1148,1150,1174,1114
122,942,1057,127,950,110,941,138
987,997,924,985,925,871,981,980
262,1194,260,264,1244,1218,1100,265
1146,1147,1153,1152,1192,1100,1194,1151
1145,1194,1192,1100,1147,1144,1153,1193
1145,1151,1101,1152,1100,1146,1154,1091
1141,1088,1129,1174,1065,1138,1149,1015
1141,1117,1118,1174,1148,1115,1114,1102
1161,1114,1122,1118,1134,1128,404,1104
1154,1147,1097,1091,1101,1152,1145,1089
1154,1147,1145,1151,1153,1187,1178,1097
1207,1145,1187,1152,1192,1206,1146,1147
1097,1151,1098,1178,1152,1092,1147,1091
1190,1137,1139,1163,1136,1164,1140,1179
113,1111,1202,115,1158,1157,1222,112
1202,1125,1159,1158,1156,1170,1120,1171
1120,1156,1222,1157,1125,1113,1119,1202
1171,1173,1157,1202,1170,1172,111,117
1119,1131,1249,1120,1125,1124,1082,1158
404,405,411,1134,1150,1122,398,414
899,995,906,1045,905,870,862,920
1190,1188,1164,1189,1179,1155,1230,1234
1137,1163,1230,1188,1184,1155,1228,305
656,677,686,667,678,718,620,657
1168,1176,1219,1178,1258,1098,1127,1227
1066,1176,1068,1227,1175,1126,1055,1127
1127,1094,1098,1166,1093,1092,1176,1067
1186,1173,1197,1198,1170,1238,1159,1313
1169,1186,1125,1159,1173,1157,1131,1197
117,119,111,1159,118,1172,1202,112
1195,1171,1313,118,1173,123,1159,119
1169,1159,1313,1172,1198,1170,1171,1186
1102,1088,1149,1117,1148,1087,1141,1017
1227,1180,1181,1068,1203,1167,1247,1183
1167,1227,1127,1166,1258,1126,1168,1066
1212,35,37,1269,1072,1241,30,29
1154,1219,1098,1187,1166,1152,1168,1097
1234,1190,1183,1163,1189,1204,1236,1140
1203,1183,1181,1175,1204,1384,1140,1068
1180,1182,1068,1140,1183,1175,1190,1055
1107,1055,1140,1181,1068,1139,1066,1053
1180,1190,1140,1179,1181,1204,1182,1163
309,1213,1137,306,1230,1164,1035,311
1013,323,1099,1014,975,322,325,1060
1169,1131,1197,1132,1170,1173,1125,1221
1226,1153,1178,1219,1152,1206,1154,1273
1228,1230,1163,1189,1164,1229,303,301
1188,1234,1229,1163,1179,1261,1228,1293
1140,1179,1163,1183,1155,1139,1164,1181
903,902,1017,889,1016,823,1102,952
1146,1207,1194,1145,1153,1193,1205,-1
1217,1205,1218,1194,1216,1192,1146,1256
1146,1144,1193,1192,1218,1100,262,1145
123,132,1196,118,1172,1282,119,140
1195,1313,1287,1283,1282,1172,1290,132
1186,1169,1238,1221,1132,1198,1237,1170
1260,1169,1313,1173,1238,1197,1290,1257
1214,1133,1201,1281,1200,1208,28,1503
1210,1133,1199,1130,1211,1209,1208,1245
1269,1503,1281,1214,1199,1241,28,1212
112,111,113,1157,1171,1156,1159,117
1384,1180,1247,1175,1248,1204,1235,1181
1236,1384,1180,1183,1179,1235,1234,1203
1207,1193,1232,1216,1192,1231,-1,-1
1273,1207,1226,1153,1274,1232,1187,-1
1232,1192,1206,1205,1153,1274,1145,1193
1267,1214,1199,1268,1211,1200,18,15
1130,1286,1210,1132,1221,1200,1233,1133
1245,1233,1209,1286,1200,1211,1246,1130
1303,1245,1210,1268,1200,1325,1208,1304
30,35,29,1269,1177,37,1503,23
311,1036,309,1184,313,1035,306,1137
28,18,1503,1199,1201,22,1208,15
1027,990,989,1010,1079,1016,895,1108
1256,1255,1205,1254,1217,1193,1231,-1
1256,1278,1218,1193,1272,1216,1243,1276
1244,1243,1217,1278,1193,1194,1144,260
1226,1178,1258,1220,1187,1166,1224,-1
1258,1224,1225,1219,1226,1247,1227,1273
1286,1197,1237,1238,1209,1132,1239,1233
1135,1111,1158,1113,1078,1156,1120,1112
1082,1022,1023,1083,1113,1005,1119,1078
1273,1225,1220,1294,1226,1299,1274,1219
1247,1224,1299,1220,1248,1203,1294,1258
1273,1219,1187,1224,1220,1206,1294,1274
1258,1175,1167,1176,1247,1068,1220,1203
303,301,1188,1230,1229,305,299,1189
1228,299,301,1188,1240,1189,297,1261
305,1228,306,303,1188,1164,1184,301
1255,1262,1232,1275,1348,1205,1216,-1
1207,1274,1275,1205,1231,1206,1273,-1
1286,1246,1245,1210,1239,1209,1317,1221
1293,1179,1236,1189,1261,1204,1345,1163
1384,1291,1236,1344,1345,1204,1248,1203
1293,1345,1234,1204,1235,1384,1179,1270
1238,1251,1257,1239,1221,1286,1197,1250
1237,1197,1257,1260,1198,1221,1169,1251
1237,1233,1286,1246,1250,1252,1251,1221
297,295,1261,1229,299,1277,293,1271
1269,1177,1076,1123,1201,1281,1212,1072
204,196,198,206,208,200,207,1259
254,1244,252,1278,256,1218,258,250
258,1243,260,1218,256,1144,254,262
1233,1210,1325,1246,1211,1317,1303,1286
1317,1233,1245,1252,1239,1325,1316,1286
1225,1227,1203,1220,1175,1258,1248,1180
1384,1225,1203,1299,1335,1344,1235,1247
1119,1123,1160,1082,1083,1124,1120,1281
1322,1251,1252,1307,1343,1239,1347,1326
1237,1250,1257,1307,1308,1239,1322,1238
1347,1246,1250,1317,1316,1343,1239,1329
357,355,359,957,1046,954,353,360
1255,1256,1338,1276,1306,1216,1262,1300
1262,1254,1231,1216,1306,1256,1348,1338
1217,1276,1254,1216,1272,1278,1255,1338
1260,1251,1237,1238,1265,1308,1307,1198
1227,1220,1219,1176,1166,1247,1167,1225
205,199,196,207,204,178,1264,1242
1198,1265,1257,1238,1290,1312,1313,1237
1293,1240,1189,1229,1270,1234,1271,1277
1255,1348,1337,1306,1231,1351,1254,1275
190,189,194,1285,1264,1292,1284,183
168,162,194,1259,178,1263,1285,157
1312,1260,1257,1308,1266,1290,1309,1323
1309,1312,1308,1311,1265,1310,1361,1336
10,5,1,7,1268,15,1208,0
1304,1303,1267,4,3,1208,1211,0
1212,1503,1177,1201,29,1241,30,35
1382,1293,1271,1345,1261,1302,1280,1236
1277,1270,1382,1280,1279,1240,1261,293
1278,1289,1276,1256,248,250,1217,252
1274,1226,1224,1294,1206,1220,1295,1232
1273,1232,1295,1275,1294,1206,1224,1207
1349,1274,1232,1348,1295,1231,1350,1262
1300,1256,1338,1272,1254,1289,1217,1330
291,293,1271,289,295,1240,1279,287
1243,1272,252,250,1217,1218,254,248
287,1280,289,284,1463,1315,1277,1271
1382,1279,1315,1314,1271,1463,1270,287
1201,1133,1123,1199,1241,1124,1269,1214
132,1283,140,144,1195,149,123,1196
1282,1288,1287,1196,149,132,144,140
1285,1292,1296,1263,1288,1297,1557,1562
157,162,1263,1284,1264,1288,149,168
1233,1221,1209,1210,1239,1245,1246,1237
1283,1323,1324,1196,1288,1290,1282,1296
1283,1296,1285,1284,157,149,1324,1287
242,246,1300,1272,248,1301,1276,237
1313,1312,1260,1323,1196,1265,1287,1198
1345,1344,1302,1235,1346,1236,1320,1352
183,182,1284,1263,189,1298,175,1297
1270,1234,1236,1261,1345,1189,1271,1382
1273,1224,1295,1334,1299,1274,1225,1226
1350,1294,1274,1349,1275,1334,1391,1273
1547,1324,1284,1551,1549,1553,1545,1297
1562,1563,1560,1557,1561,1564,1555,1553
175,174,1292,182,1297,1333,1328,1563
1225,1335,1224,1294,1334,1248,1273,1220
1276,1330,1301,1289,1338,1356,242,1272
237,1356,242,1300,1289,226,1330,222
1382,1291,1345,1320,1314,1270,1346,1280
1305,1304,1211,1268,1325,6,8,13
2,6,3,1305,1303,1268,8,4
8,13,1303,1304,6,9,1325,2
1255,1262,1339,1254,1338,1331,1337,-1
1322,1308,1251,1321,1311,1250,1326,1257
1307,1257,1265,1266,1311,1251,1312,1260
1336,1312,1266,1323,1361,1265,1357,1324
1311,1361,1360,1266,1359,1358,1321,1309
1310,1321,1307,1308,1266,1359,1322,-1
1265,1309,1323,1290,1266,1260,1336,1308
1172,1173,1198,1196,1290,1195,1260,1169
1320,1315,1382,1280,1302,1319,1463,1383
1463,1314,1280,1371,1319,1279,1354,284
32,1317,26,21,1329,1347,34,1318
1246,1316,1318,1325,1252,1245,21,16
16,12,21,9,1325,1317,13,1316
1320,1314,1383,1371,1408,1315,1451,1463
1383,1314,1302,1346,1319,1382,1367,1315
1363,1326,1311,1322,1307,1359,53,51
1326,1307,1250,1343,1321,51,53,1251
1312,1287,1324,1309,1336,1290,1265,1327
1296,1287,1323,1327,1336,1288,1547,1545
1245,1318,1303,1305,1317,13,1246,1211
53,1322,51,1321,1363,1343,49,48
1541,1543,1545,1542,1547,1567,1544,1549
1598,1599,1601,1603,1604,1596,1606,1613
34,38,1347,32,40,1316,26,43
1300,1388,1355,1356,1338,1301,1331,216
1338,1388,1339,1369,1330,1306,1300,1254
193,1340,1333,1390,174,202,1399,175
1332,1328,174,1342,1607,1606,1605,1604
1391,1294,1353,1295,1299,1350,1335,1412
1299,1344,1353,1352,1334,1248,1391,-1
1309,1357,1327,1323,1324,1361,1541,1543
1262,1370,1351,1380,1339,1306,1348,1381
1331,1300,1276,1254,1330,1306,1256,1388
1370,1331,1368,1306,1369,1337,1388,1338
1332,1342,1333,1482,1397,1399,1390,193
1569,1570,1568,1571,1572,1574,1576,1578
1607,1605,1606,1602,1617,1600,1604,1619
1347,51,1322,1326,43,40,1250,53
1291,1335,1352,1235,1346,1248,1384,1345
1236,1293,1291,1270,1302,1235,1382,1234
1320,1291,1352,1367,1302,1383,1344,1366
1329,1343,1252,1316,40,38,34,32
1262,1351,1349,1275,1231,1337,1255,1385
1350,1385,1348,1275,1295,1351,1421,1381
1391,1295,1421,1349,1385,1334,1412,1353
1381,1348,1385,1337,1349,1380,1262,1484
1353,1346,1344,1366,1367,1335,1291,1412
1391,1352,1412,1335,1366,1334,1350,1421
274,280,1463,1371,272,284,270,1315
216,217,1388,212,1356,1330,1373,218
218,222,217,1301,1355,226,216,1330
1336,1389,1496,1327,1361,1358,1541,1542
1396,1361,1389,1418,1357,1360,1310,1395
1363,1321,1310,1311,1364,1360,1365,1432
1310,1418,1358,1392,1359,1364,1361,1466
1310,1358,1309,1357,1266,1336,1360,-1
48,47,1363,52,1365,49,53,45
1362,1321,1326,53,1365,1359,48,49
1432,1392,1393,1359,1365,1360,1394,1376
1432,59,1362,1363,55,52,58,1359
1367,1412,1417,1353,1352,1529,1450,1391
1366,1383,1450,1346,1529,1352,1320,1417
1370,1400,1339,1379,1369,1375,-1,-1
1388,1400,1368,1331,1373,1339,1374,1355
1380,1368,1339,1337,1375,1377,-1,-1
1354,1372,1463,1315,1408,1319,272,274
1407,1408,1371,1411,1410,270,272,1354
1390,1388,1374,212,1355,1399,202,1369
1400,1373,1399,1397,1398,1369,1390,1388
1378,1377,1370,1379,1368,1380,1455,1484
61,58,57,59,1432,63,1393,54
1484,1378,1386,1375,1380,1449,1381,1370
1377,1455,1502,1449,1375,1457,1386,1379
1423,1400,1368,1375,1455,1398,1422,1378
1370,1484,1381,1377,1351,1337,1375,1386
1484,1351,1385,1380,1387,1386,1377,1421
1280,1270,1314,1302,1271,1279,1315,1345
1320,1450,1367,1451,1319,1346,1314,1529
1235,1203,1248,1204,1180,1236,1344,1247
1381,1421,1349,1351,1350,1387,1409,1484
1484,1431,1430,1377,1449,1387,1381,1378
1431,1409,1381,1484,1421,1385,1386,1420
1355,1331,1330,1369,1373,216,212,1338
1341,1396,1357,1568,1569,1395,1570,1571
202,1399,212,193,1332,1373,216,174
1350,1412,1353,1421,1334,1409,1295,1366
1466,1402,1364,1418,1394,1360,1419,1393
1404,1376,1432,1426,1394,63,61,1364
1402,1426,1393,1392,1401,1403,1404,1364
1396,1413,1406,1389,1341,1414,1568,1569
1395,1418,1389,1358,1414,1466,1413,1341
1405,1399,1340,1374,1398,1482,1332,1390
1422,1423,1405,1397,1400,1374,1433,1379
1390,1397,1332,1374,1340,1373,202,193
1374,1379,1368,1369,1398,1423,1373,1375
80,1426,83,1428,1403,1425,74,1394
1394,1466,1419,1403,1392,1401,1426,1418
1428,1419,1402,1401,1439,1427,1394,1466
65,63,62,74,1426,1393,61,1376
1433,1397,1482,1434,1398,1422,1340,1435
1395,1413,1342,1416,1341,1482,1593,1591
270,269,1372,263,1411,272,261,1410
1372,1451,1410,1371,1452,1319,1411,1407
1420,1421,1412,1417,1387,1431,1391,1366
1411,1452,1465,1408,1372,1497,1407,261
263,1410,1407,261,1372,1465,269,259
1391,1366,1409,1421,1353,1417,1350,1420
1395,1416,1415,1406,1414,1396,1440,1439
1466,1419,1413,1396,1395,1415,1439,1418
1413,1439,1440,1416,1441,1414,1419,-1
1434,1413,1406,1440,1415,1482,1435,1395
1529,1409,1420,1412,1366,1453,1367,1444
1466,1396,1392,1358,1360,1414,1402,1419
1466,1402,1439,1403,1414,1427,1392,1418
1409,1444,1431,1417,1387,1453,1412,1430
1409,1385,1391,1412,1350,1387,1349,1420
1433,1423,1456,1483,1398,1405,1435,1455
1422,1379,1455,1398,1456,1433,1457,1400
1446,1428,1427,1437,1425,1436,1403,1447
1429,1428,83,1448,1401,1424,1437,79
74,1404,80,1394,1401,1393,65,83
1439,1428,1424,1403,1436,1441,1419,1446
1403,1425,1424,1401,1427,83,80,1429
79,76,83,77,1425,1448,70,80
1431,1442,1386,1443,1444,1449,1462,1420
1430,1420,1386,1387,1444,1409,1484,1443
1376,59,1365,1364,1393,58,61,57
1405,1422,1434,1435,1483,1398,1397,1423
1416,1435,1433,1405,1482,1440,1483,1406
1483,1434,1440,1433,1471,1416,1422,1405
1446,1488,1507,1424,1427,1479,1441,-1
1448,1446,1447,1424,1445,1425,1459,1429
1450,1454,1452,1451,1529,1453,1477,1383
1419,1427,1415,1403,1414,1441,1428,1466
1435,1415,1416,1434,1471,1441,1413,1488
1488,1440,1415,1427,1439,1436,1471,-1
1462,1430,1461,1460,1443,1449,1494,1492
1462,1476,1444,1442,1430,1475,1460,1431
1420,1476,1443,1431,1430,1453,1417,1442
85,1459,84,1490,1447,1437,82,1448
1424,1479,1437,1447,1436,1427,1425,1445
1446,1480,1481,1437,1445,1479,1506,1490
1459,79,73,1429,72,1437,70,1425
1378,1442,1386,1502,1430,1461,1377,1484
1529,1451,1383,1438,1367,1366,1452,1417
1450,1408,1452,1438,1383,1319,1529,1410
1410,1451,1497,1454,1438,1408,1450,1465
1476,1438,1529,1444,1417,1477,1420,1454
1540,1477,1438,1452,1497,1453,1476,1472
1423,1378,1457,1379,1502,1456,1375,1422
1457,1422,1423,1467,1483,1486,1455,1433
1502,1467,1456,1468,1455,1378,1423,1461
259,257,1464,1465,261,255,253,1411
85,72,1448,71,84,1445,73,67
1462,1494,1491,1442,1492,1461,1443,1468
1494,1442,1502,1460,1468,1449,1462,1457
1443,1460,1492,1442,1475,1476,1430,1491
1315,1354,280,284,1371,1279,274,287
1458,253,1470,1465,255,251,1469,257
1458,1464,1497,1410,1411,261,259,1469
1419,1402,1418,1392,1414,1396,1403,1394
1457,1485,1487,1486,1456,1468,1483,1502
1494,1485,1457,1461,1467,1502,1495,1460
1470,1540,1464,1473,1497,1472,1474,251
251,249,1464,253,1473,1469,247,255
1435,1488,1440,1513,1486,1483,1441,-1
1540,1474,1504,1477,1475,1469,1473,1454
1470,247,245,1525,249,1474,251,1469
1525,1472,1473,1504,1537,1469,245,241
1462,1476,1477,1492,1504,1443,1472,1460
1443,1477,1444,1475,1453,1462,1454,1420
1476,1454,1540,1472,1475,1453,1443,1438
82,81,75,69,84,1490,87,85
1446,1506,1505,1447,1507,1480,1436,1539
1506,1481,1447,1535,1530,1479,1539,1489
1480,1490,1489,1447,1530,1445,87,82
1405,1340,1406,1434,1342,1416,1397,1433
1435,1486,1422,1433,1456,1471,1434,1467
1381,1386,1377,1380,1387,1431,1351,1385
1487,1468,1467,1495,1499,1494,1514,1457
1483,1487,1467,1513,1471,1456,1435,1514
1514,1485,1467,1486,1499,1513,1524,1508
1507,1471,1441,1513,1436,1524,1440,-1
90,87,88,93,1530,1481,1490,81
1478,82,87,81,84,1481,1489,1445
1498,1494,1460,1492,1493,1495,1462,1512
1462,1493,1460,1504,1491,1475,1443,1494
1512,1492,1491,1504,1498,1537,225,1523
1460,1491,1468,1495,1461,1485,1442,1498
1494,1485,1501,1491,1498,1499,1468,1460
1554,1552,1550,1568,1548,1569,1570,1544
1465,1540,1452,1410,1454,1469,1464,1411
1523,1491,1512,1501,1493,1495,1511,1494
1485,1514,1508,1501,1500,1487,1495,-1
1508,1509,1501,1510,1499,1515,1516,1514
1523,1500,1498,1495,1499,1510,1491,1509
1457,1378,1461,1449,1455,1468,1494,1467
28,22,23,1269,29,1214,1201,1212
1492,1474,1472,1493,1475,1537,1525,1462
1516,1506,1539,1507,1524,1479,1508,1480
1480,1539,1505,1479,1535,1516,1520,1447
1488,1505,1524,1436,1479,1513,1516,1506
1516,1514,1500,1524,1515,1499,1509,1505
1522,1515,1500,1510,1521,1508,1520,1538
1523,1509,1518,1522,1500,1501,1511,1519
1517,1523,221,225,1519,1512,1518,1510
225,1493,1523,1498,1511,1537,221,232
1514,1524,1488,1487,1471,1486,1507,-1
1487,1508,1524,1499,1513,1516,1485,1500
1516,1509,1520,1539,1508,1500,1521,1522
1539,1505,1508,1524,1515,1506,1520,1514
221,213,224,220,1519,1511,225,203
1519,1522,1526,1510,1511,192,203,1517
203,1518,213,1517,1511,192,221,220
1539,1528,1521,1535,1515,1516,1506,1509
1520,1538,1509,1522,1528,1527,1515,1534
1509,1518,1538,1526,1521,1510,1519,1527
1498,1511,1512,1501,1510,225,221,1493
1516,1514,1505,1507,1508,1513,1539,1488
241,245,238,1474,1537,1473,247,232
1531,1538,1522,1518,192,188,1532,171
1538,131,1533,1534,130,1528,1521,135
1534,1520,1536,1521,1527,1535,121,131
1450,1417,1438,1367,1366,1453,1383,1451
1489,1536,93,1535,95,1481,1480,90
171,188,1526,164,192,1532,160,1538
1533,1531,164,160,155,142,1538,171
135,134,130,131,1532,1527,137,142
121,131,1528,108,1536,1527,130,100
1520,1506,1539,1530,1528,1536,1480,1534
100,1534,108,95,1530,1528,1535,121
1525,232,238,1512,1493,225,1504,1474
1526,1527,1522,1521,1532,1531,1533,1518
1520,1506,1516,1505,1515,1535,1480,1528
1472,1497,1469,1454,1477,1474,1452,1475
1542,1543,1567,1545,1544,1546,1547,1549
1541,1544,1543,1567,1546,1545,1548,1565
1541,1545,1542,1567,1547,1549,1544,1546
1546,1542,1567,1548,1541,1543,1565,1550
1547,1543,1549,1567,1541,1551,1542,1565
1544,1548,1567,1542,1565,1550,1541,1543
1549,1545,1551,1543,1567,1553,1565,1541
1546,1550,1544,1552,1565,1566,1567,1542
1551,1547,1545,1553,1567,1565,1543,1555
1548,1552,1566,1546,1554,1556,1544,1565
1549,1553,1547,1555,1565,1545,1567,1557
1554,1550,1556,1566,1548,1558,1559,1546
1551,1555,1549,1557,1565,1547,1560,1567
1552,1556,1550,1558,1559,1566,1548,1561
1557,1553,1551,1560,1565,1564,1562,1549
1554,1558,1552,1559,1566,1550,1561,1564
1555,1560,1553,1562,1564,1551,1565,1566
1559,1556,1561,1566,1564,1554,1552,1563
1558,1561,1564,1566,1556,1563,1560,1562
1562,1564,1557,1563,1555,1561,1559,1566
1564,1559,1563,1562,1558,1560,1566,1556
1560,1563,1564,1561,1557,1555,1559,1566
1562,1561,1564,1560,1559,1557,1558,1566
1561,1560,1562,1559,1563,1566,1557,1558
1551,1567,1555,1553,1549,1546,1566,1548
1559,1564,1550,1558,1552,1565,1556,1548
1546,1542,1543,1544,1545,1565,1549,1541
1569,1570,1571,1572,1573,1574,1575,1612
1568,1570,1571,1572,1573,1574,1575,1612
1571,1569,1572,1568,1573,1574,1575,1612
1572,1570,1573,1574,1569,1575,1612,1568
1573,1571,1574,1575,1612,1570,1576,1577
1574,1575,1572,1612,1576,1571,1577,1610
1573,1576,1572,1612,1575,1578,1571,1577
1612,1573,1577,1574,1576,1610,1579,1572
1612,1574,1578,1610,1575,1573,1577,1580
1575,1579,1612,1610,1573,1576,1581,1574
1610,1576,1580,1612,1608,1574,1579,1582
1577,1581,1610,1612,1575,1608,1578,1583
1582,1578,1608,1610,1584,1581,1576,1616
1583,1579,1608,1610,1585,1580,1577,1609
1584,1580,1608,1616,1609,1586,1583,1578
1585,1581,1608,1609,1616,1587,1582,1579
1616,1582,1586,1609,1615,1608,1580,1585
1609,1587,1583,1616,1615,1608,1624,1584
1615,1584,1588,1616,1626,1624,1609,1591
1585,1589,1624,1615,1609,1616,1626,1590
1626,1586,1591,1615,1624,1621,1593,1589
1624,1590,1587,1626,1621,1615,1622,1592
1592,1589,1622,1621,1624,1587,1625,1594
1593,1588,1626,1621,1624,1623,1586,1595
1590,1594,1622,1625,1596,1589,1621,1618
1591,1595,1623,1621,1626,1588,1597,1618
1592,1625,1596,1622,1611,1590,1598,1618
1623,1597,1593,1620,1618,1600,1591,1621
1598,1594,1625,1611,1599,1592,1622,1618
1620,1595,1600,1619,1623,1593,1602,1614
1599,1596,1611,1625,1601,1594,1614,1618
1601,1598,1611,1614,1596,1603,1613,1625
1619,1597,1602,1620,1617,1613,1595,1605
1603,1599,1613,1614,1619,1611,1598,1604
1617,1605,1600,1619,1606,1604,1613,1607
1613,1601,1604,1617,1619,1614,1606,1599
1617,1606,1603,1613,1605,1602,1619,1607
1606,1602,1607,1617,1604,1600,1619,1613
1605,1604,1607,1617,1602,1603,1613,1619
1606,1605,1617,1604,1602,1603,1613,1619
1582,1583,1580,1581,1609,1616,1610,1584
1585,1616,1583,1615,1587,1608,1584,1582
1578,1579,1612,1580,1581,1576,1577,1608
1625,1598,1596,1599,1614,1618,1594,1601
1575,1576,1573,1574,1577,1610,1578,1579
1603,1619,1617,1601,1604,1614,1602,1600
1601,1620,1611,1613,1599,1619,1618,1603
1586,1624,1587,1626,1616,1609,1588,1584
1584,1609,1582,1615,1586,1608,1585,1583
1604,1602,1605,1606,1613,1619,1603,1600
1623,1622,1625,1611,1620,1614,1621,1595
1613,1600,1617,1602,1620,1614,1597,1603
1597,1614,1595,1619,1623,1600,1618,1613
1622,1626,1591,1624,1589,1623,1590,1593
1592,1625,1590,1621,1618,1594,1589,1623
1595,1593,1618,1620,1621,1597,1622,1591
1589,1626,1615,1587,1621,1588,1590,1586
1594,1622,1596,1611,1592,1618,1590,1598
1588,1624,1591,1615,1621,1589,1586,1587
