54,75,64
75,54,48
48,33,27
526,2938,525
42,33,48
33,42,37
75,3051,64
2938,522,525
2927,526,529
2927,2938,526
522,3009,520
3009,522,2938
3009,517,520
928,895,966
895,928,1205
970,900,968
992,970,998
1196,1194,1160
880,917,915
103,108,109
33,32,27
3025,2976,2975
2976,3025,2973
2365,2393,2417
2791,2682,2730
2684,2680,2485
2694,2696,2707
2708,2694,2707
2906,2709,2706
2708,2906,2706
53,77,57
5,3042,0
2920,2915,2921
527,2926,529
2926,2927,529
2927,2801,2938
354,355,360
296,341,345
2597,2554,340
399,380,405
344,2597,340
497,1990,499
2092,1990,2582
407,2215,405
2215,407,409
401,2215,409
956,1011,1006
1243,367,363
895,896,843
896,895,1205
900,899,968
928,914,1205
1274,1295,1294
965,997,968
997,970,968
970,997,998
997,1015,998
1015,997,965
965,940,1016
1016,940,941
1430,1283,1429
1283,1430,444
2047,1944,1877
473,2047,1877
2047,473,471
866,871,863
2047,1775,1944
469,1775,471
1775,2047,471
1845,1790,1757
1790,1792,1899
1762,1793,1777
1740,1741,1593
1741,1740,1827
438,441,1865
1740,1908,1827
1908,1846,1827
1846,1908,1903
881,880,915
1192,1207,1191
1189,1192,1191
1192,1189,917
917,1189,915
1789,475,1877
2497,2436,2499
91,95,89
2549,2646,2645
2646,2549,2674
2644,2646,2647
2795,95,2772
2755,2650,2674
2650,2646,2674
2646,2650,2647
2650,2755,2625
104,103,2550
95,96,89
103,96,98
2635,2549,2645
104,2522,105
2522,104,2550
2734,2795,2772
2755,2734,2625
2795,2734,2755
2617,2714,2638
86,88,89
2714,2712,2638
1803,1716,1719
1716,1803,1804
3022,11,13
3022,13,16
3019,3024,58
20,47,49
51,20,49
20,51,55
51,3019,55
20,3048,58
3048,20,55
3048,3019,58
3019,3048,55
20,21,16
3001,3002,2997
3016,3024,2973
3018,2976,2973
3024,3018,2973
3019,3018,3024
2911,3025,2975
1806,1803,1719
2506,2367,2417
2366,2367,2322
2367,2365,2417
2367,2366,2365
2486,2684,2485
2486,2506,2683
2684,2486,2683
2505,2682,2680
2684,2505,2680
2505,2684,2683
2851,84,82
84,2851,2742
59,2857,2854
2805,2857,2846
65,2874,67
3010,2845,2898
2843,3010,2898
2909,2791,2730
2906,2872,2907
2872,2906,2708
2679,2505,2683
2505,2679,2878
18,10,12
77,2913,2907
2911,2913,3025
53,70,77
70,2913,77
3042,1,0
551,557,2915
2919,546,2920
546,2915,2920
546,551,2915
180,182,188
2937,3009,2938
2801,2937,2938
3009,2937,517
2731,355,354
2731,354,345
341,2731,345
2731,341,2780
399,388,380
388,399,392
2597,2596,2780
344,2596,2597
2596,344,353
2596,2731,2780
355,2596,353
2731,2596,355
317,2554,2690
510,516,509
2311,2287,2227
2229,2311,2227
398,2235,401
2235,2215,401
2235,398,393
2183,2236,392
2236,2183,2214
2236,2158,2155
399,395,392
395,2183,392
2183,2213,2211
2213,2215,2211
2213,395,399
395,2213,2183
2213,399,405
2215,2213,405
369,355,353
355,369,360
1905,1860,1837
321,322,1868
375,365,380
2126,361,365
361,2126,358
2067,2126,365
2126,2067,2153
2153,2157,2156
2067,2157,2153
421,1196,426
1196,421,1194
421,413,1194
400,413,387
400,1202,1194
413,400,1194
1150,1131,1132
310,1180,320
1144,1150,1132
1150,1144,1180
956,954,1011
1335,1052,1053
413,378,387
387,378,1367
378,1325,1367
1325,378,374
357,1447,363
1447,1243,363
1243,1746,367
1050,1071,1816
1004,1005,882
1146,1147,1249
1357,1146,1249
1209,1282,1701
1282,1170,1214
1170,1282,1209
1663,1209,1701
1318,1282,1214
1035,1170,1038
1170,1035,1214
1036,1035,1038
1035,1036,962
940,938,941
938,940,931
929,928,930
929,914,928
902,929,931
914,929,902
897,896,1205
914,897,1205
899,897,902
897,914,902
841,840,843
819,797,800
806,796,833
826,805,812
804,820,825
1295,1405,1294
1248,1274,1294
1248,1357,1249
1357,1248,1294
1187,1118,1119
1118,1187,1147
1116,1146,1044
1146,1116,1147
1116,1118,1147
1118,1116,1115
942,965,1016
942,1015,965
901,940,965
901,899,902
901,902,931
940,901,931
901,965,968
899,901,968
1858,488,486
1730,473,1877
475,1730,1877
1730,475,473
1070,1071,1006
1008,1070,1006
1203,1204,1125
1204,1203,1202
391,400,387
937,883,847
883,937,973
1163,955,1011
1011,955,1006
955,1008,1006
822,821,849
866,873,871
1775,1648,1944
1648,1775,1649
1530,1430,1429
1530,1648,1649
1648,1530,1531
1775,1571,1649
1649,1571,461
1571,467,461
467,1571,469
1571,1775,469
1489,1490,1533
1490,1489,1399
1784,1762,1777
1762,1784,1845
1784,1790,1845
1790,1784,1792
1898,1790,1899
1762,1927,1793
1667,1797,1551
434,438,1865
415,420,1645
420,425,1645
425,420,411
1769,1846,1903
2120,1904,1903
1908,1776,1865
1776,1908,1740
894,887,849
994,894,952
887,994,874
994,887,894
994,952,996
976,994,996
1133,1113,1134
1133,1213,1186
1213,1133,1134
952,922,996
922,1034,996
894,877,952
877,894,849
1190,1189,1191
1213,1190,1191
1190,1213,1134
922,923,1034
1189,923,915
1741,1558,1605
1558,1741,1827
1666,1657,1712
484,486,477
484,1858,486
1799,1978,1705
144,131,142
131,140,142
2436,140,138
140,2436,2497
142,140,2497
236,232,1390
2272,2671,2404
2131,2132,2133
1982,2118,2004
2118,1982,2238
1869,1873,1870
2256,2231,2629
2587,2628,2951
2628,2587,2626
2951,2628,2917
2628,2626,2917
156,2990,160
2990,156,2991
2946,2990,2991
1895,2203,2149
1873,1875,1870
223,2000,219
1693,1796,1795
1149,1152,1131
95,93,2772
93,91,2772
91,93,95
722,2644,714
702,2736,2647
2644,2736,714
2736,2644,2647
693,2624,692
696,693,692
693,696,702
693,694,2624
694,693,702
103,107,108
104,107,103
107,104,105
2522,107,105
103,101,2550
101,103,98
100,101,98
2795,2675,95
2675,96,95
96,2675,98
2675,2755,2674
2675,2795,2755
2116,2146,2115
2147,2116,2115
1875,1872,1870
1872,1875,1886
1895,1872,1886
1809,1849,1848
1809,1808,1849
1808,1809,1766
2186,2575,2202
2203,2186,2149
2575,2186,2203
2185,2202,2629
2185,2186,2202
2186,2185,2219
2186,2148,2149
2148,2186,2219
2185,2384,2219
1808,1969,1849
1849,1968,1848
1969,1968,1849
1968,1969,1970
722,2496,2644
2646,2496,2645
2496,2646,2644
2531,2522,2550
2549,2531,2550
2635,2531,2549
2617,2619,2714
2734,2619,2625
2619,2734,2714
2734,2733,2714
2733,2712,2714
2715,2712,86
2715,84,2742
2715,2742,2638
2712,2715,2638
87,88,86
2712,87,86
87,2733,88
2733,87,2712
2381,710,711
691,717,718
2603,696,692
11,3027,8
3022,3027,11
3027,5,8
3027,3042,5
3020,2988,3000
3018,3020,3000
3020,3018,3019
47,3045,49
3045,3020,3019
3045,51,49
51,3045,3019
38,32,36
3002,3030,2997
2913,2912,3025
3025,2912,2973
2912,3016,2973
2912,70,68
70,2912,2913
2906,2871,2709
2871,2911,2709
2871,2906,2907
2913,2871,2907
2871,2913,2911
1579,1663,1701
1821,2841,1820
2855,2788,683
2788,2899,2766
2899,2788,2855
1807,1716,1804
2393,2416,2417
2418,2416,2393
2547,2506,2417
2416,2547,2417
2475,2486,2485
2475,2323,2322
2368,2367,2506
2486,2368,2506
2367,2368,2322
2368,2475,2322
2475,2368,2486
2849,2835,2837
2874,2849,2837
2849,2874,2854
2899,2852,2850
2852,2899,2855
2852,2849,2850
2849,2852,2835
2852,2855,2738
2835,2852,2738
2835,2833,2837
2899,2804,2766
2787,2653,2652
2856,2925,2786
2742,2711,2638
56,52,2846
2857,56,2846
56,2857,59
63,2874,65
2874,63,2854
2857,2853,2854
2849,2853,2850
2853,2849,2854
43,40,2898
2845,43,2898
43,35,40
2806,2844,2863
2844,2843,2863
2843,2844,3010
2830,2708,2707
2830,2872,2708
2681,2762,2878
2682,2762,2730
2505,2762,2682
2762,2505,2878
2727,2909,2730
2762,2727,2730
2727,2762,2681
2877,2679,2683
2877,2547,2667
2679,2877,2885
2506,2877,2683
2547,2877,2506
2877,654,2885
2729,2681,2878
2679,2729,2878
2896,2843,2898
2843,2896,2894
18,19,10
2945,19,18
19,9,10
77,81,57
81,79,57
81,77,2907
79,73,57
560,73,2949
73,560,2919
2830,2905,2872
2872,2905,2907
2905,81,2907
81,2905,79
15,18,12
3004,2966,2967
2945,3004,2967
3004,2945,18
6,3046,7
3046,6,4
3031,1,3042
3027,3031,3042
2950,53,57
60,20,58
3024,60,58
3016,60,3024
2915,2922,2921
546,550,551
550,546,2919
550,557,551
564,560,2949
178,180,188
180,178,2960
2770,2864,2626
2642,204,199
204,2642,2639
307,2689,2690
2598,2554,2597
2554,2598,2690
2598,307,2690
307,2598,314
2237,2236,2214
2236,2237,2158
331,325,340
325,331,316
2554,331,340
317,331,2554
2672,317,2690
2689,2672,2690
300,2672,2689
2104,504,502
507,504,506
502,504,509
504,507,509
2369,507,506
504,2369,506
2369,504,2104
2288,2104,2092
2288,2287,2533
2369,2288,2533
2288,2369,2104
2104,2091,2092
1990,2091,499
2092,2091,1990
2229,2187,2363
2187,2229,2227
2229,2316,2311
2316,2229,2363
2434,510,509
507,2434,509
2434,2369,2533
2369,2434,507
2312,2314,2311
2749,2312,2477
2234,2235,393
2215,2234,2211
2235,2234,2215
389,388,392
2236,389,392
388,389,2155
389,2236,2155
376,369,2414
344,364,353
364,369,353
2183,2212,2214
2212,2183,2211
2425,2317,2414
369,2425,2414
364,2425,369
297,300,2689
2600,311,2599
311,2600,316
221,2718,226
2718,221,213
213,221,188
230,247,226
244,247,230
263,247,260
2553,2471,2611
2553,2567,2561
2567,2553,2611
2567,230,226
2718,2567,226
237,244,230
1905,1915,1916
2242,2291,2290
1889,2230,1838
2230,1911,2291
2230,1889,1841
1911,2230,1841
1702,1889,1838
1742,1702,1838
1702,1742,1687
1842,1813,1868
322,1842,1868
1842,322,2058
1813,1815,1703
1815,1702,1703
1702,1815,1889
1889,1815,1841
1815,1813,1841
1702,1540,1703
1540,1702,1687
1859,1905,1837
1742,1859,1837
1859,1742,1838
1742,1688,1687
2291,2009,2290
1911,2009,2291
2009,1911,2010
1843,321,1868
1813,1843,1868
348,339,347
1285,339,294
368,2067,365
375,368,365
368,375,370
2157,368,370
368,2157,2067
2154,375,380
388,2154,380
2154,388,2155
375,2121,370
2121,2157,370
2154,2121,375
2157,2121,2156
2121,2158,2156
2158,2121,2155
2121,2154,2155
343,335,1178
1148,1149,1131
1150,1148,1131
1148,1150,301
289,1148,301
1148,289,1149
1150,305,301
305,1150,1180
310,305,1180
1320,1144,1132
1144,1320,1178
335,1179,1178
1179,1144,1178
1179,335,320
1180,1179,320
1144,1179,1180
298,289,301
305,298,301
298,305,310
298,310,320
339,298,347
298,339,1285
279,269,274
820,824,825
875,906,871
1378,357,351
1378,1447,357
343,1378,351
1378,343,1178
373,378,413
378,373,374
1746,1242,1816
1242,1746,1243
1242,1050,1816
1325,1368,1816
1368,1746,1816
1368,1325,374
373,1368,374
1368,373,1746
1050,1010,1071
1010,956,1006
1071,1010,1006
1014,1005,1004
916,917,880
1276,1187,1247
1187,1276,1147
1147,1276,1249
1276,1248,1249
1274,1276,1247
1248,1276,1274
1590,1508,1593
810,804,825
949,961,960
1019,961,1017
959,1068,1017
961,959,1017
959,961,949
958,948,1114
958,949,960
949,958,1114
1282,1412,1701
1579,1385,1663
1170,1169,1038
1169,1170,1209
1023,1142,966
1109,1318,1214
1035,1109,1214
1142,967,966
967,1109,930
1109,967,1318
967,1142,1062
1318,967,1062
928,967,930
967,928,966
831,826,812
826,831,830
817,813,816
831,817,860
813,817,812
817,831,812
826,838,829
838,826,830
829,838,841
838,840,841
867,895,843
840,867,843
913,853,888
842,829,841
842,841,843
970,969,900
969,913,900
804,801,820
801,804,798
796,855,833
855,796,798
796,795,798
795,801,798
801,795,797
797,795,800
804,803,798
1406,1405,1295
1405,1406,1428
1292,1408,1295
1292,1274,1293
1274,1292,1295
83,75,48
1716,1715,1719
1036,1037,962
1037,1046,941
938,1037,941
1037,938,962
1187,1275,1247
992,1060,1001
1166,1117,1095
1118,1117,1119
1117,1118,1115
1076,1166,1095
1078,1076,1095
1077,1002,1001
1002,1078,1228
1076,1002,1077
1002,1076,1078
854,806,833
1078,924,1228
924,1078,1095
493,495,497
1979,495,493
495,1990,497
495,1979,1990
1990,1991,2582
1979,1991,1990
2210,493,491
488,2210,491
1430,448,444
1176,1400,1399
1400,1490,1399
1490,1400,1257
1196,1268,426
1193,1204,1367
1204,1193,1125
1325,1193,1367
1029,1070,1008
1029,1008,909
986,1029,909
1029,986,1125
1193,1029,1125
1029,1193,1070
1203,1195,1202
1194,1195,1160
1202,1195,1194
1124,986,975
986,1124,1125
1124,1203,1125
986,974,975
974,933,975
974,986,909
907,873,874
875,907,905
907,875,871
873,907,871
1376,391,387
391,1376,1204
1376,387,1367
1204,1376,1367
396,1204,1202
396,391,1204
400,396,1202
391,396,400
881,876,880
880,876,882
876,883,882
883,876,847
877,876,881
854,856,806
856,854,857
856,807,806
909,1007,905
1008,1007,909
955,1007,1008
822,808,821
823,866,863
823,819,800
808,823,800
823,808,822
1648,1608,1944
1608,1648,1531
1530,1484,1430
1484,448,1430
448,1484,456
1484,1530,1649
1484,1649,461
456,1484,461
1489,1548,1399
1177,1176,1135
1177,1400,1176
1177,1174,1257
1400,1177,1257
2059,1898,1899
1790,1774,1757
1898,1774,1790
1774,1759,1757
1759,1774,1773
1789,1661,1705
1661,1789,1877
1797,1695,406
1695,1797,1667
1591,1644,1645
1644,1591,1534
1713,1802,1998
1908,1866,1903
1866,2120,1903
441,1866,1865
1866,1908,1865
2120,452,1904
452,441,438
1591,1592,1508
425,1592,1645
1592,1591,1645
823,864,866
864,823,822
864,873,866
864,822,849
887,864,849
873,864,874
864,887,874
933,932,976
932,994,976
994,932,874
932,907,874
1113,1136,1135
1133,1136,1113
1136,1177,1135
1177,1136,1174
1174,1136,1186
1136,1133,1186
893,922,952
877,893,952
893,877,881
893,881,915
923,893,915
893,923,922
1207,1250,1191
1255,1250,1254
1277,1250,1207
1250,1277,1254
848,877,849
821,848,849
848,821,847
876,848,847
848,876,877
923,1104,1034
1104,1190,1134
1190,1104,1189
1104,923,1189
1213,1237,1186
1237,1296,1186
1297,1237,1255
1237,1297,1296
1361,1490,1257
1793,1711,1777
1711,1712,1777
1927,1632,1793
1632,1711,1793
1711,1632,1546
1666,1658,1657
1954,1713,1998
1550,1559,1473
1710,1711,1546
1710,1666,1712
1711,1710,1712
1924,1759,1773
1759,1924,1758
2612,2041,2106
2041,2061,2106
2061,2059,2106
2059,2061,1898
2061,2041,1773
1774,2061,1773
2061,1774,1898
1935,1789,1705
1978,1935,1705
475,1935,477
1789,1935,475
480,484,477
1935,480,477
480,1935,1978
2344,2436,138
2436,2344,2499
2335,133,2175
135,133,2335
144,2573,145
1692,1693,1795
1467,206,210
2110,2123,2135
2118,2119,2004
2255,2118,2238
2255,2272,2404
2272,2255,2238
2439,2272,2238
2024,2025,2103
2025,2024,2015
2024,1950,2015
1950,2024,2206
2439,2278,2272
2278,2439,2271
2132,2278,2271
2278,2132,2131
2222,2221,2103
2207,2131,2133
2207,2024,2103
2024,2207,2133
2221,2207,2103
2207,2221,2131
2073,2024,2133
2024,2073,2206
2206,2073,2071
2073,2008,2071
2007,2072,2017
2072,2007,2008
1764,1869,1870
1984,1983,2068
2160,2145,2231
2146,2145,2115
2627,2433,2432
2587,2627,2626
2627,2770,2626
2546,2587,2951
2578,2658,2579
2918,2940,2917
2743,178,177
178,2743,2960
2743,2940,2960
2940,2743,2668
2991,155,153
156,155,2991
152,151,2797
151,152,145
2892,2946,2991
2892,152,2797
2892,2991,153
152,2892,153
151,150,2797
150,147,149
150,151,145
147,150,145
2946,2842,2723
2842,2892,2797
2892,2842,2946
2829,2799,2968
2247,1897,2004
1875,1897,1886
1897,1982,2004
1896,1895,1886
1897,1896,1886
1896,1897,2247
1895,1896,2203
2258,2575,2203
1896,2258,2203
2258,1896,2247
1860,1862,1837
1862,1861,1837
1861,1862,1932
1862,1962,1932
1962,1862,1860
1949,2109,1932
1930,2109,1680
2109,1861,1932
2109,1930,1861
2068,1884,2017
1884,1796,2017
2008,2005,2071
2005,1830,2071
2005,1826,1830
1826,2005,2000
217,223,219
1693,1794,1796
2007,1794,219
1794,217,219
217,1794,1693
1796,1794,2017
1794,2007,2017
1227,1322,1323
1322,1370,1323
1370,1369,1323
1370,1322,1201
236,240,235
1618,258,255
1075,1072,1098
1684,236,1390
1684,240,236
1321,1227,1323
1227,1321,1098
1322,1200,1201
1200,1171,1201
1171,1200,1053
1200,1335,1053
1171,1151,1201
1151,1171,1082
1151,1082,1131
1152,1151,1131
977,958,979
1535,1309,1308
1392,1229,1122
1535,1392,1485
1229,1392,1308
1392,1535,1308
111,2572,112
108,2457,109
733,727,714
727,722,714
2650,2649,2647
2649,702,2647
2649,694,702
2649,2650,2625
2624,2649,2625
694,2649,2624
2634,101,100
2549,2634,2674
2634,2549,2550
101,2634,2550
2634,2675,2674
2634,100,98
2675,2634,98
769,766,765
778,769,780
769,778,774
766,769,774
1968,1770,1848
1770,1968,780
1770,1847,1848
1847,1809,1848
1647,1760,1880
1760,1647,1631
1882,1647,1880
1647,1628,1631
2062,2209,2082
736,2356,728
762,774,773
766,762,758
762,766,774
762,768,763
768,2062,2063
2147,2114,2116
2147,2159,2161
2161,2159,2175
2159,2160,2175
2159,2147,2115
2145,2159,2115
2159,2145,2160
133,130,2175
130,133,131
2257,2161,2175
2257,132,2161
130,2257,2175
2257,130,132
1872,1885,1874
1885,1872,1895
1885,1895,2149
2148,1885,2149
1809,1850,1766
1850,1678,1766
1847,1850,1809
2184,2148,2219
2384,2184,2219
2241,2384,2146
2241,2062,2082
2062,2241,2063
2241,2116,2063
2116,2241,2146
2240,2185,2629
2240,2384,2185
2231,2240,2629
2145,2240,2231
2384,2240,2146
2240,2145,2146
1969,2081,1970
2209,2081,2082
2081,2209,1970
2001,1969,1808
730,751,736
725,730,736
709,736,728
2735,2734,2772
2735,2733,2734
91,2735,2772
2735,91,89
88,2735,89
2733,2735,88
85,2715,86
2715,85,84
84,85,82
2653,2673,2508
2397,2381,2508
2636,2593,2618
2593,2636,2652
712,724,720
712,2381,711
734,712,711
712,734,724
698,2603,2592
2603,698,696
2736,698,714
696,698,702
698,2736,702
2593,2589,2592
2604,2619,2617
2604,2617,2618
2603,2604,2592
2593,2604,2618
2604,2593,2592
697,691,718
710,732,711
732,734,711
2285,2088,2294
734,735,724
756,2086,760
743,724,739
724,743,720
2087,1997,1995
756,2087,2086
2087,756,755
2087,2021,1997
2087,755,753
3044,3045,3001
3045,3044,3020
3020,3044,2988
3044,3001,2997
2988,3044,2997
3054,47,44
3054,3045,47
3045,3054,3001
3054,3002,3001
3054,3050,3002
3050,41,38
41,3054,44
3054,41,3050
3050,3039,3002
3039,3030,3002
1520,1806,1719
1520,1487,1457
2282,2050,2075
2608,2016,2002
1821,2608,2002
2608,1821,1820
2016,1957,2050
1957,1956,2050
1731,1956,1938
1956,1957,1938
2608,1937,2016
1937,2608,1820
1925,1821,2002
1925,1825,1821
1825,1925,1926
1825,1822,1821
1822,2841,1821
1822,1825,1804
1803,1822,1804
1806,1822,1803
2841,1822,1806
2788,677,683
708,691,683
703,708,683
691,708,717
2415,2418,2393
2609,690,689
2426,690,2609
2394,2262,2372
2394,2393,2365
726,2438,2294
2438,2285,2294
2262,2263,2372
2273,2263,2260
2273,2373,2372
2263,2273,2372
2877,657,654
2503,2416,2418
2547,2503,2667
2503,2547,2416
673,2685,2766
677,2685,679
2685,2788,2766
2685,677,2788
2806,2767,2805
2767,2804,2805
2504,676,2670
684,676,2504
2418,656,659
684,656,2418
2813,2833,2835
2737,2813,2738
2813,2835,2738
2836,2925,72
2925,74,72
2856,74,2925
74,2856,76
74,76,86
2856,78,76
76,78,86
78,2851,82
78,2856,2851
85,78,82
78,85,86
2711,2637,2638
2637,2711,2713
2637,2617,2638
2617,2637,2618
2637,2636,2618
2636,2637,2713
2711,2747,2713
2787,2747,2786
2747,2636,2713
2747,2787,2652
2636,2747,2652
61,59,2854
63,61,2854
61,56,59
56,61,52
61,63,52
2873,2857,2805
2873,2853,2857
2804,2873,2805
2853,2873,2850
2873,2899,2850
2873,2804,2899
52,50,2846
50,2845,2846
50,52,31
2844,2803,3010
2845,2803,2846
2803,2845,3010
2803,2805,2846
2803,2806,2805
2803,2844,2806
2696,2823,2707
566,564,2949
566,561,557
564,566,557
2905,2889,2949
2889,2905,2830
2728,2727,2681
2728,2729,2900
2729,2728,2681
2901,2728,2900
2729,2822,2900
2822,2869,2900
2901,2868,2891
2868,2901,2900
2869,2868,2900
578,2889,2891
2869,584,583
26,3035,28
30,26,28
24,26,31
26,30,31
2980,3035,2942
2980,30,28
3035,2980,28
2888,2923,2886
2964,2930,2967
3035,2944,2942
2944,26,24
26,2944,3035
10,3047,12
3034,3007,2982
3007,3034,3037
23,24,31
19,23,31
23,2944,24
23,19,2945
2944,23,2945
73,62,57
62,73,2919
62,2950,57
62,2919,2920
2950,62,2920
73,80,2949
80,73,79
80,2905,2949
2905,80,79
15,17,18
17,3004,18
3004,17,15
3041,9,7
3046,3041,7
3041,3034,3033
3041,3046,3037
3034,3041,3037
3047,3041,3033
9,3041,10
3041,3047,10
3007,2974,2982
3008,21,22
3008,3022,16
21,3008,16
3017,3031,3027
3017,3027,3022
3008,3017,3022
70,45,68
45,70,53
2981,2953,2963
2953,2920,2921
2963,2953,2921
2953,2950,2920
562,561,571
561,562,557
2915,562,559
557,562,2915
560,556,2919
556,550,2919
550,556,557
556,564,557
564,556,560
182,187,188
187,2832,188
187,186,2860
2832,187,2860
2832,191,188
191,213,188
2865,2525,2606
2770,2771,2864
2771,2865,2864
2771,2525,2865
2866,2918,2917
2626,2866,2917
2864,2866,2626
186,2861,2860
204,208,199
191,208,213
208,191,199
208,2639,213
208,204,2639
2640,2642,199
516,518,509
2484,511,2749
511,514,512
514,511,2484
2339,2359,2386
2534,2769,2666
2769,2534,494
2880,503,505
2802,2879,2801
2802,527,528
2802,2926,527
2926,2802,2927
2802,2801,2927
2379,2440,2477
303,307,314
307,303,2689
297,303,296
303,297,2689
2598,332,314
341,332,2780
332,2597,2780
332,2598,2597
332,341,296
303,332,296
332,303,314
2317,2412,2435
331,312,316
312,331,317
312,311,316
2672,312,317
312,2672,2599
311,312,2599
2406,2288,2092
2288,2406,2287
2406,2092,2582
2188,2406,2582
2287,2406,2227
2406,2188,2227
501,2104,502
501,2091,2104
2091,501,499
2187,2228,2363
2228,2342,2363
2228,2303,2342
2303,2228,2343
2188,2107,2227
2107,2187,2227
2107,2188,2172
1913,2107,2172
2380,2379,2477
2380,2316,2363
2342,2380,2363
2315,2434,2533
2434,2315,2314
2287,2315,2533
2315,2287,2311
2314,2315,2311
2483,2434,2314
2483,511,512
511,2483,2749
2483,2312,2749
2312,2483,2314
2316,2313,2311
2313,2312,2311
2312,2313,2477
2313,2380,2477
2380,2313,2316
2234,2319,2211
2319,2234,2414
2319,2212,2211
2317,2319,2414
2212,2319,2317
2234,2349,2414
2349,376,2414
2349,2234,393
2318,2317,2435
2318,2212,2317
2212,2318,2214
2318,2237,2214
2465,2425,364
265,263,260
297,288,300
288,297,296
2539,265,260
265,2539,267
2461,2648,2621
2471,2461,2621
2461,2471,2460
2487,2467,2448
2447,2466,2444
2467,2447,2448
2487,2266,2489
2266,2487,2448
2642,2607,2639
2607,2514,2639
2204,2401,2402
257,2539,260
2739,247,244
2648,2739,2621
2471,2469,2460
2470,2469,2552
2469,2470,2460
2469,2553,2552
2469,2471,2553
2655,2567,2718
2514,2655,2639
2639,2655,213
2655,2718,213
2567,2622,230
2622,2567,2611
237,241,244
2739,241,2621
241,2739,244
2623,2471,2621
2471,2623,2611
241,2623,2621
2623,241,237
2623,2622,2611
2324,2242,2151
2230,1888,1838
1888,2230,2291
1813,1910,1841
1842,1910,1813
1910,1842,2058
1910,1911,1841
292,287,294
1709,1682,1747
1682,1635,1680
1709,1635,1682
1988,2110,2101
1839,1915,1905
1859,1839,1905
1839,1859,1838
1888,1839,1838
1635,1681,1680
2196,2126,2153
342,348,358
334,342,358
342,339,348
1814,1813,1703
1814,1843,1813
329,292,294
339,329,294
1377,287,292
1131,1081,1132
1082,1081,1131
289,284,1149
298,284,289
279,284,298
1981,1152,1149
284,1981,1149
1981,284,279
1981,1173,1152
279,290,269
290,279,298
290,287,269
290,298,1285
290,1285,294
287,290,294
906,919,871
1085,1083,1084
946,954,953
946,1163,1011
954,946,1011
946,918,1163
918,946,945
1320,1092,1178
1092,1378,1178
1746,371,367
373,371,1746
1048,1052,953
1052,1048,1053
1003,880,882
1003,916,880
1005,1003,882
1633,1741,1605
1741,1633,1593
1633,1590,1593
1508,1510,1428
1590,1510,1508
1427,1405,1428
1510,1427,1428
1427,1510,1481
810,811,804
811,803,804
811,813,812
811,810,813
805,811,812
803,811,805
835,868,816
835,834,868
948,903,1114
890,957,1066
861,817,816
817,861,860
868,861,816
1238,1373,1062
1318,1374,1282
1374,1412,1282
1374,1373,1412
1374,1318,1062
1373,1374,1062
1721,1386,1580
1386,1385,1580
1385,1386,1346
1386,1387,1346
1385,1563,1580
1563,1385,1579
1410,1563,1579
1169,1212,1211
1211,1212,1346
1663,1212,1209
1212,1169,1209
1212,1385,1346
1385,1212,1663
1039,1036,1038
1169,1306,1038
1306,1039,1038
1063,1183,1181
1183,1063,1020
939,1035,962
939,1109,1035
939,938,931
938,939,962
1230,1319,1238
1061,1230,1238
1063,1061,1023
1230,1061,1181
1061,1063,1181
831,935,830
935,831,860
1021,1183,1020
1183,1021,2437
895,920,966
867,920,895
859,867,840
859,838,830
838,859,840
935,859,830
859,935,934
943,853,913
969,943,913
897,845,896
896,845,843
845,842,843
993,992,1001
993,970,992
993,969,970
420,408,411
408,420,415
1408,1407,1295
1407,1406,1295
1407,1408,1551
3029,3051,75
83,3029,75
3029,3028,3051
2988,2999,3000
2999,2970,3000
2475,2473,2323
2473,2475,2485
2643,2758,2510
2682,2764,2680
2764,2682,2791
1715,1518,1719
1578,1818,1384
2534,492,494
492,485,494
1274,1273,1293
1273,1274,1247
1188,1187,1119
1188,1275,1187
1076,1168,1166
1060,1058,1393
1058,1056,1393
1058,992,998
1058,1060,992
1015,1058,998
1056,1058,1015
942,1057,1015
1057,1056,1015
1117,1096,1095
1096,1117,1115
982,1096,1115
1096,982,1097
854,852,857
943,852,853
853,852,833
852,854,833
972,973,911
980,1014,1004
980,972,982
2064,2188,2582
1991,2064,2582
2188,2064,2172
1980,1991,1979
1980,1979,493
2210,1980,493
1800,484,1799
484,1800,1858
1708,1705,1662
1708,1799,1705
1708,1800,1799
1800,1708,1798
1283,1287,1429
1287,1548,1429
1176,1451,1135
1162,1451,1176
448,432,444
1070,2083,1071
1193,2083,1070
2083,1193,1325
1071,2083,1816
2083,1325,1816
1161,983,975
983,1124,975
1027,983,1161
983,1195,1203
1124,983,1203
1195,983,1160
983,1027,1160
1027,1156,1160
1156,1196,1160
1156,1268,1196
1156,1269,1153
1269,1156,1027
995,1033,1112
995,976,996
995,984,976
1034,995,996
1033,995,1034
985,933,976
984,985,976
985,984,1161
985,1161,975
933,985,975
924,858,857
858,856,857
821,878,847
878,937,847
908,906,875
908,955,1163
908,1007,955
908,875,905
1007,908,905
918,908,1163
908,918,906
799,808,800
795,799,800
799,795,796
799,796,806
807,799,806
1532,1489,1531
1532,1548,1489
1530,1532,1531
1532,1530,1429
1548,1532,1429
1755,1845,1757
1755,1762,1845
1755,1927,1762
1755,1698,1927
1698,1755,1660
1856,1707,1758
1854,1707,1856
1659,1707,1662
1651,1659,1652
1659,1651,1660
1661,1704,1705
1704,1661,1652
1705,1704,1662
1704,1659,1662
1659,1704,1652
1944,1871,1877
1871,1661,1877
1608,1871,1944
1591,1646,1534
1646,1508,1428
1646,1591,1508
1745,1644,1797
415,1745,406
1745,1797,406
1745,415,1645
1644,1745,1645
1904,1768,1903
1768,1769,1903
445,1866,441
1866,445,2120
452,445,441
445,452,2120
458,452,464
452,458,1904
1852,434,1865
1776,1852,1865
1508,1851,1593
1592,1851,1508
1851,1740,1593
1851,1776,1740
1851,1852,1776
907,910,905
932,910,907
910,932,933
974,910,933
910,909,905
910,974,909
1105,1033,1034
1104,1105,1034
1105,1104,1134
1113,1105,1134
1033,1105,1113
1604,1297,1255
1604,1255,1254
1236,1213,1191
1236,1237,1213
1250,1236,1191
1236,1250,1255
1237,1236,1255
1256,1361,1257
1174,1256,1257
1256,1174,1186
1296,1256,1186
1490,1460,1533
1361,1460,1490
1641,1658,1666
1559,1641,1473
1641,1559,1642
1658,1641,1642
1954,1791,1713
1784,1791,1792
1791,1954,1792
1792,2053,1899
1954,2053,1792
1557,1550,1558
1846,1557,1827
1557,1558,1827
1914,1856,1758
1924,1914,1758
482,1978,1799
482,480,1978
484,482,1799
480,482,484
2232,2160,2231
2232,2344,2335
2232,2335,2175
2160,2232,2175
2344,137,2335
137,135,2335
137,2344,138
137,133,135
140,137,138
137,140,131
133,137,131
206,220,210
205,220,206
205,203,220
1090,1089,1233
2080,2324,2151
1915,2080,1916
2324,2080,1915
2220,2031,2030
2220,1917,1916
1917,2220,2030
2080,2220,1916
1964,1988,1962
2110,1964,1963
1988,1964,2110
1907,1962,1860
1907,1964,1962
2100,2110,2135
2110,2100,2101
2222,2100,2135
2100,2025,2101
2100,2222,2103
2025,2100,2103
2117,2258,2247
2258,2117,2281
2117,2247,2004
2119,2117,2004
2117,2119,2245
2255,2248,2118
2248,2119,2118
2245,2248,2585
2119,2248,2245
2403,2255,2404
2403,2546,2910
2272,2277,2671
2278,2277,2272
2277,2278,2131
2221,2277,2131
2307,2221,2222
2307,2222,2135
2007,2006,2008
2006,2005,2008
2005,2006,2000
2000,2006,219
2006,2007,219
2085,2068,2017
2072,2085,2017
2132,2070,2133
2070,2073,2133
2085,2070,2132
2070,2085,2072
2073,2070,2008
2070,2072,2008
1982,2239,2238
1984,2239,1982
2239,2439,2238
2439,2239,2271
1765,1808,1766
1923,1875,1873
1983,1923,1873
1923,1897,1875
1897,1923,1982
1923,1984,1982
1923,1983,1984
2820,2751,2256
2202,2820,2629
2820,2256,2629
2799,2808,2968
2751,2959,2256
2959,2497,2499
2862,2940,2668
2862,2951,2917
2940,2862,2917
2546,2555,2910
2555,2545,2910
2555,2546,2951
2862,2555,2951
2558,2578,2579
2578,2558,2580
2725,2659,2657
2659,2578,2657
2578,2659,2658
2828,2829,2968
2656,2578,2580
2578,2656,2657
2726,2946,2723
2946,2726,2990
2659,2726,2723
2726,2659,2725
2842,2724,2723
2724,2659,2723
2659,2724,2658
2828,2724,2829
2799,2798,149
150,2798,2797
2798,150,149
2798,2799,2829
2798,2842,2797
2724,2798,2829
2798,2724,2842
2799,2719,2573
2573,2719,145
2719,147,145
147,2719,149
2719,2799,149
2280,2258,2281
2258,2280,2575
2576,2280,2281
1743,1742,1837
1743,1688,1742
1861,1743,1837
1930,1743,1861
242,238,246
242,1749,1785
242,246,1749
1840,2109,1949
1829,1840,1949
1840,1829,1786
1840,1682,1680
2109,1840,1680
1786,1748,1747
1749,1748,1785
1787,1830,1785
1748,1787,1785
1787,1748,1786
1787,1829,1830
1829,1787,1786
1983,1883,2068
1883,1884,2068
1869,1883,1873
1883,1983,1873
238,2026,235
2026,1826,235
2026,242,1785
242,2026,238
1830,2026,1785
1826,2026,1830
223,227,2000
227,1826,2000
217,227,223
1692,1471,1693
1471,1692,1467
1471,1467,210
211,1471,210
215,217,1693
215,227,217
1227,1225,1322
1225,1200,1322
1225,1227,1098
246,249,255
238,249,246
1684,1620,240
1620,1334,1619
1334,1620,1684
1380,1321,1323
1369,1380,1323
1379,1380,1369
1075,1224,1184
1224,1075,1098
1321,1224,1098
1074,1075,1184
1121,1229,1019
1121,1019,1017
1100,1121,1017
1229,1121,1122
1121,1100,1122
1099,1069,1103
1072,1099,1098
1067,1099,1072
1099,1067,1069
1067,890,1066
1069,1067,1066
1083,870,1084
870,850,1084
1200,1197,1335
268,1655,274
1981,1655,1173
1655,279,274
1655,1981,279
1172,1151,1152
1173,1172,1152
1172,1370,1201
1151,1172,1201
1370,1172,1369
1172,1173,1369
958,1030,948
977,1030,958
1030,977,989
1535,209,1309
1100,1120,1122
1120,1389,1122
1389,1120,1390
1392,1391,1485
1389,1391,1122
1391,1392,1122
1183,1025,1181
1025,1183,2437
988,977,979
988,1025,2437
1025,988,1024
1595,1543,1545
1543,1413,1542
1543,1595,1413
110,2572,111
110,111,109
2457,110,109
110,2455,2572
2455,110,2457
107,2479,108
2479,2457,108
2479,107,2522
727,2096,722
2096,2496,722
2096,725,2496
2096,730,725
2096,727,733
730,2096,733
788,790,786
790,788,1482
788,786,2223
1482,788,2223
787,790,789
769,787,785
1850,1752,1678
1752,1847,1771
1752,1850,1847
761,733,760
2086,761,760
2074,2087,1995
2087,2074,2086
2209,1955,1970
774,1955,773
1955,2209,773
769,782,780
782,769,785
782,1770,780
1770,782,785
1918,777,776
1882,1939,1647
1881,1628,1647
1881,1939,1995
1939,1881,1647
2356,2308,2309
2308,2218,2309
2218,2308,2217
745,741,2217
741,2218,2217
768,771,2062
2209,771,773
771,2209,2062
771,762,773
771,768,762
764,768,2063
768,764,763
2116,764,2063
2114,764,2116
2095,2184,2384
2095,2241,2082
2241,2095,2384
1885,2094,1874
2094,2001,1874
2094,1885,2148
707,709,728
709,707,2635
2531,707,706
707,2531,2635
725,719,2496
2800,2653,2787
2800,2673,2653
2673,2800,2737
2800,2813,2737
682,2855,683
691,682,683
675,2673,2737
675,685,2673
675,678,685
675,2737,2738
678,675,2738
2605,2397,2508
697,2605,691
2605,697,2397
2673,2605,2508
685,2605,2673
2381,705,710
2397,705,2381
697,705,2397
705,726,710
712,2551,2381
2551,712,720
713,700,701
698,700,713
700,698,2592
700,2589,701
2589,700,2592
2604,2602,2619
2602,2604,2603
2602,2624,2625
2619,2602,2625
2624,2602,692
2602,2603,692
729,726,2294
726,729,710
732,2249,734
2088,2249,2294
755,749,753
756,749,755
1543,1596,1545
1729,1760,1631
1611,1729,1631
1958,1956,1731
2023,2021,2320
1958,1959,2022
1959,2023,2022
2023,1959,2021
1959,1996,1997
2021,1959,1997
2021,2144,2320
749,2144,753
2144,749,2320
2144,2087,753
2087,2144,2021
2970,2985,2902
2971,2970,2902
2972,2971,2902
2970,2971,3000
2971,3018,3000
3018,2971,2976
42,3043,37
3053,3039,3050
3053,38,36
3053,3050,38
3053,3043,3039
32,3053,36
3030,3038,3028
3039,3038,3030
3043,3038,3039
3038,3043,42
1412,1411,1701
1411,1579,1701
1411,1410,1579
2090,2282,2075
2090,2088,2285
2090,2285,2286
2077,2090,2075
2090,2077,2088
2057,2016,2050
2282,2057,2050
2016,2057,2002
1625,1733,1732
1733,1731,1938
1733,1625,1731
1560,1565,1580
1563,1560,1580
1890,1937,1801
1890,1733,1938
1733,1890,1732
1810,1890,1801
1890,1810,1732
1936,1957,2016
1937,1936,2016
1890,1936,1937
1957,1936,1938
1936,1890,1938
1520,1738,1806
1673,1738,1520
1564,1520,1457
1564,1673,1520
1673,1564,1721
1564,1386,1721
1386,1564,1387
2366,2261,2365
2168,2195,1926
1925,2168,1926
2168,1925,2002
708,2501,717
717,2501,718
2501,2438,718
2428,708,703
2373,2428,2372
2428,2426,2372
2685,681,679
690,681,689
2426,695,690
695,677,679
681,695,679
695,681,690
2426,2427,2372
2427,2394,2372
2427,2426,2609
2415,2427,2609
2427,2415,2393
2394,2427,2393
2273,2482,2373
2279,2482,2273
2195,2279,2260
2279,2273,2260
1835,1985,1986
1834,1833,1807
1835,1834,1807
1948,1834,1986
1834,1835,1986
2503,669,2667
585,580,589
580,585,2816
646,642,2885
596,600,634
2415,686,2418
686,684,2418
684,686,676
2897,2781,2863
2843,2897,2863
2897,2843,2894
641,2504,2670
637,641,2670
69,65,67
2833,2838,2837
2836,2838,2833
69,2838,2836
2838,69,67
2874,2838,67
2838,2874,2837
2747,2785,2786
2785,2747,2711
2785,2856,2786
2856,2785,2851
2851,2785,2742
2785,2711,2742
46,43,2845
50,46,2845
46,50,31
35,46,31
43,46,35
2727,2824,2909
2823,2824,2901
2824,2728,2901
2728,2824,2727
2890,2830,2707
2823,2890,2707
2889,2890,2891
2890,2889,2830
2890,2901,2891
2890,2823,2901
568,566,2949
2889,568,2949
2815,2822,2729
2822,2815,598
2815,2679,2885
2815,2729,2679
597,2822,598
2822,594,2869
2868,581,2891
574,562,571
574,577,559
562,574,559
578,573,2889
573,574,571
588,570,567
570,588,590
590,588,2869
588,584,2869
584,563,545
40,2979,2898
35,2979,40
2980,2979,30
2979,35,31
30,2979,31
540,2923,2930
2923,540,2886
2944,2929,2942
2929,2932,2942
2929,2944,2945
2923,2929,2930
2932,2929,2923
14,15,12
3047,14,12
3049,2965,2966
2964,3021,2922
3021,2965,2963
3021,2963,2921
2922,3021,2921
2993,3034,2982
2965,2993,2963
2993,2981,2963
3031,2,1
3017,3023,3031
3023,3007,3037
3023,3017,3007
2957,29,34
29,2957,2974
25,29,2974
29,25,34
21,25,22
66,60,3016
66,2912,68
2912,66,3016
2914,2922,2915
2914,533,2922
2978,2771,2422
2771,2978,2525
2978,2513,2525
2861,184,182
184,2861,186
184,187,182
187,184,186
2961,2861,182
2861,2961,2918
180,2961,182
2961,180,2960
2940,2961,2960
2961,2940,2918
2866,2859,2918
2859,2861,2918
2861,2859,2860
196,191,2832
191,196,199
196,2640,199
2717,2832,2860
2859,2717,2860
2717,196,2832
196,2717,2640
2769,2935,2666
2880,2847,2848
2359,2340,2341
2339,2340,2359
2341,2340,2343
2340,2303,2343
2303,2340,2342
2340,2339,2342
496,2769,494
2952,508,515
517,2952,515
2937,2952,517
521,2741,523
2765,524,523
2741,2765,523
524,2765,528
2765,2802,528
2108,2107,1913
2108,2228,2187
2107,2108,2187
2434,513,510
2483,513,2434
513,2483,512
510,513,516
513,514,516
514,513,512
383,2349,393
2349,383,376
2465,359,352
359,2465,364
325,359,340
359,325,352
359,344,340
359,364,344
349,2413,352
2413,2465,352
2413,2412,2317
2425,2413,2317
2465,2413,2425
2409,2817,2610
2237,2370,2158
2370,2318,2435
2318,2370,2237
2672,2633,2599
2633,2672,300
2541,2540,2464
2540,2539,2464
2539,2540,267
2521,2539,2648
2539,2521,2464
2521,2462,2464
2462,2429,2402
2429,2461,2460
2488,2487,2489
2553,2560,2552
2560,2553,2561
2468,2447,2467
2447,2468,2466
2267,2266,2448
2267,2447,2444
2447,2267,2448
2267,2124,2266
2243,2242,2290
2242,2243,2151
2419,2462,2402
2401,2419,2402
2400,2470,2179
2400,2204,2402
2429,2400,2402
2470,2400,2460
2400,2429,2460
2739,2908,247
2908,2739,2648
2539,2908,2648
257,2908,2539
233,237,230
2622,233,230
233,2623,237
2623,233,2622
1945,1888,2291
2242,1945,2291
2324,1945,2242
1945,2324,1915
1839,1945,1915
1945,1839,1888
278,1381,1539
246,250,1749
250,254,1749
254,250,258
250,246,255
258,250,255
269,261,274
261,268,274
2102,1988,2101
2102,2025,2015
2025,2102,2101
1962,1989,1932
1988,1989,1962
2102,1989,1988
1989,1949,1932
1989,2102,1949
1538,1681,1539
1688,1538,1687
1538,1540,1687
1743,1634,1688
1634,1743,1930
1634,1538,1688
1538,1634,1681
1634,1930,1680
1681,1634,1680
2126,350,358
2196,2125,2126
2125,350,2126
350,2125,336
2029,2125,2181
2125,2029,336
330,350,321
330,1726,334
1726,330,1831
330,334,358
350,330,358
1843,318,321
1831,318,1843
318,330,321
330,318,1831
1541,1814,1703
1540,1541,1703
1727,1831,1843
1814,1727,1843
1726,1727,308
1727,1726,1831
295,304,299
291,1377,292
295,291,292
1438,295,299
1438,1541,1540
1541,1438,299
1438,1437,295
291,1437,1377
1437,291,295
1437,1438,1540
1538,1437,1540
1381,1437,1539
1437,1538,1539
850,964,1084
964,1085,1084
945,964,892
1085,964,945
871,872,863
919,872,871
1110,872,919
947,946,953
947,1085,945
946,947,945
891,919,906
918,891,906
891,945,892
891,918,945
1130,1092,1320
1130,1320,1132
1081,1130,1132
1378,1093,1447
1092,1093,1378
1447,1093,1243
1048,1055,1053
1055,1081,1082
1055,1171,1053
1171,1055,1082
1014,1043,1005
904,903,885
957,904,885
904,890,1068
904,957,890
950,903,948
950,1030,989
1030,950,948
886,868,1066
957,886,1066
886,957,885
886,861,868
861,886,885
1039,1040,1036
1040,1037,1036
1037,1040,1046
1109,927,930
939,927,1109
927,929,930
929,927,931
927,939,931
1375,1373,1238
1319,1375,1238
1375,1319,1542
1413,1375,1542
1410,1375,1413
1411,1375,1410
1373,1375,1412
1375,1411,1412
1064,1238,1062
1064,1061,1238
1142,1064,1062
1023,1064,1142
1061,1064,1023
1021,987,2437
977,987,989
987,988,2437
988,987,977
1157,934,989
987,1157,989
1157,987,1021
921,920,867
921,1021,1020
859,921,867
1022,1023,966
920,1022,966
1063,1022,1020
1022,1063,1023
1022,921,1020
921,1022,920
924,944,1228
944,924,857
852,944,857
944,852,943
844,897,899
844,845,897
844,899,900
845,844,842
991,943,969
993,991,969
944,991,1228
991,944,943
991,1002,1228
1002,991,1001
991,993,1001
832,853,833
855,832,833
842,839,829
839,842,846
802,855,798
803,802,798
802,832,855
832,802,827
802,803,805
827,802,805
404,408,415
408,404,403
404,415,406
1695,404,406
404,1695,403
1900,470,1999
1474,1667,1551
1408,1474,1551
1292,1419,1408
1419,1474,1408
1614,1407,1551
1407,1614,1534
1797,1614,1551
1614,1644,1534
1644,1614,1797
1509,1407,1534
1407,1509,1406
1646,1509,1534
1406,1509,1428
1509,1646,1428
3029,2998,3028
2998,3030,3028
3030,2998,2997
2998,2987,2997
453,463,460
2994,2999,2988
2994,2988,2997
2987,2994,2997
2824,2775,2909
2775,2824,2823
2775,2823,2696
2825,2775,2696
2825,2687,2695
2687,2696,2694
2687,2825,2696
146,143,141
2705,2708,2706
2708,2705,2694
2661,2710,2662
2473,2807,2643
2807,2758,2643
2807,2473,2485
2680,2807,2485
2173,2141,2142
2474,2473,2643
2481,2474,2643
2173,2474,2481
2474,2173,2142
2323,2474,2142
2473,2474,2323
3011,2764,2693
2807,3011,2758
2764,3011,2680
3011,2807,2680
2763,2764,2791
2764,2763,2693
2774,2825,2695
2909,2774,2791
2775,2774,2909
2774,2775,2825
2704,2695,2571
2893,2884,2693
2884,3011,2693
3011,2884,2758
2758,2884,2510
2299,2112,2164
2446,2453,2329
1518,1517,1719
1517,1520,1719
1520,1517,1487
2169,157,158
1537,195,198
1537,193,195
2028,1999,2027
2028,2129,1999
2129,2028,2128
2199,2612,2106
492,490,485
1188,1352,1275
1253,1262,1216
972,981,973
981,883,973
981,980,1004
980,981,972
981,1004,882
883,981,882
982,971,1097
972,971,982
971,972,911
1014,1012,1044
980,1012,1014
1012,1116,1044
2064,1894,2172
1894,1913,2172
1891,2064,1991
1980,1891,1991
1891,1894,2064
1800,1857,1858
1857,1800,1798
1706,1708,1662
1708,1706,1798
1707,1706,1662
1706,1854,1798
1706,1707,1854
1264,1155,1162
1264,1287,1283
1287,1264,1162
1155,1270,1153
1270,1156,1153
1156,1270,1268
1270,432,1268
1529,1162,1176
1529,1287,1162
1287,1529,1548
1529,1176,1399
1548,1529,1399
1145,1155,1153
1145,1269,1112
1269,1145,1153
1155,1154,1162
1154,1451,1162
1145,1154,1155
1268,429,426
429,456,426
429,448,456
429,432,448
1269,1028,1112
1028,995,1112
995,1028,984
984,1028,1161
1028,1027,1161
1028,1269,1027
926,858,924
926,924,1095
1096,926,1095
926,1096,1097
856,925,911
858,925,856
925,971,911
971,925,1097
925,926,1097
926,925,858
808,809,821
809,878,821
799,809,808
878,809,807
809,799,807
912,878,807
912,856,911
912,807,856
878,912,937
973,912,911
937,912,973
1569,1607,1608
1607,1606,1609
1607,1569,1606
1567,1489,1533
1489,1567,1531
1567,1608,1531
1567,1569,1608
1651,1653,1660
1653,1698,1660
1653,1651,1609
1606,1653,1609
1698,1699,1927
1632,1699,1606
1699,1632,1927
1699,1653,1606
1653,1699,1698
1754,1659,1660
1759,1754,1757
1754,1755,1757
1755,1754,1660
1769,1665,1642
1768,1665,1769
1665,1768,1802
1802,1901,1998
1900,1901,1802
1901,2129,1998
2129,1901,1999
1901,1900,1999
1902,1768,1904
458,1902,1904
1902,458,464
1900,1902,464
1768,1902,1802
1902,1900,1802
434,428,425
1852,428,434
1744,1851,1592
1851,1744,1852
1744,428,1852
1744,1592,425
428,1744,425
1441,1442,1254
1442,1604,1254
1442,1549,1604
1568,1632,1606
1460,1568,1533
1569,1568,1606
1568,1567,1533
1567,1568,1569
1547,1460,1361
1632,1547,1546
1568,1547,1632
1547,1568,1460
1256,1307,1361
1307,1256,1296
1297,1307,1296
1418,1307,1297
1710,1643,1666
1641,1643,1473
1643,1641,1666
1604,1472,1297
1472,1418,1297
1549,1472,1604
1418,1472,1473
1472,1550,1473
1472,1549,1550
1713,1714,1657
1791,1714,1713
1657,1714,1712
1712,1714,1777
1714,1784,1777
1714,1791,1784
2060,2059,1899
2053,2060,1899
2060,2134,2059
2060,2053,2128
2134,2060,2128
2052,2053,1954
2052,1954,1998
2129,2052,1998
2052,2129,2128
2053,2052,2128
1550,1832,1559
1557,1832,1550
1559,1832,1642
1832,1769,1642
1769,1832,1846
1832,1557,1846
1879,1914,1913
1879,1894,1893
1894,1879,1913
1914,1879,1856
1854,1879,1893
1879,1854,1856
2042,1914,1924
2041,2042,1773
2042,1924,1773
2233,2232,2231
2256,2233,2231
2344,2233,2499
2232,2233,2344
2233,2959,2499
2959,2233,2256
1465,1446,1443
203,1465,1443
205,1465,203
1446,1465,1467
1465,206,1467
1465,205,206
978,958,960
958,978,979
1000,988,979
988,1000,1024
1141,1229,1308
1229,1141,1019
1309,1244,1308
1244,1141,1308
2176,2080,2151
2031,2152,2489
2150,2152,2031
2152,2488,2489
2152,2150,2179
2488,2152,2179
2178,2205,2204
2150,2178,2179
2176,2178,2150
2400,2178,2204
2178,2400,2179
1906,1907,1860
1907,1906,1917
1917,1906,1916
1906,1905,1916
1905,1906,1860
1961,1907,1917
1961,1917,2030
1964,1961,1963
1907,1961,1964
2424,2392,2422
2424,2627,2432
2627,2424,2770
2771,2424,2422
2424,2771,2770
2246,2472,2281
2117,2246,2281
2472,2246,2245
2246,2117,2245
2403,2588,2546
2546,2588,2587
2433,2588,2404
2588,2403,2404
2588,2627,2587
2627,2588,2433
2405,2248,2255
2403,2405,2255
2248,2405,2585
2405,2403,2910
1951,1829,1949
2102,1951,1949
1950,1951,2015
1951,2102,2015
1952,2206,2071
1952,1950,2206
1830,1952,2071
1829,1952,1830
1952,1951,1950
1951,1952,1829
2671,2431,2404
2431,2433,2404
2524,2277,2221
2307,2524,2221
2431,2524,2307
2277,2524,2671
2524,2431,2671
2390,2431,2307
2433,2390,2432
2431,2390,2433
2270,2132,2271
2270,2085,2132
2085,2270,2068
2270,1984,2068
2239,2270,2271
2270,2239,1984
1876,1765,1764
1876,1764,1870
1765,1876,1808
1872,1876,1870
1876,1872,1874
2001,1876,1874
1876,2001,1808
1677,1765,1766
1765,1677,1764
2720,2799,2573
2720,2808,2799
2808,2720,2751
2821,2808,2751
2808,2821,2968
2821,2828,2968
2472,2773,2281
2773,2576,2281
2558,2557,2580
2555,2557,2545
2557,2555,2862
2557,2668,2580
2557,2862,2668
2581,2558,2579
2581,2472,2245
2668,2669,2580
2669,2656,2580
2726,2934,2990
2990,2934,160
2934,2726,2725
167,2721,170
2656,2699,2657
2699,2725,2657
2669,2699,2656
2699,2669,2721
2724,2759,2658
2759,2724,2828
2574,2280,2576
2821,2574,2576
2280,2574,2575
2820,2574,2751
2574,2821,2751
2575,2574,2202
2574,2820,2202
1840,1811,1682
1811,1840,1786
1682,1811,1747
1811,1786,1747
254,256,1749
256,1748,1749
1748,256,1747
261,256,254
1883,1853,1884
1796,1853,1795
1884,1853,1796
1853,1883,1869
1826,231,235
227,231,1826
231,211,232
231,236,235
231,232,236
1471,212,1693
212,215,1693
212,1471,211
231,212,211
215,212,227
212,231,227
1763,249,1619
1380,1763,1619
1763,1380,1379
1763,1618,255
1763,1379,1618
1620,245,240
245,249,238
249,245,1619
245,1620,1619
245,238,235
240,245,235
1334,1621,1619
1621,1380,1619
1380,1621,1321
1621,1224,1321
1621,1334,1184
1224,1621,1184
1073,1100,1017
1073,1074,1100
1068,1073,1017
1075,1065,1072
1074,1065,1075
1073,1065,1074
1065,1067,1072
1067,1065,890
890,1065,1068
1065,1073,1068
870,869,834
869,1069,1066
868,869,1066
834,869,868
1164,870,1083
1069,1164,1103
869,1164,1069
1164,869,870
1226,1099,1103
1226,1225,1098
1099,1226,1098
1225,1235,1200
1235,1197,1200
1226,1235,1225
1235,1226,1103
1085,1198,1083
947,1198,1085
1197,1198,1335
1505,1655,268
1618,1505,268
1379,1505,1618
1505,1379,1369
1173,1505,1369
1655,1505,1173
214,1535,1485
214,209,1535
201,209,202
209,201,1309
1074,1123,1100
1123,1120,1100
1123,1074,1184
1143,1334,1684
1143,1684,1390
1120,1143,1390
1123,1143,1120
1334,1143,1184
1143,1123,1184
1507,1391,1389
1391,1507,1485
1319,1555,1542
1025,1182,1181
1182,1230,1181
2310,2354,2309
2218,2310,2309
2548,2479,2522
2548,2531,706
2531,2548,2522
2479,2454,2457
2455,2454,2354
2454,2455,2457
2548,2454,2479
1522,793,794
793,1522,1521
793,791,794
790,791,789
791,793,789
793,792,789
792,793,1521
792,1771,789
792,1521,1771
1668,1847,1770
1668,1770,785
787,1668,785
1847,1668,1771
1771,1668,789
1668,787,789
761,767,733
767,761,2086
2074,767,2086
778,1772,774
1772,1955,774
1955,1772,1970
1772,1968,1970
1968,1772,780
1772,778,780
1942,1882,1880
1940,2074,1995
1939,1940,1995
1623,1611,1631
1628,1623,1631
1627,1623,1628
1626,1627,1629
1625,1626,1629
1626,1625,1622
1623,1626,1622
1626,1623,1627
1630,1996,1629
1627,1630,1629
1996,1630,1997
1630,1627,1628
1881,1630,1628
1997,1630,1995
1630,1881,1995
2038,762,763
750,2038,2208
2038,2114,2208
764,2038,763
2038,764,2114
759,766,758
754,750,745
748,754,745
754,748,758
2039,745,2217
2039,748,745
2308,2039,2217
2114,2192,2208
2192,2114,2147
746,750,2208
750,746,745
746,741,745
742,2216,2218
741,742,2218
746,742,741
742,2192,2216
2192,742,2208
742,746,2208
2184,2093,2148
2093,2094,2148
2095,2093,2184
2093,2081,1969
2081,2093,2082
2093,2095,2082
2001,2093,1969
2094,2093,2001
715,719,725
715,725,736
709,715,736
2496,2495,2645
719,2495,2496
715,2495,719
2495,2635,2645
2495,709,2635
2495,715,709
2800,2812,2813
2813,2812,2833
2812,2787,2786
2812,2800,2787
687,682,691
2605,687,691
687,2605,685
2855,680,2738
680,678,2738
682,680,2855
687,680,682
678,680,685
680,687,685
721,697,718
721,705,697
705,721,726
2438,721,718
721,2438,726
713,2443,720
2443,2551,720
2590,2593,2652
2590,2589,2593
2443,2590,2551
2381,2591,2508
2551,2591,2381
2590,2591,2551
2591,2653,2508
2653,2591,2652
2591,2590,2652
2051,2077,2075
2050,2051,2075
1956,2051,2050
2077,2089,2088
2089,2249,2088
2089,735,734
2249,2089,734
731,2249,732
731,732,710
729,731,710
731,729,2294
2249,731,2294
744,749,756
744,698,713
744,713,720
743,744,720
744,743,2320
749,744,2320
1613,1729,1611
1596,1613,1611
1613,1596,1543
1996,2084,1629
2084,1958,1731
1959,2084,1996
2084,1959,1958
2084,1625,1629
1625,2084,1731
3055,32,33
3055,3053,32
3053,3055,3043
3055,33,37
3043,3055,37
3038,3052,3028
3028,3052,3051
54,3052,48
3052,54,64
3051,3052,64
3052,42,48
3052,3038,42
1344,1211,1346
1387,1344,1346
1819,2841,1806
1738,1819,1806
2841,1819,1820
1739,1810,1801
1577,1673,1721
1674,1577,1565
1577,1739,1673
1739,1577,1674
1577,1721,1580
1565,1577,1580
2098,2263,2262
2098,2264,2260
2263,2098,2260
2321,2261,2366
2321,2366,2322
2323,2321,2322
2321,2054,2261
2098,2054,2264
2054,2098,2261
2054,1948,1986
2057,2194,2002
2194,2168,2002
674,2685,673
674,681,2685
681,674,689
674,686,689
676,674,673
686,674,676
2428,699,2426
699,695,2426
699,2428,703
699,703,683
677,699,683
695,699,677
2438,2283,2285
2482,2283,2438
2285,2283,2286
2283,2279,2286
2279,2283,2482
2501,2371,2438
2371,2482,2438
2482,2371,2373
2371,2428,2373
2371,2501,708
2428,2371,708
1985,1987,1986
1987,1985,2264
1987,2054,1986
2054,1987,2264
2097,1985,1926
1985,2097,2264
2195,2097,1926
2264,2097,2260
2097,2195,2260
1836,1985,1835
1825,1836,1804
1836,1825,1926
1985,1836,1926
1836,1807,1804
1836,1835,1807
663,2877,2667
2887,2888,567
570,2887,567
2888,2887,2895
2887,570,572
2895,2887,2816
2887,580,2816
654,652,2885
652,650,2885
648,646,2885
650,648,2885
2814,585,589
615,2814,617
585,2814,2816
630,642,627
630,596,634
630,627,596
639,2815,2885
2815,639,638
638,639,634
642,620,627
620,648,650
652,620,650
620,654,617
620,652,654
575,2887,572
2887,575,580
627,624,596
624,593,596
635,638,634
600,635,634
635,2815,638
2815,635,600
672,2768,2670
676,672,2670
672,676,673
2768,2760,2767
2760,673,2766
2760,672,673
672,2760,2768
2804,2760,2766
2767,2760,2804
2781,2782,2863
2782,2806,2863
2782,2767,2806
2782,2768,2767
686,688,689
688,686,2415
688,2609,689
688,2415,2609
613,2814,615
2814,613,611
610,608,2816
610,611,608
2814,610,2816
610,2814,611
651,684,2504
649,651,2504
641,643,2504
643,641,637
616,2781,612
656,655,659
628,2761,2781
2761,2782,2781
2782,2761,2768
2768,2761,2670
71,2836,72
69,71,72
71,69,2836
2815,599,598
599,2815,600
599,600,596
599,597,598
593,599,596
597,599,593
597,591,572
591,597,593
591,575,572
591,2814,589
580,591,589
575,591,580
592,590,2869
594,592,2869
592,570,590
570,592,572
592,597,572
597,595,2822
595,594,2822
592,595,597
595,592,594
579,577,2891
581,579,2891
579,554,577
553,579,583
587,2868,2869
574,576,577
577,576,2891
576,578,2891
576,573,578
573,576,574
569,568,2889
573,569,2889
569,573,571
568,569,566
561,569,571
566,569,561
588,565,584
565,563,584
565,588,567
2888,565,567
563,565,2888
2933,2923,2888
2933,2888,2895
2933,2932,2923
2932,2933,2931
2933,2895,2894
2896,2933,2894
2931,2933,2896
2948,2979,2980
2948,2931,2896
2948,2896,2898
2979,2948,2898
535,537,2930
534,535,2930
2964,532,2930
532,534,2930
532,2964,530
537,538,2930
538,540,2930
2943,2945,2967
2943,2929,2945
2930,2943,2967
2929,2943,2930
3012,14,3047
3012,3047,3033
3049,3012,3033
14,3012,15
3012,3049,2966
3004,3012,2966
3012,3004,15
2962,3021,2964
2966,2962,2967
2962,2964,2967
2965,2962,2966
3021,2962,2965
3049,2992,2965
2992,2993,2965
2992,3049,3033
3034,2992,3033
2993,2992,3034
3023,3040,3031
3040,2,3031
2,3040,3
3040,3046,4
3,3040,4
3046,3040,3037
3040,3023,3037
39,2957,34
66,39,60
45,39,68
39,66,68
60,39,20
39,21,20
39,25,21
25,39,34
2974,3006,2982
2957,3006,2974
3006,2957,2981
3006,2993,2982
2993,3006,2981
2950,2954,53
2954,45,53
2957,2954,2981
2954,39,45
39,2954,2957
2953,2954,2950
2954,2953,2981
3005,3017,3008
3005,3008,22
25,3005,22
3005,25,2974
3005,2974,3007
3017,3005,3007
577,558,559
554,558,577
558,2915,559
558,554,2915
2914,547,545
547,584,545
2525,2515,2606
2513,2515,2525
2515,2607,2606
2607,2515,2514
2515,2468,2514
2515,2513,2466
2468,2515,2466
2978,2423,2513
2466,2423,2444
2513,2423,2466
2423,2978,2422
2392,2423,2422
2423,2391,2444
2423,2392,2391
2716,2717,2859
2716,2865,2606
2865,2716,2864
2716,2866,2864
2716,2859,2866
2778,2935,2848
2847,2778,2848
2847,2740,2677
2740,2879,2776
2740,2518,2677
2518,2740,2776
2840,2339,2386
2377,2840,2386
2378,2440,2379
2881,500,503
2881,2880,2848
2880,2881,503
2777,2765,2741
2879,2777,2776
2802,2777,2879
2765,2777,2802
2478,2484,2749
2478,2749,2477
2440,2478,2477
518,2703,519
2476,2478,2440
2375,2374,2610
2459,2600,2632
2796,2459,2632
2817,2459,2796
2459,2817,2409
2493,2817,2796
2035,2009,2010
2035,2225,2297
2035,2297,2290
2009,2035,2290
2225,2274,2297
2191,2198,2327
2029,2018,2058
2018,2029,2181
2018,1910,2058
2198,2350,2327
271,265,267
2540,271,267
265,271,263
271,276,263
288,2688,300
2688,2633,300
2616,2614,2541
2521,2520,2462
2520,2429,2462
2429,2520,2461
2461,2520,2648
2520,2521,2648
2470,2559,2179
2559,2488,2179
2559,2470,2552
2488,2559,2487
2560,2559,2552
2559,2467,2487
2559,2560,2467
2468,2566,2514
2566,2655,2514
2567,2566,2561
2655,2566,2567
2560,3026,2467
3026,2468,2467
3026,2560,2561
2566,3026,2561
3026,2566,2468
2124,2268,2266
2266,2268,2489
2268,2031,2489
2031,2268,2030
2055,2110,1963
2110,2055,2123
2243,2289,2205
2297,2289,2290
2289,2243,2290
2908,251,247
251,2908,257
247,251,260
251,257,260
287,270,269
270,1709,269
270,1635,1709
1377,285,287
285,270,287
270,285,278
261,264,268
1618,264,258
264,1618,268
264,254,258
264,261,254
2125,2182,2181
2182,2125,2196
2197,2153,2156
2197,2196,2153
2197,2182,2196
2182,2197,2198
350,333,321
333,350,336
333,322,321
322,333,2058
333,2029,2058
2029,333,336
313,1726,308
1726,313,329
304,313,308
329,313,292
313,295,292
313,304,295
1726,1685,334
1685,1726,329
1685,342,334
342,1685,339
1685,329,339
1541,1867,1814
1867,1727,1814
1867,1541,299
304,1867,299
1727,1867,308
1867,304,308
964,963,892
963,964,850
836,963,850
837,836,850
837,870,834
870,837,850
1110,818,872
1009,1010,1050
1049,1009,1050
1010,1009,956
1009,954,956
954,1009,953
1009,1048,953
1009,1051,1048
1051,1009,1049
1091,1242,1243
1093,1091,1243
1091,1093,1049
1242,1091,1050
1091,1049,1050
1043,1102,1005
1102,1003,1005
1003,1102,916
1042,1014,1044
1042,1043,1014
1043,1042,1159
1042,1356,1159
1277,1355,1254
1199,1146,1357
1468,1425,1159
1356,1468,1159
1468,1478,1425
1478,1468,1481
904,951,903
903,951,1114
959,951,1068
951,904,1068
951,949,1114
951,959,949
934,990,989
990,950,989
935,990,934
1312,1305,1311
1304,1040,1039
1305,1304,1039
1306,1210,1039
1210,1305,1039
1305,1210,1311
1210,1169,1211
1210,1306,1169
936,859,934
936,921,859
1157,936,934
936,1157,1021
921,936,1021
898,844,900
913,898,900
898,913,888
846,898,888
842,898,846
844,898,842
879,832,827
879,839,846
839,879,827
879,846,888
853,879,888
832,879,853
839,828,829
828,839,827
828,827,805
828,826,829
828,805,826
1694,1695,1667
1695,1694,403
468,1900,464
470,468,464
468,470,1900
472,474,2027
472,470,474
1999,472,2027
470,472,1999
1599,1638,1788
90,3029,83
3014,90,92
94,3014,92
94,92,113
2998,2995,2987
2361,2362,2334
2784,463,465
463,2784,460
2331,139,141
143,2331,141
2331,143,2329
2994,2986,2999
2969,2986,2987
2986,2994,2987
2903,2754,2972
2903,2972,2902
2985,2903,2902
121,119,124
116,129,124
116,115,129
119,116,124
116,119,118
115,116,2876
2305,2446,2329
143,2305,2329
146,2305,143
2305,146,148
2984,2911,2975
2911,2984,2709
2705,2870,2661
2870,2710,2661
2870,2705,2706
2709,2870,2706
2984,2870,2709
2710,2983,2662
2569,2661,2662
2568,2569,2662
2569,2568,2516
2867,2705,2661
2867,2687,2694
2705,2867,2694
2687,2686,2695
2695,2686,2571
2686,2660,2571
2867,2686,2687
129,126,124
1805,1715,1716
1807,1805,1716
1833,1805,1807
2113,2180,2032
1805,1909,1715
2480,2643,2510
2480,2481,2643
2481,2480,2399
2480,2302,2399
2163,2302,2164
2302,2163,2399
161,157,163
157,161,158
2763,2691,2693
2977,2704,2692
2977,2774,2695
2704,2977,2695
2170,2169,158
2170,161,2112
2169,2170,2300
2170,2299,2300
2299,2170,2112
2302,2301,2164
2301,2299,2164
2301,2480,2510
2480,2301,2302
2299,2352,2300
2352,2351,2300
2305,2330,2446
2704,2570,2692
2570,2704,2571
2517,2569,2516
2569,2517,2660
2660,2517,2571
2517,2453,2571
1488,1517,1518
1488,1518,1717
1488,1519,1487
1517,1488,1487
1736,1488,1717
1488,1736,1519
1223,1245,1246
1245,1223,1221
154,157,2169
146,154,148
154,146,141
139,154,141
157,154,139
1537,1572,193
1572,194,190
193,1572,190
194,1572,197
1735,1750,1671
1736,1735,1671
1735,1736,1823
179,193,190
166,179,176
1574,1582,1516
1312,1383,1384
1574,1515,1603
1515,1574,1516
1756,1736,1717
1736,1756,1823
483,2079,481
2059,2200,2106
2134,2200,2059
2200,2199,2106
2408,2078,2079
487,490,489
490,487,485
2490,487,489
487,2490,485
2935,3013,2666
3013,2748,2666
3013,2778,2779
2778,3013,2935
2748,2538,2387
2387,2538,2386
2538,2377,2386
2538,3013,2779
3013,2538,2748
2359,2388,2386
2388,2387,2386
2201,2359,2341
2612,2201,2341
2199,2201,2612
2408,2491,2492
2491,2408,2490
2491,2507,2492
2507,2491,2385
1262,1241,1291
1056,1087,1393
1057,1087,1056
1215,1077,1001
1060,1215,1001
1215,1165,1077
1165,1215,1253
1253,1263,1262
1263,1241,1262
1241,1263,1127
1206,1188,1119
1168,1206,1166
1117,1206,1119
1206,1117,1166
1219,1352,1188
1206,1219,1188
1352,1219,1271
1219,1218,1271
1219,1206,1168
1572,1536,197
1536,1572,1537
1310,1312,1384
1312,1310,1305
1220,1108,1223
1220,1223,1246
1128,1087,1057
1013,980,982
1013,1012,980
1013,982,1115
1116,1013,1115
1012,1013,1116
1892,1980,2210
1892,1891,1980
1857,1892,1858
1858,1892,488
1892,2210,488
1894,1878,1893
1891,1878,1894
1878,1857,1798
1892,1878,1891
1878,1892,1857
1878,1854,1893
1854,1878,1798
1270,1265,432
1265,1264,1283
1264,1265,1155
1265,1270,1155
1154,1175,1451
1175,1113,1135
1451,1175,1135
432,1366,1268
1366,429,1268
429,1366,432
1654,1871,1608
1607,1654,1608
1654,1607,1609
1651,1654,1609
1654,1651,1652
1661,1654,1652
1871,1654,1661
1659,1855,1707
1754,1855,1659
1707,1855,1758
1855,1759,1758
1855,1754,1759
1664,1802,1713
1664,1665,1802
1664,1713,1657
1658,1664,1657
1664,1658,1642
1665,1664,1642
1556,1441,1605
1556,1442,1441
1556,1549,1442
1307,1416,1361
1547,1416,1546
1416,1547,1361
2042,1972,1914
1914,1972,1913
1972,2108,1913
1244,1139,1141
1088,1089,1090
978,1088,1090
1088,1139,1089
1088,978,960
999,978,1090
978,999,979
999,1000,979
1327,1090,1233
2111,2220,2080
2176,2111,2080
2220,2111,2031
2111,2150,2031
2111,2176,2150
2178,2177,2205
2177,2178,2176
2177,2176,2151
2243,2177,2151
2177,2243,2205
2056,1961,2030
2268,2056,2030
2056,2268,2124
1961,2056,1963
2056,2055,1963
2055,2056,2124
2523,2424,2432
2424,2523,2392
2390,2523,2432
1461,1466,1679
1466,1461,1444
1446,1466,1444
1692,1466,1467
1466,1446,1467
1462,1461,1679
1677,1462,1679
1678,1462,1766
1462,1677,1766
1767,1677,1679
1767,1853,1869
1764,1767,1869
1677,1767,1764
2498,2720,2573
2498,142,2497
2498,144,142
2498,2573,144
2595,2959,2751
2720,2595,2751
2959,2595,2497
2595,2498,2497
2498,2595,2720
2773,2858,2576
2858,2821,2576
2821,2858,2828
2545,2544,2910
2544,2245,2585
2544,2581,2245
2405,2544,2585
2544,2405,2910
2581,2556,2558
2557,2556,2545
2556,2557,2558
2556,2544,2545
2544,2556,2581
2743,2722,2668
2722,2669,2668
2722,174,2669
2722,2743,177
174,2722,177
2934,162,160
162,2934,165
167,162,165
162,170,160
162,167,170
2750,167,165
167,2750,2721
2750,2699,2721
2699,2750,2725
2934,2750,165
2750,2934,2725
2658,2584,2579
2584,2581,2579
2581,2584,2472
256,1656,1747
1656,256,261
1656,1709,1747
1709,1656,269
1656,261,269
249,252,255
252,1763,255
1763,252,249
1198,1217,1083
1217,1198,1197
1164,1217,1103
1217,1164,1083
1217,1235,1103
1235,1217,1197
1059,1198,947
1052,1059,953
1059,947,953
1335,1059,1052
1198,1059,1335
218,214,1485
1507,218,1485
203,218,220
218,203,202
209,218,202
214,218,209
228,1507,1389
232,228,1390
228,1389,1390
1314,1026,1024
1026,1314,1553
1182,1026,1553
1026,1025,1024
1026,1182,1025
1000,1031,1024
1031,1314,1024
1314,1031,1326
1328,1319,1230
1328,1555,1319
1182,1328,1230
1328,1182,1553
1812,1543,1542
1555,1812,1542
2572,117,112
117,120,122
2455,2456,2572
2456,117,2572
117,2456,120
120,2456,122
2216,2304,2218
2304,2310,2218
1439,1752,1771
1286,1303,1327
1286,1327,1233
1343,1286,1342
1395,790,1482
1395,791,790
1395,1522,794
791,1395,794
1918,779,777
2105,1943,1615
1940,1965,2074
767,1965,770
1965,767,2074
1965,772,770
1965,1940,772
772,775,776
775,1918,776
1931,1939,1882
1931,1940,1939
1942,1931,1882
1931,1942,1918
775,1931,1918
1940,1931,772
1931,775,772
1610,1623,1622
1623,1610,1611
1610,1596,1611
1612,1610,1622
1610,1612,1596
2036,2038,750
754,2036,750
2038,2036,762
762,2036,758
2036,754,758
2039,2383,748
740,2308,2356
740,2039,2308
2174,2147,2161
2174,2192,2147
2192,2174,2216
2812,2834,2833
2836,2834,2925
2834,2836,2833
2925,2834,2786
2834,2812,2786
704,713,701
704,2443,713
704,2590,2443
2589,704,701
2590,704,2589
2051,1960,2077
1960,1958,2022
1958,1960,1956
1960,2051,1956
2089,2250,735
2023,2076,2022
2076,1960,2022
2076,2089,2077
1960,2076,2077
1624,1612,1622
1625,1624,1622
1624,1625,1732
1596,1561,1545
1612,1561,1596
1561,1595,1545
1729,1728,1760
1760,1728,1880
1728,1943,1880
1943,1728,1615
1728,1617,1615
1613,1640,1729
1617,1640,1639
1640,1728,1729
1728,1640,1617
1345,1344,1353
1344,1345,1211
1345,1210,1211
1210,1345,1311
1449,1458,1457
1458,1564,1457
1564,1458,1387
1736,1486,1519
1344,1459,1353
1459,1458,1449
1459,1344,1387
1458,1459,1387
1487,1456,1457
1456,1449,1457
1519,1456,1487
1486,1456,1519
1819,1737,1820
1737,1937,1820
1937,1737,1801
1737,1739,1801
1737,1819,1738
1737,1738,1673
1739,1737,1673
2259,2098,2262
2098,2259,2261
2394,2259,2262
2259,2394,2365
2261,2259,2365
2054,2143,1948
2143,2054,2321
2141,2143,2142
2143,2141,1948
2143,2323,2142
2143,2321,2323
2284,2090,2286
2090,2284,2282
2284,2057,2282
2284,2194,2057
2193,2279,2195
2168,2193,2195
2194,2193,2168
2284,2193,2194
2279,2193,2286
2193,2284,2286
663,660,2877
661,2503,2418
661,665,2503
642,640,2885
640,639,2885
630,640,642
640,630,634
639,640,634
644,642,646
644,620,642
648,644,646
620,644,648
2839,2895,2816
2895,2839,2894
2839,2897,2894
643,645,2504
623,628,2781
616,623,2781
657,623,654
609,614,612
614,616,612
613,614,611
2761,633,2670
552,579,553
579,552,554
2914,552,553
554,552,2915
552,2914,2915
586,581,2868
587,586,2868
586,587,581
582,2869,583
582,587,2869
587,582,581
579,582,583
582,579,581
3036,2948,2980
2948,3036,2931
3036,2980,2942
2932,3036,2942
3036,2932,2931
532,539,534
539,2914,545
549,2914,553
549,547,2914
549,553,583
584,549,583
547,549,584
2641,2716,2606
2716,2641,2717
2717,2641,2640
2607,2641,2606
2640,2641,2642
2641,2607,2642
2941,2847,2880
2941,2740,2847
2364,2840,2377
2378,2364,2377
2364,2378,2379
2364,2380,2342
2380,2364,2379
2339,2364,2342
2840,2364,2339
2378,2442,2440
2442,2476,2440
2778,2678,2779
2678,2847,2677
2678,2778,2847
2676,2378,2377
2676,2538,2779
2538,2676,2377
2678,2676,2779
496,498,2769
2757,2777,2741
2757,2703,2756
2777,2757,2776
521,2757,2741
2757,521,519
2703,2757,519
2476,2519,2756
2519,2518,2776
2519,2442,2518
2442,2519,2476
2757,2519,2776
2519,2757,2756
2478,2594,2484
2476,2594,2478
2594,2476,2756
2703,2594,2756
514,2594,516
2594,514,2484
2594,518,516
2594,2703,518
2430,2410,2412
2430,2413,349
2413,2430,2412
2412,2586,2435
2410,2586,2412
324,337,325
337,2430,349
2430,337,2410
325,337,352
337,349,352
2459,2916,2600
2916,324,325
2916,325,316
2600,2916,316
2537,2616,2541
2537,2541,2464
2274,2275,2297
2295,2275,2463
2275,2289,2297
2275,2295,2289
2494,2493,2463
2493,2494,2817
2275,2494,2463
2494,2275,2274
2224,2274,2225
2224,2191,2327
2191,2034,2019
2019,2034,2010
2034,2224,2225
2224,2034,2191
2034,2035,2010
2035,2034,2225
1912,2018,2019
1911,1912,2010
1912,2019,2010
1910,1912,1911
2018,1912,1910
2375,2328,2374
2350,2328,2327
2328,2224,2327
2631,2616,2632
2600,2631,2632
2631,2600,2599
2633,2631,2599
2615,271,2540
2615,2540,2541
2614,2615,2541
271,2615,276
2122,2055,2124
2267,2122,2124
2122,2391,2123
2055,2122,2123
2391,2122,2444
2122,2267,2444
2289,2296,2205
2205,2296,2204
2296,2401,2204
2296,2295,2401
2295,2296,2289
275,1681,1635
1681,275,1539
275,278,1539
282,285,1377
282,1437,1381
1437,282,1377
278,282,1381
285,282,278
2191,2190,2198
2190,2182,2198
2182,2190,2181
2190,2191,2019
2190,2018,2181
2018,2190,2019
2189,2197,2156
2350,2189,2370
2189,2350,2198
2197,2189,2198
2158,2189,2156
2370,2189,2158
818,851,824
851,818,1110
851,836,824
851,963,836
963,851,892
851,891,892
851,1110,919
891,851,919
814,810,825
837,814,836
824,814,825
836,814,824
835,815,834
815,837,834
815,814,837
814,815,810
810,815,813
813,815,816
815,835,816
889,824,820
889,818,824
801,889,820
889,801,797
889,797,819
818,889,819
865,818,819
818,865,872
872,865,863
865,823,863
823,865,819
1054,1055,1048
1051,1054,1048
1054,1130,1081
1055,1054,1081
1130,1094,1092
1094,1051,1049
1054,1094,1130
1094,1054,1051
1094,1093,1092
1093,1094,1049
1158,1043,1159
1158,1102,1043
1158,1355,1277
1425,1158,1159
1355,1158,1425
1102,1101,916
1101,1192,917
916,1101,917
1041,1042,1044
1042,1041,1356
1041,1199,1356
1146,1041,1044
1199,1041,1146
1424,1441,1254
1355,1424,1254
1424,1355,1425
1478,1424,1425
1426,1199,1357
1427,1426,1405
1426,1357,1294
1405,1426,1294
862,935,860
862,990,935
861,862,860
1637,1638,1583
1638,1637,1788
1697,408,403
1694,1697,403
408,1697,411
1723,1689,1724
1689,1723,1691
1475,1419,1477
1419,1475,1474
1599,1598,1638
1598,1475,1477
1475,1598,1599
1273,1670,1293
1419,1476,1477
1251,1262,1291
1262,1251,1216
90,3015,3029
3015,90,3014
3015,2998,3029
3015,2995,2998
2996,2969,2987
2995,2996,2987
455,459,451
2565,2361,2334
443,430,440
2565,443,440
2362,2338,2334
2338,2543,2334
2543,2338,2528
2543,2332,2334
460,2789,457
2784,2789,460
2790,2789,2753
437,2793,431
397,2526,394
2452,2331,2329
2453,2452,2329
2452,2517,2516
2517,2452,2453
2989,2986,2904
2986,2989,2999
2985,2989,2904
2999,2989,2970
2989,2985,2970
2986,2958,2904
2958,2986,2969
106,94,113
94,106,99
2883,2903,2985
2883,2985,2904
2876,2883,2904
2754,2955,2972
2955,2984,2975
2955,2971,2972
2976,2955,2975
2971,2955,2976
2700,2568,2662
2983,2700,2662
2700,2983,2754
2928,2983,2710
2870,2928,2710
2928,2870,2984
2955,2928,2984
2983,2928,2754
2928,2955,2754
2569,2663,2661
2663,2569,2660
2663,2867,2661
2686,2663,2660
2663,2686,2867
168,1887,166
168,166,176
2112,1922,2164
1887,164,166
2180,2166,2032
2141,1947,1948
1947,1834,1948
2113,2398,2180
1909,1718,1715
1518,1718,1717
1718,1518,1715
1946,1805,1833
1946,1909,1805
1909,1946,2032
1946,2113,2032
1946,1947,2113
1834,1946,1833
1947,1946,1834
1919,168,169
168,1919,1887
2654,2352,2893
2352,2654,2351
2654,2893,2693
2691,2654,2693
2654,2691,2692
2570,2654,2692
2654,2570,2351
2831,2691,2763
2977,2831,2774
2691,2831,2692
2831,2977,2692
2831,2763,2791
2774,2831,2791
161,159,158
159,2170,158
2170,159,161
2352,2500,2893
2500,2301,2510
2301,2500,2299
2500,2352,2299
2884,2500,2510
2500,2884,2893
2306,2305,148
2306,2330,2305
154,2306,148
2330,2306,2169
2306,154,2169
2570,2353,2351
2330,2353,2446
2351,2353,2300
2353,2169,2300
2353,2330,2169
2453,2445,2571
2445,2570,2571
2445,2453,2446
2353,2445,2446
2445,2353,2570
1245,1382,1246
1576,1245,1221
1576,1302,1818
1302,1576,1221
1528,1504,1527
239,1570,1403
1735,1751,1750
1751,1976,176
179,1751,176
1601,1603,1671
1750,1601,1671
192,1528,1527
1528,192,197
192,194,197
1976,175,176
173,175,1976
175,168,176
171,175,173
168,171,169
175,171,168
1751,1824,1976
1824,1735,1823
1824,1751,1735
2166,1977,2032
1975,173,1976
1824,1975,1976
1975,1824,2167
1977,1975,2167
1975,171,173
1975,2166,2165
1975,1977,2166
1504,1525,1527
1525,1574,1527
1574,1525,1582
1582,1525,1720
189,192,1527
192,189,194
194,189,190
189,185,190
1582,1469,1516
1578,1469,1720
1469,1582,1720
1469,1578,1384
1383,1469,1384
1470,1515,1516
1469,1470,1516
1470,1469,1383
1756,1974,1823
1974,1824,1823
1824,1974,2167
1974,1756,1717
1718,1974,1717
483,2407,2079
2407,2408,2079
2408,2407,2490
2490,2407,485
2407,483,485
2079,479,481
2078,479,2079
474,2065,2027
2065,2028,2027
2028,2065,2128
2382,2408,2492
2382,2200,2134
2507,2382,2492
2200,2382,2199
2382,2507,2199
2389,2388,2359
2388,2389,2385
2201,2389,2359
2389,2507,2385
2389,2201,2199
2507,2389,2199
2388,2511,2387
2511,2748,2387
2511,2534,2666
2748,2511,2666
1167,1219,1168
1219,1167,1218
1167,1168,1076
1218,1167,1216
1167,1076,1077
1165,1167,1077
1167,1253,1216
1167,1165,1253
1215,1185,1253
1185,1263,1253
1185,1060,1393
1185,1215,1060
1263,1185,1127
1087,1185,1393
1185,1087,1127
207,1753,200
1753,1536,1537
1753,198,200
1753,1537,198
1818,2099,1384
2099,1310,1384
1302,2099,1818
1301,2099,1302
1087,1086,1127
1128,1086,1087
1222,1107,1301
1222,1302,1221
1222,1301,1302
1223,1222,1221
1108,1222,1223
1107,1222,1108
1107,1137,1301
1040,1137,1046
1304,1137,1040
1047,1016,941
1046,1047,941
1079,1107,1108
1079,1128,1057
439,1283,444
439,1265,1283
1111,1154,1145
1111,1175,1154
1111,1145,1112
1033,1111,1112
1111,1033,1113
1175,1111,1113
1558,1828,1605
1828,1556,1605
1550,1828,1558
1549,1828,1550
1556,1828,1549
1417,1307,1418
1417,1416,1307
1417,1418,1473
1643,1417,1473
1417,1643,1710
1417,1710,1546
1416,1417,1546
2612,2040,2041
2040,2341,2343
2040,2612,2341
1139,1018,1141
961,1018,960
1018,1088,960
1088,1018,1139
1018,961,1019
1141,1018,1019
1032,999,1090
1327,1032,1090
999,1032,1000
1032,1031,1000
1303,1032,1327
1031,1032,1303
2601,2390,2307
2601,2523,2390
2601,2307,2135
1466,1782,1679
1782,1767,1679
1782,1692,1795
1782,1466,1692
1853,1782,1795
1767,1782,1853
2669,172,2721
174,172,2669
2721,172,170
172,174,177
178,172,177
170,172,178
2732,2759,2828
2858,2732,2828
2759,2732,2658
2732,2584,2658
2732,2858,2773
2732,2773,2472
2584,2732,2472
228,224,1507
218,224,220
224,218,1507
220,224,210
224,211,210
211,224,232
224,228,232
1554,1328,1553
1328,1554,1555
1554,1314,1326
1314,1554,1553
1588,1812,1555
1554,1588,1555
1588,1554,1435
1588,1435,1639
2358,2455,2354
2358,2456,2455
2310,2358,2354
2304,2358,2310
127,128,125
130,128,132
2298,2304,2216
2298,127,125
2620,2454,2548
201,1298,1309
1522,1587,1521
1521,1587,1771
1587,1439,1771
1752,1440,1678
1439,1440,1752
2105,1616,1934
1616,2105,1615
1597,1414,1415
1616,1414,1934
1414,1616,1343
1414,1342,1415
1414,1343,1342
1435,1436,1639
1436,1554,1326
1554,1436,1435
1395,1396,1522
1396,1587,1522
1844,2105,1934
1863,1483,2223
1404,1483,1597
1483,1482,2223
1483,1404,1482
783,1501,784
1863,1501,783
1501,1863,2223
786,1501,2223
784,1501,786
779,781,783
781,1863,783
1943,1941,1880
1941,1942,1880
2105,1941,1943
1844,1941,2105
2383,752,748
752,2383,759
748,752,758
752,759,758
2383,2037,759
759,2037,766
757,2037,751
2037,2383,751
766,2037,765
2037,757,765
738,2356,736
738,740,2356
737,2250,739
2250,737,735
724,737,739
735,737,724
2226,2076,2023
2226,2023,2320
2226,2250,2089
2076,2226,2089
2250,2226,739
2226,743,739
743,2226,2320
1566,1674,1565
1739,1566,1810
1566,1739,1674
1561,1544,1595
1595,1544,1413
1544,1410,1413
1544,1563,1410
1544,1560,1563
1459,1450,1353
1450,1459,1449
1456,1450,1449
1450,1456,1486
1672,1736,1671
1672,1486,1736
1603,1672,1671
1515,1672,1603
666,663,2667
667,666,2667
666,667,663
669,668,2667
668,667,2667
671,668,669
668,671,660
667,668,663
668,660,663
670,669,2503
671,670,2503
670,671,669
665,664,2503
664,671,2503
661,664,665
671,664,659
664,661,659
658,671,657
671,658,660
658,657,2877
660,658,2877
662,2418,659
661,662,659
662,661,2418
618,619,2814
2814,619,617
619,620,617
620,619,627
619,624,627
619,618,624
591,622,2814
622,618,2814
622,591,593
624,622,593
618,622,624
604,614,609
2839,607,2897
2897,607,2781
2781,607,612
607,609,612
647,649,2504
645,647,2504
647,651,649
647,645,643
621,623,616
621,614,613
614,621,616
621,613,615
621,615,617
654,621,617
623,621,654
636,637,2670
633,636,2670
631,2761,628
631,633,2761
542,535,534
539,542,534
535,542,537
542,538,537
536,532,530
536,539,532
2914,536,533
539,536,2914
538,541,540
540,541,2886
541,544,2886
542,541,538
541,542,544
548,2888,2886
544,548,2886
2947,2941,2880
2952,2947,508
2947,2952,2937
508,2947,505
2947,2880,505
2740,2939,2879
2941,2939,2740
2879,2939,2801
2939,2937,2801
2939,2947,2937
2947,2939,2941
2441,2442,2378
2676,2441,2378
2518,2441,2677
2442,2441,2518
2441,2678,2677
2441,2676,2678
2881,2936,500
2936,498,500
2935,2936,2848
2936,2881,2848
2936,2935,2769
498,2936,2769
2376,2350,2370
2376,2370,2435
2586,2376,2435
2376,2586,2374
2328,2376,2374
2376,2328,2350
323,337,324
2916,323,324
337,323,2410
323,2459,2409
323,2916,2459
2537,2536,2616
2536,2796,2632
2616,2536,2632
2536,2493,2796
2421,2537,2464
2462,2421,2464
2419,2421,2462
2817,2450,2610
2494,2450,2817
2450,2375,2610
2224,2276,2274
2450,2276,2375
2276,2328,2375
2328,2276,2224
2276,2494,2274
2276,2450,2494
2688,2664,2633
2664,2631,2633
2664,2614,2616
2631,2664,2616
2665,2688,288
2665,2615,2614
2665,2664,2688
2664,2665,2614
272,270,278
275,272,278
270,272,1635
272,275,1635
1158,1208,1102
1208,1101,1102
1208,1277,1207
1208,1158,1277
1192,1208,1207
1101,1208,1192
1479,1424,1478
1633,1479,1590
1479,1478,1481
1479,1510,1590
1510,1479,1481
1426,1455,1199
1199,1455,1356
1455,1468,1356
1468,1455,1481
1455,1427,1481
1455,1426,1427
990,884,950
862,884,990
950,884,903
903,884,885
884,861,885
884,862,861
1636,1637,1583
1636,1689,1691
1690,1636,1691
1524,1476,1650
1638,1585,1583
1696,1697,1694
2048,2127,2140
2252,2337,2293
2338,2337,2528
2337,2362,2293
2337,2338,2362
2254,2252,2293
1723,2049,1691
1734,1778,1724
1778,1723,1724
2048,2044,2045
414,417,430
417,418,430
418,417,2013
1600,1475,1599
1600,1694,1667
1474,1600,1667
1475,1600,1474
1675,1598,1477
1675,1524,1523
1476,1675,1477
1524,1675,1476
1670,1420,1293
1420,1292,1293
1420,1419,1292
1420,1476,1419
1420,1670,1650
1476,1420,1650
1252,1218,1216
1251,1252,1216
1218,1252,1271
1252,1341,1271
1241,1288,1291
1337,1434,1454
1434,1337,1349
1341,1272,1281
1272,1252,1251
1252,1272,1341
1586,1636,1583
1636,1586,1689
1761,338,346
106,102,99
102,106,2924
2996,3003,2969
3003,2958,2969
2958,3003,2924
3003,102,2924
3003,2996,99
102,3003,99
97,94,99
2996,97,99
3056,2996,2995
3056,3015,3014
3015,3056,2995
3056,97,2996
94,3056,3014
97,3056,94
451,462,466
459,462,451
430,433,440
433,435,440
2698,2753,2697
2698,2790,2753
2810,2818,2790
2789,2818,457
2790,2818,2789
431,416,402
427,416,431
2827,397,402
2827,2526,397
416,2827,402
2827,416,2826
2526,2827,2577
2526,390,394
2452,2451,2331
136,2451,134
2331,2451,139
2451,136,139
3032,2958,2924
3032,2876,2904
2958,3032,2904
3032,115,2876
3032,114,115
2875,2883,2876
2875,116,118
116,2875,2876
119,2875,118
2700,2702,2568
2702,121,124
2903,2783,2754
2783,2700,2754
2783,2702,2700
2783,2875,119
2783,119,121
2702,2783,121
2883,2783,2903
2875,2783,2883
1920,1922,2112
1920,161,163
161,1920,2112
164,1920,163
1922,1920,1887
1920,164,1887
2398,2265,2180
2163,2265,2399
2265,2398,2399
1947,2630,2113
2630,2398,2113
2173,2630,2141
2630,1947,2141
2630,2173,2481
2630,2481,2399
2398,2630,2399
1921,2163,2164
1922,1921,2164
1921,1922,1887
1919,1921,1887
1526,1503,1497
1503,1526,1504
1525,1526,1720
1526,1525,1504
1686,1382,1245
1576,1686,1245
1382,1686,1497
1686,1526,1497
1578,1700,1818
1700,1576,1818
1700,1578,1720
1526,1700,1720
1700,1686,1576
1686,1700,1526
1503,1499,1497
1502,1499,1503
1536,1502,197
1502,1528,197
1502,1503,1504
1528,1502,1504
1364,1330,1317
1364,1329,1330
1220,1364,1317
1364,1220,1246
1329,1364,1246
1329,1363,1330
243,239,216
1570,243,248
239,243,1570
239,229,216
1601,1575,1603
1575,1601,185
1575,1574,1603
189,1575,185
1574,1575,1527
1575,189,1527
1602,1601,1750
1751,1602,1750
1602,1751,179
2066,1975,2165
1975,2066,171
171,2066,169
1919,2066,2165
2066,1919,169
1354,1470,1383
1345,1354,1311
1354,1345,1353
1354,1312,1311
1354,1383,1312
2033,1977,2167
1974,2033,2167
2033,1909,2032
1977,2033,2032
2033,1718,1909
2033,1974,1718
476,2065,474
479,476,481
2130,2134,2128
2065,2130,2128
2130,2382,2134
2130,2065,2078
2408,2130,2078
2382,2130,2408
490,2535,489
2511,2535,2534
2535,492,2534
2535,490,492
2502,2388,2385
2502,2511,2388
2502,2535,2511
2535,2502,489
2491,2502,2385
2502,2490,489
2502,2491,2490
2099,1313,1310
1313,1304,1305
1310,1313,1305
1313,2099,1301
1137,1313,1301
1313,1137,1304
1086,1129,1127
1129,1086,1676
1129,1241,1127
1106,1086,1128
1106,1079,1108
1079,1106,1128
1137,1080,1046
1080,1137,1107
1080,1047,1046
1079,1080,1107
1045,1079,1057
1045,1057,942
1080,1045,1047
1045,1080,1079
1045,942,1016
1047,1045,1016
1265,436,432
439,436,1265
432,436,444
436,439,444
1973,1972,2042
1973,2042,2041
2040,1973,2041
2523,2326,2392
2601,2326,2523
2392,2326,2391
2391,2326,2123
2123,2326,2135
2326,2601,2135
1594,1640,1613
1588,1594,1812
1640,1594,1639
1594,1588,1639
1594,1613,1543
1812,1594,1543
2458,2358,2304
2298,2458,2304
2456,2458,122
2358,2458,2456
2458,2298,125
2298,2251,127
2251,128,127
2174,2251,2216
2251,2298,2216
2251,2174,2161
132,2251,2161
128,2251,132
2532,2620,2548
2620,2532,716
2532,2548,706
716,2532,706
2454,2357,2354
2620,2357,2454
2354,2357,2309
1396,1394,1388
1394,1396,1395
1394,1395,1482
1404,1394,1482
1397,1597,1415
1397,1404,1597
1394,1397,1388
1397,1394,1404
1231,1286,1233
1286,1231,1342
1089,1140,1233
1140,1231,1233
1231,1140,1232
1461,1445,1444
1440,1445,1678
1445,1462,1678
1462,1445,1461
1617,1581,1615
1581,1616,1615
1581,1617,1639
1436,1581,1639
1616,1581,1343
1324,1436,1326
1581,1324,1343
1324,1581,1436
1031,1324,1326
1324,1031,1303
1286,1324,1303
1343,1324,1286
1587,1398,1439
1396,1398,1587
1933,1844,1934
1483,1933,1597
1414,1933,1934
1933,1414,1597
781,1928,1863
1928,779,1918
1928,781,779
1942,1928,1918
1941,1928,1942
738,747,740
2383,747,751
751,747,736
747,738,736
747,2383,2039
740,747,2039
1683,1561,1612
1624,1683,1612
1566,1683,1810
1810,1683,1732
1683,1624,1732
1470,1448,1515
1448,1450,1486
1450,1448,1353
1448,1672,1515
1672,1448,1486
1448,1354,1353
1354,1448,1470
614,603,611
604,603,614
611,603,608
603,602,608
603,604,2839
602,603,2839
606,607,2839
607,606,609
647,653,651
653,647,655
653,655,656
653,656,684
651,653,684
626,647,643
647,626,655
632,636,633
631,632,633
636,632,637
632,631,637
531,536,530
536,531,533
2964,531,530
531,2964,2922
533,531,2922
542,543,544
543,548,544
543,539,545
543,542,539
563,543,545
2411,323,2409
323,2411,2410
2411,2409,2610
2374,2411,2610
2586,2411,2374
2411,2586,2410
2493,2509,2463
2536,2509,2493
2509,2536,2537
2509,2295,2463
283,2665,288
283,288,296
2615,280,276
2665,280,2615
283,280,2665
276,280,263
263,280,296
280,283,296
1480,1479,1633
1479,1480,1424
1424,1480,1441
1441,1480,1605
1480,1633,1605
1585,1722,1523
1722,1675,1523
1675,1722,1598
1598,1722,1638
1722,1585,1638
2138,2127,2139
2337,2542,2528
2449,390,2526
390,2449,381
2449,2526,2577
2346,2449,2577
1953,1778,1734
1761,1953,1734
356,1953,346
1953,1761,346
2003,2049,1723
1778,2003,1723
2049,2003,2045
2003,2048,2045
1637,1779,1788
1636,1779,1637
1779,1636,1690
1781,2049,2045
1781,1690,1691
2049,1781,1691
2171,2269,2244
2171,2048,2140
2171,2044,2048
2011,2171,2244
2171,2011,2044
2362,2336,2293
2336,2362,2361
2269,2583,2244
2046,2011,2013
418,419,430
419,422,430
419,418,2013
2011,419,2013
422,419,2244
419,2011,2244
1864,1600,1599
1864,1599,1788
1696,1864,1788
1864,1696,1694
1600,1864,1694
1351,1670,1273
1351,1273,1247
1275,1351,1247
1783,1351,1275
1352,1340,1275
1340,1783,1275
1340,1352,1271
1341,1340,1271
1340,1341,1281
1336,1340,1281
1401,1338,1454
1338,1401,1336
1338,1337,1454
1669,1401,1454
1669,1524,1650
1401,1669,1650
1351,1358,1670
1358,1351,1783
1670,1358,1650
1358,1401,1650
1524,1589,1523
1348,1434,1349
1348,1339,1350
1339,1348,1349
1967,1734,1724
1967,1761,1734
1761,1967,327
1761,326,338
326,1761,327
462,2752,466
466,2752,465
2752,2784,465
2789,2752,2753
2752,2789,2784
2752,462,459
2565,2564,2361
2564,2565,440
435,2564,440
450,455,451
450,449,455
449,2396,455
2651,2698,2697
2651,2332,2543
2396,2651,2697
2651,2396,2332
446,2809,442
2809,2810,2793
2809,437,442
437,2809,2793
2818,454,457
454,460,457
454,453,460
2811,2818,2810
2809,2811,2810
2811,2809,446
2811,446,453
454,2811,453
2811,454,2818
416,423,2826
427,423,416
2563,2452,2516
2563,2451,2452
2568,2563,2516
2882,3032,2924
2882,106,113
106,2882,2924
114,2882,113
3032,2882,114
2702,2701,2568
126,2701,124
2701,2702,124
2162,2265,2163
1921,2162,2163
2265,2162,2180
2162,1919,2165
2162,1921,1919
2166,2162,2165
2162,2166,2180
1753,1573,1536
1573,1502,1536
1502,1573,1499
1573,207,216
1573,1753,207
1463,1363,1570
1463,1570,248
1463,1464,1330
1363,1463,1330
1402,1382,1497
234,239,1403
234,229,239
181,1602,179
181,179,190
1601,183,185
1602,183,1601
181,183,1602
185,183,190
183,181,190
2065,478,2078
476,478,2065
478,479,2078
478,476,479
1239,1288,1241
1129,1239,1241
1086,1126,1676
1106,1126,1086
1126,1220,1317
1676,1126,1317
1220,1126,1108
1126,1106,1108
1973,2043,1972
1972,2043,2108
2043,2040,2343
2043,1973,2040
2228,2043,2343
2108,2043,2228
2458,123,122
123,2458,125
123,130,131
122,123,131
123,128,130
128,123,125
2355,2356,2309
2357,2355,2309
2356,2355,728
2355,2620,716
2355,2357,2620
1261,1315,1232
1397,1315,1388
1315,1261,1388
1138,1140,1089
1139,1138,1089
1138,1139,1244
1371,1440,1439
1398,1371,1439
1929,1941,1844
1929,1928,1941
1928,1929,1863
1933,1929,1844
1929,1483,1863
1929,1933,1483
1683,1562,1561
1562,1683,1566
1544,1562,1560
1562,1544,1561
1560,1562,1565
1562,1566,1565
601,2839,2816
601,602,2839
608,601,2816
602,601,608
604,605,2839
605,606,2839
605,604,609
606,605,609
623,625,628
625,626,628
626,625,655
655,625,659
625,671,659
671,625,657
625,623,657
629,626,643
629,643,637
631,629,637
629,631,628
626,629,628
555,543,563
543,555,548
555,563,2888
548,555,2888
2421,2420,2537
2420,2509,2537
2420,2421,2419
2509,2420,2295
2420,2419,2401
2295,2420,2401
2127,2137,2140
2138,2137,2127
366,372,2139
372,2138,2139
384,2347,385
2347,2449,2346
2449,2347,384
379,384,385
2137,2136,2254
2136,2137,2138
2254,2136,2252
2136,2253,2252
2542,2348,2346
2348,2347,2346
2347,2348,2253
2253,2348,2252
2348,2337,2252
2348,2542,2337
2449,382,381
382,2449,384
1953,1966,1778
2069,2127,2048
2003,2069,2048
2127,2069,2139
2069,1966,2139
2069,2003,1778
1966,2069,1778
412,414,410
412,1993,414
1696,1971,1697
1971,412,410
412,1971,1993
1971,410,411
1697,1971,411
2014,1993,1992
2046,2014,1992
2014,417,414
1993,2014,414
417,2014,2013
2014,2046,2013
1993,1780,1992
1780,1779,1690
1781,1780,1690
1780,1781,1992
2345,2171,2140
2171,2345,2269
424,422,2244
2583,424,2244
422,424,430
424,2583,430
2564,2613,2361
2613,2583,2269
2613,433,430
2583,2613,430
433,2613,435
2613,2564,435
2011,2012,2044
2046,2012,2011
2044,2012,2045
2012,1781,2045
1781,2012,1992
2012,2046,1992
1338,1280,1337
1337,1280,1349
1280,1336,1281
1280,1338,1336
1280,1339,1349
1272,1280,1281
1506,1358,1783
1358,1506,1401
1401,1506,1336
1506,1340,1336
1340,1506,1783
1359,1331,1464
1669,1496,1524
1496,1589,1524
1496,1669,1454
1434,1496,1454
1288,1279,1291
1279,1251,1291
1279,1272,1251
1725,1967,1724
1689,1725,1724
1586,1725,1689
2395,2752,459
2395,459,455
2753,2395,2697
2752,2395,2753
2395,2396,2697
2396,2395,455
447,2333,451
2333,450,451
450,2333,449
2542,2512,2528
2512,2346,2577
2512,2542,2346
2651,2746,2698
2827,2529,2577
2529,2512,2577
2563,2956,2451
134,2956,129
2451,2956,134
2956,126,129
1573,1817,1499
1817,1573,216
1423,1359,1464
1463,1423,1464
1500,234,1403
234,1500,229
229,1500,225
1365,1363,1329
1365,1500,1403
1500,1365,1402
1570,1365,1403
1363,1365,1570
1239,1289,1290
1464,1289,1330
1289,1331,1290
1331,1289,1464
2355,723,728
723,2355,716
723,716,706
723,707,728
707,723,706
1316,1231,1232
1315,1316,1232
1342,1316,1415
1231,1316,1342
1316,1397,1415
1316,1315,1397
1259,1138,1244
1259,1244,1309
1298,1259,1309
1372,1445,1440
1371,1372,1440
1266,1396,1388
1266,1398,1396
1261,1266,1388
1258,1266,1261
1260,1259,1298
386,379,385
2347,386,385
386,2347,2253
2136,386,2253
386,2136,379
372,377,2138
377,2136,2138
2136,377,379
377,372,366
377,366,362
379,377,384
382,377,362
377,382,384
2020,1966,1953
2020,356,362
2020,1953,356
1966,2020,2139
2020,366,2139
366,2020,362
1971,1994,1993
1994,1780,1993
1994,1971,1696
1780,1994,1779
1994,1696,1788
1779,1994,1788
2292,2254,2293
2336,2292,2293
2292,2137,2254
2137,2292,2140
2292,2345,2140
2360,2336,2361
2613,2360,2361
2360,2613,2269
2345,2360,2269
2360,2292,2336
2292,2360,2345
1332,1331,1359
1331,1332,1290
1284,1279,1288
1279,1284,1333
1284,1239,1290
1239,1284,1288
1332,1284,1290
1284,1332,1333
1279,1278,1272
1278,1279,1333
1278,1280,1272
1339,1278,1333
1280,1278,1339
1584,1725,1586
1495,1585,1523
1495,1511,1585
1589,1495,1523
2325,2333,447
443,2325,447
2325,443,2565
2325,2565,2334
2332,2325,2334
2396,2325,2332
2325,2396,449
2333,2325,449
2746,2530,2744
2529,2530,2512
2745,2819,2744
2745,2827,2826
2745,2529,2827
2530,2745,2744
2745,2530,2529
423,2794,2826
2794,423,427
2794,2745,2826
2745,2794,2819
2819,2794,2793
2793,2794,431
2794,427,431
2819,2792,2744
2792,2810,2790
2810,2792,2793
2792,2819,2793
2698,2792,2790
2746,2792,2698
2792,2746,2744
2562,2956,2563
2562,2563,2568
2701,2562,2568
2562,2701,126
2956,2562,126
222,1817,216
1817,222,225
229,222,216
222,229,225
1422,1421,1359
1423,1422,1359
1422,266,1421
1500,1498,225
1498,1500,1402
1498,1402,1497
1499,1498,1497
1498,1817,225
1817,1498,1499
1362,1329,1246
1362,1365,1329
1382,1362,1246
1402,1362,1382
1365,1362,1402
1240,1289,1239
1240,1129,1676
1240,1239,1129
1240,1676,1317
1330,1240,1317
1289,1240,1330
1259,1234,1138
1140,1234,1232
1138,1234,1140
1234,1261,1232
1234,1258,1261
1234,1260,1258
1260,1234,1259
1445,1409,1444
1372,1409,1445
1409,1446,1444
1446,1409,1443
1360,1332,1359
1421,1360,1359
1360,1491,1350
1491,1360,1421
266,273,1421
1491,273,277
273,1491,1421
1432,1348,1350
1491,1432,1350
1514,1584,1586
1514,1586,1583
1585,1514,1583
1511,1514,1585
1584,319,1725
319,326,327
2527,2530,2746
2527,2746,2651
2512,2527,2528
2530,2527,2512
2527,2543,2528
2527,2651,2543
259,1422,1423
243,259,248
1409,1300,1443
1300,1260,1298
203,1300,202
1300,203,1443
1300,201,202
1300,1298,201
1260,1299,1258
1299,1409,1372
1300,1299,1260
1299,1300,1409
1347,1360,1350
1360,1347,1332
1332,1347,1333
1339,1347,1350
1347,1339,1333
1584,1513,309
1513,1514,1511
1514,1513,1584
1452,1495,1589
1452,1496,1434
1496,1452,1589
1495,1494,1511
1494,1513,1511
1513,1494,1512
1452,1494,1495
1725,328,1967
319,328,1725
1967,328,327
328,319,327
315,1584,309
315,319,1584
302,315,309
259,253,248
253,259,1423
253,1463,248
253,1423,1463
1422,262,266
259,262,1422
262,259,243
1267,1266,1258
1299,1267,1258
1267,1371,1398
1266,1267,1398
1267,1372,1371
1267,1299,1372
306,302,309
302,306,1512
1513,306,309
306,1513,1512
1348,1431,1434
1432,1431,1348
1433,1431,1432
293,1492,286
319,293,326
315,293,319
293,315,302
1493,1492,1433
1493,1433,1432
286,1493,281
1492,1493,286
1493,1432,1491
281,1493,277
1493,1491,277
1492,1453,1433
1453,1431,1433
1494,1453,1512
1453,1494,1452
1453,1452,1434
1431,1453,1434
1453,1552,1512
1552,1453,1492
1552,302,1512
1552,293,302
293,1552,1492
