1919,1,3,1912,1911,2,6,1914
1919,0,1911,2,1912,3,1917,1914
1,1919,0,1911,4,1917,1907,1913
1919,0,1,2,1912,6,1914,1911
2,1911,1,1919,0,3,1913,1907
1913,4,2,1911,1,1912,1919,0
1912,3,1919,0,1911,1,2,4
5,1913,4,2,1911,1,1912,1919
7,1910,5,1913,1907,4,1917,2
1918,6,1914,1912,3,1917,1919,1911
1905,8,1904,7,1910,1889,5,1913
1915,9,1908,1918,6,1914,1912,3
1906,10,1895,1905,8,1904,7,1910
11,1901,1915,1898,9,1908,1918,1899
1902,12,1906,10,1893,1895,1905,8
1903,13,1875,1901,11,1915,1898,1891
1900,14,1894,1902,1896,12,1906,1893
16,1900,1848,1894,14,1902,1896,1864
1916,15,1887,1903,1875,13,1872,1901
1867,17,1835,16,1900,1848,1894,14
1881,18,1916,1887,15,1875,1903,13
19,1867,17,1835,1809,16,1848,1900
1885,20,1863,1881,18,1916,1860,1887
21,1800,19,1867,1805,17,1835,1809
1888,22,1883,1885,20,1863,1866,1881
23,1807,1796,21,1800,1801,19,1867
1880,24,1888,22,1879,1883,1885,20
25,1818,23,1807,1796,21,1831,1800
1767,27,1757,25,1818,1781,23,1807
1871,26,1880,1886,24,1879,1888,22
1753,28,1767,1792,27,1757,25,1818
1865,29,1871,1861,26,1886,1880,1855
1761,30,1753,1758,28,1767,1792,1728
1876,31,1865,29,1841,1871,1861,26
1679,32,1761,30,1753,1758,1718,28
1869,1882,33,1876,1832,31,1865,1849
34,1679,1688,32,1761,30,1753,1718
1822,35,1882,1869,1829,33,1876,1832
1704,36,1715,34,1679,1649,1688,32
1722,38,1674,1704,36,1715,34,1679
37,1798,1822,35,1829,1882,1853,1869
1698,39,1722,38,1674,1704,36,1715
1823,40,1798,1804,37,1822,1829,1787
1726,41,1698,39,1727,1722,1648,38
1786,42,1793,1823,40,1804,1798,1803
1713,43,1726,41,1719,1698,1727,39
1854,44,1786,1783,1793,42,1741,1803
1723,45,1713,43,1705,1726,1719,41
1772,47,1723,45,1702,1713,1705,43
46,1854,1717,44,1786,1783,1741,1709
1777,48,1772,1706,47,1657,1723,45
49,1683,46,1854,1717,1678,44,1786
1725,50,1777,48,1772,1706,1708,47
1644,51,49,1683,1691,46,1854,1678
1692,52,1725,50,1690,1777,48,1706
53,1644,51,1582,1691,49,1683,1655
1668,54,1692,1661,52,1725,1690,50
55,1584,53,1603,1644,1530,51,1582
1664,56,1668,1651,1661,54,1692,1634
1623,57,1581,1525,1584,55,53,1603
1669,1654,58,1664,1641,56,1668,1651
59,1623,1528,57,1581,1525,1584,55
61,1573,59,1528,1520,1623,57,1581
60,1654,1667,1669,58,1641,1664,1629
1579,62,1479,61,1573,1520,1528,59
1643,63,1616,1667,60,1621,1654,1590
1416,64,1494,1579,1479,62,1399,1573
1613,1721,65,1618,1643,1616,63,1590
1492,66,1416,1494,1374,64,1579,1397
1586,67,1721,1587,1613,65,1618,1643
1430,68,1289,1384,1492,66,1374,1494
1585,1563,69,1586,1532,1594,67,1587
70,1430,1289,1348,68,1384,1492,1358
1555,71,1585,1532,1567,1563,69,1594
1298,72,1281,70,1289,1430,1348,68
1519,73,1555,1567,71,1477,1585,1532
1269,74,1222,1298,72,1203,1281,1266
1475,75,1519,1451,73,1555,1477,1567
1212,76,1269,1166,1222,74,1203,1298
1420,77,1407,1475,1451,75,1519,1411
1148,78,1212,76,1166,1215,1269,1222
1490,79,1407,1420,77,1451,1411,1475
1184,80,78,1148,1212,76,1166,1269
82,1184,80,78,1084,1148,76,1212
1428,81,1383,1382,1490,79,1408,1407
1142,83,82,1099,1184,80,78,1084
1175,85,1142,83,1227,82,1099,1184
86,1175,85,1142,83,1227,82,1099
1370,84,1428,1375,1382,1383,81,1341
87,86,1175,1082,85,1142,1067,83
1400,88,1370,1375,1327,84,1428,1382
1048,89,87,1094,1004,86,1175,1082
1363,90,1400,88,1392,1370,1375,84
92,1363,90,1400,88,1392,1370,84
949,91,1048,89,1094,1004,87,939
93,1330,92,1363,1315,90,88,1400
1006,1114,94,949,897,91,1048,939
1346,95,1330,93,1272,92,1363,1315
97,1373,1346,95,1294,1330,93,1272
96,914,1006,1114,94,904,897,949
1395,98,97,1373,1346,95,1294,1330
100,1395,98,1359,97,1373,1321,1346
898,99,834,914,96,1006,904,877
1398,101,1401,100,1325,1395,1359,98
814,102,806,898,736,99,834,877
1386,103,1393,1398,1312,101,1401,1325
696,104,814,806,102,736,898,834
1364,105,1386,1353,103,1393,1312,1322
670,106,673,696,104,814,806,736
108,670,665,673,106,623,696,593
1352,107,1364,1311,105,1353,1310,1386
669,109,665,670,108,593,623,673
110,1352,1304,1311,107,1364,1310,1292
648,111,453,669,665,593,109,396
112,1329,1316,110,1304,1352,1311,1317
113,648,453,396,111,462,593,669
372,411,115,367,396,113,453,648
1347,114,1314,1329,112,1316,1267,1304
116,362,372,367,411,115,329,396
1291,117,1347,1287,1314,114,1230,1316
335,118,362,329,116,367,372,322
1300,119,1286,1291,117,1347,1287,1283
324,308,120,335,322,329,362,118
275,122,324,120,297,308,335,118
121,1300,1290,119,1286,1225,1291,1283
271,123,266,275,122,324,120,297
1446,124,1290,121,1300,1243,1225,1286
250,125,271,123,266,258,275,122
1417,1453,126,1254,1446,124,1250,1290
280,127,250,125,271,267,123,266
251,129,280,127,235,250,125,249
1293,128,1208,1453,1417,126,1254,1250
264,130,230,251,129,280,235,127
1200,131,1079,1208,1293,1147,128,1453
248,132,229,264,130,230,251,231
1279,1131,133,1079,1200,131,1031,1208
248,134,229,234,132,230,264,130
232,228,136,234,229,248,233,134
1089,135,1107,1279,1131,133,1188,1079
226,227,137,228,232,237,233,234
1010,138,1089,1062,135,1107,1188,1131
227,139,226,243,237,228,137,233
239,141,243,227,245,237,139,226
1137,140,1010,903,138,1062,1089,995
239,142,245,261,243,253,141,254
958,143,1137,997,140,1010,903,1179
259,144,261,269,245,253,239,142
270,146,269,261,1932,1933,259,1928
1121,145,958,952,143,1137,997,934
285,147,1950,1948,1947,291,1943,270
148,981,1121,1092,145,952,958,1144
149,285,293,1956,1961,1958,1963,1950
1042,150,1110,981,148,1092,1121,1115
347,151,288,149,285,293,1961,1963
1170,152,1042,150,1110,148,981,1092
1171,154,1170,152,1042,150,1110,1189
153,347,307,1987,1985,1981,1988,1979
1284,155,1171,154,1170,152,1042,1204
157,1284,155,1211,1171,154,1209,1170
394,156,153,307,336,1987,347,1985
158,1412,157,1284,155,1211,1171,154
160,1425,158,1412,157,1284,155,1211
431,159,536,394,156,342,336,153
161,1424,160,1425,158,1396,1412,157
344,162,431,536,159,342,438,394
163,1463,161,1424,160,1425,158,1396
1164,1122,1238,1125,1019,1177,1379,1146
1511,1449,165,1463,163,161,1452,1424
344,449,164,536,438,342,431,162
1238,166,1151,1379,1270,1164,1177,1122
1449,167,1461,1511,1452,1463,163,165
1378,1270,169,1238,1379,1242,166,1151
1151,166,1122,169,1022,1378,1238,1164
1270,171,1307,1378,1242,1354,1379,169
456,449,168,344,429,438,164,536
1461,170,1465,1449,1452,1372,167,1511
1319,1331,173,1307,1354,1308,1270,171
1465,175,1461,1308,1372,170,1354,1319
1319,1308,176,1354,1465,177,1307,1331
498,174,459,429,449,456,451,168
1080,1059,172,1035,1151,1122,166,1022
1356,177,178,1308,1465,1319,175,1354
459,179,498,429,451,501,174,449
1133,180,1059,1054,1080,172,1000,1035
538,182,487,459,179,498,501,451
1064,183,1133,1063,1054,180,1000,1059
184,520,538,182,487,548,459,179
185,1064,1063,183,1030,1133,1054,1000
983,2027,2026,2023,2029,2028,1045,2032
1068,1105,187,1030,185,1063,1064,968
567,186,808,184,520,548,538,182
979,983,188,935,2027,2023,2026,2020
1045,2030,2029,2028,188,2024,968,983
979,191,830,935,983,858,841,870
830,193,858,979,191,836,841,935
968,192,2030,2025,1045,2024,2022,2021
858,194,830,836,761,193,801,979
1108,195,1105,968,1030,189,2025,192
829,196,761,858,836,759,194,752
1105,197,189,1108,1068,195,1030,187
190,567,186,808,643,520,184,760
807,759,198,829,761,196,724,708
792,759,201,807,708,198,761,750
840,200,579,190,867,567,186,675
792,202,759,750,709,708,201,807
712,204,773,709,792,750,202,657
203,840,720,200,579,867,190,567
773,712,205,803,709,657,204,792
803,207,773,729,657,712,205,709
206,857,203,813,720,840,731,200
853,729,208,803,734,207,695,773
831,210,804,729,734,853,208,803
892,209,206,857,813,203,720,828
804,211,831,791,734,210,790,729
212,863,892,209,872,857,206,813
941,213,791,804,211,831,890,790
900,214,872,863,855,212,892,209
1118,215,889,879,941,213,883,791
899,216,900,855,872,883,214,863
917,217,889,1118,879,215,883,941
918,218,929,899,883,855,216,917
219,917,929,889,217,982,1118,883
982,220,929,918,221,883,917,218
947,221,1058,222,917,219,982,929
1058,947,223,222,982,221,929,220
965,223,224,947,1058,221,222,982
137,228,232,234,233,237,136,231
237,226,233,228,137,234,252,240
234,232,233,231,136,229,230,248
132,230,264,130,251,129,235,236
264,251,130,129,235,236,280,127
230,236,235,229,251,264,130,249
136,229,248,234,134,132,230,231
231,252,234,236,238,230,235,255
230,231,229,132,248,264,130,251
249,251,280,250,129,127,241,267
235,249,241,251,267,250,247,280
233,240,252,228,238,231,255,234
242,236,265,241,247,231,249,235
243,141,245,227,237,244,139,254
238,255,252,233,242,265,236,231
246,249,267,279,258,262,263,250
247,241,246,257,236,249,235,262
237,244,227,240,233,139,252,255
240,255,256,237,238,265,252,268
254,243,244,283,237,260,240,256
279,263,267,258,282,274,266,292
246,241,262,300,279,263,249,267
132,229,264,130,230,251,231,129
267,250,246,258,279,280,271,266
125,271,266,123,258,275,122,297
129,280,127,250,125,249,271,267
236,238,231,242,235,241,249,230
254,260,245,283,244,278,286,272
283,244,256,243,272,255,240,278
265,238,242,252,247,496,257,241
268,255,265,496,240,238,242,257
247,300,262,246,331,241,263,274
266,282,297,275,271,123,122,125
144,261,239,142,245,253,243,254
283,278,272,254,345,256,268,244
253,245,254,277,260,239,283,142
263,274,246,338,279,292,328,299
279,292,282,299,258,328,290,297
130,251,129,280,127,235,250,125
247,242,257,496,241,300,273,246
123,275,122,297,282,324,308,120
258,279,266,250,271,125,123,282
496,265,276,273,255,257,247,300
277,261,253,260,286,287,259,254
146,269,261,259,253,281,277,144
123,266,275,122,324,297,120,308
345,268,256,276,496,273,265,255
303,300,331,377,257,312,318,262
292,263,328,323,299,279,316,282
122,308,324,120,322,290,335,329
273,284,496,377,303,301,300,257
286,260,253,278,283,254,272,295
272,345,294,283,268,276,256,496
258,282,266,297,292,299,275,290
127,250,125,271,267,123,266,258
269,277,287,330,286,260,253,261
297,290,299,275,308,306,122,302
272,256,268,244,345,255,265,496
377,301,303,273,312,310,326,331
147,1948,1947,1943,291,1944,1942,1940
278,260,295,294,345,272,283,313
286,295,277,278,313,294,371,260
151,293,1961,1963,285,1956,1958,149
1934,1931,1930,1927,1926,1925,1924,1922
302,322,308,317,314,311,122,329
1940,1939,1976,1936,1932,1933,147,270
328,299,306,282,290,316,311,302
1961,1958,1956,1978,1950,1948,1947,1943
345,276,296,284,272,273,268,301
313,294,278,340,345,296,320,260
304,284,325,301,377,310,276,309
275,308,122,290,322,324,302,120
321,1972,1971,1973,315,1970,1969,1975
306,290,302,311,297,316,314,322
331,262,274,338,318,263,246,323
377,310,326,312,303,364,375,273
314,317,322,349,369,360,329,346
312,331,318,300,326,338,401,490
310,301,309,364,284,377,326,337
1986,1984,1983,1990,1982,1988,1980,1981
311,302,290,314,381,360,317,322
1987,1985,1988,1981,1990,1979,1980,1982
322,324,329,120,362,335,302,317
337,364,310,374,301,375,326,392
364,326,375,312,337,490,363,303
360,314,302,349,379,317,398,553
318,490,401,331,375,323,338,300
340,320,296,294,413,325,345,278
317,349,346,369,553,379,476,333
1966,1973,1964,1962,1960,1975,1959,1957
381,311,306,360,376,398,314,302
369,333,346,349,329,476,405,553
401,338,323,490,640,274,353,328
378,298,351,315,1973,1972,1966,321
296,325,304,327,309,301,294,284
1969,1971,1970,1967,1968,1965,1972,1975
329,317,333,369,314,362,382,346
640,328,316,350,353,361,292,381
120,335,362,118,329,322,367,116
309,304,352,310,301,337,364,284
312,490,375,401,318,363,353,331
325,352,309,389,304,421,374,296
316,306,299,311,381,290,350,282
333,362,382,369,367,405,406,372
287,332,295,371,286,277,313,269
318,338,274,262,323,401,490,263
371,339,313,295,287,340,341,365
382,405,476,442,367,346,406,419
319,298,305,336,1989,1986,1984,321
118,362,116,372,367,329,411,115
1989,307,1988,1987,1990,1986,1985,305
364,380,392,375,506,363,326,465
274,323,328,292,640,263,316,299
371,341,340,313,343,413,470,320
320,413,296,325,327,294,304,309
343,340,413,320,313,327,325,359
336,348,394,307,431,1987,159,1989
413,327,356,340,325,320,384,352
536,342,438,431,162,159,394,336
276,268,273,284,496,256,296,377
476,397,366,442,405,531,437,435
151,288,149,285,293,1961,1963,1956
334,336,305,1989,1986,1988,1990,1984
553,346,366,409,369,476,397,480
316,395,376,381,428,412,398,311
368,315,1960,1964,1966,1957,1959,1962
374,309,337,570,506,364,304,380
361,640,422,350,402,395,412,452
358,388,351,368,410,390,426,403
1946,1949,1945,1941,1938,1937,408,289
327,421,352,389,325,400,374,570
334,348,370,319,336,298,342,305
410,390,368,403,478,417,386,705
343,356,384,327,413,421,352,389
379,349,314,553,398,409,346,480
350,395,412,376,428,452,316,381
367,372,382,333,116,406,396,411
407,402,353,422,361,401,452,430
375,363,326,392,490,380,312,407
470,339,341,343,359,371,340,413
435,397,437,576,531,443,440,442
382,396,406,411,405,460,115,453
355,410,408,1946,1949,1952,1951,1955
333,476,346,405,442,382,397,553
319,373,378,334,298,354,351,387
313,340,341,295,320,413,343,296
367,411,396,115,453,406,382,113
378,354,319,351,358,388,368,298
506,337,380,532,626,465,364,392
490,363,407,353,392,401,402,318
428,398,418,379,480,505,360,432
303,312,326,310,331,318,490,375
351,354,298,368,315,358,1966,1973
409,553,480,349,366,566,418,435
392,465,430,363,402,439,477,484
311,360,376,398,379,314,349,428
405,406,419,442,396,476,460,448
370,357,404,319,334,348,373,378
400,421,526,356,389,493,445,570
388,354,426,373,358,390,478,378
332,425,339,371,330,365,434,341
385,373,354,388,466,378,358,426
358,390,410,478,403,441,417,368
570,374,352,506,532,337,309,626
478,403,410,417,705,479,368,475
470,393,359,365,343,414,384,341
363,402,430,407,439,452,422,490
384,359,399,356,526,400,343,421
156,307,153,1987,1985,347,1988,1981
428,376,432,505,433,398,381,418
453,462,460,406,593,648,562,455
531,442,437,440,444,576,524,471
379,480,418,409,553,566,505,500
526,384,400,473,445,421,529,359
421,493,529,570,389,572,532,644
640,323,353,338,361,350,407,316
422,452,439,412,361,395,433,611
705,386,425,434,365,408,339,332
387,373,370,385,354,378,415,319
442,419,406,448,444,397,460,531
460,419,462,455,448,562,453,442
353,422,402,361,395,640,412,452
330,289,1937,1935,1934,386,1931,332
366,566,435,500,437,346,397,443
403,386,705,408,417,425,355,1946
115,113,453,396,648,111,462,593
395,432,433,428,505,376,513,454
325,320,327,296,356,309,304,352
399,393,384,526,473,359,400,470
385,466,387,630,426,482,388,486
348,357,334,342,383,336,370,319
705,475,403,434,425,391,365,446
480,509,500,566,492,409,435,523
448,455,460,444,463,575,461,531
387,415,404,424,385,373,466,630
389,570,493,352,374,529,532,572
412,395,361,452,350,433,428,432
491,473,414,399,518,526,445,512
630,415,466,486,482,385,387,426
339,365,371,332,341,470,340,343
441,478,388,390,479,417,358,494
404,383,370,420,387,357,373,319
505,398,418,454,509,480,379,450
472,416,449,457,438,357,348,456
439,611,484,402,452,489,433,407
159,394,156,336,307,153,1987,1985
505,454,513,428,450,509,418,571
432,513,571,450,454,505,428,549
365,391,470,425,339,343,341,359
576,443,437,580,397,558,523,524
424,557,415,420,630,387,466,385
576,440,524,531,558,580,591,444
342,416,348,536,336,357,334,394
611,452,433,489,412,422,513,432
471,524,591,575,558,541,499,555
479,478,494,447,417,390,533,475
444,419,531,448,575,440,463,471
580,576,545,558,437,581,561,524
575,471,440,448,463,541,565,591
529,512,400,539,493,572,502,644
391,414,393,434,458,470,399,359
446,464,475,417,391,481,434,414
463,455,461,575,565,541,671,596
438,344,342,416,164,536,348,472
454,549,534,509,573,608,492,614
457,429,472,469,416,383,357,449
412,433,432,395,489,513,428,505
462,593,460,562,623,111,665,669
509,534,492,418,608,500,573,614
596,461,463,713,671,632,565,716
168,344,449,164,536,438,342,431
472,383,427,521,357,416,370,556
423,414,399,473,491,393,526,384
429,451,498,501,174,457,449,472
462,455,562,596,593,448,713,461
671,632,565,604,716,541,715,588
593,562,623,713,455,596,665,617
565,541,461,671,525,588,604,632
458,446,414,590,423,475,393,391
477,430,484,611,392,727,439,485
482,426,519,385,441,388,530,483
420,556,436,404,415,424,387,427
521,467,556,469,427,420,404,515
457,521,427,383,472,556,404,429
359,343,341,393,356,413,327,384
541,591,499,525,463,565,555,667
357,383,416,348,370,427,438,334
445,512,526,495,529,400,502,539
514,504,468,469,521,501,508,467
391,434,446,470,365,393,425,359
442,397,405,531,444,366,419,448
484,485,606,430,611,559,439,489
417,479,705,403,475,447,410,434
447,417,475,446,533,434,464,705
566,409,500,435,553,509,366,492
590,464,458,497,423,414,446,544
519,483,441,426,494,540,479,478
494,519,503,533,517,441,447,479
611,489,606,559,439,433,585,452
606,774,484,564,802,559,683,611
482,530,466,519,483,595,540,441
501,511,459,514,182,451,457,469
530,595,486,540,482,528,483,630
559,571,513,433,585,551,549,432
401,353,363,407,640,323,361,402
473,495,512,445,546,502,516,526
608,500,523,583,566,545,443,614
570,572,532,389,535,644,506,374
533,447,479,464,481,446,478,547
502,516,512,682,445,539,578,529
257,273,300,247,303,331,242,262
423,491,518,458,473,619,495,414
174,429,449,456,168,451,438,344
563,525,667,550,691,637,744,635
523,443,435,608,580,545,576,583
451,457,514,469,429,472,521,498
682,539,592,577,578,529,644,621
547,533,481,494,464,554,590,507
468,508,467,521,556,515,469,420
454,509,418,450,492,480,500,534
626,465,380,510,477,430,392,727
590,497,544,481,423,518,458,491
467,515,468,436,420,597,556,557
492,500,608,534,523,566,583,614
727,477,537,465,485,484,620,380
514,474,501,522,469,504,468,457
502,539,529,682,644,592,572,400
571,450,549,454,551,505,534,573
469,521,457,468,451,504,427,556
436,557,467,424,420,574,415,630
502,578,577,682,512,539,616,618
503,547,554,719,481,507,533,494
491,495,546,473,516,512,502,612
441,494,479,426,447,478,533,503
487,184,538,182,501,511,459,514
427,556,404,467,420,383,472,370
504,527,474,468,508,514,552,467
545,583,580,443,582,561,576,638
591,555,542,471,581,499,575,550
691,588,667,635,563,605,604,744
400,445,529,493,421,512,572,570
508,504,552,468,467,474,515,597
517,540,569,503,737,483,554,547
572,539,493,644,535,592,570,532
540,483,482,528,519,503,494,517
444,440,471,575,524,448,576,591
535,626,506,510,586,465,727,477
464,447,481,547,446,458,590,414
608,614,492,638,583,684,523,500
586,510,626,537,624,727,506,465
342,431,159,394,336,156,307,348
727,620,609,485,774,477,606,683
182,459,179,487,498,501,451,429
644,592,682,572,586,624,629,535
483,503,517,494,569,519,533,547
565,525,588,671,499,691,604,667
555,550,628,499,639,563,686,655
522,511,474,504,527,514,468,487
518,497,619,491,423,546,495,693
580,561,582,581,663,558,677,689
516,612,495,578,502,616,577,694
481,507,590,464,497,458,627,423
653,520,487,511,543,184,501,514
573,742,534,454,625,614,601,608
639,563,686,1001,697,637,692,822
549,742,625,573,450,698,601,534
508,515,597,504,467,436,607,557
409,366,346,397,435,566,476,437
507,547,627,590,481,544,497,678
499,550,563,628,639,667,637,525
404,420,427,387,436,415,383,373
424,630,415,730,486,466,420,482
524,581,542,555,561,591,663,628
585,564,571,646,551,513,909,625
589,522,527,543,552,647,504,508
663,581,677,628,655,542,674,686
596,713,455,623,685,617,461,716
637,667,744,1001,639,707,635,691
646,909,585,789,865,625,799,698
671,588,525,604,691,632,605,499
435,500,443,366,576,523,437,580
186,808,520,184,548,538,487,182
543,560,653,522,633,548,511,527
737,517,554,719,547,503,507,627
532,506,374,572,626,535,510,337
551,549,450,742,573,625,454,534
644,535,532,586,592,510,624,626
614,534,601,684,608,638,740,784
730,557,486,630,594,424,488,436
471,463,541,565,525,591,671,461
558,580,524,581,440,545,561,542
621,587,682,629,668,592,726,539
577,618,587,682,621,613,726,602
200,567,190,643,808,760,186,548
558,561,581,582,663,524,542,628
542,663,628,555,550,655,591,686
561,689,677,663,779,655,766,581
582,545,689,561,580,740,677,663
810,595,741,598,528,488,569,540
646,551,571,625,742,549,698,513
624,537,510,727,609,620,641,626
726,602,621,668,676,768,629,641
691,605,635,651,667,662,636,715
552,527,600,508,522,597,504,515
497,458,423,544,491,414,518,473
499,555,542,525,563,541,550,667
629,624,586,621,641,535,609,537
623,562,713,665,617,596,685,673
730,488,595,584,486,530,615,810
528,810,530,540,517,483,598,569
461,632,685,716,671,617,463,634
607,515,574,557,650,436,730,424
569,737,528,699,517,719,554,781
647,589,642,560,600,552,527,610
610,597,607,552,776,650,515,574
684,793,817,1038,614,770,925,740
726,768,676,754,668,738,758,621
702,642,599,647,687,724,633,600
588,651,715,605,691,832,636,725
635,636,662,649,820,832,948,672
559,564,585,802,489,646,909,571
650,574,730,557,594,515,679,436
583,614,638,523,582,545,689,740
620,631,875,683,774,819,727,800
776,607,650,723,597,574,679,594
489,559,433,452,606,513,571,585
616,578,516,618,577,659,613,587
602,645,587,768,726,816,577,676
638,684,740,583,689,770,817,582
584,741,810,660,598,595,528,714
618,659,578,613,587,577,602,718
685,736,634,716,877,696,806,632
587,613,602,577,726,621,768,668
693,518,546,661,612,495,491,516
774,485,683,802,875,606,856,819
629,668,641,726,624,631,609,676
615,751,666,584,741,594,660,810
617,713,673,685,596,736,670,634
609,537,641,620,727,631,510,875
742,698,601,784,842,573,1038,793
465,510,477,380,727,430,484,537
678,544,507,722,619,497,700,518
686,550,639,822,697,674,906,717
641,624,668,609,631,586,537,875
466,486,482,530,519,426,385,483
875,800,681,683,819,951,620,849
716,715,604,725,651,634,588,680
560,599,589,647,527,522,552,543
877,795,725,834,806,1113,904,680
662,744,735,649,728,778,636,820
820,948,649,704,844,911,984,662
744,1001,707,778,735,692,845,635
689,740,583,582,770,766,545,677
1001,697,692,637,707,906,846,744
350,361,316,422,395,328,381,376
609,631,875,681,620,537,800,683
647,687,600,610,589,776,607,597
808,548,656,567,653,520,190,186
592,586,535,624,532,629,537,510
768,758,602,754,1130,1072,873,726
789,625,698,551,842,799,742,571
589,600,552,610,597,527,607,508
111,453,669,665,593,109,462,623
820,672,728,984,948,844,953,839
594,574,730,751,488,557,486,622
832,636,605,680,704,948,820,649
658,568,633,656,560,654,543,653
511,543,487,522,520,474,514,501
658,599,633,603,560,647,642,589
674,628,686,822,717,697,874,906
653,568,548,543,511,808,522,520
788,654,709,658,652,750,633,603
633,568,560,599,589,543,656,522
613,718,618,645,771,602,768,816
741,769,714,598,1009,699,584,810
612,694,616,690,546,578,659,618
649,728,735,672,820,953,778,984
655,677,628,674,686,542,779,822
652,760,568,656,658,643,653,543
623,673,617,670,108,713,106,696
615,741,660,751,584,769,598,810
744,635,637,735,662,778,1001,707
641,676,681,631,849,609,800,875
109,665,670,108,673,623,593,106
106,673,696,104,814,736,617,806
604,632,588,715,716,651,525,605
984,953,839,864,844,955,928,1040
617,696,736,106,806,685,104,814
717,874,822,732,686,838,861,906
760,643,579,664,656,808,200,548
849,681,738,739,800,1130,631,926
674,779,655,717,628,732,874,822
722,700,619,544,693,507,703,518
622,751,594,615,650,584,666,730
1113,704,783,832,850,948,868,911
849,800,739,854,875,951,819,926
592,621,629,644,624,587,586,641
819,856,802,774,951,865,837,909
770,817,740,638,793,916,689,756
716,634,736,632,725,877,795,715
822,697,906,639,717,846,692,827
610,723,776,600,833,647,763,607
678,747,719,627,700,722,554,721
766,779,677,753,674,663,756,561
694,710,659,616,612,907,718,613
635,605,667,662,744,649,735,651
846,888,707,845,1043,1021,920,945
661,546,612,694,616,518,690,516
616,659,612,618,613,578,718,907
788,657,652,664,658,654,711,568
104,814,806,736,102,898,834,877
906,692,846,1001,827,1021,888,707
784,742,601,1038,862,793,573,936
737,781,688,719,569,811,988,627
722,703,693,619,787,701,661,544
690,745,661,694,748,693,710,612
687,642,733,599,647,610,752,600
701,693,661,690,745,694,612,619
948,911,868,844,820,866,984,962
434,425,365,475,386,339,391,470
757,666,660,622,769,615,765,741
778,845,735,888,809,1043,884,945
702,724,603,761,687,642,752,733
750,654,603,788,708,599,658,702
907,718,659,815,771,694,613,616
664,675,760,643,656,652,568,579
709,204,792,750,657,202,654,708
685,617,596,716,634,632,673,736
699,781,794,598,737,688,569,988
651,832,680,636,704,605,1113,795
725,634,715,795,877,604,680,651
822,838,827,861,906,901,880,697
771,645,816,613,887,768,602,758
554,627,507,678,547,544,722,747
203,840,867,579,200,675,190,567
787,700,703,701,678,755,722,745
619,693,544,703,546,518,661,612
763,776,679,743,650,622,607,751
752,702,733,687,775,642,833,723
715,680,795,1113,651,832,783,704
676,668,681,754,849,738,641,631
485,477,620,606,774,484,559,802
953,672,809,955,864,1156,984,839
695,803,818,657,788,773,767,207
488,486,530,630,595,482,424,584
867,720,675,579,203,840,857,200
874,901,861,717,886,838,822,954
775,833,723,687,763,777,823,743
767,818,729,695,711,746,664,803
778,728,809,649,955,953,672,845
806,877,634,834,795,814,898,904
719,688,554,781,517,627,507,678
849,926,852,739,681,894,860,895
854,860,878,951,950,894,819,869
770,689,766,753,756,779,582,916
598,810,714,737,569,699,528,595
573,601,684,784,614,534,793,1038
622,666,706,679,615,751,757,741
735,778,707,662,728,809,845,692
748,690,710,764,805,694,907,661
731,767,867,675,711,720,579,818
700,678,721,722,703,762,627,787
710,764,690,907,815,718,659,771
757,765,706,946,797,769,1009,666
603,708,702,654,642,724,599,687
584,615,594,595,810,741,488,730
733,775,801,833,687,777,823,723
785,732,779,848,901,874,886,677
1130,738,676,852,849,926,681,908
745,782,787,701,748,780,703,690
957,753,785,848,766,871,732,779
769,765,660,666,1009,797,741,714
1072,1130,754,908,852,967,738,895
708,761,724,750,702,752,836,603
643,656,548,653,808,568,652,567
752,836,724,733,775,801,702,833
1078,721,787,755,703,701,700,745
743,679,622,666,776,751,615,706
815,907,710,821,771,835,887,718
797,1009,769,1003,964,660,859,794
779,753,732,785,677,674,874,957
818,711,664,675,695,760,867,652
754,758,676,726,1130,738,1072,849
1009,714,794,1003,741,699,781,598
756,916,753,766,689,957,885,785
887,816,645,835,873,758,1072,768
782,755,780,745,1057,805,956,787
712,709,657,204,654,750,788,695
802,606,564,856,909,819,865,646
833,777,823,763,723,743,910,687
650,607,679,594,597,574,730,751
743,763,786,706,666,749,622,847
809,845,884,728,1043,1156,955,888
674,732,874,717,785,655,901,861
956,782,805,931,978,824,764,748
688,811,747,798,678,719,627,721
745,805,748,956,764,710,701,824
868,704,939,911,1055,948,897,962
1038,793,862,601,936,925,817,932
848,732,901,886,891,1028,874,861
749,706,757,796,765,743,946,666
701,703,745,690,748,661,782,693
658,652,654,633,664,568,599,560
799,842,698,896,625,784,919,862
746,828,731,767,734,813,867,711
790,804,734,767,746,211,831,828
759,750,708,201,807,709,702,603
817,925,936,916,885,770,924,756
988,781,944,811,699,798,688,747
1113,904,850,680,783,939,897,704
946,993,765,749,812,940,797,757
1009,1003,964,769,944,794,988,1012
811,721,762,747,1078,688,700,913
896,842,919,698,1071,862,784,930
854,951,739,819,878,683,860,869
775,823,841,777,910,833,733,870
856,909,564,865,646,789,799,837
773,657,695,709,788,712,205,654
734,831,767,790,729,210,818,746
764,824,978,748,815,821,710,907
834,898,877,102,904,99,795,914
198,759,829,761,196,836,724,752
548,520,186,487,184,653,538,511
1156,955,884,976,953,1043,902,1002
528,598,569,517,540,737,530,714
747,688,721,678,700,762,722,627
859,797,765,964,933,1003,1012,1009
720,731,857,206,203,867,746,840
102,806,898,99,834,877,914,904
907,771,887,821,718,835,816,986
645,758,873,1072,768,754,1130,967
770,916,756,885,925,740,957,753
664,695,711,652,788,760,675,568
951,856,837,865,802,869,878,1157
984,844,672,911,839,866,928,728
986,835,851,843,887,771,970,873
906,827,697,838,846,1021,639,692
910,777,786,847,833,706,749,743
821,764,986,825,815,835,851,995
986,881,821,851,970,1188,1027,1062
798,762,913,1078,721,811,747,787
1021,921,846,880,920,1073,692,977
813,731,746,720,867,857,892,206
196,858,761,836,194,759,752,830
841,935,801,870,836,823,910,882
210,729,853,734,208,803,695,767
704,636,948,820,911,783,844,649
763,777,723,743,679,622,706,776
904,898,795,914,850,99,1113,897
887,843,873,816,967,1027,876,1072
801,752,775,733,724,841,823,833
869,1157,865,919,943,1071,799,989
827,880,906,921,1021,846,1073,1086
864,928,1040,1026,1091,985,1049,1007
200,579,190,567,186,808,643,675
870,910,823,882,847,786,777,775
698,784,896,862,1038,601,793,930
876,873,1027,967,1065,1072,1090,908
984,866,928,839,962,1007,1026,864
1043,888,884,809,945,1156,1002,920
1021,888,920,921,945,845,1043,707
786,796,1201,749,946,993,765,706
1028,891,886,937,901,1024,915,732
739,800,926,854,860,878,951,894
783,939,897,868,1114,1055,704,949
843,1027,835,876,873,1031,887,967
895,926,894,1061,1088,849,860,950
208,729,803,207,773,657,695,734
951,878,860,869,819,837,989,950
872,890,828,879,900,790,863,791
865,837,909,799,564,1157,869,789
206,203,840,720,200,579,867,190
836,830,801,761,841,752,979,775
1012,964,797,1005,969,1003,923,944
950,878,1008,922,989,1037,951,869
880,838,954,1086,827,921,1073,942
1038,932,936,966,793,925,990,924
892,209,813,212,828,857,206,720
1040,985,1091,976,1026,1181,1046,1049
799,919,789,1157,896,842,646,1071
928,1007,962,1026,839,1099,1067,1084
579,675,200,643,840,760,711,567
1055,911,962,1067,866,844,1082,1007
1157,989,943,919,922,991,1071,865
882,910,847,823,912,1201,786,2005
1028,915,1100,848,1024,891,1205,1075
863,828,890,813,892,790,731,209
967,1072,758,908,876,1065,1130,1088
717,861,901,838,822,880,827,886
683,819,800,951,856,854,774,802
967,1090,1065,1128,1136,908,1199,1088
795,834,904,1113,850,725,898,680
869,922,989,1008,837,1157,943,991
941,215,791,890,213,790,804,211
1073,1086,921,1139,1021,1132,977,980
970,1188,1062,851,1031,1027,1107,843
1201,847,910,893,796,786,823,993
855,890,879,899,872,1118,791,216
1156,1002,902,945,955,976,1095,1098
957,1029,871,756,848,992,1028,1100
954,942,937,861,980,1044,1086,880
816,873,843,1072,758,645,967,768
1043,945,920,884,1020,1002,977,1095
879,1118,883,215,890,941,855,791
790,791,828,746,731,804,213,813
937,886,1024,942,1044,901,954,959
209,857,206,813,203,720,840,731
1201,993,940,796,972,847,946,812
950,860,1037,1138,1008,878,973,1085
1061,894,973,1138,926,1120,1037,950
862,930,784,932,698,963,1038,990
939,949,1004,94,1055,868,91,1048
99,914,904,96,1006,1114,897,850
216,900,872,855,214,863,890,828
214,872,863,892,212,209,828,813
861,886,954,880,838,942,1086,980
1046,1098,1190,985,1154,1229,1161,1282
995,1010,1062,881,1188,825,140,1107
850,914,1113,897,939,1114,783,96
825,995,903,824,881,986,821,970
827,846,1021,692,921,920,888,880
718,771,659,887,816,645,835,613
1088,895,852,1136,1120,1061,973,894
789,865,646,799,842,585,698,896
847,786,777,749,1201,796,706,833
844,866,962,984,928,1007,1055,1067
1999,1997,893,1996,882,1201,1998,1993
1078,772,762,755,987,787,721,782
1114,96,1006,897,94,949,850,939
1075,1024,961,1028,937,1109,891,959
885,756,957,753,848,871,1029,785
889,217,1118,883,879,215,918,941
218,883,899,855,216,889,872,900
1071,896,943,930,963,842,862,991
945,977,1020,1043,1095,1039,1073,1132
1073,977,920,1132,1139,1020,888,945
989,1033,1060,991,1085,943,1070,1157
975,826,913,988,798,927,762,1078
1029,992,1034,885,1074,871,1100,916
924,885,1029,916,992,957,871,756
894,860,950,739,1061,878,854,1037
987,913,1023,772,1078,1111,780,755
1026,1007,1040,1084,864,1049,1099,1091
883,917,918,889,219,855,217,879
932,990,960,862,1050,966,936,1014
956,934,978,905,1179,805,952,824
990,966,936,1050,1038,924,1034,1053
859,969,1012,1005,1011,1016,964,1015
997,1179,905,958,978,903,995,956
870,2020,2017,1076,882,2032,2018,2014
925,924,966,1029,885,992,1034,817
959,1044,942,1051,980,1081,954,1087
2000,1998,1996,1999,1997,1993,1994,2033
1055,868,1004,1082,949,1067,1094,962
971,996,812,859,933,999,946,969
213,791,804,211,831,790,734,890
980,1044,954,998,1087,1086,1081,1163
991,1071,963,974,930,1060,960,896
988,923,826,798,811,781,975,762
1020,1002,1095,977,1039,1248,902,1156
765,812,797,859,757,964,1009,1003
221,222,917,929,219,982,889,220
844,911,820,984,866,868,928,672
91,1048,1004,1094,89,87,1082,86
1008,1037,922,878,1085,1033,989,1102
837,869,878,856,1157,865,989,802
997,934,958,1179,145,1137,903,905
864,955,839,985,976,1156,1040,1091
980,1086,880,998,1044,1139,1073,1087
976,1156,985,864,1046,902,1091,839
805,978,824,905,764,825,1179,821
848,871,785,753,1028,891,886,915
1137,997,143,903,1179,1010,140,995
1051,1044,1081,1083,942,1087,1231,1191
990,1047,1014,1050,932,1036,1119,1053
1051,959,1172,937,1191,1044,1081,1083
1007,1067,1227,1099,928,1082,1142,83
930,960,974,990,932,1047,1014,1050
1003,1012,944,923,988,794,1005,826
223,224,947,1058,221,222,982,929
924,1034,992,1053,925,1029,1074,1116
1065,908,1072,1088,1136,1090,1130,895
2025,2024,2022,2021,2030,2019,2016,1030
1011,1005,1018,1017,1015,1012,1125,975
1027,851,1031,1107,843,876,1128,1079
933,859,812,969,1012,964,1016,1005
996,1123,940,971,999,1035,993,933
1013,1138,1127,1193,1037,1202,1102,1143
960,1047,1119,1014,990,1036,930,1050
913,927,826,1078,762,772,987,798
985,1046,902,1091,1161,1190,1098,1229
1020,1132,1039,1169,1198,1095,1248,1246
905,824,825,1179,986,995,821,764
935,830,870,841,983,2023,2027,2026
998,1086,1087,1163,1140,1139,1093,1081
148,1121,952,958,145,1052,997,934
220,918,929,883,218,917,899,889
2027,2026,2023,2028,2029,2020,2032,2017
839,928,866,864,953,1026,1040,1007
1046,1091,1161,1181,1040,1229,1190,1273
851,881,970,835,843,1027,1188,887
772,780,1057,782,931,1078,755,956
798,811,781,826,747,688,721,762
991,943,1060,1157,1033,963,974,1071
1050,1014,966,1053,1034,936,1056,1036
1060,974,963,1070,1071,960,1047,930
1029,1074,1100,1205,871,1116,915,1075
940,812,946,971,859,765,996,797
1995,1992,2033,1991,1994,1993,1000,972
881,825,1188,1062,970,986,1010,851
971,999,933,969,859,1022,1016,812
1179,903,1137,905,995,143,1010,978
1140,1093,1163,1139,1232,1180,1198,1097
971,969,933,1016,1019,1122,1011,1018
1054,1123,972,1035,996,1059,999,1025
692,707,845,744,778,846,888,906
902,1095,1098,1154,976,1248,1190,1046
944,794,988,1012,923,781,798,826
1082,1094,86,1175,87,1048,1067,85
1015,975,923,1017,927,913,1023,826
94,1114,949,897,91,1048,939,89
1099,1026,1084,1227,1184,82,80,1049
922,1033,1085,1060,989,1102,1134,991
1003,794,714,944,964,988,781,699
1062,138,1107,1089,1188,135,881,1131
1017,1015,1005,1041,927,975,1023,1077
923,1005,975,944,1015,1011,826,988
1193,1202,1127,1143,1138,1241,1207,1283
1050,1036,1056,1053,1096,1112,1034,1168
927,975,1023,923,913,987,1041,772
1018,969,1011,1017,1125,1005,1015,1041
1015,1041,1023,927,1124,1111,987,975
1017,1011,1077,1041,1015,1005,1124,1146
1018,1016,1125,1164,1077,969,1011,1017
1095,1039,1248,1002,1169,1154,1159,1246
921,920,888,977,945,1073,1020,1043
1122,1019,999,1016,1151,166,1018,969
1111,987,1174,1057,772,780,1032,913
937,961,959,1051,1044,942,886,1172
893,972,940,993,1201,996,1123,971
1040,1084,1049,1091,1184,80,1099,1181
876,1031,1128,1090,967,1079,1065,1147
891,1024,937,886,961,942,1075,959
871,1100,1074,915,957,1205,1028,848
2021,1063,2019,2016,2011,2013,2008,2007
1079,1128,1147,876,1141,1208,1090,1279
931,1052,934,952,956,997,780,978
1060,1066,1134,1070,991,1106,974,1101
1074,992,1116,1100,1029,1205,1056,1145
1022,999,1122,996,172,1019,1016,1151
1096,1112,1056,1176,1168,1050,1053,1117
1102,1085,1008,1127,1134,1033,1158,1143
793,936,925,924,817,966,885,916
1169,1248,1246,1159,1258,1217,1154,1192
1091,1049,1181,1084,1215,1273,1161,1148
1124,1023,1160,1111,1115,1174,927,987
150,981,1092,148,1121,1144,952,145
884,945,1002,1156,1020,1095,902,1098
1087,1081,980,998,1163,1231,1083,1086
2030,2029,2028,2024,2022,2025,2021,2027
1161,1190,1229,1098,1091,1282,1181,1273
1014,1119,1036,1069,1112,1050,1096,990
89,87,1094,86,1175,1082,85,1142
1215,1148,1181,1166,80,1184,1212,78
1053,1056,1034,966,1116,1074,1096,992
1083,1191,1081,1044,1194,1268,1231,1104
952,934,931,997,958,1179,905,1121
1034,1056,1116,1074,992,1117,1205,1145
1035,1059,1123,180,1022,1080,999,972
1067,1082,1004,962,1227,1142,1175,1094
1117,1116,1168,1162,1074,1145,1205,992
931,1032,780,956,1052,934,978,805
222,982,947,221,929,220,918,917
1080,1035,172,1022,1122,1123,1151,166
1070,974,1066,1047,1119,963,960,1101
894,1138,1037,973,950,860,1127,1102
1107,1188,138,1089,1131,1031,970,135
1000,994,1054,1995,1992,1991,2033,1998
183,1133,1054,1063,180,1059,1000,1035
1136,1088,908,1090,1120,895,1199,973
1101,1070,1069,1119,1153,1187,1173,974
1227,1142,83,85,1099,1007,1175,82
187,185,1063,1030,1064,183,1000,2025
1173,1112,1036,1176,1103,1096,1182,1014
1119,974,1047,1101,1069,960,1036,1014
963,930,896,960,932,990,974,862
908,1130,1065,852,1088,754,895,738
1132,1139,977,1198,1140,1169,998,1039
1205,1116,1100,1145,915,1075,871,1109
1109,961,1024,1172,1167,1051,959,937
2015,2012,2010,2009,2006,2005,2031,912
1041,1160,1124,1115,1017,1189,1023,1111
755,772,787,721,745,782,701,703
1147,1208,1128,1200,131,1141,1453,1293
172,1151,1122,166,1022,1035,169,1019
1231,1087,1083,1104,1126,1163,1194,1129
1067,1175,85,86,1142,1227,83,87
1194,1104,1231,1297,1150,1129,1126,1318
1049,1184,80,1148,82,78,1215,1166
1134,1033,1158,1106,1066,1060,1070,1101
1139,998,1073,1140,1132,1198,1093,1087
1163,1231,998,1126,1093,1180,1104,1129
1120,895,973,1061,1013,1135,1138,1199
135,1279,1131,1107,133,1079,1200,1031
1199,1136,1141,1135,1120,1250,1088,1243
1181,1161,1215,1273,1049,1229,1234,1221
981,1052,952,148,1032,934,1121,958
1180,1097,1186,1232,1178,1240,1197,1152
87,86,1175,89,1082,85,1142,1067
1248,1154,1039,1098,1159,1195,902,1246
1168,1056,1117,1259,1214,1162,1053,1264
1240,1186,1197,1388,1280,1255,1258,1245
1154,1190,1195,1282,1216,1196,1229,1159
82,1184,80,83,1084,1148,78,1049
915,1205,1075,1145,1024,1028,961,1109
1153,1069,1173,1119,1185,1103,1112,1176
1158,1134,1085,1143,1106,1033,1155,1066
1182,1176,1213,1214,1112,1220,1274,1338
1297,1129,1126,1150,1149,1226,1152,1344
1068,1030,187,968,1063,2025,2022,2021
1187,1155,1066,1244,1101,1153,1185,1223
1131,1031,135,1079,1279,133,1147,1200
195,1105,968,1030,2025,189,2024,2022
1167,1172,961,1224,1191,1051,1024,1235
1042,1092,1144,150,981,1052,1174,148
1174,1057,987,1032,1144,931,780,1052
1096,1176,1168,1214,1259,1056,1182,1220
783,850,704,939,868,832,897,911
949,897,94,91,939,1048,1004,1094
1144,1174,1110,1111,1092,1052,1032,1023
1205,1145,1117,1100,1109,1075,1162,915
1162,1145,1165,1264,1247,1167,1205,1109
215,879,941,213,791,804,890,211
1069,1036,1112,1173,1014,1096,1176,1103
973,1013,1135,1202,1138,1193,1061,1127
145,958,143,1137,952,997,140,934
1019,1125,1164,1016,1018,1238,1177,1077
996,999,1035,1022,971,940,933,969
1111,1115,1174,1023,1144,1057,1032,987
1077,1018,1146,1041,1160,1017,1124,1011
1129,1152,1180,1178,1249,1226,1093,1186
1143,1102,1158,1134,1085,1207,1106,1155
1147,1090,1141,1199,1208,1250,1136,1065
1152,1226,1149,1249,1178,1219,1180,1344
852,738,908,895,926,894,1061,1088
1079,1279,133,1031,1200,1147,1208,131
1198,1169,1039,1140,1192,1020,1258,1246
180,1059,1054,1080,172,1035,1000,1022
1106,1066,1187,1155,1101,1060,1153,1070
1243,1202,1013,1225,973,1193,1283,1241
1120,1088,1199,1135,973,1013,895,1243
1010,140,903,1062,138,995,1089,1188
1037,1127,1102,1085,950,1143,1158,1008
1140,1132,1198,1192,1232,1169,977,1093
1198,1232,1093,1192,1097,1169,1388,1240
1199,1250,1135,1243,1254,1453,1136,1293
83,82,1099,1184,80,78,1084,1148
1158,1207,1155,1223,1106,1134,1187,1244
1092,1052,1032,952,981,934,1057,931
1109,1075,1167,1165,1172,915,961,1247
1160,1077,1189,1204,1115,1041,1124,1110
1208,1141,1250,1453,1200,131,1090,1199
78,1212,1166,76,1215,1222,1269,1203
1226,1302,1251,1391,1219,1152,1368,1285
1297,1344,1149,1326,1302,1129,1391,1226
166,1122,1164,1238,1019,1125,1177,1379
1249,1178,1226,1219,1186,1245,1301,1285
1185,1103,1173,1069,1228,1119,1182,1176
1195,1159,1196,1190,1210,1282,1216,1236
1244,1187,1185,1153,1218,1101,1228,1066
976,902,1002,1046,985,1098,864,1190
919,943,1071,963,991,896,799,930
1106,1134,1155,1187,1207,1223,1244,1066
1196,1217,1183,1195,1210,1206,1252,1236
1115,1124,1189,1110,1174,1144,1111,1023
1229,1273,1234,1282,1253,1239,1215,1221
1264,1165,1247,1145,1167,1256,1433,1235
1180,1093,1126,1178,1186,1152,1129,1140
1177,1125,1146,1077,1233,1018,1204,1160
1247,1167,1235,1109,1433,1224,1172,1275
1212,1203,1221,1222,1266,76,1269,74
1172,1224,1235,1191,1275,1268,961,1051
1162,1117,1259,1264,1165,1305,1247,1116
1246,1258,1192,1217,1159,1388,1248,1232
152,1042,1110,150,1092,981,148,1115
154,1170,152,1042,150,1110,1189,148
1191,1224,1051,1268,1083,1275,959,1194
1103,1176,1112,1182,1214,1036,1096,1220
1144,1032,1057,1052,931,1092,934,987
85,1142,83,1227,82,1099,1184,80
1214,1182,1096,1259,1220,1168,1305,1264
1233,1146,1204,1125,1209,1077,1189,1160
1249,1186,1245,1197,1219,1097,1301,1285
905,903,995,825,881,1137,1010,1062
1178,1186,1152,1097,1249,1197,1245,1232
1215,1273,1161,1221,1166,1234,1229,1203
1220,1213,1214,1338,1305,1259,1351,1276
1206,1263,1376,1210,1237,1271,1236,1299
80,1148,78,1212,76,1166,1215,1269
1228,1103,1173,1182,1069,1317,1274,1213
1197,1245,1240,1280,1249,1277,1388,1255
1244,1185,1153,1101,1103,1228,1218,1069
970,1107,1031,1027,1131,1079,851,1089
1110,1115,1170,152,1042,1144,1092,1124
1282,1229,1195,1216,1239,1161,1210,1394
1268,1083,1194,1275,1150,1318,1104,1081
1258,1388,1240,1246,1097,1255,1217,1252
1143,1241,1207,1127,1283,1158,1223,1102
1150,1297,1104,1318,1344,1149,1129,1231
1210,1196,1216,1282,1236,1183,1239,1394
1210,1183,1206,1236,1216,1237,1252,1282
1245,1280,1277,1360,1336,1255,1301,1350
1192,1169,1232,1258,1388,1039,1246,1097
1135,1250,1243,1120,1254,1013,1202,1225
131,1208,1293,128,1453,1417,1254,126
796,993,946,940,812,786,749,765
1193,1241,1283,1207,1143,1286,1127,1287
1266,1222,1281,1269,1257,1335,1298,74
1189,1170,1110,152,1160,154,1042,1171
1075,1145,915,1109,961,1167,1024,1172
1237,1376,1271,1236,1409,1333,1405,1295
1223,1230,1155,1244,1267,1106,1187,1218
1453,1293,128,1250,1254,1141,1417,126
1204,1170,1171,154,152,1189,155,1284
1236,1216,1237,1206,1394,1278,1239,1333
1284,155,1171,157,1209,154,1170,152
76,1222,1269,1203,74,1221,1298,1266
1338,1220,1351,1322,1377,1214,1312,1276
1259,1305,1220,1168,1264,1276,1338,1256
1166,1221,1273,1203,1212,1234,1266,1257
1236,1394,1239,1278,1237,1265,1253,1333
1183,1252,1196,1263,1255,1206,1299,1210
1317,1228,1292,1185,1274,1304,1310,1103
1285,1301,1251,1334,1245,1369,1355,1350
1338,1305,1276,1259,1351,1377,1256,1328
1203,1266,1257,1222,1253,1335,1281,1337
1269,74,1298,1281,72,1266,1348,1289
1155,1244,1218,1267,1187,1317,1185,1228
1275,1191,1268,1318,1194,1260,1083,1324
1283,1290,1286,1202,1241,1287,1300,121
1219,1251,1249,1285,1178,1301,1368,1391
83,1099,1142,82,85,1184,80,1084
1103,1274,1213,1182,1292,1173,1322,1310
1282,1239,1234,1253,1273,1216,1394,1257
1267,1223,1314,1316,1317,1218,1347,1155
1126,1104,1129,1163,1297,1152,1180,1178
1097,1192,1240,1388,1258,1186,1255,1280
1209,1204,1211,1146,1170,1189,1171,154
1257,1253,1221,1239,1266,1340,1203,1265
1275,1224,1261,1260,1262,1324,1268,1172
1237,1278,1394,1333,1265,1421,1409,1323
1333,1409,1278,1271,1376,1421,1405,1418
1379,1164,1177,1233,1242,1125,1146,1204
1394,1253,1265,1236,1278,1323,1257,1340
1255,1280,1197,1252,1299,1277,1217,1245
1207,1287,1230,1143,1223,1291,1267,1155
1313,1379,1233,1406,1209,1211,1177,1204
1225,1290,1202,1283,1446,1286,1241,1013
1185,1218,1153,1228,1317,1103,1101,1292
1301,1277,1360,1350,1280,1367,1336,1345
1217,1258,1159,1183,1196,1388,1252,1255
1433,1235,1261,1167,1288,1275,1224,1262
1159,1154,1196,1246,1195,1098,1217,1210
1219,1301,1245,1285,1197,1251,1350,1334
1254,1243,1135,1225,1417,1446,1290,126
1285,1369,1368,1355,1334,1389,1301,1362
1263,1299,1183,1376,1206,1295,1339,1271
1257,1265,1340,1394,1323,1337,1357,1266
1446,1243,126,1290,124,1225,1135,121
1252,1299,1280,1263,1336,1183,1277,1339
1433,1288,1247,1328,1261,1262,1165,1235
1266,1340,1337,1335,1265,1357,1323,1281
1388,1217,1252,1255,1240,1159,1183,1263
1305,1264,1256,1162,1276,1247,1433,1117
1315,1324,1392,1272,1318,1363,1327,90
1262,1260,1272,1315,1294,1275,1330,1324
1272,1294,1330,1315,1260,93,92,1363
1376,1206,1295,1271,1339,1405,1296,1237
1247,1256,1433,1165,1235,1261,1276,1288
1323,1278,1340,1349,1421,1357,1441,1333
1335,1281,1337,1340,1348,1298,1365,1358
1316,1317,1218,1304,1292,1329,1244,114
1194,1318,1150,1083,1324,1297,1104,1344
74,1298,72,1281,70,1289,1430,1348
1242,1379,1238,1307,1233,1313,1303,1177
1405,1409,1342,1296,1438,1333,1423,1418
1330,1315,92,93,1363,1392,90,95
1234,1221,1257,1166,1266,1253,1203,1239
1322,1213,1351,1312,1353,1338,1182,1220
1260,1268,1324,1318,1315,1194,1150,1392
1328,1377,1256,1288,1321,1433,1294,1359
1360,1336,1345,1367,1350,1339,1299,1332
1421,1333,1323,1349,1418,1366,1409,1441
133,1200,131,1079,1208,1147,1293,128
1277,1299,1336,1360,1339,1252,1345,1263
1348,1335,1289,1358,72,70,1337,1430
1239,1216,1394,1236,1253,1210,1265,1234
1241,1286,1287,1230,1207,1291,1300,119
155,1171,154,1170,152,1042,150,1110
1355,1334,1301,1369,1350,1380,1245,1381
1287,1291,119,1241,1230,117,1314,1347
1230,1291,1314,1267,1207,1347,117,1316
1262,1261,1294,1272,1330,1260,1235,1315
1430,1384,68,1374,1358,1492,1494,66
1286,1300,121,1283,119,1291,1287,1202
117,1347,1314,114,1230,1316,1267,1329
1310,1274,1311,1322,1353,1213,1312,1352
128,1453,1417,126,1254,1446,1250,124
1330,1272,1346,95,93,97,92,1315
1296,1320,1405,1271,1306,1423,1438,1409
1423,1306,1438,1437,1309,1342,1466,1435
1149,1129,1344,1226,1302,1126,1326,1152
72,1281,1289,70,1430,1348,1384,68
1263,1339,1295,1336,1376,1320,1345,1296
119,1286,1291,117,1287,1347,1314,114
1350,1334,1360,1380,1355,1367,1277,1480
1391,1251,1368,1226,1341,1369,1285,1219
1406,1396,1313,1242,1412,1425,1211,158
1311,1292,1352,1310,110,1364,107,1353
1276,1256,1264,1328,1433,1377,1288,1247
1309,1423,1437,1454,1435,1343,1438,1385
1303,1242,1406,1313,1372,1396,1379,1233
1354,1465,1372,1307,1461,175,1303,1331
1454,1435,1385,1429,1437,1419,1484,1486
1353,1322,1274,1312,1364,107,1213,1351
1310,1364,1353,107,1322,1312,105,1274
1393,1325,1351,1386,1401,103,1359,1398
1211,1233,1209,1412,1284,155,1171,157
1316,114,1267,1329,112,1304,1317,110
1392,1363,1324,90,92,1400,1327,93
1304,1329,112,1317,110,1352,1311,1292
1292,1304,1310,1311,1228,1274,1329,1322
1326,1150,1344,1327,1392,1297,1391,1149
1308,1354,1307,1331,173,1465,1303,1372
1306,1343,1296,1309,1454,1423,1410,1437
1373,1294,1288,1346,97,1395,95,1262
1312,1351,1325,1393,1338,1377,1386,1401
1349,1357,1441,1421,1366,1440,1456,1414
1318,1392,1327,1326,1400,90,1150,1363
1401,1359,1377,1395,1398,100,98,1321
1344,1391,1302,1341,1375,1149,1368,1408
1326,1375,1341,1391,1370,1344,88,1382
1321,1288,1294,1262,1433,1359,1373,1261
112,110,1352,1304,1311,107,1364,1292
93,92,1363,1315,90,1392,1400,88
173,1270,1307,171,1378,1354,1242,1379
1410,1343,1320,1432,1454,1419,1306,1309
1421,1409,1418,1342,1349,1366,1415,1323
1380,1350,1450,1381,1480,1434,1367,1362
1348,1365,1358,1361,1440,1289,1357,1374
1345,1339,1332,1320,1367,1295,1410,1343
1335,1365,1357,1440,1358,1361,1348,1456
1351,1377,1276,1305,1328,1325,1321,1256
1320,1295,1345,1332,1296,1306,1343,1410
1337,1357,1323,1335,1440,1365,1441,1349
1408,1382,1368,1389,1383,1411,1428,84
1438,1474,1418,1466,1471,1415,1423,1437
1454,1419,1309,1385,1442,1429,1435,1426
1302,1149,1391,1226,1341,1368,1251,1375
1332,1410,1320,1432,1343,1480,1295,1306
95,1330,93,1272,92,1363,1315,90
114,1314,1329,1316,112,1267,1304,110
1289,1358,1384,1374,1430,70,1365,1361
1366,1441,1414,1418,1357,1415,1456,1440
1360,1380,1367,1480,1345,1450,1434,1432
1377,1325,1359,1276,1393,1328,1401,1321
107,1364,1311,105,1353,1310,1386,1312
1312,1322,1386,1393,105,1325,103,1351
1307,1303,1372,1396,1406,1242,1452,1270
1334,1381,1362,1450,1380,1402,1387,1350
177,1308,1465,178,1319,175,1461,1354
1440,1441,1456,1365,1371,1361,1414,1366
1361,1374,1397,1384,1440,1494,1506,1371
1395,1321,1373,98,100,97,1346,1294
1367,1345,1336,1380,1480,1332,1410,1432
1397,1371,1390,1506,1374,1399,1458,1494
1431,1381,1387,1448,1473,1402,1462,1450
90,1400,88,1370,1327,1375,84,1428
105,1353,1386,103,1312,1393,1322,1398
1361,1440,1358,1371,1456,1397,1441,1390
1414,1415,1441,1413,1445,1474,1456,1447
1480,1345,1432,1410,1434,1332,1450,1468
1369,1389,1355,1285,1411,1362,1334,1381
1355,1389,1362,1334,1381,1411,1431,1301
84,1428,1375,1382,1383,81,1341,1408
1390,1444,1445,1506,1458,1397,1403,1470
1452,1396,1303,1424,1449,1425,160,1406
97,1346,95,1294,1330,93,1272,1262
1494,1397,1492,1399,1416,66,1506,64
1382,1341,1408,84,1428,1391,1383,81
1271,1295,1405,1296,1409,1339,1438,1423
1328,1321,1359,1288,1373,1401,1395,1256
169,1238,1270,1379,166,1151,1242,1164
1233,1177,1313,1164,1209,1204,1146,1406
1480,1450,1434,1367,1536,1432,1381,1468
1402,1450,1387,1536,1462,1455,1434,1439
1408,1383,81,1407,1411,1490,1389,79
81,1490,1407,79,1420,1411,1451,77
68,1492,1374,1494,66,1416,1397,64
1429,1486,1422,1426,1512,1427,1483,1550
103,1393,1398,101,1401,1325,100,1359
1402,1462,1455,1536,1510,1513,1469,1439
1255,1240,1252,1217,1280,1299,1263,1197
1411,1362,1448,1431,1355,1407,1381,1473
1506,1458,1403,1399,1470,1520,1522,1531
1341,1368,1408,1251,1382,1389,1369,1411
1400,90,1327,1363,1375,1326,88,1370
1401,1325,1398,103,101,100,1359,1395
1265,1278,1323,1421,1333,1237,1349,1340
98,1373,97,1346,95,1294,1330,93
1425,1406,1412,158,1424,160,157,1313
1506,1399,1494,1390,1458,1416,1479,1520
101,100,1401,1395,98,1359,97,1373
1520,1479,1458,1528,1573,1522,64,1579
88,1370,1375,1327,1382,84,1428,1341
1395,100,1359,98,101,1373,97,1321
1536,1455,1462,1439,1434,1469,1467,1468
1531,1404,1485,1522,1516,1515,1520,1507
1516,1485,1507,1540,1522,1538,1628,1530
1438,1296,1342,1423,1306,1437,1466,1474
1313,1211,1412,1425,1284,157,155,158
1420,1451,1448,77,1475,1477,1519,1473
1411,1389,1383,1368,1407,81,1448,1369
1342,1405,1438,1418,1474,1421,1296,1423
1343,1442,1419,1454,1468,1427,1309,1385
1448,1407,1451,1362,1431,1473,1420,1477
157,158,1284,1211,155,1171,154,1209
1460,1447,1445,1632,1553,1476,1470,1444
1445,1413,1447,1444,1460,1470,1371,1553
1413,1471,1414,1460,1632,1447,1445,1466
64,1579,1479,62,1399,1573,61,1520
126,1446,1254,124,1290,121,1243,1300
1415,1366,1474,1413,1471,1414,1441,1438
1385,1426,1427,1486,1429,1478,1631,1422
77,1451,1475,1519,75,1448,1477,1473
1349,1418,1366,1415,1441,1414,1342,1474
1483,1457,1558,1488,1487,1514,1500,1541
1437,1438,1309,1466,1435,1484,1454,1429
160,161,1425,158,1412,157,1406,1284
158,1412,160,157,1284,1211,155,1171
1478,1486,1483,1487,1436,1422,1491,1508
1426,1478,1491,1436,1486,1487,1443,1483
1383,81,1382,1490,79,1407,1408,1420
1512,1422,1486,1550,1484,1558,1426,1514
68,1384,1492,66,1374,1494,1416,1358
1473,1387,1462,1510,1477,1381,1402,1513
1410,1442,1468,1419,1343,1459,1631,1427
1261,1288,1262,1235,1260,1294,1272,1275
1468,1536,1432,1439,1459,1442,1410,1455
1429,1484,1385,1512,1550,1422,1486,1558
1502,1508,1464,1487,1498,1564,1504,1483
1435,1466,1484,1429,1385,1550,1489,1512
1466,1437,1474,1471,1435,1489,1484,1309
1459,1467,1482,1600,1469,1631,1472,1562
1456,1371,1361,1390,1444,1445,1414,1397
1456,1414,1440,1445,1371,1444,1415,1413
1427,1631,1419,1459,1426,1600,1491,1478
1564,1464,1436,1493,1502,1517,1509,1498
1470,1447,1403,1390,1531,1515,1553,1458
1444,1447,1470,1553,1460,1515,1531,1403
124,1290,121,1300,1225,1286,119,1283
1553,1470,1460,1515,1531,1527,1632,1476
1473,1431,1451,1477,1387,1510,1519,1462
1463,1452,1511,163,161,1424,165,160
1536,1434,1402,1480,1439,1468,1387,1455
1477,1519,1475,1473,75,1567,1431,1510
1424,161,1463,160,1396,163,1425,158
1254,1417,1250,126,1446,1243,124,1290
1385,1419,1429,1435,1486,1426,1437,1422
1439,1467,1469,1513,1482,1472,1459,1552
1371,1445,1414,1444,1361,1390,1447,1470
1500,1488,1541,1542,1593,1495,1497,1501
1403,1520,1522,1485,1404,1531,1528,1479
1600,1631,1482,1491,1467,1443,1427,1562
1553,1476,1527,1515,1470,1556,1537,1535
1452,1449,1372,167,1424,1463,1511,1396
1513,1455,1469,1560,1467,1552,1439,1472
163,161,1424,160,1425,1396,158,1412
1502,1509,1498,1517,1481,1508,1583,1529
1461,1372,1354,1452,170,1449,1396,1303
1489,1471,1484,1435,1632,1535,1550,1476
1482,1472,1562,1552,1600,1443,1493,1526
1459,1439,1442,1631,1600,1455,1482,1467
1467,1552,1472,1562,1526,1482,1534,1518
1531,1515,1553,1403,1516,1404,1538,1527
1632,1489,1413,1460,1476,1535,1447,1553
1562,1518,1526,1493,1571,1564,1547,1443
1477,1510,1462,1387,1567,1560,1519,1513
1471,1415,1466,1413,1632,1489,1460,1414
75,1519,73,1555,1477,1567,1532,1473
1527,1537,1539,1556,1561,1515,1596,1521
1567,1510,1560,1532,1513,1555,1462,73
1436,1487,1483,1508,1502,1504,1488,1422
62,1573,61,1520,1528,59,1623,1522
1434,1432,1468,1410,1536,1442,1332,1439
1496,1529,1503,1533,1524,1499,1543,1505
1562,1443,1472,1491,1564,1493,1464,1518
1487,1488,1495,1508,1457,1504,1500,1558
1550,1535,1512,1514,1489,1558,1539,1422
1507,1525,1530,1628,1603,1540,1581,1601
1422,1483,1512,1478,1488,1487,1457,1558
1508,1504,1488,1495,1498,1505,1529,1523
1495,1500,1497,1504,1542,1523,1541,1572
1535,1632,1476,1539,1460,1514,1550,1527
79,1420,1407,77,1475,1451,1411,75
1443,1436,1502,1478,1464,1564,1508,1493
66,1416,1494,64,1579,1479,1397,1399
1564,1571,1517,1464,1583,1625,1547,1509
1416,1399,1479,64,1506,1579,62,1520
1497,1523,1505,1572,1544,1598,1542,1529
1503,1524,1499,1574,1566,1551,1543,1576
1572,1523,1598,1501,1505,1615,1544,1610
1529,1481,1504,1496,1505,1583,1503,1543
1574,1566,1551,1548,1549,1580,1606,1554
1542,1497,1501,1572,1495,1593,1568,1523
1568,1572,1610,1615,1689,1639,1666,1656
1498,1508,1504,1509,1487,1529,1481,1517
1499,1574,1551,1543,1566,1549,1554,1544
1505,1529,1495,1523,1481,1543,1497,1544
1523,1543,1544,1598,1551,1503,1546,1554
1458,1399,1520,1403,1522,1479,1416,1528
1628,1601,1530,1582,1603,1655,1565,1589
1504,1498,1529,1505,1495,1481,1488,1509
1481,1583,1498,1496,1533,1529,1524,1503
1560,1513,1462,1532,1469,1534,1552,1455
165,1463,163,161,1452,1424,160,1425
1550,1422,1558,1514,1457,1541,1488,1483
1469,1552,1534,1472,1467,1526,1594,1557
1558,1539,1541,1521,1457,1593,1542,1537
1531,1516,1538,1556,1404,1540,1537,1596
1540,1538,1507,1485,1601,1565,1628,1596
1583,1509,1625,1533,1481,1498,1597,1496
1547,1571,1493,1545,1625,1570,1517,1564
1567,1477,1555,73,1532,1510,71,1560
1528,1522,1573,1525,61,59,1623,1581
1627,1561,1593,1604,1630,1542,1639,1596
1485,1525,1528,1581,1530,1507,1623,59
1544,1598,1572,1543,1546,1615,1591,1551
1499,1566,1578,1503,1574,1580,1548,1551
1581,1584,57,1530,1623,1603,55,1507
1557,1518,1545,1547,1571,1590,1562,1493
1556,1537,1515,1538,1596,1561,1539,1516
59,1623,1581,1525,57,1584,1485,55
1505,1543,1503,1496,1551,1544,1523,1499
1628,1603,1582,1584,1644,1691,1655,55
1516,1404,1538,1540,1485,1507,1556,1522
1594,1560,1563,1585,1534,1587,69,1513
1524,1496,1576,1499,1578,1503,1566,1574
1557,1526,1552,1587,1545,1590,1472,1518
1539,1514,1476,1521,1537,1558,1527,1541
1439,1468,1455,1459,1467,1462,1469,1432
1561,1556,1596,1521,1604,1538,1565,1626
1540,1565,1596,1601,1507,1561,1626,1604
1521,1537,1561,1541,1556,1593,1596,1627
1601,1565,1507,1628,1589,1626,1530,1633
1593,1542,1521,1500,1627,1501,1568,1639
1593,1501,1568,1572,1639,1497,1627,1610
1551,1544,1554,1574,1546,1598,1499,1549
1598,1546,1551,1554,1591,1575,1714,1574
1547,1590,1559,1570,1621,1614,1571,1625
1575,1554,1714,1591,1730,1599,1608,1595
1570,1571,1625,1559,1614,1605,1597,1517
1606,1569,1549,1577,1652,1611,1612,1670
1612,1606,1607,1611,1599,1569,1622,1575
1514,1558,1535,1422,1541,1539,1457,1521
1574,1554,1549,1612,1546,1566,1599,1548
1526,1472,1557,1518,1562,1545,1547,1493
1515,1527,1476,1556,1531,1538,1516,1537
1612,1599,1549,1575,1607,1730,1714,1606
71,1585,1532,1567,1563,1594,69,1586
1596,1538,1561,1565,1540,1516,1604,1626
1545,1590,1547,1618,1559,1518,1621,1570
1457,1541,1542,1500,1593,1488,1521,1539
1614,1629,1570,1694,1605,1602,1667,1625
1513,1534,1594,1552,1469,1557,1526,1563
1596,1604,1627,1626,1630,1565,1638,1593
1493,1564,1443,1518,1571,1517,1491,1464
1594,69,1586,1587,1721,67,1618,1534
1464,1517,1509,1502,1571,1583,1498,1481
1626,1601,1633,1589,1604,1638,1676,1658
1548,1580,1574,1577,1606,1549,1588,1569
1532,1560,1510,1594,1513,1563,71,1534
1689,1610,1700,1656,1615,1666,1685,1650
1611,1619,1617,1701,1677,1645,1624,1607
1625,1614,1605,1597,1694,1583,1592,1576
1625,1517,1570,1583,1597,1509,1605,1533
1615,1598,1610,1568,1591,1666,1544,1689
61,59,1528,1623,57,1581,1525,1522
1549,1548,1554,1612,1606,1607,1599,1580
1730,1599,1595,1608,1637,1609,1612,1607
1578,1524,1588,1566,1580,1635,1499,1620
1652,1670,1569,1701,1684,1606,1619,1645
1580,1566,1588,1499,1548,1577,1663,1574
62,1479,61,1573,1520,59,1528,1623
1577,1548,1663,1652,1670,1569,1642,1606
57,1584,55,1603,53,1530,1644,1582
1691,1644,1655,53,51,1683,1589,1678
1533,1597,1496,1481,1524,1576,1605,1529
55,53,1603,1644,1582,51,1691,1683
1563,69,1586,1594,67,1587,1721,1613
67,1721,1613,1587,65,1618,1616,1643
1721,1618,1557,1590,67,1613,1545,1616
1580,1663,1642,1577,1684,1670,1708,1657
1655,1658,1665,1676,1710,1691,1693,1709
1621,1559,1616,1547,1629,1614,1667,1570
1714,1608,1575,1686,1595,1720,1730,1637
1635,1620,1576,1588,1578,1646,1642,1580
1627,1639,1501,1568,1630,1604,1700,1689
1587,1534,1721,1557,1586,69,1618,1590
1637,1720,1730,1653,1696,1609,1703,1671
1565,1604,1626,1540,1638,1633,1630,1627
1576,1533,1524,1592,1694,1578,1496,1481
1546,1591,1615,1714,1575,1608,1554,1666
1730,1607,1609,1622,1637,1595,1611,1677
1482,1491,1443,1562,1427,1436,1564,1464
1628,1589,1655,1530,1582,1633,1626,1691
1634,1620,1592,1635,1651,1646,1664,1708
1582,1644,53,55,1691,51,1655,1683
1630,1626,1627,1638,1633,1700,1639,1650
1597,1694,1592,1576,1602,1533,1578,1635
1569,1611,1607,1652,1617,1677,1619,1622
1622,1611,1677,1609,1617,1659,1662,1636
1686,1595,1720,1703,1637,1730,1687,1696
1671,1622,1680,1659,1653,1737,1771,1677
1666,1656,1687,1591,1685,1686,1608,1673
1677,1617,1622,1662,1619,1624,1636,1659
1599,1607,1606,1611,1730,1622,1609,1677
65,1643,1618,1616,63,1621,1667,1590
1605,1694,1602,1629,1592,1597,1576,1620
1610,1666,1591,1608,1689,1686,1656,1714
1621,1667,63,1629,1654,1559,1641,60
1662,1677,1624,1636,1682,1647,1645,1681
1616,1590,1621,65,1643,1559,1667,1545
1624,1617,1645,1682,1662,1648,1677,1727
1646,1635,1708,1642,1588,1661,1690,1657
1559,1629,1667,1614,1641,1654,1602,63
1677,1659,1636,1662,1680,1617,1771,1671
57,1581,1584,55,53,1603,1530,1644
1682,1662,1647,1640,1648,1636,1681,1660
1597,1605,1583,1614,1533,1576,1509,1694
1633,1638,1630,1676,1589,1650,1658,1700
1630,1639,1700,1568,1638,1626,1689,1650
1582,1655,1603,1691,1589,1644,1584,1665
1641,1602,1634,1694,1654,1651,1620,1664
1638,1700,1639,1650,1676,1633,1685,1568
1491,1600,1427,1443,1436,1482,1478,1426
1476,1460,1527,1535,1553,1537,1539,1556
1676,1658,1589,1650,1693,1700,1699,1710
1651,1620,1646,1661,1635,1592,1708,1668
1588,1642,1646,1708,1663,1578,1657,1580
1681,1647,1771,1675,1660,1697,1682,1640
1653,1671,1609,1696,1680,1737,1751,1659
1633,1676,1650,1700,1658,1699,1685,1589
1568,1700,1689,1685,1610,1650,1656,1638
1649,1660,1715,1688,1712,1704,36,34
1634,1664,1651,1602,58,1620,1661,1694
1657,1663,1684,1706,1702,1670,1577,1772
63,1616,1667,60,1654,1621,1669,1641
51,1691,1683,49,1678,46,1854,1717
1648,1727,1624,1682,1698,1674,1726,1640
1708,1642,1690,1657,1706,1777,1588,1684
1681,1660,1640,1712,1649,1675,1695,1715
1682,1674,1698,1640,1722,1715,39,38
1688,34,1679,36,1712,32,1761,1718
1676,1699,1685,1693,1658,1707,1656,1738
1661,1646,1668,1620,56,1690,1708,1692
1569,1701,1619,1645,1617,1611,1719,1624
1671,1751,1737,1672,1680,1733,1724,1740
1669,1641,1664,58,1651,1634,1668,56
1691,1665,1678,1658,1710,1709,1683,1644
1673,1687,1699,1785,1738,1686,1742,1703
1684,1706,1702,1772,47,1723,48,1705
1710,1693,1665,1709,1707,1711,1699,1678
1771,1680,1636,1675,1697,1737,1681,1724
1712,1649,1695,1688,1718,1769,1715,1728
1690,1692,52,54,1725,1646,1777,50
1636,1647,1681,1682,1659,1640,1660,1675
1684,1670,1577,1657,1652,1702,1701,1719
1651,1668,56,1634,1661,1692,54,1646
1710,1709,1678,1693,1741,1711,1716,1683
1686,1656,1687,1591,1608,1703,1673,1714
1654,1641,1629,60,1664,1669,1634,1602
1692,54,1661,52,1725,1690,50,1777
58,1664,56,1668,1641,1651,1661,1634
1652,1701,1719,1645,1569,1702,1619,1705
1737,1680,1751,1724,1659,1771,1697,1672
1740,1745,1731,1724,1736,1732,1763,1759
1742,1785,1738,1729,1743,1746,1707,1703
1704,38,1715,1722,36,1640,1649,34
1695,1735,1774,1660,1712,1769,1736,1773
1658,1693,1699,1707,1710,1685,1665,1711
1662,1636,1659,1624,1647,1681,1771,1680
1709,1717,1741,49,1783,1854,46,1716
32,1761,30,1753,1758,1718,28,1767
1737,1771,1697,1724,1751,1675,1636,1740
1660,1675,1712,1695,1640,1697,1649,1735
1640,1647,1674,1715,1649,1660,1681,1704
49,1717,46,1678,1854,1783,44,1786
1702,1670,1705,1719,1701,1723,1652,1772
1656,1699,1673,1738,1687,1707,1666,1742
1703,1720,1595,1696,1785,1733,1743,1637
1785,1673,1686,1703,1742,1743,1720,1733
1761,32,1679,34,1718,1758,30,1753
1656,1610,1685,1666,1650,1687,1673,1699
1777,1725,50,52,1706,1708,48,1772
1683,1678,1665,51,49,1709,1717,1710
52,1725,50,1690,1777,48,1706,1772
1707,1710,1711,1739,1709,1738,1716,1729
1592,1602,1620,1635,1634,1576,1646,1588
1769,1774,1712,1773,1728,1718,1754,1762
1733,1653,1751,1672,1671,1745,1737,1740
1735,1675,1736,1774,1695,1762,1769,1759
39,1722,1674,38,1704,1715,36,1682
1707,1738,1693,1673,1711,1739,1729,1742
1650,1685,1689,1656,1699,1676,1610,1673
1645,1619,1719,1727,1648,1624,1705,1617
1705,1719,1723,45,1713,47,1726,43
1696,1733,1743,1653,1746,1742,1637,1672
36,34,1679,1649,1688,32,1761,30
1719,1726,1713,43,45,41,1727,1698
1772,48,47,1702,1723,1684,45,1705
1711,1738,1739,1729,1716,1742,1747,1744
1657,1642,1706,1684,1777,1772,1663,48
1741,1716,1711,1717,1803,1783,1734,1707
1709,1711,1716,1707,1678,1741,1739,1803
1716,1739,1734,1747,1729,1741,1744,1803
1718,1769,1728,1688,1758,1774,1773,1792
43,1726,41,1698,39,1727,1722,1648
1575,1608,1595,1730,1720,1686,1637,1599
1704,36,1649,34,1679,1688,32,1761
1734,1803,1739,1747,1783,1787,1770,1729
1854,46,1783,1786,44,1741,1793,1803
1728,1758,1792,1753,30,1761,32,1754
1727,1726,1645,1698,43,1713,1648,41
1703,1696,1653,1637,1733,1671,1743,1751
1618,1613,65,1616,1590,1643,1621,1557
38,1704,36,1715,34,1679,1640,1649
45,1713,43,1705,1726,1719,41,1698
1740,1736,1697,1735,1731,1759,1675,1762
50,1777,48,1772,1706,47,1657,1723
41,1698,1727,39,1722,1648,1674,38
1648,1698,41,1674,39,1722,1682,38
1792,1754,1758,1767,1757,1766,28,1753
1744,1747,1746,1768,1743,1760,1748,1755
1609,1637,1671,1607,1622,1653,1720,1680
1763,1759,1732,1736,1776,1779,1778,1780
1763,1776,1749,1779,1759,1852,1736,1780
1745,1672,1746,1748,1751,1740,1765,1732
1770,1787,1760,1804,1744,1853,1775,1768
1774,1762,1695,1769,1773,1759,1778,1791
1759,1735,1762,1778,1763,1774,1780,1791
1724,1697,1771,1740,1672,1736,1675,1735
1729,1742,1739,1711,1744,1785,1747,1746
1729,1747,1744,1734,1760,1768,1746,1803
1736,1731,1759,1763,1732,1697,1735,1778
1803,1783,1716,1734,1793,1804,1787,1786
1729,1746,1743,1744,1739,1748,1747,1733
1746,1733,1748,1696,1745,1744,1755,1672
1768,1760,1755,1748,1750,1764,1765,1770
1732,1765,1731,1755,1740,1763,1749,1776
1748,1744,1755,1768,1745,1765,1747,1760
1744,1760,1734,1768,1770,1755,1764,1750
1755,1745,1765,1768,1732,1749,1750,1672
1776,1752,1852,1756,1779,1763,1810,1784
1764,1752,1749,1810,1775,1790,1756,1806
1737,1672,1724,1740,1736,1731,1697,1745
1810,1756,1806,1789,1852,1790,1776,1802
28,1767,1792,27,1757,25,1818,1781
1792,1766,1781,1815,1757,1788,1767,1818
1765,1750,1749,1764,1752,1732,1776,1810
1789,1799,1806,1784,1797,1816,1812,1802
27,1818,25,1781,1807,23,1796,1831
1753,30,1792,28,1767,1757,27,1754
1778,1780,1762,1779,1791,1873,1784,1782
1764,1770,1750,1775,1755,1790,1810,1752
30,1753,1758,28,1767,1792,1728,27
1791,1778,1773,1766,1873,1788,1780,1769
1776,1779,1759,1780,1852,1778,1784,1782
1775,1790,1810,1752,1821,1806,1749,1794
1749,1732,1750,1776,1752,1763,1852,1731
1788,1815,1781,1831,1795,1873,1792,1801
27,1757,25,1818,1781,1807,23,1815
1755,1760,1750,1764,1765,1749,1752,1770
1728,1773,1754,1718,1792,1766,1758,1815
1775,1821,1853,1764,1790,1750,1829,1794
1697,1675,1724,1735,1681,1695,1736,1774
47,1723,45,1702,1713,1705,43,1726
1754,1766,1728,1815,1792,1788,1791,1781
1769,1773,1762,1728,1766,1754,1791,1718
1790,1821,1810,1794,1849,1752,1806,1802
1779,1852,1784,1756,1780,1759,1778,1816
48,1772,1706,47,1657,1723,45,1702
1791,1780,1873,1782,1784,1788,1795,1766
1784,1852,1780,1816,1778,1782,1756,1799
1782,1784,1873,1816,1791,1825,1813,1795
1818,1831,1796,1807,25,1801,27,23
1825,1816,1813,1836,1795,1811,1788,1838
1793,1803,1786,1804,44,42,1787,1798
1816,1799,1782,1813,1825,1873,1789,1820
1743,1742,1703,1746,1733,1729,1696,1720
42,1793,1823,1804,40,1798,1803,37
1853,1770,1821,1798,1829,1775,1823,1760
1795,1815,1831,1838,1781,1801,1796,1825
1797,1799,1812,1824,1820,1843,1839,1816
1810,1794,1806,1802,1849,1837,1812,1843
1873,1788,1766,1795,1782,1815,1831,1825
1767,1757,28,27,1781,1818,25,1815
1804,42,1823,1798,40,1787,1853,37
1837,1841,1802,1855,1843,1806,1861,1812
1838,1831,1825,1811,1801,1836,1808,1781
1807,1800,23,21,1805,19,1867,1808
1824,1839,1820,1842,1827,1826,1850,1813
1829,1853,37,1822,1882,1821,35,1832
1816,1820,1797,1813,1814,1824,1782,1836
21,19,1867,1805,1835,17,1809,1848
1796,1808,1805,1800,1807,1809,21,1817
1812,1843,1789,1797,1824,1855,1862,1827
1804,1734,1787,1793,1770,1853,1798,42
1798,1787,1853,1823,40,1829,1821,1770
1809,1835,1867,19,17,21,1848,1828
1802,1789,1812,1797,1843,1824,1837,1799
23,21,1800,19,1867,1805,1835,1808
1817,1809,1805,1828,1847,1800,1846,1835
1828,1835,1848,1846,17,1867,19,1856
1806,1802,1789,1794,1756,1812,1837,1843
1819,1838,1817,1808,1814,1847,1801,1828
1843,1824,1797,1827,1862,1842,1839,1855
1836,1814,1820,1819,1811,1833,1826,1817
1833,1819,1826,1834,1847,1840,1817,1850
1781,1831,1795,1801,1796,1838,1818,1757
1813,1825,1836,1820,1814,1811,1819,1797
1847,1828,1809,1856,1834,1846,1805,1844
25,1807,23,1796,21,1800,1801,19
1817,1847,1833,1834,1828,1808,1856,1840
1814,1826,1839,1833,1836,1850,1840,1819
1849,1829,1794,1790,1832,1837,1882,1841
35,1882,1869,33,1876,1832,31,1849
40,1798,37,1822,1829,35,1853,1882
1839,1842,1827,1820,1850,1826,1851,1866
1836,1811,1813,1819,1814,1838,1817,1808
1840,1850,1833,1830,1834,1859,1844,1819
1842,1866,1851,1879,1839,1850,1883,1859
1856,1846,1864,1845,1848,1844,1890,1894
1882,1832,1822,1849,35,1869,1876,1794
1857,1844,1858,1868,1870,1874,1845,1860
1801,1838,1796,1808,1807,1811,1805,1800
1876,1841,1869,1865,1794,1861,33,1837
1834,1840,1847,1844,1850,1856,1830,1817
1844,1856,1828,1845,1830,1857,1846,1870
17,1848,16,1900,1894,1846,14,1864
1811,1819,1814,1817,1833,1847,1838,1808
1855,1843,1802,1861,1862,1812,1886,1865
1801,1808,1817,1805,1796,1809,1819,1800
1842,1850,1826,1851,1840,1859,1830,1833
1830,1844,1834,1857,1859,1847,1856,1868
1861,1837,1855,1865,1886,1871,1862,31
1851,1850,1866,1859,1826,1860,1830,1840
1862,1855,1827,1824,1842,1797,1879,1886
1857,1845,1856,1870,1868,1890,1846,1878
1870,1890,1864,1878,1893,1896,1892,1868
1864,1848,1894,1845,1890,1896,1900,16
1834,1828,1856,1844,1846,1845,1809,1864
1900,16,1894,14,1864,1896,1902,12
1794,1832,1841,1837,1876,1861,1855,1865
1859,1840,1830,1851,1858,1857,1844,1834
1859,1860,1858,1830,1863,1883,1840,1872
1756,1784,1799,1816,1780,1789,1782,1813
1821,1829,1849,1775,1832,1882,1794,1822
44,1786,1783,1793,42,1741,1803,1804
1862,1886,1879,1871,1827,1880,1866,29
1845,1846,1864,1890,1870,1857,1878,1848
1868,1870,1874,1845,1878,1890,1872,1891
1868,1872,1857,1891,1874,1887,1875,1870
1858,1830,1860,1868,1857,1872,1844,1863
1863,1887,1858,1881,1872,1916,1885,20
1855,1886,1871,29,1880,1862,26,1879
1879,1827,1886,1866,1842,1824,1880,1883
1881,1885,20,1887,18,1916,1872,15
1890,1896,1894,1893,1902,1878,14,12
29,1861,1871,1886,26,1855,1880,24
1883,1851,1860,1863,1888,1859,1885,22
17,1835,16,1900,1848,1894,14,1846
1874,1872,1891,1870,1884,1878,1877,1898
33,1876,31,1865,29,1841,1861,1871
1878,1890,1874,1877,1892,1864,1893,1884
26,1880,1886,24,1879,1888,1862,22
1891,1875,1898,1874,1916,1903,1901,15
1782,1795,1825,1788,1811,1838,1816,1831
1884,1891,1877,1878,1899,1898,1897,1892
1903,1891,13,1901,1898,11,1899,1915
31,1865,1841,29,1861,1871,1886,1837
1897,1889,1892,1920,1904,1895,1899,1909
1892,1877,1893,1884,1895,1889,1897,1896
1866,1883,1888,24,22,1863,1851,1842
24,1879,1888,1883,22,1866,1885,20
18,1916,1887,15,1875,1872,1903,13
1869,1832,1876,33,1849,31,1865,1841
1888,1863,22,1885,20,1881,1860,18
1877,1897,1899,1889,1909,1898,1920,1892
20,1881,18,1916,1887,15,1875,1903
1880,1879,26,24,1883,1888,1866,22
1916,1875,1872,15,1903,1891,13,1901
22,1885,20,1863,1881,18,1860,1916
1920,1904,1909,1907,1910,1913,5,1917
1878,1893,1892,1896,1895,1894,1877,1902
1898,1899,1884,1901,1903,13,1897,1877
1895,1889,1904,1905,1897,1906,10,8
1892,1895,1906,12,10,1902,1905,1877
14,1896,1902,12,1893,1906,10,1895
1905,10,8,1906,1904,1889,1910,7
1902,1893,12,14,1906,10,1895,1892
1889,1920,1909,1917,1907,1904,1914,1908
1899,1901,1908,11,1915,1897,1909,9
1897,1909,1908,1920,1914,1917,1889,1915
14,1894,1902,1896,12,1906,1893,10
11,1915,1908,9,1899,1918,6,1914
12,1906,10,1895,1905,8,1892,1904
13,1901,11,1915,1898,9,1908,1918
1910,7,8,1905,5,1920,1913,1907
8,7,1910,5,1913,1920,1907,4
10,1905,8,1904,7,1910,1889,5
4,1913,5,2,1911,7,1,1912
9,1918,1914,6,1912,1909,1917,3
1917,1920,1907,1914,1911,4,2,1913
7,5,1913,4,1907,2,1911,1
1,2,1919,3,0,1917,1912,1914
3,1919,1911,1,0,2,4,6
4,2,1911,1,1912,1919,0,3
1912,1917,6,1911,3,1,2,1907
9,1918,1908,6,1914,1912,3,1909
15,1875,1903,13,1901,1891,11,1898
1907,1911,2,4,1912,1,1913,3
6,1912,1914,3,1919,1917,1911,0
0,3,1,1912,1911,6,2,1914
1907,1917,1913,4,5,1910,1914,2
1922,281,330,287,269,277,286,332
1921,281,330,287,269,277,286,332
1921,1922,1924,1925,281,330,287,269
1925,1922,1921,1923,281,330,287,269
1924,1922,1921,1923,281,330,287,269
1925,1924,1922,1921,1923,281,330,287
1926,1925,1924,1922,1921,1923,281,330
1929,281,1923,1921,1922,1924,1926,1925
1928,1923,281,1921,1922,1924,1926,1925
1927,1926,1925,1924,1922,1921,1923,1929
1930,1927,1926,1925,1924,1922,1921,1923
1933,1928,1929,281,1923,1921,1922,1924
1932,1928,1929,281,1923,1921,1922,1924
1931,1930,1927,1926,1925,1924,1922,1923
289,1934,1931,1930,1927,1977,1926,1925
1932,1933,1928,1929,1977,281,1923,1921
1935,289,1934,1931,1930,1977,1927,1926
1937,1935,289,1934,1931,1930,1977,1927
1976,1936,1932,1933,1928,1929,1977,281
1939,1976,1936,1932,1933,1928,1929,1977
1938,1937,289,1935,1934,1931,1977,1930
291,1940,1939,1976,1936,1932,1933,147
1944,1942,291,1940,1939,1976,1936,1932
1942,291,1940,1939,1976,1936,1932,1933
1941,1938,1937,289,1935,1934,1931,1977
1945,1941,1938,1937,289,1935,1934,1931
1943,1944,1942,291,1940,1939,1976,1936
1947,1943,1944,1942,291,1940,1939,1976
1946,1945,1941,1938,1937,1935,289,1934
1948,1947,1943,1944,1942,291,1940,1939
1949,1946,1945,355,1941,1938,1937,1935
1951,1949,1974,1946,1945,355,1941,1938
1952,1951,1974,1949,1946,1945,355,1941
1955,1953,1952,1974,1951,1949,1946,1945
1953,1952,1951,1974,1949,1946,1945,355
1978,1950,1948,1947,1943,1944,1942,291
1954,1955,1953,1952,1974,1951,1949,1946
1956,1978,1950,1948,1947,1943,1944,1942
1957,1954,1955,1953,1974,1952,1951,1949
1959,1957,1954,1955,1953,1974,1952,1951
1958,1956,1978,1950,1948,1947,1943,1944
1960,1959,1957,1954,1955,1953,1974,1952
293,1961,1958,1956,1978,1950,1948,1947
1962,1960,1959,1957,1954,1955,1953,1974
1963,293,1961,1958,1956,1978,1950,1966
1964,1962,1960,1959,1957,1954,1955,1953
1968,1965,1963,1975,293,1961,1958,1956
1967,1965,1975,1963,1961,293,1958,1956
1970,1968,1967,1965,1975,1963,1973,1961
1969,1968,1967,1975,1965,1973,1963,1961
1970,1969,1972,1975,1968,1967,1965,1973
1975,1971,1973,1970,1969,1968,1966,315
1966,1975,1964,1962,1970,1960,1969,1959
1951,1949,1945,1946,1941,1938,355,1937
1966,1964,1965,1962,1963,1960,1959,1961
1936,1932,1933,1928,1929,1977,281,1923
1934,1930,1929,1931,1927,1926,1928,1923
1950,1948,1947,1943,1944,1942,291,1940
1980,347,288,153,151,321,1963,1965
1979,347,288,153,151,321,1965,1963
1979,1980,1982,1983,347,288,153,151
1983,1980,1981,1979,347,288,321,153
1982,1980,1981,1979,347,288,321,153
1983,1982,1980,1981,1979,288,321,347
1981,1979,1980,1982,1983,1986,1984,347
1984,1983,1982,1980,1981,1979,1985,288
1985,1988,1981,1990,1979,1980,1982,1983
1990,1987,1981,1982,1985,1983,1980,1979
1986,1990,1988,1984,1983,1982,1981,1980
1982,1983,1986,1984,1981,1980,1979,1985
1025,972,893,940,1000,996,1123,993
2033,1991,1025,972,893,1000,940,1123
1994,2033,1991,1992,1995,1025,972,893
1993,2033,1992,1991,1995,1025,972,893
1992,2033,1991,1994,1993,1025,972,1000
1993,1994,2033,1992,1991,1995,1025,994
1996,1998,1993,1994,2033,1025,1992,1991
1996,1993,1994,1997,2033,1995,1992,1991
1997,1996,1998,1993,1994,2033,1025,1992
1998,1996,1999,1997,1993,1994,2033,1995
1999,1997,2002,2000,1996,938,1998,912
2000,938,1998,1996,1999,1997,2001,1993
2001,1999,1997,2004,2002,2000,938,1996
2002,2000,938,1998,1999,1997,2003,1996
2003,2001,1999,1997,2004,912,2002,2000
2005,2003,2001,1999,1997,2008,2004,912
2008,2004,2002,2000,938,2003,2001,1999
2004,2002,2000,938,1998,2003,1999,2001
2006,2005,2031,2003,2001,1999,2007,912
2009,2006,2031,2005,2003,2001,2007,1999
2007,2008,2031,2004,2002,2006,2003,2000
2010,2009,2006,2031,2005,2003,2001,2013
2011,2007,2008,2031,2004,2006,2005,2010
2015,1076,2012,2010,2009,2006,2031,2005
2012,2010,2009,2006,2031,2005,2003,2013
2013,2011,2007,2008,2031,2004,2006,2010
1076,2018,2014,2015,2012,2010,2009,2006
2014,1076,2017,2015,2012,2010,2009,2006
2016,2013,2011,2007,2008,2031,2004,2010
2017,1076,2018,2014,2015,2012,2010,2009
2019,2016,2013,2011,2007,2008,2031,2004
2021,2019,2016,2013,2011,2007,2008,2031
2020,2032,2017,2018,1076,2014,2015,2012
2022,2021,2025,2019,2016,2013,2011,2007
2022,2021,2024,2019,2016,2013,2011,2007
2023,2020,2032,2017,2018,1076,2014,2015
2026,2023,2020,2028,2032,2017,2018,1076
2027,2026,2032,2023,2018,2014,2020,2017
2028,2027,2026,2032,2030,2023,2018,2014
2024,2022,2025,2021,2029,2019,2028,2016
2006,2005,2003,2007,2001,2008,1999,2004
2018,2017,2020,2014,1076,2015,2012,2010
1991,1025,972,893,940,1000,1123,996
