627,2,1,637,625,618,4,3
627,0,3,626,625,2,559,618
627,0,1,637,4,618,622,625
1,627,0,2,626,5,625,617
637,2,627,0,1,3,622,6
626,3,1,627,0,2,637,4
4,637,2,627,0,625,1,626
617,5,626,3,625,1,627,0
6,622,4,637,618,2,627,0
595,7,617,5,626,3,559,625
9,595,7,617,5,3,626,559
10,9,595,7,617,5,611,3
568,8,6,622,4,637,618,2
11,10,9,595,7,525,617,5
485,13,11,10,534,9,595,7
534,9,595,7,525,617,5,611
14,485,13,11,15,10,534,9
16,449,14,15,485,13,534,492
12,568,8,539,6,622,546,4
538,10,11,492,13,485,14,449
17,15,16,534,449,9,526,14
15,20,534,9,17,526,595,7
18,588,12,568,8,535,539,6
533,19,538,492,11,10,13,485
22,18,588,12,556,568,8,535
553,23,533,484,19,538,492,514
24,612,22,569,18,588,556,12
737,25,553,426,23,533,484,429
600,26,598,24,612,605,22,569
376,27,737,346,426,25,553,429
565,28,600,523,26,598,558,24
540,29,376,346,27,737,429,426
620,30,522,565,28,572,523,600
412,31,540,29,346,309,376,27
32,570,663,620,532,30,522,565
334,33,336,412,31,314,540,309
592,34,488,663,32,570,513,532
35,334,33,272,412,336,31,258
561,36,632,592,488,34,663,513
37,233,35,225,334,33,272,412
301,39,278,37,233,35,225,334
597,38,561,566,36,632,592,528
664,41,597,38,561,566,36,632
42,664,41,597,38,561,566,36
358,40,312,301,39,284,278,37
43,42,664,41,597,38,561,566
44,358,40,312,301,39,284,278
45,43,711,42,664,41,560,597
46,473,44,333,358,40,312,301
47,771,45,713,43,711,42,668
772,49,47,771,45,713,43,711
48,46,473,44,333,358,40,312
785,50,772,49,47,771,45,730
51,586,48,581,46,473,687,44
52,785,50,772,49,47,771,45
660,53,51,586,48,581,46,473
1012,54,52,785,50,772,49,47
56,1012,54,835,52,901,785,50
643,660,55,53,582,51,586,551
57,56,1012,54,835,52,901,785
59,931,57,849,56,1012,54,835
731,643,58,582,660,551,53,55
1183,60,59,870,931,57,849,56
731,469,61,582,490,551,643,58
62,905,1183,60,870,59,931,894
585,423,63,469,490,731,61,405
1127,64,1045,62,1035,905,1183,60
450,423,65,585,490,63,405,469
66,1127,1033,64,1045,62,1035,905
474,67,450,423,487,65,461,490
1148,68,1109,66,1127,1033,64,1045
474,69,435,450,487,67,337,394
70,1148,68,1109,66,1127,1033,64
682,435,71,349,337,474,69,487
72,1172,1181,70,1148,1112,68,1109
408,73,682,349,410,71,435,337
1182,74,1172,1167,72,1181,1178,70
288,75,408,328,410,73,682,349
1176,76,1182,1189,1167,1172,74,1178
311,77,288,209,328,75,408,410
78,1176,1189,76,1182,1153,1167,1178
1188,80,1189,78,1153,1176,1180,1185
248,247,79,224,311,77,209,288
1186,1192,81,1187,1188,80,1153,1143
294,82,248,247,259,224,79,311
1190,1170,83,1186,1187,1143,1192,81
84,294,277,327,248,82,307,259
1191,1170,85,1190,83,1186,1143,1096
326,281,86,277,327,84,294,298
1161,87,1191,1108,1157,1170,85,1190
417,88,431,281,326,86,350,277
1137,1161,89,1149,1108,1157,1092,87
282,90,354,431,417,88,350,281
91,1137,1149,1092,1161,89,1157,1046
1115,93,1068,91,1137,1092,1149,1046
302,92,282,354,476,90,431,500
1113,94,1147,1115,1087,93,1068,1040
624,95,380,302,92,476,282,354
1152,96,1113,1080,1147,1087,94,1115
631,97,624,380,647,95,302,564
1141,98,1152,1080,1064,96,1113,1087
652,99,631,584,97,647,380,624
1139,100,1141,1064,98,1130,1080,1152
101,676,652,99,584,631,645,97
1146,102,1139,1171,100,1130,1064,1141
692,103,701,676,101,652,671,99
104,1146,1160,1171,102,1139,1082,1130
1175,106,1160,1146,104,1171,1120,1118
710,105,692,701,103,724,676,101
1163,107,1120,1175,1160,106,1118,1171
1119,109,1163,1120,1110,107,1071,1160
108,745,710,105,725,692,701,103
110,1119,1110,109,1120,1049,1163,1111
1121,1076,112,1111,1110,110,1119,1049
841,111,745,108,818,805,710,105
1076,113,1121,1111,1066,112,1049,1110
1083,115,1066,1076,1069,1111,113,1121
907,114,811,841,111,818,745,843
1083,116,1069,1066,1116,115,1076,1111
921,117,907,839,114,811,899,841
921,839,119,117,899,907,811,843
1072,118,1083,1116,116,1069,1155,1066
974,899,120,839,843,921,793,885
935,899,122,885,974,793,843,839
885,887,935,123,808,793,899,876
1128,121,1174,1072,1155,118,1116,1169
977,887,124,875,885,876,935,808
1135,125,1174,1128,1124,121,1169,1155
913,977,126,875,953,887,924,124
1173,127,1135,1124,1174,125,1128,1062
1014,913,128,924,953,977,126,875
1073,129,1173,1124,1062,127,1135,1174
928,130,1014,924,913,128,970,953
1154,131,1114,1073,1062,129,1085,1173
976,928,132,969,970,1014,924,130
1166,133,1086,1114,1154,131,1085,997
976,134,969,1032,928,970,132,984
1086,135,1166,997,1114,133,1052,1154
1017,136,1032,969,1095,976,134,984
1099,137,1086,1052,997,135,1166,1142
1097,1095,138,1032,1017,1075,136,969
1150,139,1052,1099,1142,137,997,1086
1095,140,1151,1097,1101,138,1088,1032
1145,141,1150,1052,1142,139,1101,1140
1126,1151,142,1101,1095,140,1088,1145
1145,143,1151,1101,144,141,1142,1150
1177,145,144,1151,1145,1126,1101,143
152,148,177,167,163,151,155,162
163,150,157,155,175,169,252,159
147,152,151,155,148,163,201,177
173,159,175,158,165,274,172,189
155,152,201,265,252,163,185,148
163,155,148,252,175,201,150,167
149,166,151,147,152,244,155,201
244,153,147,149,181,177,183,152
252,163,185,175,189,254,150,173
244,181,154,177,147,174,153,149
159,160,150,221,158,170,165,179
172,165,235,210,274,217,330,213
165,170,221,158,210,173,172,213
221,159,179,170,184,255,165,150
154,153,183,156,149,244,147,166
169,167,157,263,160,148,198,159
175,150,252,173,189,157,185,158
168,156,154,191,161,181,244,206
210,213,172,231,330,217,218,235
151,223,265,149,201,155,152,321
157,148,169,150,160,159,163,263
161,154,156,153,244,191,183,181
160,157,263,159,221,179,226,150
184,231,165,213,186,210,190,232
198,263,162,169,226,160,179,240
217,235,210,330,283,305,262,213
274,158,235,172,215,217,165,210
177,238,162,171,167,169,147,198
173,189,274,158,215,235,207,172
178,164,197,168,271,208,161,191
162,167,148,169,157,171,152,163
271,208,164,191,206,187,168,156
221,184,192,170,220,159,295,186
223,166,321,265,153,411,151,249
174,177,244,238,162,147,167,171
208,187,178,206,271,234,191,216
166,153,180,149,151,223,265,147
186,231,190,295,258,213,222,165
189,207,339,175,205,215,274,406
190,222,232,213,258,314,230,296
234,208,206,253,371,243,191,271
238,257,171,198,353,174,304,162
274,207,215,173,205,235,324,372
222,314,230,336,232,309,242,334
181,156,196,174,371,244,238,177
295,184,225,190,258,186,272,170
211,183,161,153,168,180,166,154
216,187,182,308,253,234,208,195
178,182,176,208,271,187,316,164
238,188,174,171,181,289,257,162
168,193,161,164,154,153,211,183
226,240,263,255,179,169,160,266
193,197,211,381,161,168,183,204
410,308,194,216,349,250,337,253
254,155,185,252,339,189,207,260
195,176,316,178,182,303,197,271
195,250,182,202,178,194,208,187
239,211,407,180,414,223,183,360
372,324,215,373,397,338,318,305
371,191,196,243,181,238,188,174
205,372,251,215,324,274,397,373
206,271,191,234,164,371,181,196
246,328,288,200,410,77,269,408
213,330,218,217,231,283,313,232
180,183,239,166,153,223,161,407
203,214,256,195,250,202,269,236
218,232,330,279,296,222,313,217
203,202,195,178,182,176,250,316
324,305,235,318,372,373,262,338
253,234,187,275,243,371,206,337
283,330,262,305,482,218,313,355
279,313,283,296,306,315,355,587
293,212,214,203,256,236,286,202
192,225,295,278,184,233,272,258
170,184,192,231,165,186,213,190
230,232,242,296,309,310,287,345
321,265,249,254,201,527,151,260
209,79,311,288,246,328,77,200
233,272,295,334,35,258,37,336
255,179,220,221,160,192,184,270
286,219,212,256,273,269,293,203
285,227,229,219,448,286,273,395
273,259,227,286,285,246,256,224
242,309,310,345,370,296,287,346
213,186,232,222,190,218,296,279
296,279,218,306,242,230,287,313
37,35,334,272,295,33,336,258
371,206,243,196,275,191,188,289
217,305,262,283,330,210,318,324
264,202,214,316,300,176,303,195
381,199,211,204,193,329,197,180
171,162,198,257,177,169,263,167
180,414,321,223,411,166,249,527
255,226,220,179,263,270,192,280
421,199,237,303,197,381,316,276
310,345,287,261,370,425,297,306
289,188,369,196,238,352,257,353
147,177,174,149,148,167,162,152
398,332,241,300,392,267,421,319
269,200,328,256,194,288,410,250
79,311,224,77,288,209,328,75
224,247,79,311,209,273,77,288
292,260,254,368,335,339,406,201
194,182,187,216,195,208,234,178
366,397,372,205,373,459,400,324
189,185,175,173,207,274,150,215
234,243,275,371,369,206,289,196
260,339,185,207,406,252,335,189
220,179,192,270,184,221,295,225
269,250,203,194,214,182,195,200
198,304,240,171,226,266,263,255
190,314,336,334,230,222,309,35
273,248,224,82,209,246,247,286
339,406,335,207,383,251,185,320
348,297,363,425,630,447,419,403
482,283,331,291,355,451,313,362
160,226,179,221,255,157,159,170
316,303,202,176,197,241,199,195
201,254,249,260,155,185,339,252
280,240,270,220,255,284,226,278
264,236,300,303,316,202,241,214
638,382,304,266,344,280,257,422
194,250,200,203,216,328,182,187
220,278,225,233,192,295,301,39
164,191,156,206,168,181,154,244
258,334,336,35,314,190,33,412
286,246,209,224,269,256,328,200
235,215,172,305,217,205,324,318
369,243,289,394,352,371,377,353
381,329,237,204,462,407,211,360
327,307,294,259,84,418,248,229
233,301,39,37,225,35,272,334
306,313,296,315,428,287,587,355
284,270,312,278,220,333,40,233
277,326,298,86,327,307,418,294
90,431,417,350,281,88,298,326
482,355,313,331,587,279,451,315
278,270,301,40,39,233,358,225
219,448,227,212,293,299,286,256
256,269,246,212,250,209,203,194
261,297,345,428,363,348,425,385
328,408,75,410,349,200,73,682
353,352,188,257,304,268,198,238
276,322,421,329,381,555,462,237
331,481,416,482,451,391,437,433
260,335,320,406,254,339,383,359
214,236,212,202,203,267,195,264
248,82,259,247,224,79,311,273
258,272,190,314,334,336,186,35
306,287,242,428,297,315,261,345
363,348,385,419,630,317,403,21
418,277,307,347,342,327,229,326
293,219,343,267,236,398,264,214
303,264,241,316,199,197,237,421
39,37,233,35,225,334,33,272
92,354,476,282,500,431,350,90
197,316,199,176,193,168,237,161
266,382,240,280,198,226,220,255
318,262,291,283,482,331,338,362
428,315,287,297,261,587,317,385
229,259,327,342,273,228,294,248
337,216,275,253,435,394,369,234
310,346,370,242,540,345,429,31
345,370,425,346,261,429,287,348
77,288,75,408,328,209,410,73
40,358,284,301,278,39,233,270
355,315,587,306,428,296,325,317
230,309,222,242,310,412,33,346
428,587,317,325,385,356,297,287
176,197,168,164,199,178,271,193
486,385,356,464,463,472,478,363
291,338,362,262,331,482,283,391
421,290,276,237,381,241,322,329
359,335,420,383,619,379,406,446
249,527,265,292,454,254,260,368
462,329,276,507,545,360,407,381
374,228,427,342,285,395,448,404
373,338,318,305,362,400,291,262
356,472,317,511,486,478,464,493
86,277,84,327,294,307,248,82
294,84,259,248,82,224,229,247
410,200,408,349,308,75,194,73
407,204,360,239,460,414,413,211
283,218,313,279,262,355,482,232
451,481,355,416,511,433,325,587
241,421,319,237,300,276,199,290
44,473,312,358,46,40,284,301
336,33,412,314,31,309,540,346
406,383,359,339,251,366,379,459
314,412,309,33,230,540,31,346
394,275,487,369,377,253,474,352
362,401,291,391,453,331,416,262
406,207,251,205,383,372,189,366
361,298,347,418,323,342,434,281
392,319,378,290,421,332,322,498
228,229,227,285,259,374,273,286
398,375,267,245,300,470,236,264
280,333,312,687,284,44,473,266
261,425,348,297,447,429,630,363
376,429,370,426,737,27,425,345
342,323,228,229,307,374,285,227
630,447,363,351,403,419,17,20
337,682,435,308,71,394,474,487
431,340,298,281,418,417,393,347
17,16,20,449,14,514,21,485
353,268,304,638,382,367,257,188
304,268,257,382,266,240,638,198
350,431,282,90,365,281,340,417
587,451,325,315,472,481,356,317
486,464,478,385,493,463,526,525
420,320,471,359,446,480,619,335
40,301,39,278,37,233,225,35
619,379,383,446,445,459,366,388
407,460,413,414,509,537,239,456
323,434,347,427,418,374,342,298
291,391,416,331,453,437,481,482
419,630,403,385,21,20,463,351
386,470,392,375,341,245,332,319
393,340,350,440,361,431,298,505
459,397,400,432,372,373,388,442
638,344,422,268,424,382,687,280
292,320,357,335,260,359,420,406
352,289,353,377,268,188,257,304
429,425,345,447,261,348,426,390
243,196,188,238,289,174,369,181
373,324,397,400,338,318,459,362
338,400,401,362,318,391,291,305
448,395,285,228,219,299,404,227
470,245,398,332,392,241,267,300
737,27,426,429,553,370,25,484
461,352,367,268,405,638,353,289
498,322,290,555,567,319,276,462
459,388,366,445,432,518,397,516
624,302,95,476,554,354,92,499
204,329,211,407,239,462,180,193
280,266,344,284,270,240,220,312
366,251,379,459,397,619,372,432
378,341,662,498,548,392,290,322
486,463,419,21,464,15,534,526
341,392,384,470,319,378,375,290
364,386,396,470,375,392,341,399
432,542,439,516,442,468,521,452
387,364,399,375,386,470,392,396
514,449,16,14,351,630,485,17
437,416,441,458,438,477,481,433
319,332,421,290,276,378,241,237
361,340,434,505,323,347,483,427
487,377,369,352,461,367,450,268
448,299,285,219,293,343,267,227
384,386,510,341,544,364,378,392
400,373,338,324,432,401,442,362
267,300,241,264,332,303,236,316
375,343,245,470,364,398,267,299
401,338,442,453,362,391,436,439
453,391,436,362,441,477,437,452
357,444,471,420,613,368,480,320
20,17,351,21,16,15,534,449
395,299,448,343,399,267,219,285
367,424,422,469,551,638,687,344
251,383,207,366,372,397,205,359
460,414,239,411,537,509,454,180
73,349,682,410,435,71,337,308
368,357,402,527,320,292,420,249
349,308,337,682,73,435,216,194
527,321,454,249,368,292,223,409
31,540,346,309,29,376,370,230
509,456,460,496,537,407,414,580
411,454,537,321,527,409,368,249
399,404,343,389,375,395,299,398
437,481,438,433,511,458,501,443
88,281,326,86,277,298,327,84
342,347,307,229,228,323,259,327
21,403,20,463,15,17,534,351
446,359,619,494,480,518,445,379
237,276,381,199,204,329,211,322
687,344,333,473,581,312,44,46
585,490,469,63,405,731,461,424
551,687,422,581,344,333,582,473
447,348,390,630,351,426,484,16
484,553,25,533,390,23,514,447
395,404,374,448,299,415,285,228
297,317,385,363,486,261,356,419
426,425,390,484,447,553,348,25
440,393,365,505,519,361,434,340
281,417,298,88,277,340,326,418
442,439,400,542,436,401,452,453
511,438,493,501,472,489,579,443
427,323,504,374,395,347,404,550
337,474,487,394,69,450,377,461
453,477,452,441,479,391,458,558
458,438,443,433,491,501,579,512
501,443,579,493,491,515,583,489
452,442,521,468,436,558,572,477
505,393,434,361,483,524,340,504
458,437,512,479,491,443,438,515
436,452,401,453,477,521,441,391
491,515,579,501,535,546,539,583
613,471,480,455,357,420,494,446
516,388,542,459,432,439,468,513
518,619,445,475,516,379,388,528
390,351,630,16,17,449,403,514
219,299,293,227,212,236,214,267
14,16,485,13,492,11,538,10
423,461,487,405,490,65,585,377
481,511,325,472,433,587,416,493
477,558,479,453,605,441,523,512
391,441,477,437,458,479,416,512
409,368,527,292,249,357,402,320
480,566,560,528,494,471,632,597
580,496,529,509,575,495,537,460
387,396,386,389,364,510,384,341
443,491,438,512,515,579,535,501
432,388,397,400,442,439,542,373
414,537,509,454,411,467,409,496
405,367,490,424,638,268,422,352
360,329,407,413,460,635,204,414
15,534,21,526,9,20,403,595
526,463,525,9,534,15,595,7
520,503,563,389,550,387,506,457
530,531,430,440,519,365,499,393
409,402,454,357,368,549,444,527
572,521,522,523,558,452,565,570
731,551,582,61,424,643,581,687
392,245,332,319,341,398,421,241
480,420,494,446,518,528,619,475
356,493,478,464,486,489,525,526
46,44,358,40,312,301,284,39
450,487,67,461,423,394,405,65
513,488,516,532,445,663,542,592
500,499,354,365,350,282,92,531
441,479,512,458,558,437,491,605
464,489,525,526,611,595,9,7
512,605,569,556,491,458,598,612
494,528,566,446,475,518,632,513
433,511,438,472,493,437,325,501
355,331,451,587,313,481,325,511
504,434,550,427,520,415,404,557
533,514,390,485,13,492,23,14
13,11,10,9,595,7,525,617
464,463,526,478,15,534,21,9
461,377,405,367,352,369,423,490
513,663,592,34,532,570,32,522
611,583,559,525,642,625,617,5
405,469,424,551,731,367,422,687
515,535,556,579,539,546,501,568
11,13,485,10,14,16,15,534
489,478,501,583,611,464,525,559
528,475,446,518,566,513,619,632
467,402,549,409,444,357,508,454
495,467,537,402,549,536,409,454
457,396,510,387,573,384,386,544
555,567,322,545,290,615,507,462
500,365,354,430,350,393,340,440
354,350,365,431,340,282,393,430
579,583,489,642,515,559,546,611
557,517,465,503,520,506,547,563
506,457,387,389,563,497,364,396
427,550,404,415,395,520,563,399
483,434,504,361,427,541,323,550
457,497,387,614,396,389,386,510
413,635,360,462,456,680,509,460
604,613,444,455,576,480,560,471
496,537,467,495,454,409,414,529
544,384,589,662,548,378,386,341
493,472,478,356,438,489,501,464
491,556,535,569,515,443,588,539
532,663,516,592,34,570,522,468
14,449,485,13,492,16,11,538
535,579,546,539,642,622,618,583
542,468,532,439,521,432,572,663
503,506,547,465,557,457,497,520
445,516,475,513,388,542,532,468
524,505,483,440,541,434,393,562
550,563,415,389,503,399,387,375
558,452,572,523,605,479,436,477
620,565,30,572,28,523,600,521
598,605,600,28,26,612,569,24
541,483,562,505,629,504,550,557
595,7,611,617,5,9,559,626
9,534,595,525,15,7,617,5
249,292,368,260,335,320,254,265
475,632,488,513,518,561,36,663
496,536,495,549,467,402,508,552
519,430,440,505,524,393,607,483
430,499,365,530,440,393,500,519
522,468,570,572,32,620,30,565
492,19,538,11,13,485,514,10
9,595,7,525,617,5,611,626
539,568,8,546,12,588,622,6
552,508,549,495,613,604,444,602
454,467,409,411,495,368,527,402
11,10,492,13,485,14,16,15
622,8,6,568,12,4,618,637
29,376,346,737,27,429,426,370
483,550,557,520,504,465,502,415
439,468,521,452,572,442,532,558
531,466,554,430,499,530,591,365
662,548,384,378,498,567,599,341
610,507,635,413,680,456,628,462
618,642,539,622,637,4,6,559
506,634,497,614,503,457,639,573
662,599,567,498,615,378,555,669
444,402,508,613,471,604,480,455
415,563,399,404,427,389,343,503
582,581,687,586,48,422,51,473
602,508,576,604,616,613,549,655
23,533,484,19,492,538,514,11
499,476,531,500,365,466,430,354
322,545,507,462,635,610,360,329
588,535,568,12,18,539,8,515
465,520,550,503,563,389,415,506
605,523,479,598,569,612,600,26
625,626,3,618,5,617,1,627
41,597,664,566,42,38,561,632
36,592,488,34,663,513,32,570
629,541,557,502,1007,520,483,465
389,399,415,387,375,364,343,457
554,380,476,499,543,624,531,302
28,523,600,26,598,558,605,24
632,597,528,561,38,488,36,475
615,555,545,610,507,322,635,669
8,6,622,4,637,618,2,642
612,588,556,22,18,24,12,535
32,620,30,522,565,28,572,523
1007,629,562,502,608,557,517,651
523,558,565,620,30,28,598,605
589,510,544,596,714,548,396,384
599,683,548,669,615,672,691,567
577,529,536,644,552,496,495,549
604,560,668,455,613,711,41,664
644,552,536,699,529,602,636,508
686,601,577,575,700,580,644,699
546,583,642,618,559,489,535,539
575,529,496,536,577,495,509,686
48,46,473,586,51,44,333,358
586,51,581,660,53,48,55,687
559,642,611,625,546,618,626,525
647,631,594,99,380,564,97,624
63,469,731,61,490,551,582,643
51,48,46,473,44,333,358,40
325,317,356,472,428,486,385,511
18,12,568,8,539,6,622,546
548,714,544,662,574,599,384,567
554,543,564,531,499,466,476,380
593,530,466,519,607,654,524,430
34,663,32,570,532,620,522,30
607,524,519,530,562,658,541,483
564,647,590,554,648,380,543,476
7,617,5,626,3,625,1,627
714,589,574,705,548,599,683,544
38,561,632,36,592,528,488,34
612,26,24,569,22,588,18,556
615,669,567,628,610,672,545,498
26,598,24,612,22,569,18,588
700,686,739,577,699,644,693,575
616,576,655,604,668,508,677,560
596,573,589,675,714,510,548,544
613,455,560,444,668,566,480,597
569,598,612,600,22,26,24,588
719,571,658,1007,608,712,629,651
524,562,541,519,629,571,483,557
1007,517,502,547,629,506,621,503
675,705,596,708,603,726,714,694
680,635,456,507,580,413,641,360
559,617,5,625,626,642,3,7
22,24,588,18,556,12,568,535
455,480,471,494,566,560,528,420
573,497,510,396,603,589,457,544
610,545,628,635,680,555,507,456
576,668,677,711,560,604,42,664
5,626,3,625,1,627,0,2
637,4,2,622,625,627,6,0
445,379,518,388,459,516,432,542
30,565,28,600,523,26,598,558
634,547,665,639,614,497,506,517
6,4,637,2,627,0,625,1
594,590,648,564,647,543,656,554
95,302,92,476,354,282,500,90
626,3,1,627,5,0,637,2
3,1,627,0,2,637,4,625
0,1,2,637,625,618,3,626
680,641,610,580,635,456,578,575
557,502,541,465,520,517,503,550
403,351,17,20,419,16,21,449
97,380,624,95,302,564,476,92
488,561,36,592,513,475,34,663
621,665,697,547,634,608,639,696
614,639,573,497,603,506,510,673
456,413,680,580,509,360,496,529
655,602,688,616,552,677,576,804
2,627,0,1,3,4,618,622
344,382,280,422,266,304,284,333
603,573,614,673,596,589,609,497
641,628,578,680,580,575,601,610
580,578,680,575,577,456,529,686
559,618,625,637,626,622,627,2
660,53,582,55,51,586,551,48
552,602,636,536,693,616,576,655
716,584,594,647,623,564,652,101
591,685,466,543,530,593,531,666
564,380,631,554,590,97,624,476
656,590,543,646,466,554,531,564
667,648,656,623,590,678,543,646
697,633,665,812,621,696,639,651
608,633,547,621,517,1007,502,506
99,631,584,97,380,647,624,95
741,784,601,775,700,578,739,686
658,607,593,562,571,606,524,629
616,677,668,730,711,576,713,690
646,543,466,590,591,531,685,530
633,650,651,621,697,719,665,608
571,562,607,629,1007,719,502,524
661,716,623,649,645,671,681,594
53,51,586,48,581,46,473,687
623,649,716,648,667,590,594,656
498,567,378,555,599,615,322,545
532,570,32,522,620,30,572,468
41,597,38,561,566,36,632,592
639,634,673,603,614,573,702,547
744,654,593,658,703,607,591,606
656,678,648,646,543,685,591,590
560,711,664,42,41,43,597,713
628,640,615,610,641,766,680,545
695,753,678,667,698,649,685,656
645,676,716,584,103,594,647,101
669,640,766,628,784,641,578,615
609,603,675,704,596,573,705,708
724,717,671,659,707,645,716,701
705,596,708,714,574,683,694,589
101,584,645,652,99,631,647,716
730,713,711,43,668,45,771,42
685,646,698,656,591,666,593,648
681,661,659,649,667,623,670,648
456,580,529,575,413,496,509,578
670,649,667,661,678,695,656,648
435,71,337,474,69,487,394,308
691,672,669,770,599,766,640,615
657,650,723,633,712,697,812,621
666,593,591,654,744,607,658,530
577,644,699,575,739,636,552,693
581,473,333,46,44,48,312,358
655,677,730,690,616,713,602,771
715,679,681,659,749,670,661,649
730,771,47,772,713,677,45,49
672,766,754,669,640,784,653,628
103,676,101,652,671,99,584,645
636,688,722,655,804,602,616,677
770,683,691,757,890,766,754,672
678,698,685,667,666,738,646,746
665,702,673,750,639,609,621,704
696,665,639,621,673,634,702,750
666,685,746,744,654,703,593,646
636,693,644,602,655,688,552,722
739,686,699,693,728,644,636,577
692,676,103,671,101,652,645,717
609,673,704,675,603,708,705,639
744,606,729,658,654,571,719,1007
609,708,726,675,705,694,806,879
683,694,574,714,691,770,599,672
768,703,729,606,744,719,658,733
689,679,659,715,661,681,717,649
694,705,806,683,770,757,691,596
751,704,995,726,879,702,708,609
105,701,692,103,724,676,671,101
43,42,664,45,41,560,597,38
719,651,657,608,633,621,1007,650
45,43,711,47,42,664,41,560
574,548,599,544,662,683,567,615
749,681,670,679,769,753,667,695
623,594,647,584,590,564,648,649
671,716,645,659,676,661,623,584
789,763,721,674,725,752,707,748
608,651,1007,571,517,502,633,629
748,742,715,689,749,707,679,681
707,674,659,717,679,689,724,671
804,688,734,690,636,655,730,677
812,650,697,696,657,783,633,665
671,701,717,676,645,105,692,103
724,674,710,701,671,721,717,108
806,708,788,694,705,757,770,787
723,684,650,812,657,836,697,733
722,693,804,736,688,734,699,636
606,719,712,733,608,571,651,658
713,771,45,47,43,711,772,49
582,643,58,551,660,53,586,51
767,718,815,789,763,818,752,805
712,657,684,719,651,633,650,608
804,690,797,688,730,772,771,901
728,776,739,722,700,736,693,821
734,801,797,722,804,842,901,690
426,553,25,429,484,533,23,390
746,760,698,706,703,666,744,782
728,693,699,722,776,636,688,804
684,733,657,727,712,723,650,829
700,601,775,739,686,735,728,699
749,715,817,689,769,670,681,753
807,803,653,754,790,741,784,775
654,658,606,571,729,607,593,562
108,710,725,105,701,724,692,103
703,744,706,666,654,768,606,658
768,740,706,733,729,712,703,657
689,707,715,679,721,742,681,659
769,670,753,681,774,695,679,678
709,702,704,756,751,609,673,995
879,726,704,788,963,806,708,694
763,748,720,707,721,689,715,679
695,738,698,762,678,746,760,666
653,766,784,807,672,741,601,640
765,720,794,742,752,964,748,715
995,709,751,879,816,726,963,704
890,770,799,754,743,691,766,853
755,752,720,748,765,763,742,689
740,822,727,684,898,747,829,733
746,706,782,703,768,744,747,698
747,759,740,782,768,733,822,706
738,760,764,746,782,706,698,798
721,707,748,674,689,720,679,659
782,760,798,706,738,747,746,768
794,964,742,720,817,749,715,781
784,640,653,578,601,641,741,628
718,752,763,758,815,789,721,748
729,703,733,606,712,719,740,744
774,753,762,670,738,695,698,760
691,766,754,890,672,784,743,653
47,45,713,43,711,42,668,664
49,47,771,45,713,43,711,42
964,765,794,819,755,817,781,742
762,753,738,760,780,764,746,695
735,739,728,700,776,601,826,722
736,728,821,722,734,804,801,915
814,761,759,798,822,740,747,820
750,796,783,756,709,904,751,995
774,780,762,830,764,769,738,827
764,798,762,782,760,761,747,738
817,792,791,769,779,774,809,749
747,706,768,746,729,703,733,740
750,696,702,709,697,673,704,609
601,578,640,741,686,641,700,577
50,772,49,47,771,45,713,43
799,853,757,890,743,803,824,871
786,802,788,799,868,853,757,806
806,786,757,694,708,802,799,890
725,674,721,724,763,717,707,745
966,807,823,775,735,848,826,741
779,774,769,762,753,780,738,749
779,791,809,817,774,769,854,830
843,732,815,818,767,718,813,805
817,742,781,749,769,720,715,791
838,758,813,755,752,767,765,720
756,904,995,709,869,751,816,750
772,690,49,785,50,47,771,730
761,782,747,768,760,706,759,740
890,803,743,824,807,790,754,653
838,773,755,795,861,765,758,964
901,797,734,785,50,835,772,52
868,786,853,799,871,893,824,757
807,790,966,653,880,775,823,754
688,690,730,677,655,797,771,713
725,745,789,724,718,674,111,710
694,757,770,786,705,890,691,683
775,653,741,823,966,735,739,601
793,732,767,813,863,843,795,815
779,830,780,791,827,774,764,762
878,827,777,830,862,1013,814,798
114,818,841,111,805,745,815,108
696,697,783,665,750,702,673,778
767,758,752,732,763,838,718,755
759,822,898,761,740,727,829,840
805,789,718,725,674,745,721,763
963,851,879,787,788,751,833,726
769,791,749,774,779,753,715,762
815,805,745,725,789,841,718,111
964,781,792,817,794,765,837,791
898,840,822,814,860,852,829,759
736,915,801,846,842,734,797,901
898,727,829,852,740,723,684,850
826,735,775,834,776,728,821,739
880,803,790,966,848,807,823,882
820,860,840,898,855,936,814,822
776,821,735,844,736,728,915,846
798,777,761,780,764,747,782,862
919,874,800,838,906,795,863,1019
727,723,836,812,684,831,650,783
827,780,798,764,777,761,762,782
778,783,750,812,796,709,857,696
820,825,862,814,840,898,822,777
981,802,787,868,786,853,788,893
826,844,821,776,846,867,915,736
54,52,1012,785,56,50,797,772
831,812,783,723,778,865,750,696
809,792,854,779,781,830,791,909
755,758,765,773,720,752,964,794
811,843,907,117,818,114,793,841
852,855,898,850,829,822,859,836
111,745,108,805,710,105,725,701
901,801,835,52,785,54,797,1012
818,815,732,811,805,718,789,767
846,821,915,866,847,842,1059,736
819,792,837,781,964,873,817,809
915,847,1059,842,801,835,849,894
842,835,849,1012,54,901,56,52
917,966,834,826,823,933,844,821
56,931,57,1012,54,835,59,52
900,836,831,829,865,903,778,812
833,787,963,981,802,896,879,786
829,850,836,727,831,900,723,812
799,824,803,872,790,890,743,880
909,830,809,810,827,779,780,798
850,859,900,852,903,836,865,829
845,873,837,819,792,781,809,854
796,883,980,904,778,756,869,995
895,909,854,810,837,830,878,809
903,900,850,865,940,852,886,857
936,855,840,918,859,850,852,898
891,819,773,964,845,856,765,781
814,777,820,759,822,825,898,761
874,795,813,838,767,758,800,732
863,874,876,828,795,838,813,919
857,778,831,796,883,756,904,750
1059,846,894,847,849,949,915,842
866,844,846,938,1059,902,847,915
871,893,853,944,824,872,786,799
910,851,816,995,888,963,833,756
59,931,57,60,1183,849,56,1012
872,824,853,880,889,799,882,803
880,882,824,848,966,1133,917,923
858,837,854,909,809,908,792,895
795,838,800,813,758,755,906,773
876,887,864,863,808,124,927,874
863,808,813,874,795,767,793,732
910,869,888,916,851,904,912,816
1013,862,832,777,814,820,827,825
963,788,726,806,787,786,708,757
848,966,790,823,917,834,826,1133
1013,892,832,825,878,920,820,862
1133,917,848,880,948,933,966,834
904,869,796,756,877,816,995,910
929,873,858,856,908,968,837,854
793,808,899,843,876,732,767,815
967,857,980,883,978,865,986,796
876,808,885,863,935,793,123,864
896,851,981,833,943,802,868,787
882,923,872,1133,880,917,948,848
743,754,803,653,807,766,784,691
845,856,819,964,773,792,837,781
920,825,860,832,936,820,932,840
944,871,889,872,853,1105,1038,824
870,1059,849,931,57,59,56,847
909,810,878,897,854,1013,862,881
981,943,833,868,893,802,956,944
881,1013,878,832,892,810,862,825
852,829,727,850,855,836,723,740
843,839,793,818,811,815,921,808
865,831,857,836,778,886,796,783
785,50,52,835,797,772,49,54
949,938,1035,894,905,870,866,1059
900,886,865,857,946,967,831,796
995,869,756,816,879,751,851,963
1183,62,60,870,59,894,931,57
800,861,773,891,838,964,819,755
114,811,841,111,818,745,108,805
957,895,858,1001,897,909,810,878
810,830,827,878,809,777,780,862
851,888,833,816,896,981,912,787
828,919,874,800,864,906,971,1019
943,896,888,979,981,972,833,956
977,126,875,953,887,124,876,864
884,856,873,891,845,929,837,858
842,801,847,736,901,835,797,1059
934,912,888,979,896,910,943,993
933,834,844,867,1102,826,823,846
955,859,903,855,940,989,900,850
800,906,1019,874,838,861,773,795
860,936,825,918,855,840,961,820
117,907,839,114,811,841,843,111
926,892,939,920,932,881,825,936
1133,948,1090,882,1168,917,1102,933
953,913,927,965,875,864,911,1024
914,884,941,958,929,873,856,858
920,932,892,936,860,952,825,961
911,828,864,874,919,863,1005,800
924,1014,970,130,953,913,965,128
908,858,873,957,895,909,854,1001
999,958,945,914,891,925,856,861
57,59,56,1012,54,835,52,901
961,936,920,918,860,1015,955,859
867,844,834,990,846,866,938,826
979,912,943,993,888,896,972,1070
899,885,122,793,974,843,808,839
918,859,855,955,840,903,850,900
925,941,951,884,999,914,929,1009
866,894,949,1059,870,849,846,847
1002,952,926,1018,932,961,1055,920
946,886,903,967,978,857,1008,900
929,968,884,908,858,914,957,873
987,937,960,925,951,1077,999,1022
972,956,893,981,944,868,833,1038
889,1105,871,872,882,923,1098,1133
891,958,861,999,906,856,914,845
967,978,886,1008,986,980,857,1025
1077,983,960,942,930,999,1006,925
1102,933,917,990,867,848,1060,844
894,870,905,931,59,1059,60,1183
916,877,910,888,912,934,869,896
941,1009,968,929,1011,925,884,908
961,932,1015,955,918,1057,1023,936
875,864,927,876,887,863,874,828
1035,902,1033,949,905,1045,938,64
989,940,903,859,946,994,886,900
944,1038,1105,893,889,1098,923,868
1001,897,895,858,881,1036,878,1013
914,856,891,845,884,861,873,819
916,934,950,975,912,979,877,993
999,925,937,930,914,958,884,945
1015,955,918,936,1023,989,859,940
1002,939,1056,1018,952,1055,922,926
787,788,786,833,726,806,802,757
794,781,817,742,792,769,791,749
911,927,1005,828,1021,919,953,864
823,826,834,735,775,917,776,821
980,986,883,877,857,869,950,985
908,1000,929,957,1001,858,1053,895
970,984,928,1024,965,1075,1103,924
965,1024,924,927,911,953,1021,1103
1019,906,945,919,861,930,800,828
956,1038,1091,944,1105,893,1098,889
942,987,992,1037,947,1022,937,960
120,899,839,921,843,119,117,907
993,979,934,996,916,912,1070,972
928,969,970,132,924,1014,984,130
887,124,875,885,876,935,808,123
986,967,985,980,877,950,988,883
972,943,1070,896,956,888,1030,1038
883,877,869,904,910,950,796,851
868,802,893,787,871,853,786,944
962,1056,1002,939,1055,1018,1004,1071
1006,1077,930,945,971,960,999,1019
1103,1024,1021,970,965,1079,1016,1005
959,950,916,877,934,1003,912,980
877,950,985,980,916,910,959,869
937,951,1022,1009,941,960,925,1093
959,985,1003,916,934,950,975,986
940,946,994,886,903,1008,978,967
1060,902,938,867,954,866,949,894
973,1047,1085,1027,1037,1063,942,992
942,947,960,1077,987,937,983,925
979,1070,972,1030,1091,912,943,956
1008,946,978,940,1025,967,886,986
879,816,751,963,726,788,851,787
993,1030,1158,1070,979,1067,972,1091
991,1085,1047,1089,1114,973,1062,1154
1026,988,1003,1034,959,985,1010,978
958,914,925,856,884,891,873,845
1053,1001,1020,957,1041,1036,897,908
897,1036,881,895,1013,878,922,892
1018,952,1055,932,961,1015,1058,926
975,959,934,993,979,916,996,912
962,939,922,1002,926,1036,932,952
971,911,919,1019,1006,906,828,800
971,1019,945,930,1077,906,958,861
502,517,629,557,465,503,547,506
978,1025,986,985,967,988,998,886
1011,968,941,1000,929,1042,908,957
1003,975,996,1107,993,959,979,934
1000,1042,968,1020,1053,1051,941,1001
54,52,785,50,772,49,47,690
832,862,825,820,892,814,777,822
913,128,924,953,875,977,126,970
1023,955,989,918,1044,1134,940,994
1021,1006,983,971,1005,947,1019,1077
136,969,976,1032,134,970,984,928
952,1015,1057,961,1023,932,1081,1134
906,945,861,891,930,800,958,773
1050,1053,1041,1036,1001,1004,1164,922
1005,971,1006,911,983,1019,919,906
1009,1093,951,1011,941,1162,968,937
1044,989,994,955,1029,940,946,1008
965,1021,1005,911,927,1016,971,919
998,988,985,1026,978,959,986,1003
988,1003,1034,959,1010,975,985,934
992,973,947,942,1048,987,960,1077
1034,998,1026,1068,1010,1046,988,1003
1031,994,1008,1025,998,1054,989,978
1070,1091,1067,1136,972,1165,1074,1038
998,1025,1028,1026,988,1008,1040,994
1075,984,969,1103,970,976,1079,1024
1045,1127,66,64,1035,62,905,1183
1010,1046,1003,1107,975,996,988,1092
905,1045,949,62,64,1183,870,60
922,881,897,892,926,1013,920,825
1179,1022,987,1093,942,1009,951,1169
1105,1098,944,889,923,1106,1165,1090
1134,1029,1084,1044,1031,1023,994,1054
1028,1068,1034,1046,1026,1010,998,1092
1004,1036,922,1001,926,939,962,881
1051,1020,1050,1043,1000,1053,1041,1069
1050,1164,1065,1004,1041,1020,962,1053
1029,994,1008,989,1031,946,1025,978
64,62,905,1183,60,870,949,59
1107,1092,1010,1184,996,1149,1003,1158
973,1037,1062,987,1179,942,1027,1022
1016,983,947,1006,1077,1021,992,971
982,1110,1056,1071,962,1055,1002,1058
1041,1164,1004,1053,1065,1036,962,922
1043,1050,1020,1069,1164,1041,1004,1065
1142,997,991,1089,1086,1140,1125,1085
1041,1036,1001,897,957,922,881,1004
1028,1031,1040,1087,998,1034,1026,1068
1018,1057,1081,952,1015,1134,1023,1117
1055,1058,1002,1071,1018,1081,939,1057
1134,1023,1015,1044,1039,1029,989,994
1081,1055,1117,1057,1018,1134,1039,1082
847,849,56,1012,931,57,835,842
902,954,938,949,1035,867,866,894
1084,1039,1054,1031,1029,1134,1080,1028
1179,1037,1124,1022,1169,1093,1173,1174
1027,1048,947,992,983,973,1016,942
1080,1061,1141,1054,1152,1087,98,1084
1164,962,982,1004,1049,1002,939,1056
1111,1065,982,1049,1164,1043,962,1121
1074,1136,1091,1143,1165,1123,1180,1132
1046,1092,1034,1107,93,1010,1149,1184
1066,1043,1065,1164,1111,1050,962,982
972,1091,1038,956,1136,1067,1165,1098
1118,1058,1117,1081,1055,1082,1160,1057
118,1083,1116,1069,116,1155,1066,1051
1124,1062,129,1173,1179,1174,127,1169
1136,1180,1123,1132,1187,1165,1091,1153
1079,1103,984,1094,1016,1021,1048,1024
1121,1111,1049,1066,112,1110,982,1119
930,960,999,958,925,945,914,937
954,1033,1109,1035,1060,902,1045,1127
1103,1048,1016,1021,1063,983,1006,947
1087,1152,1054,1040,1147,96,1113,1068
1057,1134,1039,1044,1029,1023,1084,1061
1130,1117,1061,1064,1039,1081,1084,1139
1066,1069,115,1076,1116,1111,1065,113
1031,1029,1054,1044,998,1028,1025,1080
1047,1062,1037,973,1073,1179,1124,987
1114,997,1085,133,1154,991,1047,1062
1040,1147,1068,1028,1046,94,1115,1034
1094,1075,1079,1125,1063,1048,1103,1016
991,1027,1063,973,1047,992,942,947
1168,948,1100,1102,1133,990,1138,933
1165,1136,1038,1098,1106,1123,956,1105
1107,1149,1184,1157,1158,996,1161,1010
1162,1011,1009,1155,1042,951,1051,968
1079,1063,1048,1016,1103,1027,1089,947
1032,1075,1088,1079,1094,984,1017,1140
1143,1074,1067,1180,1136,1187,1030,1132
138,1032,1017,1095,136,969,1075,984
1106,1105,1090,923,1131,889,948,1168
137,1086,997,135,1052,1166,1114,1085
1138,1168,1104,1060,990,1102,1078,954
1140,1088,1142,1125,1094,1095,1052,1075
990,933,867,1060,938,902,866,844
1021,1016,1024,1048,1005,971,1006,965
1078,1156,1138,954,1060,1109,1112,1033
923,889,1133,1090,882,1106,948,872
1090,1131,1129,1100,1168,923,948,1159
1184,996,1158,1157,993,975,1030,1108
87,1191,1170,1096,1143,85,1158,1190
1033,1148,68,66,1127,64,1045,954
1071,1056,1120,982,1058,1118,1055,1163
1049,982,1065,1110,1056,962,1164,1002
1109,1156,1181,1148,70,68,1078,1033
94,1147,1115,1087,93,1068,1040,1092
1154,1085,1062,1073,131,1047,1037,1124
93,1092,1068,1137,91,1149,1046,1161
1051,1069,1043,1042,1050,1066,1164,1065
1081,1039,1061,1134,1084,1130,1057,1029
1082,1117,1058,1171,1130,1081,1061,1039
1120,109,1110,1163,1071,1118,107,1160
1118,1071,1160,1082,1058,1175,1171,1117
112,1110,110,1119,1111,1049,1120,109
1112,1156,1104,1109,1181,1078,1148,1172
1129,1132,1106,1131,1159,1098,1153,1144
1174,1169,1179,1093,1135,1155,1037,1162
1063,1089,1094,1027,1048,991,1079,992
142,1151,1095,140,1101,1088,1097,1032
64,1045,62,1035,905,1183,60,949
121,1072,1155,1116,1169,118,1162,1051
1131,1159,1144,1100,1185,1104,1090,1138
1064,1061,1084,1080,1054,100,1039,1141
1100,1090,1168,1138,1144,1104,1102,948
1159,1129,1185,1144,1131,1106,1122,1189
948,917,933,848,1102,1168,867,834
1044,1029,1023,1084,994,1031,989,1008
125,1174,1128,121,1155,1169,1072,118
1165,1123,1106,1132,1180,1129,1098,1131
1161,1149,89,1108,1157,1092,87,1191
1060,1078,954,990,902,1102,1035,1033
100,1141,1064,98,1080,1130,1152,96
1125,1088,1094,1063,1089,1079,1027,1048
98,1152,1080,96,1113,1087,1147,94
1140,1125,1089,991,997,1063,1088,1094
1180,1074,1187,1132,1153,1136,1186,1123
1104,1122,1156,1138,1078,1100,1112,1109
1142,141,1150,1101,1052,1151,1140,139
1171,102,1139,1130,1064,100,1082,1141
1068,94,1115,1040,93,1046,1092,1028
68,66,1127,1033,64,1045,1035,62
1157,1161,1184,1108,89,1107,1158,87
1052,139,1099,1142,997,137,1086,991
1101,1088,1095,1140,140,1142,1094,1125
96,1113,1087,1147,94,1068,1040,1115
1185,1132,1189,1159,1178,1122,1129,1144
131,1073,1062,129,1085,1124,1173,1179
1162,1116,1042,1051,1011,1043,1069,1050
1078,1109,1033,1138,954,1148,1181,68
1108,1158,1096,1170,1067,87,1191,1143
1067,1096,1030,1074,1136,1143,1091,1070
1144,1122,1104,1131,1178,1156,1100,1138
1171,1082,1118,1146,1130,104,1117,1061
1108,87,1191,1157,1170,85,1184,1190
1042,1011,1051,1116,1020,1009,1050,1000
107,1175,1160,1120,106,1118,1171,1146
1004,962,1041,982,939,1002,922,1053
1106,1123,1098,1129,1131,1090,1132,1105
133,1114,1154,1086,131,1085,1073,1062
1172,1181,1112,72,1122,74,70,1148
1102,948,990,1138,1060,933,867,1104
1162,1155,1093,1042,1011,1022,1051,1116
1190,1143,1096,1187,83,1186,1180,1074
1130,1082,1064,102,1139,1061,1117,100
72,1181,70,1112,1148,68,1109,1156
127,1135,1174,1124,125,1128,1169,1155
1169,1128,1155,1162,1093,121,1072,1116
106,104,1160,1146,1171,102,1082,1118
76,1182,1167,1172,1178,74,72,1181
145,1151,144,1145,1101,143,1126,142
1167,1122,1112,1181,1172,1156,1144,1182
1022,1093,1169,1009,1162,1174,987,1011
1132,1153,1123,1159,1185,1129,1188,1165
70,72,1148,68,1109,66,1127,1033
74,1172,72,1167,1181,70,1112,1148
60,59,931,57,849,56,1012,54
1158,1157,996,1108,1096,1067,1030,1074
1159,1178,1122,1144,1167,1156,1112,1104
1192,81,1187,1188,80,1153,1180,1189
1180,1153,1188,1132,1192,81,1185,1189
80,1189,1153,1176,78,1185,1178,1167
1178,1176,1167,1185,1122,76,1182,1172
83,1186,1187,1192,81,1143,1188,1096
1170,85,1190,83,1186,1143,1096,1187
81,1188,80,1189,1153,78,1176,1180
