1,3,2,1172,6,4,7,1135,1136,11,13,12
0,5,1185,8,10,9,1178,14,17,16,15,19
0,3,1,6,1172,1135,13,1136,7,4,18,11
0,1,4,7,1172,2,11,6,1136,12,1135,13
3,0,2,5,1,7,11,1172,12,15,1136,9
1,3,0,2,1185,9,8,1178,10,16,17,14
2,0,3,4,1185,5,1,1135,13,1172,18,1136
4,3,1172,0,2,6,1185,5,1,8,11,12
1,1185,5,4,3,0,2,6,10,1178,14,9
1185,5,8,1,10,4,7,3,1172,0,2,6
8,1,1185,5,4,7,3,1172,0,2,6,14
7,4,1172,3,0,9,1135,2,6,1185,5,1178
11,7,4,9,1178,1185,3,5,1172,8,0,1
1135,6,1172,2,0,3,7,11,4,12,9,1185
10,1178,8,9,1185,1,5,12,11,7,4,3
16,12,9,11,1178,7,1185,5,4,8,14,1
9,1178,12,1185,8,14,5,11,10,7,1,4
1178,14,16,8,9,10,15,1185,5,1,12,11
13,1135,6,1136,1172,2,0,11,7,3,4,12
17,14,1178,16,15,9,8,10,1185,12,5,1
18,1134,13,1135,6,1136,1172,2,1133,0,11,7
19,17,14,1178,10,16,1179,8,9,15,1185,5
21,19,14,17,10,1178,8,16,1179,9,15,1185
22,21,19,14,1144,17,10,1178,8,16,1179,9
25,20,18,1134,13,1135,6,1136,2,1172,0,1133
20,18,1134,13,1135,6,1136,1172,2,1133,0,11
27,23,22,21,14,10,19,17,8,1144,1178,1
26,23,22,21,14,10,19,17,8,1144,1178,1
29,23,22,21,19,14,1144,17,10,1178,8,26
23,22,21,14,19,26,17,1144,10,1178,8,27
24,25,20,18,1134,13,1109,1135,6,1136,2,1172
29,28,23,22,26,21,32,14,19,27,10,17
26,27,31,29,28,23,22,21,14,10,19,17
30,24,25,20,18,1134,13,1109,1135,6,1136,2
31,29,35,28,26,32,23,22,27,36,21,14
26,32,27,31,29,28,23,22,21,14,10,19
27,32,26,35,34,31,29,28,23,22,21,14
33,30,617,610,611,612,613,24,614,615,616,25
34,31,1170,29,35,28,26,23,32,22,27,1145
37,33,619,30,617,610,611,612,613,24,614,615
36,1181,27,32,1175,26,35,34,38,31,1170,29
39,37,33,623,621,619,30,617,610,611,612,613
35,1175,38,34,26,32,31,1181,1170,29,27,36
40,36,1181,27,32,1175,26,35,42,34,38,31
38,34,1170,42,31,29,35,28,1164,1175,26,23
44,42,38,34,1170,35,31,1175,29,26,32,28
43,40,36,1181,27,32,1175,26,35,42,45,34
43,40,46,36,1181,27,32,1175,26,35,42,45
41,1085,39,37,631,625,632,643,639,644,626,645
46,1191,43,47,40,1188,36,1181,27,32,1175,26
48,41,1085,39,37,631,625,632,643,639,644,626
1191,49,47,46,43,1188,40,1181,36,27,1175,32
51,47,1188,1191,49,40,43,46,1174,1181,36,1175
50,48,41,1085,39,631,37,625,632,643,639,644
52,1188,1174,51,47,1191,40,1181,49,43,46,36
50,53,48,1089,41,653,1085,654,39,37,631,625
55,50,53,48,1089,660,657,658,655,41,653,661
54,52,51,1188,47,1174,1191,49,40,43,46,1181
56,55,50,1138,53,1089,48,667,665,662,668,663
57,54,52,1183,51,49,1191,1188,47,1174,46,43
62,63,65,58,56,1158,55,50,1138,53,48,1089
62,60,63,65,58,56,1158,55,50,1138,53,48
63,65,58,56,1158,55,50,1138,53,48,1089,667
58,56,1158,55,1138,50,53,1078,667,665,1089,668
65,63,58,1158,62,56,61,55,1138,50,53,60
58,63,1158,56,55,1138,50,53,1078,667,665,668
1117,59,57,1119,1183,54,52,51,1176,1188,49,1174
62,63,64,61,65,58,56,60,1158,55,50,1138
66,59,1117,57,54,51,52,1183,49,1119,1191,46
60,61,62,67,63,64,65,58,56,1158,55,50
71,68,66,59,1117,57,51,49,54,52,1183,1191
68,66,59,57,1117,49,51,52,54,1191,46,1183
61,60,62,69,67,63,64,65,58,56,1158,55
69,60,72,61,62,67,63,64,65,58,56,1158
66,1117,1119,59,68,57,1183,70,71,54,1176,76
68,66,74,70,71,59,1117,76,57,1119,1183,54
71,70,68,66,59,1117,57,49,51,52,54,1191
76,71,70,68,75,66,59,74,57,49,1117,51
72,60,69,61,62,73,67,63,1157,64,65,58
69,73,78,60,72,61,62,67,63,1157,64,65
75,74,66,68,1117,70,59,71,1119,57,76,1183
77,76,71,1129,70,1139,68,75,80,66,59,74
79,73,69,78,60,72,1159,61,62,1156,67,63
82,73,79,69,78,60,72,1159,61,62,1156,67
81,77,76,580,579,583,71,1129,70,1139,68,75
1040,1062,1050,1039,1038,1079,1076,1069,1052,1037,1077,1078
1062,85,1079,1050,1040,1076,1069,1078,1039,1084,671,1038
83,82,73,79,1169,69,78,60,1155,72,1159,61
1079,1084,86,1062,1078,1076,1152,85,668,669,667,670
86,85,1062,1040,1050,1079,88,1039,1076,1069,1038,1078
84,81,77,1102,76,592,587,584,580,579,583,582
87,83,73,82,79,1169,69,78,60,1155,72,1159
86,89,88,1062,1079,85,1076,1083,1050,1084,1040,1078
88,1083,94,92,1079,1084,86,1152,1062,1078,89,1076
92,88,86,1079,1062,89,1083,1084,85,1076,1078,1050
85,1040,89,1039,86,1062,1050,92,1038,94,1079,1037
91,87,1180,83,73,82,79,1169,69,78,60,1155
90,84,1100,81,1102,77,596,592,587,599,584,76
1180,1168,1169,82,83,87,79,96,73,1155,78,91
91,96,87,1180,83,98,73,82,79,1169,1168,69
1180,98,87,96,83,91,82,99,1168,1169,73,79
98,1168,1169,1180,100,82,83,79,1155,87,78,96
93,1082,88,94,92,1083,1079,86,1084,1149,89,1062
95,85,1039,1017,1040,89,86,1062,92,1050,1038,1019
97,90,84,1100,81,1102,77,596,599,592,587,598
98,100,101,1180,1168,87,96,83,82,1169,79,91
102,94,93,88,1082,92,86,1083,1079,89,1062,1084
103,95,1017,1039,85,1040,89,1019,86,1038,92,1037
100,1187,105,96,98,87,1180,99,91,101,83,109
101,1168,98,1154,105,1169,100,1180,1155,82,79,83
99,1187,91,96,108,100,87,105,1180,83,98,101
102,106,1082,1148,93,94,88,1083,92,1149,86,1079
1154,1153,1150,1155,109,1168,1151,1156,1159,101,1149,1169
107,103,95,1000,1017,85,89,1039,1040,86,92,1019
104,1101,97,90,1100,84,81,1102,1073,599,596,598
109,101,1154,1168,105,98,1169,112,100,108,1155,1180
112,1154,115,1150,109,1153,1168,1155,101,117,1169,1159
1153,1149,1151,112,1148,1150,1082,1083,1152,1156,1157,111
113,107,103,1000,95,1017,85,1039,89,1040,86,1019
115,109,1154,116,101,1168,112,105,98,1155,1169,1150
117,1153,112,1149,116,1151,1150,1154,1148,1156,1157,1152
122,117,1149,120,1148,1153,1082,1151,1083,111,112,102
1148,117,1149,1082,120,111,1083,1153,102,93,1151,106
1192,108,1187,100,105,110,99,96,98,101,1180,87
119,116,1154,115,112,109,1168,101,125,1150,1155,105
120,112,1153,117,116,121,124,1150,1154,1149,1151,122
114,104,1101,97,90,1100,84,1073,81,1102,599,596
1192,110,1187,123,99,108,96,100,91,105,87,1180
111,1148,102,106,1082,122,93,121,94,88,1083,1149
118,113,107,103,1000,95,1017,1039,85,89,1019,1040
125,112,116,120,124,1153,1154,117,119,1150,115,121
122,1148,128,121,111,1082,117,1149,102,120,106,93
128,131,1148,111,122,1082,121,102,106,93,1149,117
126,114,104,1120,97,1101,90,1100,84,1042,1073,81
127,1192,110,1187,123,99,108,96,91,100,105,87
129,118,113,107,103,1000,95,1017,89,85,1002,1039
133,126,114,104,1120,97,1101,90,1100,84,1042,81
1189,123,1192,127,108,1187,134,105,100,110,115,109
135,129,113,118,1001,107,103,1000,95,89,106,85
134,127,1189,110,1192,137,123,1187,99,108,96,91
136,133,126,1096,114,1120,104,1099,97,1101,90,1042
138,135,1034,129,113,118,1001,107,103,128,106,1000
137,1189,1182,123,1192,127,134,139,108,1187,105,115
141,138,135,1034,129,113,118,128,111,106,132,1001
1057,1056,1123,1070,1049,976,1128,673,674,672,1124,1127
1186,139,1182,134,1189,127,110,1192,142,137,123,1187
140,1121,136,133,1096,126,114,1120,104,1099,97,1101
144,1057,976,1056,1070,1123,1049,1124,1061,1128,673,1127
142,1182,137,1189,1186,123,134,139,127,1192,145,108
144,147,1057,1056,1049,673,674,1123,672,676,681,679
145,151,1186,139,1182,134,148,1189,127,142,1192,110
1186,150,145,1182,139,134,148,1189,142,127,137,1192
149,1049,144,147,682,1056,674,673,681,676,679,672
146,140,1121,136,133,1096,126,114,1120,104,1099,97
151,1186,1182,148,150,145,139,1189,142,134,137,127
691,688,687,152,686,685,682,1049,681,679,676,677
154,148,1182,151,1186,142,1189,150,137,145,139,134
143,141,138,1014,135,1034,128,999,129,132,113,118
149,147,144,152,1057,155,1056,1049,691,688,976,687
1140,153,146,1167,140,1121,1097,136,133,1096,126,114
157,1013,143,141,1014,138,1034,135,999,1015,128,129
155,694,691,693,688,698,687,152,686,697,685,696
163,158,149,161,987,152,147,155,144,973,691,688
987,158,973,147,149,144,152,161,1057,155,976,691
162,163,158,987,149,161,147,152,973,144,155,691
161,711,713,709,707,705,718,703,700,717,694,693
163,164,987,973,162,158,147,149,144,976,152,161
159,1140,153,146,1167,140,1097,1121,136,133,1096,126
160,1013,157,143,985,141,1014,138,1015,1034,999,135
166,958,973,163,164,987,162,158,956,147,976,149
168,160,157,1013,143,985,141,1014,138,1015,1034,999
970,165,722,725,713,720,711,727,718,717,709,716
173,167,159,1140,1111,153,146,1167,140,1098,1097,1121
167,159,1140,153,1111,146,1167,140,1097,1098,1121,136
175,173,176,172,167,159,1140,153,1111,146,1167,140
176,173,172,167,159,153,1140,146,1111,1167,140,1121
173,172,167,159,153,1140,146,1111,1167,140,1121,136
169,958,166,973,949,163,164,987,956,162,158,976
170,1054,168,160,1012,157,1013,143,985,141,1014,138
171,766,762,770,765,761,760,970,764,769,759,758
176,175,174,173,172,167,159,153,1140,1111,146,1167
179,171,766,770,762,765,775,773,970,165,761,760
178,1054,170,168,1005,1012,160,1013,157,1016,985,143
177,951,169,958,949,166,973,163,164,952,956,987
180,176,175,174,173,172,167,159,1184,153,1140,1111
181,795,794,179,793,792,777,780,775,779,773,783
183,951,943,177,949,169,958,952,166,950,973,163
184,1141,180,176,1113,175,174,173,1125,172,167,159
182,1004,178,1054,1005,170,168,1012,160,1016,1036,1013
969,805,1046,799,804,185,798,803,795,802,801,794
188,182,1004,178,1054,170,997,1005,168,1012,160,1016
186,183,951,943,177,169,949,958,952,166,950,164
187,184,1141,180,1113,176,175,174,173,1125,172,1091
1046,189,810,808,809,804,801,803,805,807,806,802
190,188,182,178,1004,1054,170,997,1005,168,1012,160
809,810,193,808,807,806,1046,801,800,791,802,796
191,186,183,943,951,177,949,169,958,952,950,166
195,979,809,810,808,807,193,806,791,1046,801,800
196,191,944,186,943,183,951,177,949,952,950,958
194,190,188,998,182,178,1004,1054,170,997,1005,168
192,1132,1177,187,1141,184,180,1113,176,1092,175,174
199,194,1003,190,188,998,182,178,1004,1054,170,997
198,944,196,191,948,186,943,183,951,955,950,952
204,1003,199,194,190,201,998,188,1004,182,178,997
1003,998,190,194,199,188,201,1004,182,997,178,1054
197,195,979,193,809,810,808,996,807,806,1046,791
955,948,959,944,950,960,202,943,988,198,1048,952
206,955,959,948,960,950,988,944,1048,943,202,980
205,197,996,979,195,1036,809,810,808,807,193,791
202,944,948,198,206,196,943,191,207,955,186,950
201,1006,199,203,194,1003,204,190,188,998,182,178
209,202,944,198,948,196,191,943,206,186,207,955
200,1177,1132,192,187,1090,1141,184,1113,180,1092,176
1006,203,210,204,199,201,1003,194,190,998,188,978
207,961,206,959,955,988,948,960,962,1048,209,950
204,203,977,213,1003,1006,998,199,194,190,201,210
209,211,948,202,206,944,207,198,955,214,943,196
206,207,216,214,948,209,955,211,944,959,961,202
210,219,201,1006,213,199,203,215,1003,194,204,190
213,1006,210,201,203,199,215,1003,204,194,977,190
208,996,205,197,979,978,195,1036,997,809,810,193
217,216,206,209,948,207,211,214,944,202,955,198
215,977,204,213,203,219,1003,1006,998,199,194,190
224,214,961,225,207,959,217,206,988,962,221,955
961,214,962,988,959,207,206,217,955,991,1048,221
224,961,223,962,988,214,959,991,207,990,206,1048
220,978,996,208,977,205,997,998,197,979,1036,222
977,228,978,222,215,226,204,998,229,203,213,1003
226,978,977,220,996,998,208,222,215,997,204,205
226,220,228,208,996,978,205,197,979,997,977,1036
225,962,224,961,991,223,988,214,990,959,1030,207
232,212,1114,200,1177,192,1132,1090,187,1141,184,1113
212,200,1114,192,1132,1177,187,1090,1141,184,180,1113
218,219,210,213,1006,201,203,222,199,215,1003,204
217,221,216,206,207,214,223,209,948,211,955,224
230,962,225,991,224,988,961,990,1030,223,214,1058
222,215,977,227,204,213,203,219,1003,1006,228,978
236,227,977,222,215,228,204,978,203,213,998,226
233,218,219,210,213,1006,201,199,203,222,215,236
227,228,237,226,977,978,236,229,222,215,220,998
234,221,217,216,206,209,207,211,214,948,223,202
235,230,991,962,225,1030,224,990,988,961,223,1058
232,231,212,1114,1115,200,192,1177,1132,1090,187,1066
241,235,989,230,994,225,991,962,224,1030,223,961
242,232,231,212,1115,1114,200,1177,192,1132,1090,1066
244,1086,242,231,232,1115,212,1114,200,1067,1066,1177
244,242,245,232,1086,231,212,1115,1114,200,192,1177
243,995,241,235,989,230,994,225,224,962,991,223
244,245,246,242,1086,232,231,1115,212,1114,200,1067
248,245,244,1086,246,242,231,232,1115,212,1114,1067
247,995,243,1022,241,989,994,235,230,1031,225,991
249,248,245,246,244,1086,242,1087,232,231,1115,212
250,995,1022,247,243,994,989,241,1031,235,230,1112
251,248,246,249,244,245,242,1086,232,231,1087,1115
253,251,1074,248,249,246,245,244,1075,242,1086,1087
252,250,1022,995,1029,247,243,1031,994,989,241,1112
1074,254,251,253,249,248,1075,245,246,244,1086,1087
258,250,247,252,255,995,243,1022,230,241,235,225
257,250,252,255,247,995,243,1022,1029,241,230,235
256,1074,1075,251,254,249,253,248,245,1087,1086,246
255,947,252,258,250,257,247,1022,995,1029,243,1031
947,260,258,257,255,250,252,247,995,1022,1029,243
257,258,947,261,260,250,247,252,255,243,995,1022
262,257,258,947,261,260,250,255,252,247,993,995
259,1028,256,1074,1075,254,251,249,1088,253,1087,248
947,258,257,262,263,261,260,250,255,252,993,247
265,263,267,262,257,946,947,258,261,260,250,255
265,946,261,947,258,263,260,257,262,255,993,250
264,1028,1027,259,256,1088,1074,1075,254,251,249,1087
270,267,946,265,266,992,261,947,263,260,258,262
269,946,992,267,265,261,266,260,1008,947,993,258
268,1027,264,1028,259,1088,1009,256,1033,1075,1074,254
270,269,963,992,946,267,1008,265,993,266,260,261
272,963,270,992,269,1008,946,267,1007,993,265,260
271,968,268,1027,264,1028,1009,1088,259,1033,256,1074
273,963,964,272,270,992,1007,269,1008,1011,946,267
967,274,271,968,268,1027,264,1011,1009,1028,259,1088
275,964,273,963,272,1011,1007,270,992,1008,269,946
276,967,274,968,271,268,1027,1011,264,1009,1028,259
277,275,936,964,273,963,272,939,1011,1007,270,269
278,276,965,967,274,939,968,271,268,1011,1027,936
279,938,277,275,936,964,273,272,963,939,1011,270
280,966,278,276,965,967,274,939,968,271,1011,268
281,932,279,938,277,930,275,936,273,964,272,963
282,280,966,278,937,965,276,967,274,939,968,930
283,281,932,279,938,930,277,936,275,964,273,939
284,282,945,280,966,278,937,965,276,967,274,939
285,283,929,281,932,279,938,930,277,928,275,936
286,284,945,282,280,966,937,278,928,965,276,967
288,286,942,284,945,282,940,280,966,937,928,278
287,929,285,283,932,924,281,279,930,938,928,277
290,929,287,285,924,283,932,281,953,930,928,279
289,288,942,286,284,940,945,282,280,953,966,937
291,931,290,929,287,924,285,283,932,953,281,928
292,289,934,288,942,286,940,284,945,282,953,280
293,931,291,290,929,924,287,285,953,283,932,925
295,899,293,931,291,900,290,924,929,287,953,925
294,933,292,934,289,288,942,925,286,940,284,945
297,294,933,292,934,289,288,942,925,286,940,284
296,899,295,293,900,931,291,290,924,953,925,929
299,296,295,899,293,931,291,900,290,287,929,924
298,954,297,294,933,292,289,934,922,288,942,925
300,299,296,295,888,899,293,291,931,290,900,901
301,298,954,297,935,294,933,292,922,934,289,925
302,305,300,299,296,888,295,899,293,291,931,290
302,300,299,296,888,899,295,293,901,931,900,291
305,300,304,302,299,888,296,899,295,901,293,900
303,301,298,954,297,935,294,933,292,922,934,289
303,307,954,935,301,298,297,933,922,294,292,934
306,305,894,304,302,300,299,888,296,899,901,295
308,307,303,935,954,301,298,921,297,933,922,294
309,306,305,304,894,302,300,299,888,898,296,899
310,308,307,303,923,301,954,935,298,297,921,933
311,309,894,306,305,304,302,300,898,299,888,296
873,311,313,309,872,306,894,305,304,302,300,898
918,312,310,308,923,307,303,904,301,935,954,298
873,314,313,872,311,309,894,871,306,305,898,304
316,314,873,872,313,311,309,871,894,306,898,305
913,315,919,918,312,310,308,923,307,904,303,301
317,316,858,314,873,872,313,311,309,871,894,306
319,317,858,316,873,314,872,871,313,311,309,878
318,913,315,919,883,918,312,310,878,904,923,308
320,319,858,317,859,316,872,871,873,314,313,878
321,897,318,913,883,919,315,878,918,312,904,310
852,322,320,319,317,859,858,316,863,314,873,871
852,324,322,859,320,863,858,319,317,878,871,316
324,325,852,322,320,857,859,319,858,317,863,316
323,870,897,321,883,863,318,913,878,919,315,859
325,326,857,852,324,322,859,863,320,858,319,878
327,870,323,861,897,863,321,883,857,878,318,913
329,861,327,870,863,323,897,857,321,883,878,328
330,861,329,870,327,863,857,328,323,897,325,878
328,326,325,857,324,852,861,322,859,331,863,320
331,851,861,330,329,857,332,870,863,328,327,325
333,851,331,861,332,330,857,328,329,863,325,870
332,851,328,334,326,325,333,857,324,852,861,331
334,862,333,848,851,331,861,330,335,332,329,857
336,334,862,333,331,848,851,330,861,335,329,332
335,848,862,332,334,336,851,337,333,328,326,325
337,865,336,334,862,854,333,848,331,851,338,330
338,854,335,848,865,862,336,334,337,339,332,851
339,853,865,337,336,854,862,334,340,333,338,848
340,853,338,854,865,341,335,848,862,339,337,336
341,853,339,865,854,342,337,340,336,862,338,334
343,341,339,853,865,337,854,336,342,340,862,334
344,343,341,853,339,864,865,337,854,342,336,340
343,345,864,344,853,341,342,865,339,340,854,337
342,864,866,340,346,853,343,338,854,345,341,344
345,344,346,343,866,341,556,853,864,339,847,865
348,345,344,346,343,341,866,556,557,853,864,339
347,847,558,557,559,556,342,864,866,351,340,346
866,556,557,346,558,847,864,348,343,345,347,349
348,349,351,346,345,344,866,343,559,556,562,557
352,351,348,349,570,568,346,566,559,562,866,556
352,349,348,353,351,345,346,344,343,866,570,568
350,571,569,567,563,564,565,347,847,560,561,575
570,575,568,566,574,573,562,559,351,561,560,565
353,356,351,570,575,568,352,566,574,562,573,559
353,354,352,357,348,349,356,351,570,568,575,566
355,844,350,571,572,569,576,577,567,578,563,573
357,356,575,570,574,573,578,568,577,353,566,576
359,355,844,571,350,572,576,569,577,578,567,573
358,357,360,353,356,354,352,351,570,575,568,574
361,359,844,842,355,576,572,571,577,578,569,573
362,846,358,360,357,353,354,356,352,842,575,570
364,880,362,846,856,358,360,357,353,354,842,356
363,361,842,359,856,844,355,846,576,572,577,571
874,365,880,364,856,846,362,833,842,360,358,357
366,833,363,361,879,842,856,359,844,874,355,846
367,874,879,856,365,880,833,364,846,842,362,360
371,879,833,369,856,874,367,368,366,880,842,365
369,879,874,367,833,856,880,365,846,842,364,366
368,366,833,370,363,879,371,361,856,842,359,369
370,371,821,879,369,833,874,367,856,368,372,366
372,368,821,366,833,373,370,371,363,879,361,856
374,372,368,821,366,833,373,370,363,371,879,361
373,821,370,371,822,369,879,833,819,367,372,874
376,373,371,370,369,821,822,879,367,874,833,856
819,375,379,374,822,372,821,368,376,373,366,833
819,822,374,375,372,821,376,368,373,370,377,833
377,376,373,371,369,370,821,367,879,822,874,379
378,379,819,375,374,822,372,821,368,376,373,370
379,381,822,819,378,374,375,821,376,372,373,377
380,377,376,373,371,369,370,382,821,822,367,879
382,379,381,822,839,819,378,376,377,374,821,375
384,382,381,379,378,836,819,822,375,374,839,372
385,384,382,836,381,379,378,819,822,839,375,374
383,839,380,377,836,376,384,373,382,386,371,822
385,386,384,382,381,836,379,378,819,822,375,374
388,386,385,384,836,382,381,379,840,378,819,822
387,840,383,839,380,836,377,376,384,386,382,388
389,827,388,385,386,837,384,836,382,381,840,379
390,387,840,837,383,839,380,836,827,377,384,376
391,827,389,837,388,386,385,384,836,838,840,382
392,838,390,840,387,837,383,839,827,836,380,384
393,391,389,827,388,837,385,386,384,836,838,382
395,818,393,391,817,389,827,829,388,837,385,386
394,838,392,390,829,837,840,387,817,827,383,836
397,394,392,838,390,829,840,837,387,817,827,383
398,397,394,392,838,390,829,840,387,837,817,383
396,818,395,393,817,391,829,389,827,837,828,388
399,398,397,394,828,392,838,829,390,826,837,840
400,396,818,826,395,393,817,391,829,827,828,389
402,400,396,818,395,826,393,817,391,829,389,827
401,845,399,398,397,828,394,838,392,829,826,390
403,402,811,400,396,826,818,395,393,817,830,391
405,403,402,811,400,396,818,826,395,393,817,830
404,845,401,399,398,830,397,828,394,838,829,392
406,405,403,811,402,400,820,396,826,818,395,830
407,404,845,401,830,399,398,397,820,828,394,829
408,812,406,405,811,403,402,820,400,826,396,818
410,408,812,406,405,811,403,402,820,400,826,396
409,407,843,404,845,401,830,820,399,398,397,828
411,410,408,406,812,405,403,811,402,820,400,396
413,411,813,410,408,812,814,406,405,811,403,820
412,855,409,843,407,835,404,845,820,401,830,814
415,855,412,835,409,843,407,814,820,404,845,830
414,813,413,411,410,814,408,812,406,405,835,811
416,855,415,835,412,823,843,409,814,407,820,404
417,414,816,813,413,411,410,814,823,408,812,406
419,417,414,816,413,813,411,410,408,814,823,812
418,834,416,855,415,823,835,412,814,843,816,409
420,419,417,414,816,413,813,411,410,823,408,814
421,418,834,416,855,415,823,835,412,814,816,843
422,815,420,824,419,417,816,414,825,813,413,411
423,421,860,418,834,416,825,855,415,823,835,412
425,860,423,421,418,834,825,416,823,855,415,835
424,422,815,824,832,420,419,417,816,825,868,414
426,868,860,425,423,421,825,834,418,832,823,416
427,831,424,422,815,832,824,841,420,419,825,417
428,868,426,860,841,425,825,423,421,832,834,418
430,868,428,841,426,860,825,832,425,423,421,831
429,427,831,881,424,832,841,824,815,422,420,419
431,841,868,430,881,428,832,825,426,860,831,824
432,881,429,831,427,832,841,424,433,824,815,422
433,841,431,881,430,868,832,434,831,428,432,825
434,850,881,432,429,831,435,841,427,832,433,424
435,433,431,850,430,841,868,428,881,436,426,832
437,435,850,433,431,841,881,430,436,439,868,434
440,437,430,431,438,428,433,426,435,868,425,850
430,437,428,426,431,425,433,435,868,423,860,841
442,437,438,439,435,433,431,440,430,850,428,841
439,437,440,438,430,431,433,435,443,428,868,850
440,439,430,426,425,428,437,431,423,438,433,868
440,443,439,442,441,430,437,426,428,431,425,438
436,434,850,432,881,429,435,831,438,427,841,433
444,443,440,439,442,441,430,437,426,428,431,425
443,446,444,440,439,442,441,430,437,426,428,425
446,444,440,439,447,443,442,441,437,430,438,431
445,436,434,849,432,850,429,881,831,427,435,438
449,445,436,434,432,849,429,850,881,427,831,435
446,448,447,444,443,440,439,442,441,437,430,438
449,445,450,849,436,434,850,432,438,881,435,429
452,849,445,449,436,450,850,438,434,435,881,437
451,448,446,444,447,440,443,439,442,441,437,430
450,449,452,445,453,457,436,849,434,432,850,429
455,452,449,450,453,445,457,849,436,434,850,432
453,849,452,869,445,449,438,436,850,450,435,437
454,451,448,877,446,444,447,440,439,443,442,441
460,458,454,451,448,447,446,444,877,443,440,439
458,451,454,447,446,448,443,444,877,440,439,442
457,453,452,869,849,456,455,445,449,438,450,850
460,459,458,451,454,447,446,443,448,444,877,440
462,889,460,459,458,451,447,454,915,446,443,448
461,867,457,453,456,896,452,869,849,455,449,445
463,462,889,460,459,458,447,451,454,915,443,446
464,875,461,867,457,456,453,452,455,896,869,849
465,463,890,462,889,460,927,459,458,915,914,451
466,464,875,461,867,457,456,896,455,453,452,914
467,890,908,465,463,911,462,889,927,460,459,914
468,876,466,875,464,895,461,867,896,457,456,914
469,467,908,890,465,463,911,927,889,462,910,460
471,469,467,908,890,465,463,911,462,889,927,910
472,471,469,467,907,908,465,890,463,911,462,889
470,882,468,876,466,895,875,464,885,461,867,910
473,909,472,471,525,527,523,530,522,529,521,469
474,882,470,892,468,876,466,885,895,875,464,893
475,912,473,909,472,525,527,530,471,529,534,523
477,912,475,905,909,473,547,543,538,527,534,536
476,884,474,882,892,470,887,468,876,885,895,466
479,902,884,476,474,882,887,892,470,885,903,876
478,905,477,912,475,547,549,553,546,543,552,540
481,478,477,475,912,905,909,547,473,549,553,543
482,481,478,920,477,905,912,475,553,549,547,546
480,902,479,884,886,476,887,892,882,474,903,885
482,483,481,478,477,475,920,912,905,473,909,547
484,902,480,886,884,479,887,476,903,892,882,891
486,902,886,484,480,887,884,903,479,906,891,892
487,886,486,902,484,903,887,480,906,884,548,550
906,886,488,903,487,554,551,550,555,548,545,544
485,482,483,481,478,920,477,905,475,912,906,553
489,488,886,487,906,903,916,486,902,551,554,550
491,488,487,489,886,486,902,903,484,906,916,887
489,491,916,492,906,488,886,903,920,487,554,551
490,926,485,483,482,481,920,478,916,477,905,906
491,492,493,489,488,487,886,916,486,906,903,902
495,493,491,489,492,488,916,886,487,906,941,903
494,926,490,941,483,485,482,916,920,481,478,493
496,495,493,491,492,489,917,488,916,487,886,906
497,941,494,926,490,917,916,483,920,485,482,481
498,496,493,495,917,491,489,492,916,941,501,488
499,941,497,917,926,494,916,490,500,493,920,483
500,917,498,496,493,495,501,941,916,491,489,492
501,941,917,499,502,497,500,916,926,493,496,494
502,503,917,500,501,498,496,941,493,499,916,495
504,503,502,501,917,941,500,499,496,498,493,497
505,503,501,504,499,502,917,941,497,500,926,916
907,910,911,908,885,471,469,914,927,472,890,895
509,507,510,907,910,911,885,908,471,914,469,927
508,507,510,907,910,911,885,908,471,914,469,927
507,509,508,907,910,911,908,885,471,469,914,472
510,507,509,508,907,911,910,908,885,471,469,472
508,509,507,510,511,513,907,910,911,885,908,471
511,510,507,509,508,512,907,911,910,908,471,885
512,508,509,507,510,511,515,513,519,520,521,907
513,511,510,507,509,508,514,512,519,520,521,907
517,515,513,518,511,519,510,520,507,509,508,514
518,516,519,515,513,520,511,521,510,522,507,509
517,519,516,520,515,513,521,511,522,523,510,507
520,521,515,513,511,510,907,507,509,508,514,512
519,521,515,513,907,511,510,507,509,508,514,512
520,519,907,515,513,511,510,507,509,508,909,514
523,521,520,519,518,517,516,907,515,513,511,510
522,521,520,519,518,517,516,907,515,513,511,909
514,512,508,509,515,511,510,513,507,516,517,893
523,522,521,520,519,518,517,516,909,907,515,513
524,514,512,515,513,511,516,509,508,510,507,517
525,523,522,521,520,519,518,517,516,515,513,909
526,524,514,515,516,512,513,511,517,509,510,508
530,527,525,522,523,521,520,519,518,517,516,515
529,527,525,522,523,521,520,519,518,517,516,515
528,526,524,516,515,517,513,518,514,511,512,510
529,530,527,525,522,523,520,521,519,518,517,516
531,528,526,524,516,515,517,518,513,514,511,532
532,529,530,527,525,522,523,520,521,518,519,517
533,531,528,526,524,516,515,517,514,534,513,518
534,532,529,530,527,525,533,535,531,522,518,523
535,533,531,528,891,526,538,536,524,534,516,532
536,534,532,529,530,527,533,537,525,535,531,522
537,535,533,531,528,891,526,538,536,524,534,532
538,536,534,532,529,530,539,537,535,533,527,531
542,539,537,535,891,533,531,528,543,540,526,538
539,537,535,533,891,531,528,540,526,538,536,524
540,538,536,534,532,539,537,542,529,535,530,541
541,542,539,537,535,891,533,531,547,528,543,540
544,541,542,539,537,535,891,546,533,547,543,540
547,543,540,538,536,534,545,539,542,537,544,541
543,540,538,536,534,532,539,537,542,544,541,535
545,544,541,542,539,537,535,549,546,891,547,533
546,547,543,540,538,536,548,545,534,542,539,544
548,545,544,541,542,539,537,549,546,535,547,543
550,548,545,544,541,552,542,553,539,549,546,537
553,549,546,547,543,551,550,540,548,545,538,544
552,549,546,547,543,551,540,550,548,905,538,545
555,551,550,552,548,553,545,549,544,546,541,542
554,552,553,551,549,550,546,548,547,545,543,544
866,347,864,346,342,343,853,345,340,344,341,854
556,847,866,347,864,346,342,343,853,345,348,340
557,556,847,866,347,864,346,342,343,853,345,348
558,557,556,847,351,866,347,864,346,350,342,343
561,562,558,559,557,847,556,347,351,350,866,864
558,559,557,556,847,347,351,866,350,864,346,342
559,561,560,558,557,556,847,351,866,347,350,864
564,565,560,561,566,562,847,558,559,557,556,350
563,565,560,561,566,562,558,847,559,557,556,347
560,561,562,558,559,847,557,556,347,350,351,866
562,561,560,565,559,564,558,563,557,556,847,351
563,564,565,560,561,566,562,847,568,558,559,557
566,562,559,561,560,565,564,558,563,557,556,567
567,563,564,565,560,561,566,562,847,568,558,559
568,566,562,565,560,561,564,559,563,558,567,569
569,567,563,564,565,560,575,566,570,561,568,562
571,569,573,567,574,563,564,565,575,560,570,566
574,575,572,570,571,564,567,568,569,563,566,565
573,575,570,572,568,566,564,571,565,563,567,569
570,568,566,562,565,564,560,563,561,567,571,559
577,572,578,571,573,574,569,567,563,564,575,565
576,578,572,573,574,571,569,575,567,564,563,570
577,573,576,574,572,575,571,569,570,567,564,563
580,1129,76,71,70,77,1139,81,68,75,80,66
579,1129,76,71,77,70,1139,81,68,75,80,66
1139,1129,582,583,579,580,584,75,70,68,80,71
583,579,580,584,1129,581,76,1139,70,71,77,68
579,580,1129,76,71,1139,70,77,68,81,75,80
580,579,583,582,1129,76,581,77,71,70,81,1139
581,586,582,1129,1139,583,579,580,587,584,75,70
582,583,579,587,580,584,585,1129,581,1139,76,70
584,580,583,579,582,586,1129,585,581,76,77,71
585,581,589,590,591,1139,586,582,1129,583,579,580
590,585,591,581,588,586,582,583,1129,579,580,587
589,591,585,586,582,581,588,583,579,1129,587,580
586,590,582,589,583,585,579,587,581,584,580,588
587,584,583,582,580,586,579,591,590,589,1129,585
594,595,588,581,585,589,590,1139,591,586,582,1129
593,595,588,585,581,589,590,1139,591,586,582,1129
594,593,588,585,581,589,590,591,1139,586,582,583
592,587,584,586,582,591,583,1102,580,579,590,589
593,594,595,588,585,581,589,590,1139,591,586,582
599,596,592,587,591,586,584,582,590,583,589,579
598,596,592,587,591,584,586,582,583,1102,590,580
597,593,594,595,588,585,581,601,589,590,602,591
602,603,598,599,590,591,589,586,596,585,595,588
601,603,598,599,596,591,590,586,592,589,582,587
598,602,599,601,596,592,591,586,587,590,582,589
600,597,607,593,594,595,608,588,609,601,585,1071
606,604,600,607,597,608,594,593,595,609,588,601
605,604,607,600,608,597,595,594,609,593,601,588
608,609,604,600,601,595,594,597,593,602,588,589
607,609,601,602,604,600,595,594,589,603,590,588
601,608,602,607,603,598,590,589,599,591,595,604
611,612,613,30,614,615,24,616,33,25,1137,20
610,612,613,614,615,30,616,24,33,25,1137,20
611,613,614,610,615,616,30,24,25,33,1137,20
614,612,615,611,616,610,24,30,25,33,1137,20
613,615,612,616,611,610,24,30,25,1137,33,20
616,614,613,612,611,610,24,25,30,1137,20,33
615,614,613,612,611,610,25,24,1137,30,20,33
610,611,612,30,613,614,615,33,616,24,25,1137
615,616,614,613,612,611,610,617,25,24,1137,30
617,610,611,612,613,30,614,33,615,618,616,24
618,615,616,614,613,612,611,610,617,619,1137,25
619,617,610,611,612,613,30,614,33,622,615,620
620,618,615,616,614,613,612,611,610,617,619,621
621,619,617,610,611,612,613,30,614,33,622,620
622,620,618,616,615,614,613,612,611,610,617,619
626,627,628,629,623,621,37,619,33,39,617,610
627,628,629,623,621,619,37,33,617,610,611,39
628,626,629,623,621,619,617,610,33,37,611,30
627,629,626,623,621,619,617,610,33,611,37,612
628,623,627,621,626,619,617,610,611,612,33,613
624,622,620,618,616,615,614,613,612,611,1137,610
625,626,627,628,629,634,623,635,621,37,619,33
631,625,626,627,633,628,629,634,635,623,621,636
634,628,629,627,635,626,632,623,636,631,625,621
635,629,628,623,627,621,626,619,631,625,617,610
634,629,623,621,628,627,619,626,617,631,625,610
635,634,629,623,633,621,628,619,627,617,626,610
630,638,624,622,620,618,616,615,636,614,613,612
630,624,622,620,618,616,615,614,613,612,1137,611
632,631,640,625,626,633,627,628,634,629,635,623
633,639,634,628,627,632,629,626,635,631,625,636
636,635,634,633,629,623,640,621,628,619,627,642
637,630,638,624,622,620,641,618,636,616,615,614
644,639,632,645,640,631,625,633,626,627,628,634
643,639,645,640,632,633,631,625,626,627,628,634
640,644,633,643,639,634,632,628,627,629,635,626
641,636,635,634,649,633,629,623,645,640,642,621
646,641,636,648,635,649,634,642,633,637,629,623
649,642,637,647,630,638,646,624,641,622,636,620
642,637,630,638,624,646,622,620,641,636,618,635
651,647,646,648,641,649,636,642,637,635,624,630
650,648,649,647,642,646,637,641,636,630,638,624
651,648,650,649,642,647,637,646,641,638,630,636
654,1089,1085,643,644,639,48,632,631,645,640,625
1089,1085,643,644,639,632,645,631,640,625,633,48
653,656,654,1089,1085,1080,48,643,644,639,632,631
654,653,655,1089,1080,1085,643,644,639,632,645,631
658,655,653,659,656,654,1089,1085,1080,48,53,643
655,653,656,654,1089,1080,1085,48,643,644,639,632
656,658,655,653,657,654,1089,1080,1085,643,644,639
657,658,655,659,653,656,654,1089,1080,1085,48,53
659,656,660,658,657,655,653,654,1089,1080,1085,643
663,660,657,658,655,661,659,653,1089,656,654,53
662,660,657,658,655,661,659,653,656,1089,654,1080
661,659,660,657,658,656,663,655,662,653,654,1080
662,663,660,657,666,664,658,661,655,659,653,656
664,661,659,660,663,657,658,665,656,662,655,653
665,668,669,662,663,670,660,671,657,666,664,661
669,667,665,670,663,662,671,660,666,657,664,661
668,667,670,665,663,662,671,660,666,664,657,661
671,669,668,666,664,667,665,663,662,661,660,657
666,670,664,669,661,668,663,660,667,665,659,662
1021,1049,1128,1056,1002,1020,1104,1057,1123,1001,1019,1127
672,1049,1021,1128,1056,1002,1020,1104,1057,1123,1001,1019
673,672,1049,1021,1128,1056,1002,1020,1104,1057,1123,1001
674,672,673,1021,1049,1128,1002,1056,1020,1104,1001,1057
675,674,672,673,1049,1021,986,1128,1002,1056,984,1020
676,675,674,672,673,986,1049,1021,1128,1002,984,1056
679,677,675,676,674,672,673,986,1021,1049,984,1128
677,676,675,674,672,673,986,1049,1021,1128,984,1002
678,679,677,676,675,674,672,673,986,1049,1021,984
679,680,678,677,676,675,674,673,672,986,1049,1021
681,679,680,678,677,676,675,674,673,672,1049,986
684,680,678,681,682,679,677,675,676,986,674,672
680,678,681,682,679,677,676,675,674,986,672,673
686,682,687,681,688,679,680,678,684,677,676,683
685,687,688,682,681,679,680,678,677,684,676,675
688,686,685,682,681,679,680,677,678,676,684,675
687,686,685,682,681,679,677,676,680,678,675,684
690,683,684,680,678,681,682,679,685,686,677,986
683,684,680,678,681,682,679,685,677,686,986,675
688,687,686,685,682,681,679,680,678,677,676,684
689,690,683,684,680,678,681,682,685,679,686,694
694,685,686,691,687,688,682,681,680,684,679,678
691,687,686,688,685,682,681,679,155,680,684,678
692,689,690,683,697,684,698,680,693,678,681,682
697,698,693,692,695,689,690,684,685,683,694,686
698,693,685,694,686,692,684,683,682,689,690,681
693,694,685,686,691,687,682,688,681,684,680,683
695,692,701,689,696,690,697,683,698,684,693,680
701,696,697,699,698,695,692,693,689,690,683,684
696,697,698,695,692,693,689,690,683,684,685,694
699,703,695,700,692,701,696,689,697,690,683,698
700,701,699,696,697,695,692,698,689,693,690,683
702,699,703,695,700,701,692,696,689,697,690,698
703,702,704,700,699,701,696,695,697,692,698,689
704,702,705,699,703,695,700,692,701,696,689,697
705,704,706,703,702,700,699,701,696,695,697,692
706,704,707,705,702,699,703,695,700,971,701,692
707,705,704,706,708,703,702,700,699,701,696,695
708,706,704,709,707,705,702,699,703,971,700,695
709,707,705,708,710,706,704,703,702,700,699,701
710,708,706,711,709,704,707,705,702,971,699,703
711,709,710,707,708,712,705,706,704,702,703,700
715,716,712,717,710,718,708,713,706,971,711,704
716,712,710,718,708,713,706,711,709,704,707,971
712,710,718,708,713,706,711,709,704,707,705,702
718,716,712,713,715,710,708,711,709,706,707,704
713,712,711,710,708,709,707,706,704,705,702,703
714,715,716,712,717,710,718,708,713,971,706,711
717,716,718,715,712,713,714,710,719,708,711,709
719,714,715,716,720,712,717,710,718,708,713,971
720,717,716,715,718,712,714,719,721,713,710,711
724,721,719,714,715,722,720,716,717,712,718,710
721,719,714,715,722,716,720,717,712,718,710,708
722,720,717,724,715,723,716,721,714,719,718,712
723,724,721,719,727,714,725,715,722,720,716,717
725,722,720,724,723,717,721,715,719,714,716,718
729,726,723,724,730,721,727,719,725,714,972,722
726,723,724,721,719,727,714,725,715,722,972,720
727,725,726,723,722,729,724,970,721,720,719,714
732,728,729,726,735,723,724,736,730,721,972,727
728,729,726,723,724,730,721,727,719,972,725,714
732,734,728,731,729,735,726,723,736,730,724,758
735,728,732,729,736,731,726,730,723,724,727,725
736,730,728,726,729,727,732,723,724,725,721,722
730,735,727,725,726,728,729,723,724,732,722,970
738,731,732,733,728,734,729,726,735,723,736,724
731,732,733,728,734,729,726,735,723,736,724,730
737,738,731,732,733,728,734,729,726,735,972,723
739,737,738,731,732,733,728,734,729,726,972,735
739,740,737,738,763,731,733,732,734,728,735,729
743,744,740,741,739,737,738,731,767,763,733,732
740,741,739,737,738,731,733,767,763,732,728,734
741,743,742,740,739,767,763,737,738,731,733,768
746,742,747,743,744,740,741,739,771,772,737,738
742,743,744,740,741,739,772,737,738,731,767,763
746,744,742,745,743,741,771,740,739,772,767,763
745,746,749,742,747,743,744,740,741,739,771,774
747,746,745,748,742,744,743,741,740,771,774,739
748,745,749,746,747,742,743,744,740,741,739,771
749,747,750,745,746,748,744,742,771,776,743,774
750,748,751,745,749,746,747,742,743,744,740,771
751,749,752,747,776,750,778,774,748,771,745,746
752,753,751,750,749,748,745,747,746,782,742,744
753,754,781,751,782,752,749,778,783,776,750,747
754,755,753,784,752,751,781,750,785,749,782,748
756,755,754,786,753,784,752,751,781,788,785,782
736,730,735,727,734,725,733,970,726,728,722,729
758,736,730,735,734,727,725,733,970,728,726,729
759,758,736,730,735,734,727,725,970,733,728,726
760,762,759,758,736,730,735,734,727,970,725,733
761,760,759,758,736,730,735,727,734,970,725,733
764,741,765,734,761,759,733,760,735,766,762,738
761,766,760,762,759,758,736,735,730,734,733,727
764,766,761,762,760,759,763,758,736,735,730,734
762,761,764,760,759,758,736,730,735,734,727,970
763,768,769,764,770,741,765,761,734,766,759,760
769,767,763,764,770,765,761,766,760,762,759,758
768,770,764,765,767,763,761,766,762,760,759,758
765,769,764,766,761,768,762,760,767,759,763,758
772,767,744,763,741,747,768,769,773,743,746,742
767,763,768,769,741,744,770,764,765,743,739,761
769,770,768,765,764,767,772,766,763,771,761,762
771,772,767,775,768,763,773,769,744,747,741,749
773,769,770,768,774,765,772,767,764,771,766,763
774,771,772,775,767,773,768,763,747,744,769,749
775,773,776,774,769,770,768,772,771,765,767,764
776,774,777,771,775,772,773,767,751,768,769,763
780,778,777,776,775,774,773,771,772,753,768,769
779,777,778,775,776,773,774,771,772,769,768,770
782,783,778,755,753,779,776,780,774,751,771,754
783,778,779,776,780,774,753,777,771,751,772,775
779,782,778,780,777,776,774,775,771,773,753,772
781,785,782,755,753,783,756,778,779,754,776,751
781,784,782,783,778,779,780,755,753,776,756,774
784,755,781,788,785,757,756,782,753,754,783,778
788,784,785,786,781,782,755,783,792,757,756,778
785,784,781,786,782,783,779,778,755,780,793,753
790,787,786,788,784,785,781,755,757,782,756,797
789,787,788,786,784,785,781,797,782,755,783,792
789,790,787,786,788,784,800,796,785,781,797,757
793,794,795,783,780,788,779,785,787,782,781,777
794,780,779,783,788,777,785,782,778,781,775,784
793,780,779,777,783,788,785,775,782,778,781,773
794,793,792,780,779,777,783,788,785,775,782,778
797,792,790,788,793,787,785,789,794,783,795,784
792,793,788,794,790,785,787,795,783,789,780,798
795,799,794,793,792,797,780,779,777,783,788,785
798,795,794,793,792,797,185,780,777,779,783,788
796,797,802,792,803,790,791,787,788,793,789,785
800,796,802,797,803,792,804,793,790,791,787,788
803,797,804,800,792,796,793,795,798,794,805,799
802,804,798,795,792,797,805,800,794,793,796,799
803,805,798,795,802,799,794,793,792,797,800,796
804,799,798,795,803,794,802,793,792,797,800,796
800,801,796,791,797,802,790,803,789,787,792,788
806,800,801,791,796,790,797,789,802,787,803,788
807,806,801,800,796,791,802,797,803,790,789,787
810,808,807,806,801,800,791,796,1046,802,790,797
809,808,807,806,801,800,1046,796,791,802,803,797
402,826,403,400,818,830,396,817,395,393,829,828
811,408,405,820,406,402,403,826,400,830,818,396
411,410,814,812,413,408,406,405,820,811,835,403
835,812,820,410,411,811,408,413,843,405,406,830
422,419,420,417,816,414,813,413,411,823,410,814
417,823,813,814,414,411,413,410,835,812,408,820
393,827,395,837,391,389,838,388,386,840,836,385
393,395,817,391,829,827,389,837,388,386,385,838
374,375,822,372,821,368,373,366,833,370,371,879
830,811,826,405,402,845,828,403,406,407,829,400
370,372,833,368,371,879,366,369,856,874,363,367
821,374,372,375,373,368,370,833,371,366,879,369
814,835,813,855,417,414,812,416,820,410,411,843
815,419,816,420,422,825,417,414,823,813,814,413
823,816,834,421,815,417,814,423,419,813,835,418
818,817,829,400,396,393,828,395,837,391,827,838
389,386,388,384,836,385,840,382,381,839,379,387
829,397,838,394,398,817,837,399,392,818,827,840
817,837,838,827,393,394,840,391,395,389,392,390
828,845,826,829,404,397,401,817,398,838,818,402
427,424,832,824,815,422,420,419,825,868,816,417
824,825,815,424,816,419,422,420,860,417,823,426
366,856,842,363,874,846,880,361,844,359,360,365
823,418,835,855,416,814,415,816,843,412,813,820
820,843,812,830,412,409,811,407,410,845,411,408
384,382,839,376,379,377,822,383,381,380,819,821
827,840,836,389,384,386,390,388,387,839,385,382
392,837,390,840,387,827,836,839,383,389,384,386
383,377,380,376,373,382,822,821,379,370,371,369
387,836,839,383,384,380,377,386,376,382,388,385
832,868,825,831,824,428,860,427,426,424,815,816
844,846,576,577,578,572,360,573,574,571,361,575
409,407,830,845,820,404,401,828,397,398,811,826
576,572,571,577,578,355,569,573,567,574,563,564
401,828,397,398,399,394,829,838,826,392,817,837
360,362,357,356,574,578,575,573,577,570,576,844
347,556,866,864,342,346,853,340,343,345,344,341
335,332,851,334,333,328,857,861,325,331,326,324
850,438,436,445,435,437,881,434,433,441,841,432
435,881,841,433,434,832,431,831,432,868,429,430
332,861,857,328,331,325,863,330,326,852,859,324
322,320,859,858,319,317,863,316,871,878,872,873
865,854,340,339,338,337,862,336,848,334,335,333
338,862,848,335,336,334,337,851,332,333,331,328
835,843,412,409,407,820,814,830,845,404,812,401
846,880,842,364,360,362,844,363,578,577,576,574
863,325,859,852,322,878,870,324,858,320,871,883
317,316,872,871,873,314,313,311,898,894,309,904
858,878,871,320,317,319,872,316,883,904,873,898
421,423,834,825,418,823,416,855,816,835,824,415
863,857,870,328,327,325,859,878,897,883,852,323
334,848,851,333,335,332,331,861,328,857,330,325
878,859,883,897,871,858,322,904,323,320,919,321
342,853,340,343,854,341,344,338,865,339,862,337
337,336,854,862,334,848,333,338,335,851,331,332
346,864,343,853,342,345,344,341,340,865,854,339
461,869,457,453,849,452,438,877,441,456,437,850
825,860,426,832,425,423,421,834,824,823,816,418
438,441,849,437,877,442,453,435,850,439,433,452
863,897,883,323,878,321,859,919,318,904,913,871
872,898,904,873,894,313,921,314,309,311,923,919
873,313,894,898,311,309,306,305,888,904,901,299
313,311,309,894,306,305,304,898,302,300,299,888
880,856,365,364,846,362,842,360,357,358,356,844
464,867,896,461,457,869,915,453,877,849,452,456
468,875,466,464,867,461,896,914,457,869,453,456
442,448,454,439,441,440,451,446,444,437,438,447
883,871,904,858,919,898,872,923,921,315,913,317
856,874,833,367,880,846,842,365,366,364,360,362
364,846,362,360,357,842,358,356,353,575,574,578
831,841,832,429,427,824,424,431,868,825,815,430
470,876,468,895,885,875,466,464,910,914,896,867
919,904,871,913,315,318,923,918,310,312,898,921
892,476,882,474,885,470,876,895,468,893,891,910
910,895,911,914,876,907,875,470,908,927,896,468
902,903,887,906,891,548,550,544,545,551,541,554
892,885,891,893,884,539,537,524,526,514,535,528
299,899,296,300,900,295,931,293,922,925,953,291
462,460,459,458,915,454,451,447,448,446,444,877
463,889,465,462,927,460,459,458,915,454,451,447
535,528,533,526,531,524,893,514,512,515,508,509
885,882,895,876,474,910,470,468,512,875,508,509
514,512,508,509,507,510,511,515,513,885,910,516
306,888,299,305,901,300,304,302,296,899,921,900
876,875,914,896,468,911,464,466,867,915,927,461
867,915,869,877,461,458,457,441,459,442,454,448
321,883,919,318,913,878,315,904,918,312,923,310
894,921,901,888,309,922,923,306,299,935,305,300
295,900,931,293,291,924,953,290,929,925,287,928
953,931,925,924,295,293,928,291,940,929,290,934
888,922,900,925,899,299,296,953,300,933,295,931
884,887,479,892,476,903,882,885,891,474,893,544
548,550,544,545,551,541,554,891,542,555,539,537
923,921,898,310,935,918,901,308,922,312,894,954
547,549,543,546,540,538,536,912,534,532,530,529
554,555,551,552,553,550,903,548,545,549,546,544
908,911,471,469,472,910,890,927,467,463,889,914
890,927,889,463,467,462,465,914,460,459,915,458
472,471,473,907,469,513,511,510,507,509,908,467
911,914,895,908,927,915,896,890,889,875,876,469
908,927,914,890,889,915,463,462,459,467,460,896
909,527,530,525,534,529,532,536,523,522,521,520
315,918,919,312,310,308,923,307,904,303,301,935
915,927,896,889,875,459,458,877,890,867,460,462
458,459,877,454,460,451,448,462,446,869,442,444
920,906,489,555,554,553,552,905,551,481,549,483
493,916,941,496,489,495,491,926,920,906,497,492
312,310,308,307,923,303,301,954,935,298,921,297
315,918,312,310,923,904,308,307,921,935,303,954
481,905,906,553,552,549,555,546,547,554,543,551
922,935,901,308,933,954,925,888,303,900,297,307
925,933,900,934,297,953,298,940,294,899,292,942
310,935,308,921,954,303,922,307,933,301,298,297
928,929,930,932,940,285,937,287,938,283,281,945
953,940,934,928,942,924,931,294,945,292,288,289
483,490,920,481,482,916,485,478,905,906,477,553
889,915,459,462,460,458,463,454,465,896,451,877
937,930,945,939,966,932,938,965,936,284,282,285
285,932,283,930,281,938,928,279,277,936,937,939
938,936,937,939,279,281,277,965,964,1011,966,275
291,924,929,290,953,287,285,928,932,930,283,281
281,938,279,930,277,936,275,964,939,937,273,1011
934,294,925,292,289,942,940,288,953,286,900,945
942,292,289,288,940,286,945,284,953,282,928,937
954,922,933,297,298,301,925,901,934,294,292,900
964,1011,277,275,1007,963,273,968,1009,967,1008,272
966,965,939,282,280,278,967,936,938,276,1011,968
279,936,277,964,275,939,1011,273,963,1007,272,965
965,936,1011,968,967,964,278,276,1007,1009,274,277
945,942,928,937,284,286,288,966,282,930,280,965
926,916,494,920,490,483,493,481,906,482,489,485
288,286,945,284,282,966,280,937,928,278,965,276
951,952,949,950,183,177,958,957,983,169,980,960
943,196,191,186,951,950,955,183,952,949,177,958
284,966,282,937,280,965,278,939,967,276,930,274
261,260,265,947,258,255,257,993,262,263,252,250
258,257,250,255,252,247,995,243,1022,1029,241,989
944,955,943,950,198,959,952,960,196,191,186,951
958,957,956,983,169,973,975,166,1024,976,974,163
952,980,983,949,957,951,981,982,1024,958,183,956
177,949,958,169,952,166,956,973,957,163,164,987
949,983,957,980,958,956,1024,177,975,982,169,981
928,924,940,937,930,929,945,942,932,290,966,284
297,298,933,294,922,934,292,925,289,288,942,940
950,960,980,1048,943,952,983,981,949,1055,951,957
976,974,975,987,1061,1024,1070,147,1057,1060,1059,158
956,975,1024,974,982,1035,973,976,1060,1026,1061,987
973,956,166,163,987,957,976,164,158,147,162,974
955,960,1048,950,1055,980,981,990,1047,983,952,943
980,950,981,983,952,1047,982,957,1024,1025,949,1098
959,988,207,206,955,1048,960,1055,990,948,950,981
988,990,961,1055,959,1058,1048,1063,207,1047,960,955
1008,992,1007,270,993,269,946,1010,267,260,1009,255
963,1007,1011,273,1008,272,1009,992,270,1010,968,993
967,278,276,968,274,1011,936,271,1009,1027,964,1007
280,965,278,967,276,939,274,968,1011,936,271,938
274,968,271,1011,1027,268,1009,264,1007,1028,964,1033
1009,1027,271,268,1007,1033,1088,1028,1010,264,1008,963
185,799,805,798,804,795,803,794,802,793,792,801
725,722,727,720,717,718,713,716,715,711,712,724
702,699,695,692,689,703,690,700,683,701,986,696
723,724,721,719,714,715,725,716,722,971,712,720
987,976,147,158,956,1057,144,149,1070,974,152,1061
1061,1060,1059,1070,1035,1124,1081,1122,1190,1072,1123,1173
974,1060,1035,1059,1026,976,1061,1072,1081,1070,1041,1190
1070,1057,1061,974,1123,1124,1059,1056,1122,1060,1127,1173
204,998,978,203,1003,213,190,1006,194,188,199,1004
998,996,997,204,1004,208,188,1036,203,1003,190,1005
1036,809,791,757,807,810,808,789,756,806,790,786
983,981,982,1024,957,949,1025,1023,1026,975,956,1035
982,1025,983,1023,1098,1024,1026,1099,1097,957,1096,1111
1024,1023,1026,1025,1099,1035,975,1042,1041,1097,1096,1060
957,1024,982,975,956,1026,1035,1023,958,974,1025,1060
986,1001,1002,1034,675,1021,1000,674,672,673,129,135
1015,1014,1013,999,971,160,1034,984,141,715,157,138
675,674,672,673,1021,1002,1049,1001,1128,1020,1000,1056
158,147,144,149,1057,976,152,1070,155,1056,1123,1049
959,1055,1048,990,960,1047,955,1063,981,1058,980,950
241,991,235,1030,230,962,225,990,1058,1064,224,988
1055,1063,1048,1047,1091,1184,1098,981,1111,960,1092,1125
962,990,1058,988,1064,1055,961,1091,1063,1048,959,1184
946,993,260,267,261,255,265,947,258,1010,252,1029
255,1029,260,252,1022,261,250,947,1031,995,258,1112
989,1030,1032,241,991,235,1064,1066,230,962,1058,225
243,989,241,994,235,230,991,1030,1032,225,962,224
997,1036,979,197,195,998,757,1016,756,809,791,1005
1005,1004,1036,1016,188,1054,1012,182,752,757,750,754
188,1004,190,997,194,182,1005,1054,178,1036,1012,170
1034,1001,984,135,129,138,141,118,1000,1002,986,113
1017,107,1019,103,1039,95,1020,1037,1040,1018,85,1038
1000,129,1002,135,118,113,107,1017,103,1019,1020,95
1000,1020,1019,1128,1017,129,107,1018,118,113,1104,103
194,190,199,188,998,182,1004,178,1054,997,1005,170
1005,182,1054,178,1012,170,168,1016,160,985,1013,752
1012,1054,1016,985,168,178,170,1013,752,750,748,160
201,199,203,1003,194,204,190,188,998,182,1004,178
1008,1009,1010,993,992,1033,1029,270,1027,946,1112,255
993,992,1010,1029,255,946,260,1033,261,1022,252,267
1033,1027,1010,1008,1088,1065,1112,1028,1029,993,268,992
1029,1033,993,1112,1031,1065,1022,255,1088,260,252,994
1007,968,1009,963,1008,1010,1027,274,1033,273,271,992
985,168,1013,160,170,1014,1015,157,972,141,143,999
157,1014,141,143,138,1034,999,1015,135,129,1001,118
999,1034,141,138,135,143,1001,129,984,118,113,1000
999,984,1014,1034,1001,986,695,702,699,692,689,690
745,746,742,743,972,740,747,985,739,744,1012,741
1039,95,1037,1040,1038,85,1018,89,1050,1045,86,1043
1103,1044,1037,1093,1043,1126,1094,1039,1095,1038,1045,1130
1017,1018,1037,1039,1044,1103,1038,95,1040,1043,1045,85
1019,1018,1104,1103,1127,1017,1037,1044,1126,1039,1093,107
1128,1020,1002,1056,1104,1019,1001,1000,1018,1127,1123,1103
995,1031,994,989,243,247,241,1032,1030,235,991,230
1099,1026,1042,1096,1120,1041,1035,1073,1101,1121,606,126
975,1026,1035,1023,1060,974,1041,1072,1042,1099,1059,976
1023,1099,1097,1096,1026,1042,1120,1121,1167,1024,126,133
1035,1042,1041,1072,1060,1073,605,606,604,607,1071,608
1088,1028,1033,264,1065,259,1087,1075,1010,1074,1112,256
1088,259,1075,1074,1087,256,1065,249,251,254,1086,245
1022,1031,1112,252,995,994,250,1032,1065,989,247,243
991,1064,1058,990,1091,962,1092,1090,1063,988,1055,1184
994,1032,995,989,1067,1030,243,241,1066,247,991,1064
1066,1030,1064,989,1115,1090,991,241,1058,1092,1091,1114
1088,1065,1112,1028,1029,1087,1067,1031,1075,1022,1032,259
135,138,129,1001,118,113,107,1000,103,1002,95,1017
1060,1072,1041,1081,1071,1059,1042,605,604,606,600,597
1016,752,757,756,754,750,748,755,745,753,751,786
1043,1038,1045,1044,1094,1108,1052,1053,1050,1095,1093,1051
1045,1052,1050,1069,1043,1077,1108,1051,1106,1076,1068,1044
1040,1038,1037,1050,1045,1062,1052,1069,1043,1076,1044,1077
1050,1038,1062,1069,1052,1037,1045,1076,1077,1079,1043,1080
605,606,604,600,607,1071,608,1073,597,609,1072,601
1073,1041,1101,609,603,602,608,601,599,598,606,607
1094,1045,1108,1053,1095,1051,1116,1107,1052,1110,1106,1143
1094,1043,1093,1095,1053,1130,1045,1116,1108,1131,1161,1107
1108,1052,1051,1053,1106,1094,1077,1107,1068,1110,638,637
803,804,802,801,805,808,806,800,807,798,796,797
1098,981,1025,1097,982,1111,980,1023,1099,1096,1167,983
960,981,1047,980,1063,950,1098,982,1025,983,952,1023
1021,1128,1056,1020,1057,1123,1104,1002,1127,1070,1124,1019
1069,1076,1052,1077,1080,1045,1068,666,671,652,664,1078
1106,1110,1109,1107,1137,638,630,637,642,624,1134,649
1077,1106,1068,1051,652,648,638,649,642,637,651,1108
1107,1116,1143,1051,1110,1131,1145,1133,1144,1179,1109,1106
170,168,1012,160,1013,985,157,1014,143,141,1015,972
1048,1047,1063,981,1098,960,1025,1184,1111,980,1097,982
1123,1128,1127,1104,1070,1124,1020,1173,1061,1126,1103,1002
1070,1123,1056,1124,1061,1127,1128,974,1173,1122,1104,1059
1091,990,1063,1184,1092,1055,1125,1111,1098,1047,172,1113
1190,1081,1122,1124,1166,1072,1118,1173,1105,1142,1127,1071
1059,1072,1081,1190,1105,1041,1122,1071,1118,1124,604,1166
1059,1124,1122,1123,1190,1060,1173,1081,1127,1166,1142,1118
1079,1050,1076,1069,1078,671,666,664,670,669,661,668
1098,1184,1047,1111,1097,1140,1025,1167,981,172,167,159
1092,1091,1090,1058,1125,1177,1113,1184,990,1063,172,1141
1112,1067,1087,1075,1031,1032,1115,1066,1086,249,994,1022
1090,1064,1114,1092,1030,1177,1091,212,231,1058,1113,200
1066,1032,1115,1086,1114,1090,1064,994,1030,231,212,989
642,649,637,638,648,652,630,651,624,650,647,622
1077,1080,1052,652,1068,651,650,648,649,647,642,666
1123,1061,1124,1127,1122,1059,1173,1190,1128,1060,1104,1126
597,600,593,594,595,588,80,1139,581,585,589,75
1071,1081,1105,604,605,600,597,606,593,80,594,607
603,602,599,598,609,601,608,596,607,592,606,605
249,251,1075,248,253,245,1086,244,246,1087,242,231
249,1087,1086,251,245,248,253,244,246,1115,242,1067
666,671,664,1078,1069,670,661,1080,669,659,668,667
1068,652,648,651,649,642,650,637,638,647,630,646
669,668,667,670,671,665,666,663,662,664,660,661
1076,1078,1084,671,670,669,666,668,667,664,665,663
654,653,645,644,643,640,647,650,646,639,633,641
1190,1105,1118,1166,1071,74,1119,80,597,604,600,66
93,1083,88,94,1149,92,1084,1152,1079,86,1151,1062
1152,1084,88,1079,1158,1157,65,1078,64,1138,58,86
1078,1158,1138,667,668,665,669,670,662,663,671,666
631,625,632,643,639,644,39,41,626,645,37,640
1115,244,242,231,232,1114,212,1066,200,1090,1177,1132
1067,1086,1115,249,245,248,1066,244,1114,242,231,1032
1065,1087,1075,1112,1067,259,1074,249,1086,256,1115,251
48,53,1085,41,50,643,39,631,632,639,644,625
1177,1092,1113,1132,1141,200,1091,1125,192,187,184,1058
1125,1184,1063,172,1113,173,1111,167,174,1141,1140,175
1091,1125,1113,1184,1141,172,173,174,1132,175,167,180
1130,1095,1161,1094,1147,1131,1163,1043,1116,1053,1146,1165
1053,1116,1108,1107,1131,1143,1145,1051,1147,1110,1144,1164
1094,1131,1116,1053,1147,1145,1146,1164,1108,1143,1107,1162
1120,126,133,114,136,1042,1101,104,1100,97,1073,1026
1167,1096,1121,1099,140,146,133,1120,136,126,153,1023
1097,1111,1025,1167,1096,1140,1121,1099,1023,140,146,159
1096,1120,1042,1026,1101,126,114,133,1073,1041,136,1100
1102,84,81,90,596,592,599,587,598,584,77,603
1100,104,1073,90,1102,84,97,599,596,81,598,603
592,587,584,580,579,583,582,586,591,81,77,76
1093,1044,1095,1130,1161,1094,1037,1142,1043,1147,1053,1131
1103,1126,1018,1173,1093,1019,1044,1142,1122,1161,1037,1130
74,80,1118,1119,66,75,1117,1139,581,68,59,1166
638,1137,630,637,642,649,624,622,620,618,616,615
1110,1143,1133,1179,1109,1144,1145,15,12,1136,19,11
1053,1051,1107,1110,1106,1116,1109,1143,1133,1137,1068,638
1134,1136,1133,20,18,13,1135,25,11,1172,6,12
1109,1133,1134,1136,1143,1179,11,12,15,13,20,18
1140,1167,1097,159,167,153,146,1121,140,1096,1025,136
1031,1067,1032,1022,994,1087,1066,995,989,1030,1115,250
174,1125,175,173,180,176,172,184,167,1184,159,1140
212,1177,1090,200,1132,192,1141,1092,187,1113,1064,184
1114,1066,231,1090,212,1177,232,200,1064,1132,1092,192
1143,1145,1107,1144,1164,1179,19,21,1110,23,22,1133
59,1183,57,54,1176,52,1174,51,1188,47,1191,49
1119,1165,74,1117,1176,1142,1183,80,66,1160,1163,75
1117,1183,1176,1165,57,59,54,1160,1174,1171,52,1163
1101,114,126,1042,104,1100,1073,97,90,1102,599,603
140,1096,133,136,126,1120,114,1099,104,1101,97,1042
1190,1173,1166,1142,1118,1081,1126,1165,1161,1105,1119,1163
1124,1127,1173,1128,1104,1122,1126,1059,1142,1020,1103,1190
1173,1122,1127,1142,1190,1126,1166,1104,1081,1118,1103,1161
172,173,1184,174,167,175,159,176,1111,1140,180,1063
1103,1093,1142,1161,1130,1166,1044,1095,1163,1165,1147,1094
1173,1104,1126,1122,1103,1142,1093,1018,1166,1161,1190,1044
1020,1104,1127,1018,1103,1019,1126,1124,1173,1000,1044,1093
70,71,76,68,75,77,80,66,74,59,1117,57
1147,1095,1131,1146,1094,1116,1162,1164,1145,1160,1170,44
1164,1146,1145,1116,28,1170,23,29,22,44,1143,21
192,1141,187,184,180,1113,176,175,174,1125,173,172
1179,11,12,15,1136,16,7,1172,1134,4,9,19
18,13,1136,1135,6,1172,2,11,7,0,3,12
6,1172,2,0,3,7,4,9,1185,5,1,8
1172,13,1135,11,7,6,2,12,0,3,4,15
25,20,1134,1109,24,18,30,1110,13,33,1136,1135
667,665,662,668,663,669,1089,53,670,660,657,671
75,1129,80,68,70,71,66,74,76,59,77,1117
153,1167,146,140,1097,1121,136,1096,133,126,1025,1099
184,180,1113,176,175,174,173,1125,172,167,1184,159
1161,1165,1163,1093,1130,1160,1147,1119,1176,1162,1095,1146
1144,1179,1133,19,15,16,21,17,12,22,1178,11
19,21,1179,17,16,22,1178,15,14,9,1133,12
21,1144,23,22,19,28,1143,17,1179,29,14,1178
1170,1164,44,38,28,29,31,45,34,23,42,1145
1146,1162,1131,44,1164,1170,45,38,28,1171,31,29
1082,102,1149,1083,93,106,88,94,1152,1153,1151,1084
1151,1083,1152,1157,93,1156,1150,65,64,1084,88,63
1156,1159,1155,1151,67,1157,62,78,72,61,1169,63
1157,1156,1152,64,67,63,65,1159,62,1083,1155,58
65,1157,64,1158,1084,63,58,67,56,1138,62,55
1151,1150,1149,1156,1157,1159,1152,1155,67,64,63,1083
1168,1155,1150,101,1169,98,1159,78,1153,1156,79,72
78,1159,1169,72,61,1156,60,79,69,62,82,67
67,1159,1157,62,63,64,61,72,65,78,1152,58
64,63,65,67,58,62,1158,61,56,72,1084,55
58,56,1138,55,53,50,667,1078,665,668,662,669
61,72,62,67,78,60,63,1157,64,69,79,65
1162,1171,45,44,42,1147,1174,1146,38,1175,34,1170
1163,1130,1147,1160,1162,1095,1131,1146,1176,44,1171,45
44,45,1146,1171,38,42,1170,34,31,1164,29,1175
1160,1147,1162,1146,1130,1176,1171,45,44,1131,38,1170
28,23,1170,29,1145,22,31,21,38,34,19,1144
1160,1163,1176,1161,1162,1171,1183,1147,1117,1174,45,1130
1142,1118,1165,1119,1161,1163,1160,1176,74,1117,1183,1147
146,1121,140,153,1096,136,133,126,1099,1120,114,104
1169,1155,79,78,1180,82,83,69,1150,72,1159,60
79,82,78,69,83,60,73,72,1159,61,62,1156
31,29,28,34,23,22,35,1145,21,26,19,32
42,45,1175,44,38,35,1181,34,32,1188,26,1170
0,2,6,3,4,1185,5,1,8,1135,1136,7
1142,1126,1166,1190,1161,1103,1093,1165,1118,1163,1130,1018
1188,1181,1175,1171,40,42,47,36,32,35,51,45
35,32,26,27,36,34,38,31,1170,29,28,1164
1160,1171,1174,54,1162,57,1188,45,1175,42,1181,52
1132,1141,192,1113,187,1092,184,180,1125,175,176,174
9,8,1185,10,5,1,7,4,3,1172,0,2
15,16,12,19,17,1178,11,9,14,7,1185,8
83,87,82,73,1169,79,91,69,78,1155,60,72
36,1175,32,27,26,35,34,38,31,1170,29,28
1189,134,139,127,137,1192,123,110,1187,108,99,100
54,57,1176,1174,1188,52,1171,51,1160,47,1181,40
1111,172,167,1140,173,159,1098,174,1167,153,1097,146
5,1,4,3,0,2,9,8,1178,16,10,17
1182,139,134,1189,127,142,1192,137,110,123,1187,99
99,96,100,91,87,105,1180,98,83,101,82,109
40,47,1181,36,1191,43,1175,46,32,27,26,42
1192,127,123,134,1187,110,108,99,100,105,96,91
1166,1118,1142,1105,1165,1119,74,80,1071,1117,1161,1176
43,46,47,40,36,1181,27,32,1175,26,35,42
1187,110,108,99,100,96,91,105,87,98,1180,101
