3,2,1172,6,4,7,1135,1136,11,13,12,18
5,1185,8,10,9,1178,14,17,16,15,19,12
0,6,1172,1135,3,13,1136,7,4,18,11,1134
0,4,7,1172,2,11,6,1136,12,1135,13,15
7,3,11,0,1172,12,2,15,1136,9,1185,5
1185,1,9,8,1178,10,16,17,14,15,12,4
1135,2,13,1172,0,18,1136,3,1134,7,4,20
4,11,3,12,1172,0,1136,15,2,1133,16,9
10,1178,1,1185,14,5,9,17,16,19,21,15
1185,1178,5,16,8,15,17,1,12,14,10,19
8,14,1178,1,17,1185,5,9,21,19,22,16
7,12,4,15,1136,1133,1172,3,16,1179,0,9
15,11,7,16,1179,1133,4,9,1136,1178,1185,3
1135,18,6,1134,1136,1172,2,20,0,1109,25,3
17,10,1178,8,21,19,22,9,16,1185,1,1144
16,12,1179,9,11,1178,1133,17,7,1185,1144,19
15,9,1178,1179,12,17,19,1185,1144,8,14,5
1178,14,19,21,16,8,1144,9,10,22,15,1179
13,20,1134,1135,6,25,1136,1137,1109,24,1172,2
21,1144,17,14,1178,22,16,1179,1145,23,15,1143
25,18,1134,1137,24,616,13,615,614,618,613,612
19,22,17,1144,14,23,1145,1178,28,10,16,1179
23,21,28,19,14,1145,17,1164,1144,29,10,1178
22,28,1164,21,29,1145,1170,19,31,14,1144,17
25,30,612,611,613,614,610,615,617,616,618,619
24,20,616,615,614,613,618,612,1137,611,620,622
32,35,27,1175,42,1181,36,34,38,45,40,1171
32,36,26,1181,40,1175,35,1188,47,43,1174,42
29,23,1164,1170,31,22,1146,1145,21,34,38,44
31,28,1170,23,34,1164,38,44,1146,22,45,21
610,617,611,33,24,619,612,621,613,623,614,615
29,34,1170,38,44,28,45,1146,1164,42,23,35
26,27,1175,1181,36,35,40,42,1188,1174,1171,47
37,30,617,619,626,627,621,610,628,625,623,629
38,31,44,45,1170,42,29,35,28,26,1146,1162
26,42,1175,32,34,38,45,27,1181,44,1171,31
27,40,1181,32,1188,47,43,1175,26,1191,1174,52
39,33,625,626,631,41,632,627,1085,628,639,643
34,44,45,31,1170,42,29,35,1162,1146,1171,28
41,37,1085,625,631,33,626,632,48,639,627,643
47,36,1188,1181,43,1191,52,27,51,46,32,54
39,48,37,1085,625,631,632,626,1089,639,33,643
45,35,1175,1171,38,44,34,26,1162,32,31,1174
1191,46,47,49,51,40,52,1188,36,1181,54,27
38,45,34,1170,1162,42,31,1146,29,1171,35,28
44,42,38,34,1162,1171,1170,35,31,1175,1146,1160
49,1191,43,51,47,52,40,1188,36,54,57,1181
1191,43,52,40,51,1188,46,49,54,36,1181,57
53,1089,41,1085,50,39,655,653,658,657,654,662
46,1191,51,43,47,52,40,1188,54,57,59,36
53,55,48,56,1089,1138,41,1158,662,663,665,1085
1191,52,49,47,46,43,54,1188,57,40,59,1181
51,47,54,1188,1191,57,49,40,43,46,59,1174
50,48,1089,1138,55,662,663,665,657,655,660,41
57,52,1188,1183,1174,51,47,59,1117,1191,40,1181
56,50,53,1158,58,1138,48,1089,65,64,662,665
55,58,1158,50,65,64,53,63,1138,1157,67,48
54,59,52,1183,1117,51,66,1188,47,1174,1191,49
65,56,64,1158,63,55,1157,67,1152,62,50,1138
57,66,1117,54,68,75,74,52,1183,51,80,70
69,78,72,79,61,1169,1155,82,1159,73,62,1168
62,72,1159,67,78,60,1156,1155,63,69,64,1157
67,61,1159,63,1156,72,64,1157,78,65,60,1155
64,67,1157,65,62,58,1156,61,1159,1151,56,1152
65,63,1157,58,67,1156,1152,1158,62,56,1151,1159
64,58,63,1157,1158,1152,67,56,1156,1151,62,55
74,1117,59,75,80,68,1139,57,1105,70,1119,1183
62,63,1156,64,1157,61,1159,65,58,72,1151,1150
70,75,1139,71,1129,66,80,581,585,59,588,589
60,79,78,82,72,1169,73,83,61,1155,1180,1168
71,68,1129,76,1139,579,580,583,75,582,581,586
70,76,1129,68,579,580,77,583,582,584,587,586
78,61,60,1159,62,1155,69,79,1169,67,1156,1150
83,82,79,1180,87,69,1169,98,96,60,100,91
80,66,1105,75,1117,1139,1119,59,1071,68,593,597
1139,80,68,66,581,74,588,70,593,585,594,595
77,71,580,579,1129,584,583,587,70,582,592,1102
76,81,1102,580,584,71,579,587,583,592,84,1129
72,60,69,1155,1169,79,1159,61,1168,82,62,73
82,69,1169,73,78,83,60,1180,1168,98,72,1155
75,74,1139,66,1071,593,1105,68,597,594,588,595
84,77,1102,1100,76,90,584,587,580,592,579,596
79,83,73,1180,1169,98,69,87,1168,100,101,78
82,1180,73,87,79,98,96,100,1169,91,105,69
81,90,1100,77,97,1102,104,1101,76,584,587,592
89,95,1040,86,1062,103,1050,92,1039,107,113,1038
89,92,1062,85,94,1079,95,88,106,1050,1040,102
96,83,1180,100,91,82,73,108,98,99,105,1187
93,94,102,1079,92,106,1082,1083,111,1084,86,1062
86,85,1062,92,95,1040,94,103,1050,1079,107,113
84,97,104,1100,81,1101,114,77,1102,126,76,596
96,99,87,1187,100,110,83,108,1180,1192,73,127
94,86,89,88,1062,1079,106,102,93,85,111,95
88,102,1082,1083,94,106,111,1148,92,1079,1084,128
92,88,106,102,93,86,1079,111,1062,89,1082,1083
103,85,1040,89,107,1039,113,118,86,1017,1062,1050
91,87,99,1187,100,108,1180,83,110,105,1192,98
104,90,84,114,1100,1101,126,81,133,136,1120,1102
101,105,1180,100,109,1168,1169,82,83,108,87,115
91,1187,110,96,1192,127,108,87,100,123,134,1180
108,105,1180,98,87,96,1187,101,83,123,91,82
109,98,1168,105,115,1169,1180,100,119,1154,82,108
106,111,93,1082,88,94,1148,128,92,1083,132,1079
107,95,113,118,85,129,1039,1017,1040,89,1000,135
97,114,90,126,1101,84,133,1100,1120,136,81,1102
98,100,101,108,1180,109,115,123,1168,87,1187,96
102,111,94,93,88,1082,92,128,1148,86,132,1083
103,118,113,129,95,1000,1017,1039,135,1001,85,1040
100,1187,123,105,1192,96,98,87,1180,99,127,91
101,115,1168,119,98,1154,105,124,1169,100,1180,116
127,99,1192,1187,134,91,96,123,108,1189,139,100
102,106,128,1082,1148,132,93,94,88,131,122,1083
116,130,125,124,1154,1153,1150,120,119,117,115,1155
118,129,107,103,135,95,138,1034,1000,1001,1017,85
126,104,1101,133,1120,97,136,90,1100,1096,1121,84
119,109,101,124,1154,1168,105,116,98,1169,112,100
112,124,130,1154,119,125,115,1150,109,1153,120,1168
120,121,1153,125,1149,122,131,130,1151,112,1148,1150
113,129,107,135,103,1034,138,1000,95,1001,1017,141
115,124,109,1154,116,101,1168,112,105,130,98,1155
117,125,1153,121,130,112,1149,122,116,1151,1150,131
122,117,1149,131,120,1148,1153,125,132,1082,1151,128
121,131,1148,117,132,1149,1082,128,120,111,1083,1153
1192,108,137,1187,1189,127,100,105,110,142,134,99
119,116,1154,115,112,130,109,1168,101,125,1150,1155
120,130,112,1153,117,116,121,124,1150,1154,1149,1151
114,133,136,104,1120,1121,1096,1101,97,140,90,1100
1192,110,134,1189,1187,123,99,1182,139,108,137,1186
132,111,131,1148,102,106,1082,122,93,121,94,88
118,135,113,1034,107,138,1001,103,1000,999,141,95
125,112,116,120,124,1153,1154,117,119,1150,115,121
132,122,1148,128,121,111,1082,117,1149,102,120,106
128,131,1148,111,122,1082,121,102,106,93,1149,117
136,126,1121,114,140,1096,104,1120,146,1167,97,1101
127,139,1182,1189,1186,1192,110,145,151,1187,123,150
129,138,1034,118,113,141,107,1001,1014,999,143,103
133,140,1121,126,146,114,1167,1096,104,153,1120,97
142,1189,123,148,1192,1182,127,108,156,1187,134,105
135,141,1034,143,129,1014,113,118,999,1013,157,1001
1186,134,145,151,1182,150,127,154,1189,110,1192,156
146,136,1121,1167,133,153,1140,126,1096,1097,159,114
143,138,157,1014,135,1013,1034,160,129,999,113,118
148,137,1189,156,1182,123,154,1186,1192,127,151,134
141,157,138,1013,160,1014,135,1034,168,129,-1,-1
147,149,1057,158,987,152,1056,1123,163,162,1070,1049
150,151,1186,139,154,1182,134,156,1189,127,148,-1
153,140,1167,1140,159,1121,136,133,167,1111,1097,1096
144,987,158,1057,149,163,152,973,162,976,164,1056
142,156,1182,137,154,1189,1186,151,123,134,139,127
152,144,158,147,155,162,987,1057,1056,1049,163,164
145,151,1186,139,154,1182,156,134,148,1189,127,-1
1186,150,154,145,1182,139,156,134,148,1189,142,127
149,155,1049,158,688,691,144,687,161,694,162,686
146,159,1140,140,1167,167,1121,136,1111,172,-1,-1
156,151,1186,1182,148,150,145,139,1189,142,134,137
691,688,687,152,694,686,693,161,685,698,682,1049
154,148,1182,151,1186,142,1189,150,137,145,139,134
143,160,1013,141,168,170,138,1014,1012,1054,135,-1
149,987,147,162,163,144,164,152,166,1057,155,973
167,1140,153,146,172,173,1167,1111,140,174,1184,1125
168,157,1013,170,143,1054,178,1012,141,1014,182,985
165,155,694,691,693,688,698,687,152,686,697,162
164,163,158,149,161,166,987,152,147,155,165,144
164,166,987,162,158,973,169,147,149,144,152,177
162,163,166,158,987,169,149,161,147,152,973,144
161,171,711,713,709,970,707,705,718,179,703,700
163,169,164,987,973,162,177,158,958,147,183,149
172,159,173,1140,174,153,1125,1184,1111,175,146,1167
160,170,1054,1013,178,1012,157,182,1005,143,1004,985
166,177,958,973,163,183,164,987,951,162,158,186
168,178,1054,160,182,157,1012,1013,188,1004,1005,190
970,179,165,762,722,725,713,766,181,760,720,711
173,167,1125,174,159,1184,175,1113,1140,176,1111,153
172,174,167,175,1125,1113,176,159,180,1184,1140,1141
175,173,176,172,1113,180,167,1125,1141,184,159,-1
176,174,180,173,1113,1141,184,172,167,1125,187,1132
175,180,174,184,1141,173,1113,187,172,1132,192,-1
169,183,958,951,166,186,973,949,163,164,191,987
182,170,1054,168,188,1004,190,160,194,1012,1005,1003
181,171,766,762,770,765,761,760,773,970,764,775
184,176,1141,175,187,174,1113,1132,192,173,1177,200
179,185,171,969,799,798,795,805,794,766,770,762
178,1054,188,1004,170,190,168,1005,194,998,1012,1003
186,177,951,191,169,958,196,943,949,166,198,944
187,180,1141,192,1132,176,175,1113,200,1177,174,-1
969,799,181,805,189,798,795,804,794,179,803,793
191,183,196,951,198,943,177,944,202,949,169,958
192,184,1132,1141,180,200,1177,176,1113,212,175,-1
190,182,1004,998,194,1003,178,204,1054,203,199,1005
969,193,805,1046,799,804,185,798,803,795,802,801
194,188,1003,204,199,203,998,182,1004,1006,201,178
196,186,198,183,202,944,951,943,211,177,209,-1
187,1132,200,184,1141,1177,212,180,1114,1113,231,232
1046,195,189,810,808,809,804,801,803,805,807,806
1003,199,190,203,1006,201,204,188,213,215,998,210
809,810,193,808,197,807,806,1046,801,800,791,802
191,198,186,202,944,183,211,943,951,209,177,-1
205,195,979,208,809,810,808,807,193,806,791,1046
196,202,191,944,186,211,209,943,183,216,948,951
194,201,1006,1003,203,190,213,210,219,204,215,218
192,212,1132,1177,187,231,1114,232,1141,184,242,1090
1006,199,210,219,213,194,218,203,1003,233,190,204
211,198,209,944,196,191,216,948,186,943,221,217
204,1003,213,215,1006,199,194,222,219,190,201,977
203,1003,215,977,222,998,190,213,194,199,1006,236
197,208,195,979,220,193,809,810,808,996,807,806
207,217,955,948,221,214,234,216,240,959,209,223
206,214,217,955,959,223,234,961,221,948,224,240
205,220,197,996,979,229,195,226,1036,809,810,808
211,216,202,944,948,221,198,217,240,206,234,196
218,201,219,1006,233,213,199,238,203,194,1003,215
209,202,216,944,198,221,948,196,240,191,217,943
231,200,1114,232,1177,1132,192,242,1115,1086,187,1090
219,1006,203,215,222,210,204,233,199,201,1003,218
207,223,961,224,206,217,959,234,955,225,221,240
222,204,236,203,977,213,237,1003,1006,219,227,998
221,209,211,217,240,948,234,202,206,944,207,198
221,234,206,240,207,216,214,948,209,955,223,211
233,210,238,219,201,1006,213,199,203,215,222,1003
213,1006,233,210,218,201,203,238,199,215,222,1003
229,208,226,996,205,228,197,979,978,239,195,1036
217,216,240,234,206,209,948,207,211,214,944,202
215,236,977,237,204,213,203,227,219,1003,1006,998
224,214,961,225,207,959,230,234,217,206,988,962
223,225,961,214,230,962,988,959,235,207,206,234
224,230,961,223,962,235,988,214,241,243,959,991
229,228,220,239,978,996,227,208,237,977,205,997
239,237,977,228,236,978,222,215,226,204,998,229
226,239,978,227,229,237,977,220,996,236,998,208
226,220,228,208,996,239,978,205,227,197,-1,-1
235,225,962,224,241,243,961,991,223,988,247,989
232,212,242,1114,1086,244,200,245,1115,246,248,1177
231,242,212,244,200,245,246,1114,1086,248,192,249
238,218,219,210,213,1006,201,203,222,199,215,236
240,217,221,216,206,207,214,223,209,948,211,955
230,241,962,243,225,991,989,247,224,995,988,961
237,222,215,977,227,204,213,239,203,219,1003,1006
236,227,977,222,239,215,228,204,978,203,213,998
233,218,219,210,213,1006,201,199,203,222,-1,-1
227,228,237,226,977,978,236,229,222,215,220,998
234,221,217,216,206,209,207,211,214,948,223,-1
235,989,243,230,991,995,247,962,994,225,1030,250
244,232,231,245,246,248,1086,249,212,251,253,1114
241,247,995,235,989,250,230,252,1022,994,225,991
246,248,242,245,249,251,1086,232,253,231,1074,254
248,244,249,1086,242,246,251,1074,1075,253,231,232
244,248,242,245,253,251,249,254,1074,232,256,1086
250,243,995,252,241,255,258,1022,235,947,260,989
244,245,249,251,246,253,1074,242,254,256,1086,1075
1074,251,248,245,1075,256,244,253,1086,246,259,254
252,247,255,995,260,261,947,258,243,1022,257,946
253,249,248,1074,254,256,245,246,259,244,1075,1086
250,255,995,260,1022,247,261,243,947,258,993,1029
254,251,248,256,246,1074,249,244,245,259,1075,242
253,256,251,1074,259,248,249,246,264,245,244,1075
252,260,250,993,1022,261,995,1029,947,247,946,258
1074,254,259,251,253,249,264,248,1075,245,1028,246
262,258,947,265,263,261,266,267,260,946,250,247
947,261,257,265,260,262,946,267,250,263,266,252
256,1074,264,1075,1028,251,254,249,268,253,248,245
261,255,946,947,252,258,250,993,992,267,265,257
947,260,258,946,265,267,257,255,250,252,262,266
263,257,265,266,258,947,267,261,946,269,260,250
262,266,265,257,267,258,947,261,269,946,270,260
268,259,1028,256,1074,271,1075,254,251,1027,249,1088
267,266,947,258,257,262,263,261,946,269,260,270
265,263,267,262,269,257,946,947,258,261,270,260
265,946,269,266,270,261,947,258,263,260,257,262
264,271,1028,1027,259,274,256,1088,1074,1075,276,968
270,267,946,272,265,266,992,273,261,947,263,260
269,272,946,992,267,273,963,265,261,266,260,275
268,274,1027,264,276,968,967,1028,278,259,1088,1009
273,270,269,963,992,275,946,267,1008,277,964,265
272,275,963,270,277,992,269,964,1008,946,279,267
276,271,967,278,968,268,1027,965,280,264,966,-1
277,273,963,964,272,279,938,270,936,281,992,1007
278,967,274,280,965,271,968,966,282,268,-1,-1
275,279,938,964,281,273,936,963,932,272,283,285
276,280,967,966,965,274,282,968,284,271,945,937
277,281,938,932,275,283,285,936,964,273,930,929
282,278,966,284,276,945,965,967,286,274,937,942
283,279,932,285,938,277,287,929,275,930,936,290
284,280,966,945,286,278,942,288,276,965,937,967
285,281,287,932,279,929,290,291,938,277,-1,-1
282,286,945,942,280,288,966,289,278,940,937,934
283,287,281,929,932,290,291,279,938,293,931,930
288,284,942,289,282,945,292,934,280,966,940,294
290,285,283,291,929,293,281,932,931,295,279,-1
289,286,942,292,284,934,294,945,282,940,297,933
292,288,294,286,942,934,297,284,933,298,945,-1
291,287,293,929,285,295,931,283,296,932,924,899
290,293,931,929,295,287,285,296,924,899,283,932
289,294,288,297,934,942,286,298,933,954,301,284
291,295,931,290,296,899,929,287,300,299,924,900
292,297,289,298,934,933,954,288,301,303,942,286
296,293,899,931,291,299,300,290,900,302,888,305
295,899,299,300,293,888,931,302,305,306,291,900
298,294,954,933,303,292,301,934,289,308,935,307
297,301,303,954,294,307,308,933,292,935,310,934
300,296,888,305,306,899,302,295,304,894,309,293
299,302,305,296,306,304,295,888,899,309,894,293
303,298,307,954,297,308,294,310,312,918,935,933
304,305,300,306,299,309,296,311,295,888,313,899
301,307,308,298,954,297,310,312,935,918,294,933
302,305,306,300,309,311,299,296,313,314,894,873
306,302,304,300,309,299,311,296,313,894,888,873
305,309,300,304,302,299,311,894,313,888,296,873
303,301,308,312,310,298,918,954,297,315,935,923
310,303,307,312,954,918,923,935,301,298,297,315
311,306,313,305,873,314,894,304,302,300,872,299
308,312,918,923,307,303,315,919,935,954,301,913
313,309,314,873,306,316,305,304,872,894,302,317
918,310,315,308,307,913,919,303,923,318,301,954
873,311,309,314,872,316,894,306,305,317,304,319
873,311,313,316,309,317,319,872,306,858,320,894
913,918,318,312,919,310,321,308,923,897,307,883
317,873,314,319,313,320,858,872,311,309,322,894
319,316,320,858,314,873,322,872,313,852,311,324
913,321,315,919,918,897,323,312,310,883,327,-1
317,320,316,322,858,314,873,852,324,872,313,311
319,317,322,858,316,852,324,859,326,325,873,314
318,323,897,913,315,327,919,883,870,918,329,312
852,320,324,326,325,319,858,317,859,328,316,857
327,321,897,329,870,318,913,330,883,919,315,-1
326,852,322,325,328,320,319,332,317,859,858,857
328,852,326,324,857,322,859,332,320,851,863,858
324,325,852,328,322,332,320,857,859,319,858,851
329,323,330,870,897,321,331,861,883,863,318,-1
325,326,332,857,852,851,324,322,859,335,861,848
330,327,331,870,323,861,333,897,863,321,-1,-1
329,331,861,327,333,870,863,323,334,851,336,897
330,861,333,329,334,851,870,336,327,863,857,337
328,335,851,848,326,325,857,862,324,852,334,338
334,331,336,851,861,862,337,330,848,329,865,339
336,862,333,337,851,848,865,331,854,339,861,335
848,332,338,862,854,851,328,340,334,336,865,326
337,334,862,865,333,339,854,848,851,331,341,853
336,339,865,334,862,333,341,854,853,331,848,851
340,854,335,848,862,342,853,865,332,864,334,336
337,341,865,336,344,343,853,345,334,862,854,333
338,342,854,864,853,347,335,848,865,866,862,847
343,344,345,339,853,865,346,337,348,866,336,349
864,340,347,847,866,556,557,853,558,350,561,559
345,341,344,346,853,866,864,348,339,351,865,349
345,343,341,348,346,349,339,352,853,866,354,351
344,343,341,346,348,349,352,853,866,351,339,354
866,343,351,345,864,556,344,557,853,352,559,348
847,350,558,557,561,560,563,565,556,564,567,342
349,352,354,345,353,344,358,346,343,351,357,866
348,354,352,345,344,353,358,346,343,351,357,362
347,355,569,567,847,563,571,564,565,572,560,576
559,866,356,556,353,557,562,568,346,566,357,558
354,348,353,349,358,357,351,346,345,362,356,344
357,352,358,351,354,356,362,360,348,349,570,568
352,349,358,348,353,357,362,351,345,346,364,344
359,350,844,361,571,569,572,567,576,563,577,564
570,575,568,566,574,357,360,573,562,578,559,351
353,360,356,362,358,351,570,575,568,352,566,574
353,354,362,352,357,364,348,360,349,356,351,880
361,355,363,844,350,571,842,572,569,576,577,567
357,356,846,575,570,362,574,573,578,568,577,353
359,363,355,844,842,366,571,350,572,576,569,577
358,364,357,360,880,353,846,356,354,365,352,351
361,359,366,844,842,355,833,368,576,572,571,577
880,365,362,846,874,358,367,360,357,856,353,354
364,367,880,874,362,369,846,856,879,358,371,360
368,833,363,361,372,842,359,821,856,844,879,370
874,369,365,880,371,879,364,856,370,846,373,362
366,372,833,821,374,363,822,370,819,375,373,361
371,367,874,879,370,373,856,365,880,833,364,377
371,373,879,833,821,369,856,376,874,367,377,368
370,369,879,373,874,367,833,856,821,376,377,880
374,368,819,822,375,821,366,379,378,381,833,382
370,371,376,821,377,879,369,833,822,380,874,367
819,375,372,378,822,379,381,368,821,382,366,385
374,378,819,381,372,379,822,382,368,385,821,-1
377,373,839,380,821,383,370,371,822,836,382,369
376,380,839,383,373,371,370,387,369,821,836,822
381,819,375,379,374,382,385,822,372,388,386,384
381,819,382,822,378,374,375,384,385,386,372,821
383,377,839,376,387,373,371,840,369,370,390,836
378,379,819,382,375,374,385,822,386,388,384,372
379,384,381,386,822,385,819,836,388,378,374,375
380,839,387,377,376,840,390,836,373,-1,-1,-1
386,836,382,385,388,379,389,827,381,822,839,837
388,386,384,389,382,381,379,378,827,391,836,819
385,388,384,389,382,836,827,381,379,391,378,837
390,383,840,839,380,392,377,838,836,394,376,837
385,386,389,384,391,827,382,381,836,379,378,393
391,827,388,386,385,393,384,395,817,837,836,818
392,387,840,394,838,383,839,397,837,398,380,399
389,393,395,827,388,817,818,396,385,386,837,400
390,394,838,397,387,398,840,399,837,401,828,-1
395,818,391,817,396,827,389,400,826,402,829,837
392,397,838,398,399,390,828,401,840,845,829,387
396,393,818,391,400,817,402,389,827,403,826,388
400,395,818,393,402,403,391,817,826,405,811,389
398,394,399,401,845,838,828,392,404,390,829,407
399,397,401,394,404,845,392,838,828,407,390,-1
398,401,397,394,404,845,392,407,838,828,390,-1
396,402,403,818,395,405,393,826,811,406,817,391
404,399,398,397,845,407,394,409,828,843,830,392
403,400,405,396,811,818,826,406,395,408,393,812
402,400,405,406,396,811,408,818,395,826,812,410
401,407,845,409,399,398,397,843,412,828,830,394
406,403,408,402,811,410,812,400,411,413,396,826
405,408,403,410,411,402,413,812,811,400,414,813
409,404,845,401,412,843,399,398,415,830,397,855
410,406,411,405,413,812,403,414,813,811,402,400
407,412,843,404,415,845,855,401,416,830,-1,-1
411,408,812,413,813,406,414,405,811,814,417,403
410,413,408,414,813,812,406,417,405,814,811,419
409,415,407,855,416,843,404,418,845,835,-1,-1
411,414,410,408,813,417,406,812,405,419,420,816
417,413,411,813,410,419,408,816,420,812,814,406
416,412,855,418,409,843,407,421,835,834,423,-1
418,415,855,421,412,834,423,835,409,843,425,860
414,419,816,813,420,413,815,411,824,422,410,814
416,421,423,834,855,415,425,860,835,426,412,823
420,815,417,422,824,414,816,424,813,413,411,427
419,422,815,417,424,824,414,427,816,413,831,813
423,418,860,834,425,416,426,428,855,415,823,825
420,815,424,419,427,824,417,831,429,414,432,816
421,425,418,426,860,834,428,416,430,855,868,415
427,422,815,831,429,420,824,419,432,832,434,881
426,423,421,428,860,418,430,834,868,416,431,-1
428,425,860,423,430,421,868,431,418,834,433,825
429,424,831,432,422,434,815,824,881,832,420,436
426,430,868,860,431,425,423,433,421,825,841,437
432,427,831,434,424,881,436,422,815,832,445,824
431,428,868,433,426,437,860,441,442,841,439,425
430,433,868,428,437,841,435,438,441,426,442,860
429,434,427,831,436,881,445,424,449,850,832,450
431,435,841,437,868,430,438,850,441,881,428,832
432,436,881,429,445,831,850,427,449,849,832,450
438,850,433,437,841,431,849,881,441,436,430,869
434,445,850,881,432,849,449,452,453,429,831,450
438,441,435,433,442,431,869,850,430,439,849,841
437,435,850,441,849,433,869,431,442,841,881,453
440,442,448,444,441,446,877,454,451,437,443,447
444,439,448,446,443,451,454,442,447,877,458,441
442,437,438,439,877,869,435,433,431,440,430,448
441,439,877,437,440,448,438,444,454,446,430,869
447,446,444,451,440,448,454,439,458,460,459,442
446,448,440,443,451,447,454,439,458,442,877,459
436,449,452,453,434,450,849,456,850,432,455,457
444,451,448,447,443,440,454,439,458,459,442,460
443,446,451,444,454,448,440,460,458,459,439,462
454,446,444,451,440,439,447,458,443,877,442,459
450,445,452,456,455,436,453,434,849,457,432,850
449,455,456,445,452,436,453,434,432,457,849,-1
454,446,448,447,444,443,458,440,459,460,439,877
453,456,449,445,457,450,455,849,436,461,434,850
452,457,849,445,456,461,449,436,455,450,850,867
451,448,458,446,444,447,459,440,877,443,460,439
456,450,449,452,445,453,457,461,436,-1,-1,-1
455,452,449,450,453,445,457,461,849,464,436,466
453,461,849,452,867,464,869,456,445,449,438,466
454,459,451,915,448,460,877,446,889,444,447,927
460,458,889,454,462,451,915,927,448,447,446,463
459,462,889,458,451,454,463,447,927,890,446,915
457,464,867,453,466,875,452,869,849,456,896,468
460,463,889,890,459,465,927,467,458,908,451,454
465,462,890,467,889,460,908,469,927,459,471,458
461,466,875,867,457,468,876,453,456,470,896,452
463,467,890,462,469,889,460,908,471,927,472,459
464,468,876,875,470,461,867,457,456,474,882,453
465,469,463,890,471,472,908,462,889,473,907,909
470,466,876,464,474,875,882,461,895,476,867,-1
471,467,472,890,908,465,907,909,473,463,523,521
468,474,876,882,466,476,875,464,892,895,884,-1
472,469,909,473,907,523,522,521,525,467,520,527
471,473,909,469,475,467,523,525,522,521,912,907
472,475,909,471,477,469,912,525,478,523,522,467
470,476,882,468,876,884,479,892,466,-1,-1,-1
477,473,478,909,472,912,471,481,482,525,527,523
474,479,884,882,480,470,892,484,902,468,-1,-1
478,475,482,481,912,473,483,909,485,472,905,525
477,481,482,483,912,475,905,485,909,920,473,547
480,476,884,484,902,474,486,882,-1,-1,-1,-1
484,479,486,902,884,476,487,-1,-1,-1,-1,-1
483,478,482,920,905,477,912,926,485,475,547,549
483,485,481,478,490,477,926,494,920,475,912,497
482,481,926,485,478,490,920,477,494,905,497,912
486,480,902,487,479,884,488,886,476,492,-1,-1
482,490,483,494,481,478,926,477,497,-1,-1,-1
487,484,902,488,480,886,492,884,479,491,887,495
488,486,492,902,886,484,491,495,480,489,496,498
487,492,886,491,486,495,489,902,484,496,498,493
491,493,492,496,495,906,886,488,916,903,498,500
494,485,482,483,497,926,499,481,941,478,920,501
492,489,495,493,496,488,498,886,500,487,906,903
491,488,495,487,489,496,498,886,493,486,500,902
496,489,491,495,498,500,917,916,492,502,906,488
497,490,499,926,485,483,941,482,501,-1,-1,-1
496,498,491,492,493,500,489,488,502,487,886,917
498,495,493,500,491,489,492,502,917,488,504,916
494,499,926,490,501,941,503,483,485,506,482,-1
496,495,500,493,491,502,492,489,917,504,488,916
501,497,941,503,494,926,506,490,505,917,916,504
502,498,496,493,495,917,504,491,505,489,492,503
503,499,941,506,505,497,917,504,926,494,502,916
500,504,917,505,498,496,503,493,506,495,501,941
501,505,506,504,941,917,499,502,497,500,916,926
505,502,503,506,917,500,501,498,496,941,493,499
504,506,503,502,501,917,941,500,499,496,498,-1
505,503,501,504,499,502,917,941,497,500,-1,-1
509,510,508,511,512,513,514,515,524,516,526,517
509,507,512,510,514,511,524,513,515,526,516,528
508,507,510,512,511,514,513,515,524,526,516,517
507,511,509,513,508,515,512,514,516,524,517,526
513,510,515,507,509,508,516,512,514,524,517,518
514,508,509,524,507,510,511,526,513,515,528,516
515,511,510,516,507,517,509,508,518,524,512,514
512,524,508,509,526,507,510,511,515,513,528,516
513,511,516,510,517,507,509,518,524,526,508,514
517,515,513,518,511,519,510,531,526,520,507,524
518,516,519,515,513,520,511,521,510,531,522,526
517,519,516,520,515,513,521,511,522,529,523,510
520,518,517,521,516,522,523,515,513,529,525,530
519,521,522,518,523,517,525,529,527,530,516,532
522,520,523,519,525,527,529,530,518,517,532,516
523,521,525,520,527,530,519,529,518,532,517,534
522,521,525,527,520,530,529,519,532,518,517,534
514,526,512,528,508,509,515,511,510,513,507,531
527,523,522,530,529,521,520,532,519,534,518,517
528,524,531,514,512,515,533,513,511,516,509,508
530,529,525,523,522,532,521,534,520,519,536,538
526,531,533,524,535,514,515,537,516,512,513,539
530,527,532,534,525,522,523,521,520,536,519,538
529,527,532,525,534,522,523,521,520,536,538,519
533,528,535,526,537,524,516,539,515,517,513,518
534,529,530,536,527,538,525,540,522,523,520,521
531,535,528,537,539,526,542,524,516,541,515,517
532,536,538,529,530,540,527,543,525,547,522,546
537,533,539,531,542,528,541,544,526,545,891,548
538,534,540,532,543,547,529,530,546,527,549,525
539,535,542,533,541,544,531,545,548,528,550,891
536,540,534,543,547,532,546,549,529,530,527,553
537,542,535,541,544,545,533,548,550,531,551,528
543,538,547,536,546,549,534,532,553,552,555,529
544,542,545,548,539,550,537,551,535,891,554,533
541,539,544,545,537,548,535,550,551,533,554,891
547,540,546,549,538,536,553,552,534,555,905,554
541,545,548,542,550,539,551,537,554,535,891,555
548,544,541,550,542,551,539,554,537,555,535,552
549,547,543,553,552,540,555,538,554,536,551,905
543,546,549,540,553,552,538,536,555,905,534,554
545,550,544,551,541,542,554,539,555,537,552,535
546,547,553,552,543,555,540,554,538,536,551,905
551,548,545,554,544,541,542,555,539,552,537,553
550,554,548,545,555,544,541,552,542,553,539,549
553,555,549,546,554,547,543,551,550,540,548,545
552,549,546,555,547,554,543,551,540,550,548,905
555,551,550,552,548,553,545,549,544,546,541,542
554,552,553,551,549,550,546,548,547,545,543,544
557,558,559,561,562,560,847,566,565,568,866,564
556,558,559,561,562,560,566,847,565,568,564,563
557,561,559,556,562,560,565,566,847,568,564,563
562,558,557,556,561,566,560,568,565,570,564,847
561,565,564,562,558,563,566,559,567,568,557,847
560,558,562,565,559,566,557,564,568,563,556,847
566,559,561,560,568,558,557,565,570,556,564,575
564,567,565,569,560,571,561,572,573,566,576,577
563,565,567,560,569,561,566,571,573,562,572,574
560,564,563,561,567,566,562,558,569,568,559,573
568,562,570,561,560,575,565,559,564,558,574,573
563,569,564,571,565,572,560,576,577,573,578,561
566,570,562,575,561,559,560,574,565,573,564,558
567,571,563,572,564,576,577,565,578,573,560,574
575,568,566,574,573,562,356,578,565,560,561,577
572,569,576,567,577,578,563,564,573,574,565,560
571,576,577,569,578,573,567,574,563,564,565,575
574,578,577,576,575,572,570,571,564,567,568,569
573,578,575,577,570,576,572,568,566,564,571,565
570,574,573,568,566,578,577,562,356,576,565,564
577,572,578,571,573,574,569,567,563,564,575,565
576,578,573,572,574,571,569,575,567,564,563,570
577,573,576,574,572,575,571,569,570,567,564,563
580,583,584,582,587,586,592,1129,591,590,596,589
579,584,583,587,582,586,592,1129,591,596,590,589
585,588,589,590,595,594,593,591,1139,586,597,1129
586,583,591,579,580,584,587,590,592,589,1129,596
579,582,580,586,584,587,591,592,1129,590,596,589
587,580,579,592,583,582,596,586,591,599,1102,598
581,589,588,590,595,594,591,593,586,582,597,1129
582,591,583,590,589,579,587,580,584,592,585,596
584,592,580,583,579,596,582,586,591,599,598,1102
595,585,581,594,593,589,590,597,600,591,607,1139
590,585,591,581,588,586,595,582,594,601,583,608
589,591,585,586,582,581,588,583,601,595,602,609
586,590,582,589,583,585,579,592,587,602,601,584
596,587,584,599,598,583,582,580,586,579,603,591
594,595,597,588,600,604,581,585,605,606,607,589
595,593,588,597,600,585,581,604,607,605,606,589
594,593,588,597,585,600,581,589,604,607,606,605
592,599,598,587,603,584,602,586,582,591,583,1102
600,593,594,604,595,605,606,588,607,608,585,581
599,603,596,602,592,601,609,587,591,586,584,582
598,603,596,602,592,601,587,591,584,586,609,582
604,605,597,606,593,594,607,595,608,588,609,585
609,602,608,603,598,607,599,590,591,589,586,606
601,603,598,609,599,608,596,591,590,586,607,592
598,602,599,601,596,609,592,591,608,586,587,590
600,605,606,597,607,593,594,595,608,588,609,601
606,604,600,607,597,608,594,595,593,609,588,601
605,604,607,600,608,597,595,594,609,593,601,588
608,606,605,609,604,600,601,595,594,597,593,602
607,609,601,606,605,602,604,600,595,594,589,603
601,608,602,607,603,606,598,590,605,589,599,591
617,611,619,612,621,613,30,623,614,615,629,618
612,610,617,613,614,619,615,621,30,623,618,620
611,613,614,610,615,617,618,619,616,620,622,621
614,612,615,611,618,616,620,610,622,617,619,624
613,615,612,618,616,611,620,622,610,617,624,619
616,614,618,613,620,612,622,611,624,610,630,617
615,618,614,620,613,622,612,624,611,630,638,610
610,619,611,621,612,623,30,613,614,629,635,628
620,615,616,622,614,613,624,612,630,611,638,637
621,617,623,610,611,629,612,635,628,634,627,636
622,618,624,616,615,614,613,630,612,638,637,642
623,619,629,617,628,635,634,610,627,636,633,611
620,624,618,630,616,615,614,637,613,638,642,612
621,629,619,635,634,628,617,627,636,633,610,641
622,630,620,637,638,642,618,649,616,648,615,614
631,632,626,639,627,643,644,628,640,633,645,629
627,625,631,628,632,639,643,633,640,629,644,645
628,626,629,633,625,640,632,639,631,634,644,645
627,629,626,633,634,640,623,645,621,639,632,625
628,634,623,627,633,635,621,640,626,645,636,619
638,637,624,642,649,622,620,648,1068,618,651,652
625,632,626,639,643,644,627,628,640,645,633,629
639,631,643,625,644,626,640,627,645,633,628,629
640,645,634,628,629,627,644,635,639,643,626,632
635,629,633,628,640,636,623,645,627,621,641,644
634,636,629,641,623,633,646,621,628,640,645,627
641,635,646,634,647,629,623,633,650,621,640,645
642,630,638,649,624,648,1068,622,652,651,620,650
630,637,642,624,649,1068,648,622,620,652,651,618
643,632,644,631,640,645,625,626,633,627,628,634
645,633,644,639,643,634,628,627,632,629,626,635
636,646,647,635,650,634,651,633,629,623,640,645
649,637,648,630,638,652,651,624,1068,650,622,620
644,639,632,645,640,631,625,633,626,627,628,634
643,639,645,640,632,633,631,625,627,626,628,634
640,644,633,643,639,634,632,628,627,629,635,626
647,641,636,650,635,651,634,652,648,649,633,629
646,650,641,651,636,652,648,635,649,634,642,633
649,652,651,642,650,637,647,1068,630,638,646,624
648,642,637,652,651,630,638,650,1068,624,647,646
651,647,652,646,648,641,649,636,642,637,635,624
652,650,648,649,647,642,646,637,641,636,1068,630
651,648,650,649,642,647,637,646,1068,641,638,630
655,658,656,654,657,659,660,661,663,664,662,666
656,653,655,659,658,657,661,660,664,666,663,662
658,653,657,656,660,659,654,661,663,662,664,666
659,654,653,655,658,661,657,660,664,666,663,671
660,658,655,663,653,659,662,656,661,664,654,665
655,657,653,660,656,659,654,661,663,662,664,666
661,656,658,655,653,664,657,654,660,666,671,663
657,658,663,655,662,659,661,653,656,664,665,670
664,659,666,656,671,660,658,657,670,655,653,654
663,665,667,668,660,669,657,670,658,655,671,661
662,665,660,668,669,667,657,670,658,655,671,661
666,661,671,670,659,660,669,657,658,656,663,668
667,668,662,669,663,670,660,657,671,666,664,658
664,671,661,670,659,669,660,668,663,657,658,665
665,668,669,662,663,670,660,671,657,666,664,661
669,667,665,670,663,662,671,660,666,657,664,661
668,667,670,665,663,662,671,660,666,664,657,661
671,669,668,666,664,667,665,663,662,661,660,657
666,670,664,669,661,668,663,660,667,665,659,662
673,674,675,676,677,679,678,681,682,680,1021,1049
672,674,675,676,677,679,678,681,682,680,1049,1021
673,672,676,675,677,679,678,681,682,680,685,686
676,677,674,679,672,678,673,681,680,682,684,685
675,677,674,679,678,672,673,681,682,680,685,686
676,675,679,678,681,674,680,682,672,673,684,685
680,679,681,677,682,684,675,676,683,685,674,686
681,677,678,680,682,676,675,685,684,674,686,672
678,681,684,679,682,677,683,676,675,685,690,686
682,679,680,678,677,685,686,676,684,675,687,683
681,685,679,686,680,678,677,687,684,676,688,693
690,684,689,692,680,695,678,681,697,696,682,679
683,680,690,678,689,681,682,679,692,697,685,677
686,682,687,693,681,694,688,691,698,679,680,697
685,687,688,682,694,691,693,681,698,679,697,680
688,686,691,685,694,693,682,681,698,679,697,680
687,691,686,694,685,693,682,681,698,155,679,697
690,692,683,695,684,699,701,696,697,680,702,700
683,689,692,684,695,680,699,696,697,701,678,681
688,687,694,686,693,685,698,682,155,681,697,696
695,689,690,699,683,702,701,696,684,700,703,697
694,698,685,686,697,691,687,696,688,682,701,681
693,691,687,686,688,685,698,697,682,696,681,701
692,699,689,702,690,701,703,700,683,696,704,697
701,697,700,698,703,693,699,692,695,702,689,705
696,698,701,700,693,703,685,694,686,692,684,699
697,693,696,694,701,685,686,700,691,687,682,703
702,695,692,703,700,704,701,689,705,706,696,690
703,701,696,697,705,699,702,698,695,707,692,704
696,700,697,703,698,699,702,695,692,705,693,689
699,704,703,705,695,706,700,707,692,701,696,709
700,701,705,702,699,696,707,697,704,695,692,706
706,702,705,707,708,699,703,709,710,695,700,711
707,703,709,702,704,700,706,711,699,701,708,696
704,708,702,710,707,705,709,699,703,712,711,695
705,709,711,704,706,703,702,708,700,713,710,699
710,706,704,712,718,709,716,707,713,711,705,717
707,711,705,713,704,706,708,718,710,703,702,700
708,712,716,706,718,704,713,717,715,709,711,707
709,713,707,718,705,708,710,706,704,717,712,703
716,710,715,717,708,718,720,714,713,719,722,706
718,711,709,717,710,707,708,720,712,716,705,722
719,715,721,716,724,712,723,720,717,722,726,725
714,716,719,712,721,717,720,722,724,710,718,725
712,715,717,720,710,714,718,722,719,708,713,721
720,718,716,722,712,713,715,710,725,714,708,727
713,717,720,712,716,711,710,708,709,722,715,707
714,721,724,715,723,716,726,712,720,722,729,717
717,722,716,718,725,715,712,727,713,714,710,719
719,724,714,723,715,726,729,716,727,725,728,722
720,725,717,727,716,715,718,970,730,712,714,719
724,726,729,721,728,719,732,735,714,734,733,730
723,721,726,719,729,714,728,715,727,735,730,725
727,722,730,720,736,970,717,758,735,724,759,715
729,723,728,724,732,734,733,735,721,731,738,730
725,730,722,736,758,735,720,759,970,724,723,726
732,729,733,731,726,734,738,737,723,735,724,736
726,728,732,723,733,731,734,724,738,735,737,721
736,758,727,735,759,725,734,760,761,726,723,722
738,737,732,733,728,729,734,739,726,741,740,735
728,731,733,738,737,729,734,726,735,723,739,741
732,734,728,738,731,737,729,735,726,739,741,723
733,735,728,732,729,738,736,731,726,730,737,758
736,734,730,758,759,733,728,726,729,727,732,723
730,758,735,759,727,734,760,761,725,764,762,733
738,731,732,739,733,728,740,741,734,729,743,726
731,737,732,733,728,739,734,729,741,740,726,735
740,737,741,743,738,731,744,742,732,733,746,747
739,743,741,742,744,746,737,738,747,731,745,749
744,739,743,740,737,738,742,747,746,771,772,763
746,743,745,747,744,740,749,748,741,739,750,751
742,740,746,744,741,739,747,745,749,748,750,737
741,747,743,742,746,749,740,739,771,745,772,751
746,748,742,749,750,747,743,752,751,744,740,754
742,745,747,749,743,748,744,750,740,751,741,752
749,746,744,742,745,751,743,748,741,750,771,740
750,745,746,752,749,742,747,751,743,754,744,753
747,746,751,745,748,750,742,744,743,752,753,754
748,752,745,749,746,751,747,742,754,753,743,744
749,753,747,754,750,752,755,745,746,748,744,756
750,754,748,751,745,749,756,753,746,747,755,757
755,751,754,756,784,781,786,749,757,782,752,747
756,752,755,753,757,751,750,749,748,786,745,784
753,756,786,757,754,784,781,751,787,789,782,785
757,754,755,753,786,784,752,751,789,781,787,790
756,755,754,786,753,784,789,752,787,751,781,790
759,736,760,730,761,735,762,764,727,766,734,765
758,760,761,736,762,764,730,766,735,765,734,769
761,759,762,758,766,764,765,736,770,769,730,768
762,760,766,764,765,759,770,758,769,768,736,763
766,761,760,765,764,759,770,758,769,768,736,730
767,768,769,772,764,771,741,765,774,770,734,761
761,765,766,769,770,760,762,768,759,758,763,767
770,764,766,761,762,769,760,768,773,759,763,775
762,761,765,764,770,760,759,769,758,768,773,736
763,768,772,769,771,774,764,773,770,765,741,776
769,767,763,764,770,765,773,772,761,775,766,771
768,770,764,765,767,763,773,761,766,775,762,760
765,769,764,766,761,768,762,773,760,775,767,759
772,774,776,767,744,763,778,741,747,768,751,769
771,774,767,776,763,768,769,741,744,778,773,775
775,777,769,770,768,765,764,767,772,780,774,766
776,771,772,778,767,782,779,775,768,763,773,783
773,777,780,769,770,779,768,778,774,765,776,772
774,778,771,772,782,779,783,780,781,777,775,767
775,780,779,773,778,783,776,774,782,769,770,793
779,783,776,782,774,780,781,777,785,771,775,784
780,783,778,777,782,785,776,781,775,788,774,793
779,783,777,778,782,775,793,785,776,792,773,781
782,784,785,788,786,787,783,778,755,790,789,753
781,783,785,778,784,788,779,776,787,780,786,774
779,782,778,780,785,781,788,777,784,776,787,792
786,781,785,788,787,782,789,755,790,753,783,756
788,781,784,782,787,783,786,790,789,778,779,780
784,787,789,755,781,790,788,785,757,791,756,782
790,788,789,786,784,785,781,791,782,796,755,783
785,787,784,790,781,789,786,782,783,796,791,797
790,787,791,786,788,784,785,781,755,796,800,757
789,787,791,788,786,784,785,781,796,800,806,797
789,790,787,786,807,806,788,784,800,796,785,808
793,797,796,802,794,800,803,795,801,783,804,780
792,794,797,795,802,803,796,798,780,804,779,800
795,793,798,792,804,803,799,802,797,805,780,796
794,798,804,799,793,803,805,792,802,797,796,801
800,797,801,792,806,802,790,803,788,793,807,787
796,792,800,802,793,801,803,806,788,794,790,785
795,799,804,805,794,803,802,793,792,797,801,1046
798,805,795,804,794,803,802,793,792,969,1046,797
796,801,797,806,802,807,792,803,808,790,791,787
800,796,806,802,797,803,807,808,792,810,1046,809
803,801,797,804,800,792,796,793,795,798,794,806
802,804,801,798,795,792,797,805,800,794,793,796
803,805,798,795,802,799,794,1046,793,792,801,797
804,799,798,795,803,794,802,1046,793,792,801,969
807,808,800,801,810,809,796,791,797,802,790,803
806,808,809,810,800,801,791,796,790,797,789,802
810,809,807,806,801,800,796,1046,791,802,797,803
810,808,807,806,801,800,791,796,1046,195,802,790
809,808,807,806,801,800,1046,796,791,802,195,803
812,402,405,826,820,403,408,400,410,406,818,830
410,811,408,411,813,405,814,820,406,413,414,402
414,411,410,814,417,812,816,413,408,823,419,406
813,823,835,812,820,816,410,411,414,417,834,811
422,419,420,424,824,417,427,831,816,832,429,414
417,823,813,824,419,825,814,414,815,420,832,411
393,818,829,827,826,395,837,391,396,389,400,828
396,393,395,817,400,402,826,391,403,829,827,811
374,381,379,378,375,822,372,382,821,385,384,386
830,811,812,835,814,843,826,410,813,405,402,845
822,373,370,372,833,368,376,371,379,374,879,819
379,819,821,382,374,381,372,378,375,376,373,384
834,814,816,835,825,813,860,421,855,418,417,824
815,832,419,831,816,424,420,422,825,417,427,841
868,832,860,823,816,824,841,834,428,431,433,430
818,811,817,402,829,830,400,396,393,828,820,403
389,837,391,817,393,386,388,384,836,385,829,395
829,830,845,397,838,826,394,398,817,401,837,399
828,817,837,838,826,827,818,393,830,394,397,840
828,845,820,843,826,829,811,407,404,397,401,409
429,427,432,881,424,832,434,824,815,436,841,422
841,824,831,881,825,868,433,815,850,424,434,427
366,879,370,856,368,821,371,373,842,363,369,874
421,823,418,860,835,855,423,416,825,814,425,426
855,814,823,834,820,843,416,418,415,812,813,421
384,386,382,839,840,837,827,385,388,389,376,379
827,829,840,838,817,836,389,384,393,386,391,828
394,392,837,829,390,397,840,828,398,387,399,817
383,377,380,376,387,836,840,384,390,373,382,837
387,390,837,836,839,838,392,383,384,827,394,380
433,832,881,435,868,431,850,825,831,438,430,437
844,846,856,363,576,577,578,572,360,573,574,571
409,407,855,830,412,845,835,820,404,415,416,401
576,572,571,577,842,578,355,569,573,359,361,567
404,401,407,830,828,397,398,843,399,409,394,829
880,360,856,842,362,364,357,874,356,574,578,575
558,561,560,557,565,347,563,564,556,559,562,567
335,862,854,332,851,338,334,336,865,333,340,328
453,850,457,438,436,445,452,435,869,461,437,449
435,881,849,438,436,841,433,434,437,445,453,832
334,332,333,848,862,861,857,328,331,335,336,325
322,325,326,324,328,320,859,858,857,319,317,332
343,864,865,341,854,346,340,866,342,345,344,339
338,862,865,848,340,853,335,336,334,337,342,339
416,415,835,418,843,412,834,409,421,823,407,423
879,874,846,880,842,833,369,371,367,370,364,360
328,863,325,861,859,851,852,326,332,331,322,878
320,317,316,319,872,859,322,871,852,873,314,313
852,858,857,325,863,322,878,871,320,328,326,324
426,428,421,423,868,425,834,825,430,418,431,823
331,330,863,857,333,851,870,329,334,328,327,336
334,848,336,854,865,337,851,333,335,338,339,332
857,870,878,861,859,883,331,328,325,330,851,897
866,342,556,557,853,347,847,346,558,559,561,340
337,339,336,854,862,853,341,334,343,848,333,344
346,556,864,351,557,559,558,562,561,847,566,560
461,464,869,457,875,896,453,466,849,876,452,438
431,430,428,433,841,825,860,426,832,435,437,425
867,438,441,849,457,437,877,896,461,442,453,435
863,897,327,330,861,329,883,323,878,331,857,321
878,872,858,898,859,904,883,320,863,316,873,894
873,313,858,316,894,871,314,898,311,309,317,320
313,314,316,311,872,309,317,319,858,894,306,320
367,880,369,879,856,365,371,364,846,370,362,833
464,876,867,466,896,895,461,468,470,457,914,869
468,470,875,466,882,895,464,474,892,867,461,896
442,458,448,454,439,441,915,869,440,451,896,446
883,863,871,859,904,870,897,857,858,919,861,898
371,370,856,369,874,833,367,373,880,846,842,365
364,846,874,365,362,856,367,360,879,369,357,842
434,850,831,841,436,832,432,435,429,433,445,427
892,474,470,876,884,476,468,895,885,479,875,887
878,897,919,904,870,863,321,871,323,913,315,318
902,479,892,476,882,480,887,474,484,486,885,470
892,910,893,895,887,512,514,508,524,509,891,507
488,487,492,902,903,491,489,887,486,495,906,484
892,885,891,893,902,886,903,884,541,544,542,545
299,899,901,894,296,300,306,900,305,295,309,302
462,460,459,927,890,463,458,908,915,465,454,451
463,908,889,465,462,467,469,927,460,911,459,471
541,542,544,537,539,535,545,528,533,548,526,531
885,882,884,887,895,876,893,474,910,470,902,476
514,512,524,508,526,509,891,528,507,510,511,515
309,306,888,313,872,898,299,873,311,305,901,300
876,885,875,914,892,910,882,896,470,468,893,911
867,915,875,914,869,877,895,461,464,458,876,927
323,321,883,870,327,919,318,913,878,329,315,863
894,921,871,872,904,901,888,313,873,309,858,922
296,295,299,900,888,931,293,300,291,901,305,306
899,953,931,888,925,901,924,296,295,299,293,922
888,922,921,898,900,894,925,899,299,935,296,306
486,484,487,884,480,886,887,488,479,492,892,476
548,550,544,545,551,541,554,891,542,906,555,539
883,923,921,871,878,898,919,310,935,897,-1,-1
547,549,543,546,553,540,552,538,536,912,555,534
554,555,551,552,553,550,903,548,545,549,920,546
520,519,521,518,522,517,523,513,511,510,516,507
890,911,907,927,469,889,471,463,467,507,510,511
472,471,912,473,525,523,527,522,521,530,475,529
911,885,893,508,509,512,507,514,914,510,511,524
910,908,927,507,907,508,509,510,914,511,512,513
905,909,527,530,525,534,529,532,538,536,523,540
318,315,321,918,919,312,897,310,323,883,308,923
915,927,910,911,896,895,885,889,908,875,459,458
458,459,927,914,877,896,454,889,460,451,448,462
920,917,941,906,493,489,926,496,501,491,555,503
502,504,503,500,493,916,941,505,496,501,498,506
312,315,310,913,308,919,307,318,923,303,301,321
315,913,918,883,318,312,310,923,897,321,904,308
481,905,916,906,553,552,483,926,549,555,546,547
922,923,935,898,901,904,310,308,933,954,894,925
935,925,921,901,933,954,923,900,934,898,297,-1
310,935,308,921,904,919,312,918,954,315,303,922
931,953,928,929,900,930,291,293,899,932,295,290
922,953,900,933,940,934,901,935,928,921,942,-1
941,483,497,490,494,499,920,481,482,916,501,485
889,911,908,915,459,914,890,462,460,458,463,910
953,924,937,940,930,945,929,931,900,925,-1,-1
285,291,290,932,287,924,931,293,283,930,281,295
938,932,928,936,937,924,939,929,279,281,285,953
293,295,291,924,899,929,900,296,290,953,299,287
281,938,285,279,929,283,930,277,287,936,924,290
934,954,297,935,922,294,925,298,292,303,308,289
933,942,292,294,289,288,940,297,925,286,954,922
954,923,922,308,933,921,310,303,297,298,307,312
938,964,939,1011,277,930,279,932,275,1007,281,963
928,966,945,965,939,930,940,282,280,284,278,953
279,936,932,277,930,281,964,275,285,283,939,929
965,936,1011,937,930,968,967,966,938,964,278,-1
953,945,942,928,934,925,937,284,286,288,924,966
501,499,926,503,917,497,916,506,505,494,920,504
288,286,934,945,284,289,940,292,282,294,933,966
944,951,952,186,198,949,950,948,196,191,183,202
202,209,198,943,948,211,196,216,191,186,221,206
284,966,282,942,937,940,286,280,288,928,965,278
267,261,270,260,269,265,992,947,258,266,272,255
258,261,257,265,260,946,267,262,250,266,255,252
206,209,944,216,955,217,221,207,211,943,202,950
952,951,958,957,956,943,177,183,983,186,169,950
952,955,960,980,943,983,948,206,944,949,959,957
183,177,949,186,958,943,169,191,952,196,198,944
949,950,983,957,943,951,980,958,956,944,-1,-1
928,924,900,925,940,931,899,937,930,-1,-1,-1
303,297,298,935,308,933,301,307,294,310,923,922
206,207,959,948,950,960,214,217,221,961,980,216
958,957,976,949,973,974,975,169,177,951,952,987
983,949,952,956,975,1024,958,980,974,950,951,-1
177,169,949,951,973,956,183,166,163,987,957,186
961,207,955,214,960,988,1048,206,223,224,225,217
980,1048,955,959,950,981,983,207,206,988,961,-1
224,223,225,214,959,988,207,230,962,206,235,955
230,235,988,225,991,990,241,961,224,989,243,1055
273,1008,272,964,275,992,1007,270,277,993,269,946
963,936,275,277,1007,1011,273,938,279,1008,272,939
967,939,966,278,276,937,968,280,274,1011,282,945
280,282,965,945,278,937,284,967,276,939,286,942
276,274,278,965,968,966,280,271,939,1011,282,1027
967,274,1011,1009,965,1027,271,276,939,278,268,1007
185,189,799,805,798,804,795,1046,803,794,802,193
725,722,727,720,758,730,760,759,717,736,762,761
708,710,706,712,704,714,715,716,719,702,699,695
737,731,732,739,738,740,728,729,726,733,723,743
987,166,163,169,976,958,147,158,956,164,177,1057
1061,975,1060,1059,976,956,1070,957,1035,-1,-1,-1
974,1024,957,1060,1035,956,983,1059,-1,-1,-1,-1
1070,973,1057,1061,147,974,987,956,144,1123,158,163
215,227,222,237,204,236,998,978,203,239,1003,228
228,226,227,998,977,996,239,997,229,237,204,220
197,1036,195,809,791,757,807,810,808,789,756,205
983,960,981,950,982,952,1048,1024,955,957,-1,-1
980,1047,1048,982,960,1025,983,1055,-1,-1,-1,-1
1024,981,1023,980,983,1026,1025,-1,-1,-1,-1,-1
980,957,952,1024,950,982,960,949,981,975,-1,-1
999,986,1001,1015,971,1002,689,690,692,683,695,699
1012,1015,1014,1016,1013,972,999,1005,740,739,742,737
683,690,689,684,678,680,692,675,677,679,695,676
163,158,147,973,166,144,164,162,149,1057,169,976
962,961,959,1055,1048,990,225,224,230,235,223,214
241,994,243,995,991,235,1030,1022,247,230,1031,962
1055,962,991,1058,988,1063,235,1048,230,1030,1047,241
241,962,235,989,1030,990,1058,230,243,994,225,988
270,946,1008,993,272,963,260,269,273,267,261,255
1008,255,992,1029,260,1010,252,1022,946,261,963,250
989,1031,1022,995,1030,1032,241,243,1029,991,252,1112
243,1022,252,247,250,989,241,994,255,235,1031,1029
208,220,978,997,226,1036,979,229,205,197,228,195
1005,1004,996,1036,978,998,1016,188,979,1054,1012,208
188,204,1004,977,978,190,1003,997,203,215,194,222
1034,1014,1015,1001,984,135,129,138,985,141,971,1013
1001,1017,107,1002,129,1019,118,113,103,1039,1034,135
999,1034,1000,984,129,1002,135,118,113,107,1014,138
1000,1021,1001,986,984,1020,1019,672,675,673,674,677
194,203,204,190,199,1006,213,215,188,201,998,222
188,1005,182,998,1054,997,190,178,1012,1003,170,978
1004,1012,997,1054,1016,182,1036,985,188,998,168,178
213,201,219,199,210,203,1003,194,218,233,204,215
1008,964,1009,1011,963,1010,993,992,936,273,275,1033
993,1007,992,963,1010,1029,272,273,964,270,255,946
1007,1033,1011,1027,968,1010,1008,1088,964,271,-1,-1
1008,1029,1033,993,1007,1009,1112,1031,992,1065,1022,963
1007,964,939,936,968,1009,965,967,963,938,1008,-1
1005,985,1054,168,1013,1016,160,170,1004,182,1014,178
160,157,1014,168,141,143,1012,985,138,170,1054,1034
999,1034,1013,141,138,985,1015,135,143,157,1001,129
999,985,984,971,972,1014,719,721,714,724,723,715
1036,748,750,752,745,746,742,1005,754,749,743,972
1039,1000,107,1019,103,95,1037,1040,118,113,1038,129
1103,1020,1019,1044,1104,1037,1128,1093,-1,-1,-1,-1
1017,1020,1018,1000,1002,1037,1039,107,1001,1021,-1,-1
1128,1021,1019,1018,1104,1002,672,673,674,1049,675,1103
672,673,674,675,676,677,679,678,1049,1128,986,680
995,1029,252,255,1031,994,250,993,989,243,247,260
1099,1026,1025,982,1042,1024,1096,1120,-1,-1,-1,-1
975,982,983,957,1026,1035,980,1023,1060,-1,-1,-1
1023,1099,1098,1097,1047,981,982,1096,-1,-1,-1,-1
1023,1035,1024,1042,1041,982,1099,-1,-1,-1,-1,-1
1088,271,1028,268,1009,1033,968,274,264,1065,967,259
1088,264,259,1075,268,1027,1074,1087,256,271,1065,249
1022,993,1031,1010,255,1112,252,1008,995,994,260,1033
991,989,994,1064,1032,1058,241,1031,235,1066,990,995
994,1112,1022,1029,1032,995,989,1067,1010,252,1030,255
1031,1066,994,1067,1030,1112,1064,989,1065,1022,-1,-1
1088,1065,1009,1010,1112,1027,1028,1029,1007,1087,1067,-1
135,138,129,999,1014,1001,118,141,113,984,107,1015
1060,1026,1072,1024,975,1041,974,1081,-1,-1,-1,-1
979,1016,752,757,756,754,750,748,997,755,996,745
1043,1038,1039,1017,1019,1018,1045,1044,1040,-1,-1,-1
1040,1039,1045,1052,1050,1037,1017,85,95,1069,1043,-1
1017,1040,95,1038,103,107,85,1037,1000,1050,1019,118
1039,85,95,1050,1038,89,103,1017,1062,107,86,1069
605,606,604,600,607,1071,608,1073,597,609,1072,601
1099,1073,1120,1041,1023,1026,1101,609,603,602,608,601
1094,1045,1108,1053,1044,1037,1095,1038,1051,1116,-1,-1
1094,1103,1043,1018,1093,1095,1037,1053,-1,-1,-1,-1
1108,1052,1043,1038,1051,1037,1053,1106,-1,-1,-1,-1
803,804,802,801,805,808,810,806,800,809,807,798
1055,1098,981,1048,1063,1025,990,-1,-1,-1,-1,-1
1055,960,988,981,959,1047,980,961,990,955,-1,-1
673,672,674,676,675,677,688,687,155,679,152,686
1069,1040,1062,85,1038,1076,1052,89,95,86,1077,1039
1108,1106,1110,1109,1107,1045,1052,1137,1053,1068,638,1077
1077,1045,1069,1038,1106,1050,1068,1051,652,648,638,649
1108,1094,1107,1116,1043,1143,1095,1051,1045,1110,1044,-1
182,170,168,178,1012,1004,1005,188,160,1013,190,997
990,1048,1047,988,1063,962,981,1098,1058,959,-1,-1
1123,144,1128,1049,1057,149,152,1127,147,673,1104,155
144,147,1070,1123,1056,149,976,987,158,1124,152,973
1091,990,991,1030,1064,1063,1184,1092,1055,-1,-1,-1
1061,1190,1060,1081,1122,974,1124,1070,1166,1072,1118,975
1059,1035,1072,1081,974,975,1061,1190,1024,-1,-1,-1
1070,1059,1124,974,976,1122,1123,1057,1190,1060,1173,-1
86,89,85,1079,92,1050,1076,94,1040,95,1069,88
1055,1098,1184,990,1047,1111,1058,1091,-1,-1,-1,-1
1030,1066,1092,1091,1090,1032,1058,-1,-1,-1,-1,-1
1088,1112,1067,1033,1087,1028,1027,1075,1031,1010,1032,1115
1067,1090,1032,1115,1064,1114,1092,1030,-1,-1,-1,-1
1065,1066,1087,1032,1115,1112,1031,1088,1086,1033,-1,-1
642,649,637,638,648,652,630,651,624,650,1077,647
1077,1050,1076,1080,1052,652,1068,651,650,648,1062,649
1057,1123,1061,1124,976,147,144,974,1056,1127,987,1122
597,600,604,593,605,594,606,595,607,588,80,1139
1071,1081,1060,1041,1105,1035,604,605,600,597,606,593
603,602,599,598,609,601,608,596,607,592,606,605
256,249,251,259,1075,254,248,253,245,264,1028,1086
1074,249,259,1087,1028,1086,256,251,245,248,264,1088
666,671,664,1078,1069,670,661,1062,1080,1079,669,659
1068,652,1069,648,651,649,642,650,637,638,1052,647
669,668,667,670,671,665,666,663,662,664,660,661
88,94,1062,92,1076,1078,86,1084,93,89,671,670
656,654,659,661,664,653,666,645,655,658,644,643
1190,1105,1072,1059,1118,1060,1166,1122,1071,74,1119,80
93,1148,102,111,1083,106,88,128,122,94,132,1149
93,1082,1152,1084,88,1148,1149,102,111,94,106,122
1083,1078,1158,1079,1138,1152,88,93,667,668,665,669
631,625,632,643,639,644,39,41,626,654,645,37
245,249,1075,1115,244,242,248,1087,231,1074,251,246
1075,1065,1088,1067,1086,1028,1115,249,1074,245,259,1033
1065,1028,1033,1027,1087,1075,268,1112,264,1067,1009,259
657,655,662,658,660,653,663,48,665,654,656,667
1177,1092,1114,1066,1064,1115,1113,1132,212,1141,200,1091
1092,1058,1125,1184,1064,1063,172,1113,1090,1030,-1,-1
1091,1125,1090,1113,1064,1177,1066,1184,1141,172,1058,173
1130,1103,1095,1126,1161,1044,1094,1147,1018,1142,-1,-1
1053,1095,1043,1044,1116,1108,1093,1130,1107,1131,-1,-1
1094,1130,1093,1131,1116,1044,1053,1147,1043,1103,1161,-1
1121,1120,1099,1097,126,133,114,1167,136,140,1025,1042
1167,1098,1096,1121,1111,1025,1099,140,1140,146,133,1120
1097,1047,1111,1063,1025,1167,1055,1184,1096,-1,-1,-1
1096,1023,1120,1042,1025,1097,1026,1121,1101,126,114,-1
1101,1102,84,81,90,596,592,599,587,598,584,1073
1100,114,1120,104,1073,90,126,1102,84,97,1042,599
592,596,587,584,599,580,598,579,583,603,582,586
1093,1018,1126,1104,1044,1127,1020,1095,-1,-1,-1,-1
1127,1128,1103,1020,1126,1018,1056,1123,1173,1021,1049,-1
74,80,1081,1071,1118,1072,1119,66,75,1117,1139,597
1068,638,1051,1137,630,637,642,649,1077,624,648,622
1110,1053,1143,1108,1051,1133,1116,1179,1109,1094,1144,-1
1053,1051,1045,1043,1107,1094,1110,1052,1106,1116,-1,-1
1110,1134,1137,1136,1051,1133,1106,20,18,13,1107,1135
1109,1107,1133,1051,1134,1108,1136,1143,1179,1106,1137,1053
1140,1184,1167,1098,1097,1063,159,167,153,146,172,1121
1031,1065,1029,1033,1067,1010,1032,1022,1088,994,1087,-1
1141,174,1125,175,1092,173,1177,180,1132,176,172,184
212,1115,1177,231,1090,200,232,1086,1132,1066,242,192
1114,1086,1066,1067,1087,231,1090,212,245,1177,1075,242
1053,1143,1094,1095,1145,1131,1107,1144,1108,1130,1164,1043
66,59,1183,57,74,1119,54,80,75,1105,1176,68
1119,1190,1166,1105,1081,1165,74,1122,1117,1176,1142,1059
1117,1118,1183,1176,74,1105,66,1165,57,59,80,1166
1101,114,1096,126,1099,1042,133,1121,104,1100,1073,136
140,1096,133,1167,136,1097,146,126,1120,114,153,1140
1190,1124,1173,1166,1059,1061,1142,1070,1118,1081,1127,1123
1057,1070,1124,1127,1056,144,147,1173,1061,149,976,1128
1123,1070,1173,1122,1061,1127,1057,1059,976,1056,1142,1190
172,1092,173,1113,1091,1184,174,167,175,1141,159,-1
1173,1103,1093,1127,1142,1161,1104,1124,1130,1122,-1,-1
1123,1173,1104,1124,1126,1056,1128,1070,1057,1122,1103,1142
1021,1056,1049,1020,1104,673,672,674,675,676,677,1127
579,583,582,580,586,591,590,581,589,585,584,587
1147,1095,1093,1161,1131,1163,1146,1094,1116,1126,-1,-1
1164,1130,1147,1146,1145,1095,1116,28,1170,23,1094,1162
192,1141,187,200,1177,184,212,180,1113,1114,1090,231
1179,11,12,1110,15,1136,1143,1107,1109,16,7,1144
18,20,13,1109,1136,1137,1135,25,6,1110,1172,616
13,6,18,1172,2,1136,1134,0,20,3,7,11
1172,13,1135,11,1134,7,6,1133,1109,18,2,12
616,618,25,615,620,630,622,638,624,20,1106,614
667,665,662,668,663,669,1089,53,1078,670,660,657
581,75,588,585,593,594,595,597,589,1129,590,80
159,153,1167,146,1111,167,140,172,1097,1184,1121,173
1132,184,187,180,1113,192,1177,176,175,200,174,1090
1166,1173,1161,1126,1122,1165,1190,1163,1124,1118,1127,1093
1144,1179,1107,1116,1145,1133,19,15,16,1110,21,1053
19,21,1179,1143,17,1145,16,22,1178,15,14,23
21,1144,1164,23,22,19,1131,28,1143,1116,17,1179
1170,1164,44,1147,1162,38,1131,28,29,31,45,34
1130,1163,1146,1162,1131,1161,1160,44,1164,1170,1095,45
1082,122,131,132,111,128,102,1149,121,1083,93,106
121,117,122,1151,1148,1153,1083,1152,120,1082,131,1157
1156,1159,1155,1153,112,1151,1154,116,125,67,120,1157
1157,1153,1156,1149,1150,1152,64,67,63,117,65,120
65,1157,1083,64,1151,1158,1084,1149,63,58,1156,67
120,117,125,1151,1150,112,1149,130,121,116,1156,122
116,124,119,1168,109,115,112,1155,1150,101,1169,130
78,1159,1168,1169,72,1150,1154,61,1156,60,79,69
67,1159,1157,62,1150,1151,63,64,61,1155,72,65
64,63,65,1156,67,1151,1152,58,62,1159,1158,1150
58,65,56,1138,55,64,1084,1152,63,53,1157,50
1156,61,72,62,1155,67,78,1150,60,63,1157,1151
1176,1163,1162,1171,1165,45,44,42,1147,1174,1183,1119
1163,1142,1130,1147,1093,1126,1165,1166,1173,1160,1162,1095
44,45,1160,1146,1163,1171,1147,38,42,1170,34,31
1160,1147,1162,1161,1165,1146,1130,1176,1171,1142,45,44
28,23,1146,1170,29,1145,1131,22,31,21,44,38
1166,1160,1163,1176,1118,1142,1119,1161,1162,1190,1171,1183
1190,1142,1118,1165,1122,1173,1081,1119,1161,1059,1163,1124
1140,146,1121,140,1097,1111,153,159,1096,136,133,1098
101,1169,109,1154,98,1155,115,119,105,79,78,1180
1168,79,82,78,1155,98,101,69,1180,109,83,60
31,29,38,44,1146,28,34,1164,45,1162,23,42
42,45,1160,1174,1175,1176,1162,44,38,35,1181,34
0,2,6,3,1135,1136,7,4,13,11,12,18
1124,1122,1142,1127,1126,1166,1123,1190,1070,1061,1104,1161
1188,1181,54,1175,1183,1171,1176,52,40,57,42,47
35,42,1181,32,26,1174,1171,27,45,36,1188,40
1160,1183,1171,1174,1119,1165,1117,54,1162,1163,57,1188
1132,200,1114,1141,1090,192,212,1113,187,1092,184,231
17,9,8,14,16,1185,10,19,5,15,1,21
15,16,1144,1143,1133,12,19,17,1178,11,9,21
83,98,87,82,100,105,73,101,96,1169,79,108
36,40,1188,1175,32,1174,27,47,26,35,52,54
1186,1189,154,151,148,156,134,139,142,145,127,137
54,1117,57,1176,1174,1119,59,1188,52,66,1171,74
1111,1125,1091,172,1063,167,1058,1140,173,159,1092,1098
5,9,1,8,1178,16,10,17,15,14,12,4
151,1182,139,145,154,150,134,156,1189,148,127,142
1192,108,99,110,96,123,127,100,91,87,105,1189
40,52,47,1181,54,1174,51,36,1191,43,57,1183
137,1182,1192,127,123,134,142,148,1186,139,156,1187
1166,1122,1081,1118,1059,1142,1105,1061,1060,1173,1165,1124
43,51,49,46,47,52,40,1188,54,57,36,1181
127,1187,123,110,1189,108,134,99,137,100,96,1182
