690,3297,692
1591,1663,1639
1663,6,4
6,1663,1591
1553,1591,1639
1553,9,1591
3297,691,692
1,2,0
1,1662,2
1663,1637,1639
1637,1623,1639
1623,1637,1662
1662,1637,2
2,3,4
3,1663,4
1637,3,2
3,1637,1663
9,8,1591
8,6,1591
1553,11,9
3325,691,3297
688,3297,690
361,2280,2266
1640,5,7
3310,3321,3311
3324,3325,3297
687,3325,3319
3317,3314,3319
3305,3317,3319
3315,3317,3309
3317,3315,3314
3298,3305,3299
683,3298,3299
680,3298,683
685,683,3299
685,680,683
685,688,678
680,685,678
203,202,205
2170,359,357
1638,1623,1662
1638,1640,1623
1640,1638,5
1,1638,1662
1638,1,0
5,1638,0
1104,1102,1105
3323,3322,681
3322,3310,3311
3322,3315,3310
3322,3323,3314
3315,3322,3314
3324,3292,3299
3292,685,3299
685,3292,688
688,3292,3297
3292,3324,3297
3325,3318,3319
3324,3318,3325
3318,3305,3319
3305,3318,3299
3318,3324,3299
3325,689,691
687,689,3325
679,689,687
3314,684,3319
3323,684,3314
679,684,681
3301,3317,3305
3298,3301,3305
3301,680,678
3301,3298,680
674,3313,672
3321,3313,3311
3313,677,3311
3313,674,677
16,1442,14
1442,16,18
1545,1553,1639
1623,1545,1639
12,16,14
16,12,18
1732,25,27
1732,1612,1470
25,1873,23
1732,1873,25
29,31,1612
29,1732,27
1732,29,1612
81,90,84
2278,2304,2295
1067,225,223
185,778,879
172,1363,1329
1188,1078,1187
3306,3321,3310
3320,679,681
3322,3320,681
679,3320,677
677,3320,3311
3320,3322,3311
686,687,3319
684,686,3319
686,679,687
686,684,679
682,3323,681
684,682,681
682,684,3323
3317,3316,3309
3301,3316,3317
1640,1632,1623
1632,1545,1623
1545,1632,1544
1632,1640,7
1453,1545,1544
1522,1410,1442
1442,1441,14
1410,1441,1442
1453,1441,1410
1441,1453,1544
1441,12,14
12,1441,1544
1684,20,23
1873,1684,23
1614,1732,1470
1614,1873,1732
1521,1502,1548
1294,1323,1495
1323,1294,22
26,1294,1495
862,52,51
1505,1488,1489
1505,31,33
31,1505,1612
1612,1505,1470
1505,1489,1470
1388,1488,1501
41,1558,39
1427,1318,1350
1318,1427,1351
1355,34,32
1357,34,1355
70,68,764
174,1363,172
1327,168,1316
529,527,520
588,3085,3079
3085,588,590
3120,3100,3102
3020,597,595
369,366,377
366,369,2296
381,2361,377
363,2280,361
364,363,361
363,2281,2280
2281,363,364
2304,2281,2296
2281,2304,2278
2281,366,2296
2281,364,366
1878,207,209
203,1703,202
1703,200,202
2293,2294,2295
2149,367,365
2176,2149,2182
372,384,370
2298,2278,2295
2294,2298,2295
360,2152,362
2152,360,359
2149,2151,2182
2151,2149,365
355,2170,357
1214,1104,1105
1120,1214,1105
1289,1347,1371
206,204,824
1212,1188,1187
1557,1212,1187
1212,1557,1580
1580,1689,1692
1689,1599,1692
1599,1689,1291
1689,1557,1291
1557,1689,1580
175,173,715
173,175,167
1223,1114,1076
1102,1100,1105
1100,1102,1053
1101,1100,1053
995,983,921
876,877,874
498,494,496
494,498,486
2966,2968,520
522,2966,520
2968,518,520
393,395,384
3313,3302,672
3302,3313,3321
3312,3306,3310
3312,3315,3309
3315,3312,3310
3306,3312,3307
3316,3312,3309
3312,3316,3307
3293,3301,678
3293,3316,3301
1622,12,1544
1632,1622,1544
13,1443,15
1443,1453,1410
1545,1454,1553
1453,1454,1545
1443,1454,1453
1454,1443,13
11,1454,13
1454,11,1553
30,1355,32
30,1486,1355
28,26,1495
1486,28,1495
30,28,1486
28,30,32
1613,1684,1873
1614,1613,1873
1641,1521,1548
1613,1641,1548
1641,1613,1614
1489,1387,1470
1469,1387,1377
1323,1342,1495
1469,1463,1521
1463,1502,1521
1463,1469,1377
1357,1463,1377
1463,1357,1355
1294,24,22
24,1294,26
21,1323,22
21,22,11
21,1343,1323
1343,21,19
57,61,889
57,862,51
862,57,889
47,57,51
741,62,58
55,741,58
68,783,764
1508,37,39
1558,1506,39
1506,1508,39
1488,1506,1501
1508,1506,1488
1507,1508,1488
1505,1507,1488
1507,1505,33
1426,1388,1501
1488,1389,1489
1388,1389,1488
1389,1387,1489
41,42,1558
1575,1566,1567
1573,42,44
42,1573,1558
1569,1568,1525
1506,1559,1501
1559,1506,1558
1573,1559,1558
1559,1573,1569
1324,38,1325
1324,40,38
1429,1427,1350
1426,1429,1350
1356,1357,1377
1357,1356,1325
38,36,1325
34,36,38
36,1357,1325
1357,36,34
1647,1604,1631
1634,94,1626
1628,1627,1635
1628,1634,1626
1500,1278,1498
1647,1645,1604
1608,1590,1552
1590,1608,1589
1080,1082,1043
1082,1080,1021
1511,1500,1498
1008,971,1367
915,1008,1367
915,916,1008
76,915,78
916,915,76
766,70,764
916,74,830
74,916,76
74,66,68
74,76,66
1493,1511,1498
1511,1493,1705
1230,1177,1229
1244,1306,1243
1219,1409,1178
166,168,1327
1328,172,1329
168,1328,1316
1315,1328,1329
1328,1315,1316
1346,1497,1120
1497,1214,1120
181,179,176
181,174,183
174,181,176
179,181,1145
1346,181,183
181,1346,1145
1362,174,176
174,1362,1363
179,178,176
178,1362,176
1362,178,1144
178,179,1145
1144,178,1145
1100,1109,1105
1109,1100,1110
1554,1359,1534
1359,1554,1555
836,894,893
894,836,892
1664,98,100
1258,131,133
131,1258,130
92,90,81
92,1634,90
1634,92,94
65,67,1540
586,588,3079
588,586,584
3051,586,3079
586,3051,584
582,3044,580
3082,582,584
3051,3082,584
3082,3044,582
3089,3064,3063
564,575,566
565,2996,567
3100,3109,3102
3085,3086,3079
3086,3051,3079
3051,3086,3081
3091,3092,3115
3088,3092,3057
3113,3091,3115
3111,3113,3115
3113,3111,3138
3138,3111,3102
3111,3120,3102
3114,3111,3115
3092,3114,3115
3114,3092,3088
3120,3114,3112
3111,3114,3120
3090,3091,3104
611,3071,3076
3074,3072,3139
3072,3074,3070
597,601,607
374,369,377
369,374,371
207,1736,205
1878,1736,207
1736,203,205
1736,1703,203
1736,1878,1781
200,1701,199
1703,1701,200
199,1701,198
2277,2273,2284
2288,2293,2292
2288,2294,2293
2273,2288,2284
2348,2283,2282
2283,2277,2284
2300,2313,2282
368,367,2149
2176,368,2149
2204,2287,2219
2221,2287,2206
2287,2204,2206
2205,2204,2219
2205,2176,2182
2204,2205,2182
2276,2255,2277
2276,2283,2348
2283,2276,2277
2291,2298,2294
2298,2268,2278
2265,2268,2298
2268,2281,2278
2281,2268,2280
2268,2265,2280
2151,2171,2182
2246,2171,2156
2171,2204,2182
2204,2171,2206
2171,2246,2206
2152,2150,362
355,2210,2170
353,2210,355
1242,1244,1243
1309,1194,1308
1365,1579,1610
1278,1579,1229
1223,1150,1224
1315,1284,1316
1326,1327,1316
1326,166,1327
778,182,777
182,778,185
878,185,879
943,878,879
184,1346,183
194,188,195
1358,1289,1371
1399,1358,1371
1185,1202,1204
1289,1333,1347
1373,225,1067
208,898,1012
898,206,824
898,208,206
218,1067,223
218,208,213
1019,1020,1012
1020,213,1012
1020,218,213
218,1020,1067
201,204,206
204,823,824
201,823,204
213,211,1012
211,208,1012
208,211,213
1078,1189,1187
1600,1599,1562
1601,1600,1562
1600,1601,1651
1599,1600,1692
1600,1693,1692
1716,1483,1714
1483,1716,1484
1560,1716,1862
1716,1560,1484
1560,1503,1484
1071,1186,1024
1228,1071,1227
1071,1228,1186
1557,1290,1291
1290,1189,1268
1290,1557,1187
1189,1290,1187
1483,1670,1714
1670,1483,1485
1417,1212,1580
759,778,777
759,770,778
854,877,875
877,854,874
778,853,879
770,853,778
1186,1069,1024
1069,946,1024
946,1069,948
924,948,923
924,922,947
946,924,947
924,946,948
907,924,923
924,907,922
922,907,921
190,810,193
906,995,921
907,906,921
906,907,900
1314,1315,1329
1363,1314,1329
1114,1222,1101
1250,1222,1224
1222,1223,1224
1222,1114,1223
1168,1085,947
1047,1041,1049
1213,1078,1188
1213,1060,1078
1102,1050,1053
1050,1040,1053
1059,1060,1049
1062,1059,1049
1060,1059,1078
1051,1835,1062
1050,1051,1040
1051,1050,1052
1835,1051,1052
492,494,486
494,492,2711
2711,2710,2714
2710,492,490
492,2710,2711
494,2717,496
2717,494,2711
2799,2815,2816
2815,2799,499
2799,497,499
2638,470,472
526,524,2696
528,531,533
536,528,533
528,536,526
2867,2864,2885
2915,532,534
2912,2915,534
2915,530,532
2864,2842,2863
2892,2918,2863
2864,2918,2885
2918,2864,2863
2918,2893,2885
2893,2918,2892
527,525,520
525,522,520
2865,2892,2863
2966,2963,2968
2934,2979,2933
2939,2934,2938
2934,2939,2979
2961,2854,2856
2815,501,2844
501,503,2844
501,2815,499
503,501,499
505,2961,2844
503,505,2844
391,384,389
391,393,384
2356,2351,2357
2400,2354,2355
2354,2400,390
436,434,2473
666,668,3296
666,664,661
668,666,661
670,3302,3296
668,670,3296
3302,670,672
670,661,672
670,668,661
3281,666,3296
664,3281,3279
666,3281,664
3290,3306,3307
3285,3290,3307
3303,3302,3321
3300,659,661
3273,3300,3271
659,3273,657
3273,659,3300
3300,3280,3271
676,688,690
688,676,678
676,3293,678
3283,3285,3307
3316,3283,3307
3293,3283,3316
10,1632,7
10,1622,1632
1622,10,12
18,10,7
12,10,18
1570,1613,1548
1570,1522,1442
1468,1469,1521
1641,1468,1521
1387,1468,1470
1468,1387,1469
1468,1614,1470
1468,1641,1614
1342,1344,1502
1344,1342,1323
1464,1342,1502
1463,1464,1502
1464,1486,1495
1342,1464,1495
1486,1464,1355
1464,1463,1355
21,17,19
17,13,15
17,11,13
17,21,11
17,1343,19
1522,1366,1410
1366,1443,1410
17,1366,1343
1443,1366,15
1366,17,15
49,57,47
54,55,52
62,708,64
741,708,62
35,1507,33
35,37,1508
1507,35,1508
1426,1428,1388
1386,1428,1350
1428,1426,1350
50,1576,1574
1587,1573,44
1568,1587,1574
1573,1587,1569
1587,1568,1569
1169,1170,1044
45,1337,47
45,47,51
1317,1318,1351
1337,1317,1351
1317,1324,1318
1317,45,43
45,1317,1337
40,1317,43
1324,1317,40
1352,1324,1325
1356,1352,1325
1352,1356,1386
1324,1352,1318
1318,1352,1350
1352,1386,1350
1726,1569,1525
1654,1675,1630
1677,1451,1631
1321,1233,1231
1653,79,81
1653,81,84
1654,1653,84
1628,1588,1627
1588,1571,1572
1588,1628,1626
1571,1588,1626
1277,1278,1229
1177,1277,1229
1409,1277,1178
1277,1177,1178
1364,1430,1307
1430,1364,1552
1364,1608,1552
1797,1645,1627
1588,1797,1627
1797,1588,1572
1590,1797,1572
1797,1590,1589
1603,1578,1513
1603,1797,1589
1797,1603,1645
1603,1513,1604
1645,1603,1604
1608,1603,1589
1578,1603,1608
1661,1645,1647
1661,1647,1630
1627,1661,1635
1645,1661,1627
1167,1097,1043
1082,1167,1043
1005,1058,1137
1238,1058,1022
1058,1045,1022
1238,1081,1280
1081,1080,1083
1080,1081,1021
1021,1081,1022
1081,1238,1022
1406,1408,1231
65,69,67
75,1437,73
1339,1322,1320
1322,1339,1705
1677,1339,1320
1322,1281,1320
1281,1321,1320
1321,1281,1233
1281,1322,1247
1512,1513,1500
1511,1512,1500
1513,1512,1604
1440,1406,1231
1233,1440,1231
1173,1440,1233
915,80,78
971,872,1002
872,971,1008
872,916,830
916,872,1008
72,766,830
74,72,830
766,72,70
70,72,68
72,74,68
1248,1239,1247
1322,1248,1247
1248,1322,1705
1493,1248,1705
1245,1493,1498
1245,1248,1493
1248,1245,1239
1177,1176,1178
1176,1177,1230
1195,1306,1307
1244,1270,1306
1270,1365,1307
1306,1270,1307
1270,1244,1230
982,971,1002
1138,1005,1137
982,1138,981
1138,1220,981
89,91,85
91,858,93
91,89,857
858,91,857
87,89,85
89,87,857
858,1103,93
961,858,857
170,168,172
1328,170,172
170,1328,168
1122,1144,1145
1122,1346,1120
1346,1122,1145
1122,1120,1105
1109,1122,1105
151,958,149
954,903,973
903,954,919
126,124,120
124,122,120
1554,1602,1555
1602,124,1555
124,1602,122
1359,1487,1534
1487,1359,1266
1359,1265,1266
1265,1258,1266
1258,1265,130
1129,1033,1031
1129,137,139
1034,903,893
903,1034,973
1033,918,1031
1034,918,1033
894,918,893
918,1034,893
1288,892,891
1288,894,892
1215,1206,1311
1206,1215,1159
1571,1539,1572
98,1685,96
1685,94,96
94,1685,1626
1430,1459,1308
1459,1430,1552
1433,1309,1308
1459,1433,1308
1586,1515,1584
118,109,120
1539,1541,1532
1541,1539,1571
1467,1537,1490
1537,1467,1532
1491,1660,1490
1660,1491,1516
1537,1491,1490
1491,1537,1536
104,106,1536
733,123,121
725,733,793
123,725,125
725,123,733
1075,1201,1073
728,700,710
1566,1704,1540
1704,65,1540
65,1704,63
50,48,63
48,65,63
48,50,1574
1587,48,1574
550,548,2840
2841,550,2840
550,2841,552
591,589,3030
3114,3087,3112
3087,3114,3088
557,559,555
548,2932,2840
546,2932,548
2932,546,2751
2743,540,2745
571,574,563
565,571,563
2996,2965,567
2974,2983,2998
3110,3109,3136
3137,3110,3136
3110,3138,3102
3109,3110,3102
3110,3137,3126
3101,3109,3100
3101,594,596
3109,3101,3136
3086,3083,3081
3091,3107,3104
3113,3107,3091
3107,3113,3118
621,629,627
3059,3092,3091
3090,3059,3091
3092,3059,3057
3058,3059,3090
3068,3058,3090
3068,3053,3048
3058,3068,3048
3052,3068,3070
3068,3052,3053
609,3071,611
3052,609,607
609,3052,3071
3071,3069,3076
3074,3069,3070
3069,3052,3070
3052,3069,3071
3152,3094,3130
614,611,3076
3075,3074,3139
3069,3075,3076
3075,3069,3074
3094,3151,3130
3151,3119,3130
3022,597,3020
601,603,607
3039,3020,595
3039,3060,3020
3039,3061,3060
3061,3039,3040
1725,1736,1781
1736,1725,1703
1725,1701,1703
1601,226,1651
1652,226,228
226,1652,1651
1814,1774,1791
1670,1774,1814
1652,1682,1651
1682,1652,1683
1682,1600,1651
1600,1682,1693
2255,2256,2277
2256,2273,2277
2251,378,2250
2285,2283,2284
2313,2333,388
384,2333,389
388,2333,384
2313,2305,2282
2305,2348,2282
386,2313,388
383,386,382
2305,386,383
386,2305,2313
386,388,384
382,386,384
2211,376,372
372,376,384
368,2177,370
2177,368,2176
2177,372,370
2177,2211,372
2287,2249,2219
2249,2255,2250
2212,2205,2219
2177,2212,2211
2205,2212,2176
2212,2177,2176
2255,2253,2250
2276,2253,2255
2253,2276,2348
2305,2253,2348
2243,2275,2433
2275,2243,2263
2279,2265,2298
2291,2279,2298
2279,2275,2263
2275,2279,2291
2290,2291,2294
2288,2290,2294
2290,2288,2273
2280,2262,2266
2265,2262,2280
2243,2240,2263
2240,2247,2263
1716,1720,1862
1720,1669,1862
2245,2244,2433
2244,2243,2433
2220,2221,2206
2220,2245,2221
2246,2220,2206
2264,2220,2246
2220,2244,2245
2244,2220,2264
2197,2246,2156
2197,2264,2246
2153,2150,2156
2171,2153,2156
2153,2171,2151
2150,2153,362
362,2153,365
2153,2151,365
2187,353,351
353,2187,2210
1746,1749,1766
1739,1762,1740
1066,108,107
115,108,110
886,1066,107
1066,886,1055
886,1054,1055
1155,1194,1309
1143,1155,1158
1194,1155,1154
1155,1143,1154
1499,1278,1500
1499,1579,1278
1579,1499,1610
1513,1499,1500
1499,1578,1610
1578,1499,1513
160,158,815
160,156,158
165,776,167
729,703,720
703,705,720
776,775,774
775,165,163
775,776,165
799,803,928
788,799,928
809,788,928
788,779,752
779,788,809
779,789,790
789,779,809
718,722,720
782,722,795
1150,1234,1224
1234,1150,1151
1234,1250,1224
955,1223,1076
955,1150,1223
956,955,1076
1494,1284,1315
1314,1494,1315
1494,1314,1250
1234,1494,1250
1382,1326,1383
166,1382,164
1326,1382,166
164,1382,161
1382,1492,161
1492,159,161
180,190,177
755,180,177
180,755,777
182,180,777
187,182,185
878,187,185
180,187,190
187,180,182
189,191,1496
191,189,192
189,194,192
189,188,194
1497,1361,1334
1361,1497,1346
184,1361,1346
1432,1335,1496
1392,1335,1334
1361,1392,1334
1335,1392,1496
1392,189,1496
189,1392,188
1335,1310,1334
1310,1497,1334
1497,1310,1214
1358,1292,1289
1292,1358,1291
1290,1292,1291
1292,1290,1268
1400,1358,1399
1400,1399,1562
1599,1400,1562
1400,1599,1291
1358,1400,1291
1477,1349,1348
1349,1333,1348
1333,1349,1347
1202,1267,1204
1267,1333,1289
1549,231,1405
225,233,223
231,233,225
233,1549,235
1549,233,231
227,231,225
1373,227,225
227,229,231
229,227,1373
1533,1669,1473
1447,1533,1473
1533,1447,1394
1669,1533,1862
1533,1394,1374
1380,229,1373
231,1380,1405
229,1380,231
898,1013,1012
1228,1013,1186
1013,1019,1012
1013,1228,1019
904,823,201
948,968,923
968,904,923
904,968,823
823,968,824
1069,968,948
1743,1744,1714
1670,1743,1714
1743,1670,1814
1775,1746,1766
1189,1203,1268
1203,1185,1204
1416,1483,1484
1483,1416,1485
1416,1417,1485
1264,1228,1227
1228,1264,1019
1264,1354,1019
1560,1455,1503
1264,1455,1354
1354,1455,1374
1503,1455,1227
1455,1264,1227
1455,1560,1862
1353,1354,1374
1353,1373,1067
1020,1353,1067
1353,1020,1019
1354,1353,1019
1503,1482,1484
1263,1213,1188
1213,1263,1084
1263,1070,1084
175,735,177
735,175,715
735,759,777
755,735,777
735,755,177
768,853,770
853,941,879
969,1069,1186
1013,969,1186
969,1013,898
969,898,824
968,969,824
969,968,1069
1556,810,190
1556,878,943
187,1556,190
1556,187,878
1276,1362,1144
1362,1276,1363
1276,1314,1363
1222,1225,1101
1100,1225,1110
1225,1100,1101
1093,1101,1053
1093,1114,1101
956,989,876
1092,989,956
989,1092,993
1047,1061,1168
1061,1085,1168
1060,1061,1049
1061,1047,1049
1085,1061,1084
1061,1213,1084
1213,1061,1060
1047,1048,1041
1106,1050,1102
1050,1106,1052
1106,1102,1104
1184,1106,1104
1106,1185,1052
1106,1184,1185
1111,1059,1062
1111,1189,1078
1059,1111,1078
1038,1001,1040
1051,1038,1040
1001,1038,1041
1038,1051,1062
1041,1038,1049
1038,1062,1049
492,488,490
488,492,486
2648,488,486
488,2710,490
2710,488,2648
2647,2888,2648
2647,486,484
2647,2648,486
2642,2888,2603
2726,2711,2714
2726,2717,2711
2717,2726,2728
2800,497,2799
2800,2799,2816
2634,2617,2632
2634,2642,2603
2641,2634,2632
2634,2641,2640
2642,2634,2640
2618,2616,2612
2619,2618,2570
2618,2619,2616
470,2636,468
2638,2636,470
2604,2634,2603
2634,2604,2617
2537,2591,2592
521,524,526
524,2763,2696
521,2763,524
540,538,2745
2773,2779,2772
535,2912,534
541,535,545
2912,2911,2927
2916,2912,2927
2916,2915,2912
2910,2916,2927
2916,2910,2933
2940,2916,2933
530,2926,529
2915,2926,530
529,2926,527
2916,2926,2915
2926,2916,2940
2910,2909,2892
2909,2893,2892
2909,2910,2927
2911,2909,2927
2909,2911,2893
523,2966,522
525,523,522
2908,2910,2892
2865,2908,2892
2842,2866,2863
2866,2865,2863
2781,2866,2794
2866,2842,2794
2934,3007,2938
2993,2934,2933
3007,2993,2937
2993,3007,2934
2943,2963,2979
2939,2943,2979
2963,2943,2968
2943,2939,2907
511,509,520
518,511,520
2906,2923,2907
2923,511,513
2943,2942,2968
2942,2943,2907
507,505,503
507,503,499
2854,507,509
507,2854,2961
505,507,2961
391,2318,393
2318,391,389
2333,2318,389
407,2388,408
2388,407,405
2400,387,390
2360,2361,381
2364,2356,2357
2364,2392,2356
2354,2363,2355
2461,430,428
2470,434,432
434,2470,2473
415,2429,413
437,436,2473
2478,437,2473
445,437,441
437,445,448
439,2478,2479
437,439,441
439,437,2478
2534,2556,2479
2480,2556,2503
2556,2480,2479
439,2480,441
2480,439,2479
2504,2503,2510
445,2504,2510
453,455,2671
453,451,455
451,2673,449
455,463,461
2555,442,444
2560,2555,444
2673,447,449
3304,3281,3296
3302,3304,3296
3303,3304,3302
3274,3290,3285
3306,3288,3321
3288,3303,3321
3290,3288,3306
660,3280,3300
664,660,661
660,3300,661
1595,1442,18
20,1595,18
1684,1595,20
1613,1596,1684
1570,1596,1613
1596,1595,1684
1596,1570,1442
1595,1596,1442
1502,1411,1548
1344,1411,1502
1411,1570,1548
1570,1411,1522
49,56,57
56,49,53
1164,56,53
1163,49,47
1171,1169,1044
999,1171,1044
1164,1171,999
998,56,1164
61,964,889
888,890,962
888,964,890
990,1004,1002
1004,982,1002
1138,1004,1005
1004,1138,982
1009,990,1003
1045,1009,1003
1004,1009,1005
1009,1004,990
1009,1058,1005
1058,1009,1045
980,978,962
980,1167,1082
66,765,68
765,783,68
765,66,64
708,765,64
1378,1428,1386
1378,1389,1388
1428,1378,1388
1378,1356,1377
1356,1378,1386
1387,1378,1377
1389,1378,1387
1413,1520,1414
59,50,63
59,1576,50
1576,1727,1575
1704,1727,63
1727,59,63
59,1727,1576
1575,1727,1566
1727,1704,1566
1526,1576,1575
1568,1526,1525
1526,1520,1525
1526,1568,1574
1576,1526,1574
1519,1526,1575
1526,1519,1520
1519,1575,1567
1517,1519,1567
1520,1519,1414
1519,1517,1414
1518,1170,1169
1518,1169,1414
1517,1518,1414
1170,1345,1044
1726,1565,1429
1429,1565,1427
1427,1565,1351
1565,1415,1351
1550,1559,1569
1726,1550,1569
1550,1726,1429
1550,1429,1426
1550,1426,1501
1559,1550,1501
1634,1636,90
1636,1628,1635
1628,1636,1634
86,1654,84
86,1675,1654
1321,1338,1320
1338,1321,1633
1338,1677,1320
1338,1451,1677
1700,1605,1630
1700,1647,1631
1647,1700,1630
1451,1700,1631
1605,1700,1451
1653,1461,79
1278,1439,1498
1277,1439,1278
1439,1245,1498
1439,1277,1409
1245,1439,1409
1365,1609,1307
1609,1364,1307
1609,1365,1610
1578,1609,1610
1609,1578,1608
1364,1609,1608
1675,1673,1630
1673,1661,1630
1661,1673,1635
1673,1636,1635
980,997,1167
1237,1058,1238
1237,1238,1280
1237,1280,1247
1239,1237,1247
1408,1407,1231
1407,1408,1419
1407,1321,1231
1321,1407,1633
1420,1408,1406
1646,1511,1705
1339,1646,1705
1646,1512,1511
1646,1339,1677
1646,1677,1631
1604,1646,1631
1512,1646,1604
1172,1173,1233
1281,1172,1233
1173,1172,1083
1280,1172,1247
1172,1281,1247
1172,1081,1083
1081,1172,1280
1099,1440,1173
1080,1099,1083
1099,1173,1083
1181,1176,1230
1244,1181,1230
1133,1181,1180
1181,1133,1176
1181,1242,1180
1242,1181,1244
1306,1193,1243
1195,1193,1306
1193,1195,1154
1430,1196,1307
1196,1195,1307
1196,1430,1308
1194,1196,1308
1196,1194,1154
1195,1196,1154
1271,1230,1229
1271,1270,1230
1579,1271,1229
1271,1579,1365
1270,1271,1365
1219,1246,1409
1246,1245,1409
1245,1246,1239
1246,1240,1239
1220,1221,1175
1221,1220,1219
1221,1219,1178
1220,1014,981
1014,1220,1175
1220,1252,1219
1252,1246,1219
1246,1252,1240
1252,1220,1138
1240,1252,1137
1252,1138,1137
1113,1133,1180
1113,1103,858
1135,1133,1134
1133,1135,1176
1175,1135,1134
1221,1135,1175
1176,1135,1178
1135,1221,1178
1112,961,1134
961,1112,858
1133,1112,1134
1112,1113,858
1113,1112,1133
1015,1175,1134
961,1015,1134
1015,1014,1175
1014,1015,1016
83,931,85
83,91,93
91,83,85
931,933,85
1072,83,82
83,1072,931
1122,1121,1144
1121,1122,1109
1121,1109,1110
1276,1121,1110
1121,1276,1144
151,153,958
153,151,161
159,153,161
153,159,155
959,958,953
958,959,149
919,959,953
954,959,919
959,147,149
147,959,954
1660,1466,1490
1466,1467,1490
1467,1466,1434
1434,1466,1311
1397,1624,1577
1624,1457,1577
1592,118,120
122,1592,120
1602,1592,122
1593,1602,1554
1593,1592,1602
1592,1593,1584
1396,1660,1516
1396,1466,1660
1265,128,130
1360,1265,1359
1360,1359,1555
128,1360,126
1360,128,1265
1360,124,126
124,1360,1555
1115,135,137
1129,1115,137
1115,1129,1031
1258,1319,1266
918,1032,1031
1032,1115,1031
1115,1032,1116
895,903,919
1642,895,919
903,895,893
895,836,893
895,896,836
895,1642,835
896,895,835
902,919,953
902,1642,919
1096,1129,139
1129,1096,1033
141,1096,139
1206,1312,1311
1433,1312,1309
1312,1434,1311
1312,1433,1434
1153,1155,1309
1155,1153,1158
1312,1153,1309
1153,1312,1206
1465,1539,1532
1467,1465,1532
1465,1467,1434
118,111,109
1515,1583,1584
1583,1592,1584
1592,1583,118
1514,1585,1515
1585,111,113
111,1585,1514
1412,1515,1586
1412,1514,1515
1514,1412,1516
1412,1396,1516
1664,1649,98
1649,1685,98
1649,1541,1571
1649,1571,1626
1685,1649,1626
1538,1514,1516
1491,1538,1516
111,1538,109
1538,111,1514
1538,1491,1536
1538,106,109
106,1538,1536
1537,1543,1536
1543,104,1536
1543,1537,1532
136,728,138
728,136,700
712,743,756
712,702,743
711,712,756
847,825,846
742,825,743
742,725,793
1074,1124,1282
1149,1074,1073
1124,1018,1282
1535,1425,1199
1535,1200,1404
1424,1487,1423
1425,1424,1423
1424,1425,1535
1625,1424,1404
1424,1535,1404
1487,1424,1534
1424,1625,1534
1198,1302,1124
1198,1074,1149
1074,1198,1124
142,739,144
731,728,710
728,731,732
728,727,138
727,728,732
739,727,732
727,739,142
46,1587,44
46,48,1587
3082,3045,3044
3044,3045,580
3097,592,594
3097,3101,3100
3101,3097,594
3085,3097,3100
3097,3085,590
592,3097,590
2776,2849,2848
2841,553,552
2850,553,2841
553,2850,555
2875,2776,2848
2873,2875,2848
2850,2875,2873
591,3042,593
3042,591,3030
564,2994,562
2957,2924,2897
2924,2972,2948
2901,554,556
2951,2957,2897
2889,2951,2897
577,3018,575
3012,3018,3011
568,2973,566
2973,568,570
3018,573,575
573,3018,3012
575,573,566
573,568,566
2980,3012,3011
2965,2995,2977
2995,2965,2996
2995,2982,2977
2982,2995,3008
3004,2981,3005
2982,3004,3005
3004,2982,3008
2857,549,551
554,2857,551
2901,2857,554
2753,2750,2745
2750,2743,2745
2751,2750,2752
2743,2750,2751
2743,542,540
571,569,2956
2965,569,567
569,2965,2956
569,565,567
569,571,565
2986,2960,2987
3024,2986,2987
2964,2965,2977
2965,2964,2956
2964,571,2956
571,2964,574
2964,3080,574
3080,2975,2974
2975,2983,2974
2975,2964,2977
2964,2975,3080
2984,2982,3005
2975,2984,2983
2982,2984,2977
2984,2975,2977
2983,3000,2998
2997,2974,2998
587,579,581
585,587,581
587,576,579
589,587,3030
2999,3002,2998
3000,2999,2998
583,585,581
3002,583,581
587,3031,3030
3031,587,585
3127,3110,3126
3110,3127,3138
3127,3113,3138
3118,3127,3126
3113,3127,3118
3084,3086,3085
3084,3083,3086
3084,3085,3100
623,621,627
3152,3153,3154
3153,3152,3130
3156,3150,3186
3175,3156,3186
3184,3175,3186
3175,3184,3166
600,3137,3136
3148,3118,3126
3059,3049,3057
3058,3049,3059
3049,3058,3048
3068,3073,3070
3073,3072,3070
3073,3090,3104
3073,3068,3090
3152,3095,3094
614,3093,616
3093,614,3076
3075,3093,3076
3093,3075,3119
3098,3151,3094
616,3098,618
3093,3098,616
3151,3098,3119
3098,3093,3119
599,601,597
3022,599,597
599,3022,601
3022,3047,601
3047,3049,3048
3049,3047,3060
3060,3047,3020
3047,3022,3020
603,605,607
605,3052,607
3052,605,3053
3077,3088,3057
3061,3077,3057
3089,3077,3064
3077,3087,3088
3087,3077,3089
3050,3061,3057
3061,3050,3060
3049,3050,3057
3050,3049,3060
2361,2359,377
2359,374,377
374,2359,371
2359,2336,371
2329,2293,2295
2304,2329,2295
2306,369,371
2336,2306,371
369,2306,2296
2329,2306,2336
2306,2304,2296
2306,2329,2304
1509,1718,1782
1718,1509,1477
1878,1849,1781
1671,1670,1485
1671,1774,1670
1774,1671,1693
1417,1671,1485
1748,1682,1683
1748,1887,1791
1792,1774,1693
1682,1792,1693
1774,1792,1791
1792,1748,1791
1748,1792,1682
2251,379,378
379,382,384
376,379,384
379,376,378
380,383,382
379,380,382
380,379,2251
2340,2353,2335
2360,2340,2335
2340,2400,2355
2353,2340,2355
2325,2329,2336
2293,2325,2292
2329,2325,2293
2289,2285,2284
2288,2289,2284
2289,2288,2292
2289,2302,2285
2346,2369,2344
2347,2346,2366
2347,2324,2338
2324,2347,2366
373,376,2211
2212,373,2211
373,375,378
376,373,378
375,373,2219
373,2212,2219
2254,2249,2250
378,2254,2250
375,2254,378
2254,375,2219
2249,2254,2219
2222,2287,2221
2222,2249,2287
2256,2222,2221
2222,2256,2255
2249,2222,2255
2274,2275,2291
2290,2274,2291
2262,2261,2247
2247,2261,2263
2261,2279,2263
2279,2261,2265
2261,2262,2265
2077,2076,2079
1987,336,334
1720,1754,1669
1751,1754,1745
1744,1715,1714
1715,1744,1745
1715,1716,1714
1715,1720,1716
1754,1715,1745
1715,1754,1720
315,310,313
2210,2180,2170
2199,2180,2210
2075,2091,2002
1749,1764,1766
1765,1764,1749
1711,1697,1710
1697,1694,1699
1761,1762,1739
1762,1761,1827
1816,1794,1817
1794,1761,1739
1761,1794,1816
2088,1993,2034
2088,2090,2002
2090,2088,2172
2074,2088,2034
2088,2074,2172
1054,1629,1055
1130,1629,1054
108,117,107
115,117,108
117,115,944
884,117,944
792,733,121
733,792,793
1057,1042,110
1057,1066,1055
108,1057,110
1057,108,1066
1042,112,110
115,945,944
105,886,107
1216,1157,1217
792,829,793
829,792,884
1201,1147,1402
1147,1201,1075
1183,1147,1075
1297,1160,1251
1161,1160,1152
1143,1141,1154
1157,1141,1131
1130,1132,1142
1141,1132,1131
1132,1141,1143
1132,1054,1131
1132,1130,1054
1156,1143,1158
1156,1158,1152
1132,1156,1142
1156,1132,1143
160,154,156
705,699,697
699,703,815
703,699,705
158,699,815
156,699,158
699,154,697
154,699,156
698,705,697
776,827,167
827,776,774
782,798,781
1150,949,1151
774,730,781
775,730,774
730,729,781
162,775,163
162,154,160
162,163,152
154,162,152
729,771,781
771,782,781
771,722,782
771,729,720
722,771,720
1087,806,790
1087,1126,891
1126,1087,790
717,718,713
719,717,713
716,719,713
717,744,723
744,717,719
740,803,799
803,740,794
740,731,794
731,740,732
1090,1126,790
789,1090,790
1090,789,807
789,808,807
808,789,809
1118,808,928
808,809,928
721,722,718
717,721,718
721,717,723
721,723,750
722,721,795
938,955,956
938,876,874
938,956,876
1494,1287,1284
1287,1494,1234
1287,1236,1284
1287,1234,1151
1236,1287,1151
1235,1236,1151
1236,1285,1284
1284,1285,1316
1285,1326,1316
159,157,155
186,1361,184
1392,186,188
186,1392,1361
196,186,198
186,196,195
188,186,195
1336,1432,1348
1432,1336,1335
1336,1310,1335
1476,1477,1348
1432,1476,1348
1476,1718,1477
1310,1279,1214
1214,1279,1104
1279,1184,1104
1718,1717,1782
1717,1781,1782
1717,1725,1781
1725,1717,1701
1292,1269,1289
1269,1267,1289
1267,1269,1204
1269,1292,1268
1269,1203,1204
1203,1269,1268
1447,1395,1394
1380,1395,1405
1372,1380,1373
1394,1372,1374
1395,1372,1394
1372,1395,1380
1372,1353,1374
1353,1372,1373
904,905,923
905,907,923
907,905,900
1757,1786,1775
1786,1814,1791
1786,1743,1814
1743,1786,1744
1786,1757,1744
1262,1416,1484
1482,1262,1484
1262,1482,1479
1533,1456,1862
1456,1455,1862
1456,1533,1374
1455,1456,1374
1482,1480,1479
946,1025,1024
1025,946,947
1085,1025,947
1025,1085,1084
1070,1025,1084
942,943,879
941,942,879
942,906,943
906,942,995
768,852,853
852,941,853
852,768,854
852,854,875
1556,899,810
810,899,900
899,906,900
906,899,943
899,1556,943
1314,1249,1250
1276,1249,1314
1249,1222,1250
1249,1225,1222
1249,1276,1110
1225,1249,1110
1092,1039,993
1093,1039,1092
1039,1001,993
1001,1039,1040
1040,1039,1053
1039,1093,1053
1077,1093,1092
1077,956,1076
1077,1092,956
1114,1077,1076
1093,1077,1114
985,877,876
989,985,876
877,985,875
1000,1048,992
1000,1001,1041
1048,1000,1041
1030,1047,1168
1030,1048,1047
922,1030,947
1030,1168,947
1048,1029,992
983,1029,921
992,1029,983
1030,1029,1048
1029,922,921
1029,1030,922
1835,1079,1062
1079,1111,1062
1079,1203,1189
1111,1079,1189
498,504,506
2759,2758,2757
2803,2759,2801
2759,2803,2758
2718,2717,2728
500,504,498
504,500,502
2702,2727,2737
2702,504,502
500,2702,502
2642,2650,2888
2888,2650,2648
2650,2640,2714
2650,2642,2640
2710,2650,2714
2650,2710,2648
516,519,506
2803,2887,2758
2727,2748,2737
2954,2905,2920
2905,2954,2902
2815,2819,2816
2732,2740,2741
2805,2800,2816
2802,2805,2816
2759,2802,2801
2802,2759,2886
2749,2733,2741
2834,2749,2741
2740,2834,2741
2834,2740,2886
2749,2834,2757
2834,2759,2757
2759,2834,2886
2798,2805,2806
2805,2798,2800
2584,2604,2603
2583,2584,2603
2618,2689,2570
2689,2618,2612
2619,2688,2616
2622,2688,2623
2688,2619,2623
2636,2701,468
2626,2638,2625
2626,2636,2638
2622,2626,2625
2626,2622,2623
2646,2633,2645
2633,2615,2645
2615,2617,2612
2617,2615,2632
2615,2633,2632
2645,2637,2658
482,2602,484
2602,2647,484
2647,2602,2888
2888,2602,2603
2602,2583,2603
2516,471,469
471,477,469
477,471,475
471,2516,2524
2571,2619,2570
451,2672,2673
2672,453,2671
2672,451,453
445,2664,448
2664,445,2510
2520,2518,2510
2546,2534,2578
2534,2546,2556
2546,2578,2533
2719,521,519
2719,2763,521
528,2807,531
2807,2698,2779
2698,2807,2696
2807,526,2696
2807,528,526
2778,2698,2696
2763,2778,2696
2778,2763,2777
2784,2778,2777
2778,2784,2780
2779,2811,2772
2698,2811,2779
2811,2778,2780
2778,2811,2698
2773,2771,2779
547,2919,545
549,547,551
2846,2857,2858
2857,2846,549
2846,547,549
543,541,545
2911,2917,539
535,2917,2912
2917,2911,2912
2979,2978,2933
2978,2940,2933
2963,2978,2979
2967,2926,2940
2978,2967,2940
2967,525,527
2926,2967,527
2967,2978,2963
2967,523,525
2967,2963,2966
523,2967,2966
2921,2908,2865
2993,2921,2937
2783,2781,2772
2811,2783,2772
2783,2811,2780
2862,3007,2937
2853,2961,2856
2902,2853,2856
2904,2939,2938
2904,2906,2907
2939,2904,2907
2905,2860,2920
515,511,518
511,515,513
515,2923,513
2923,515,2907
515,2942,2907
2855,2923,2906
2923,2855,511
2855,2906,2856
2854,2855,2856
2855,2854,509
511,2855,509
393,2320,395
2318,2320,393
2369,2345,2344
2345,2341,2344
2341,2342,2344
2356,2358,2351
400,402,2404
402,394,404
2392,2394,2404
400,2394,399
2394,400,2404
2364,2362,394
2362,2364,2357
2363,2362,2357
2362,2363,2354
2439,2461,428
2345,2389,2388
2391,2410,412
2432,421,2426
421,2432,423
2425,2432,2426
2432,2425,2430
2432,2430,2440
2430,2441,2440
2470,2474,2473
2474,2478,2473
2512,2555,2553
442,2512,440
2555,2512,442
2761,2534,2479
443,445,441
443,2504,445
2480,443,441
443,2480,2503
2504,443,2503
2678,2680,2730
457,455,461
455,2722,2671
457,2722,455
2722,457,2721
446,2560,444
3289,3274,3295
3274,3289,3290
3257,671,669
3288,3286,3303
3304,3286,3277
3286,3304,3303
655,3273,3271
3273,655,657
662,660,664
660,662,3280
662,664,3279
3280,662,3279
673,3284,675
3283,3284,3285
3284,3283,3293
3284,676,675
676,3284,3293
3275,673,671
3257,3275,671
3284,3275,3285
3275,3284,673
3275,3274,3285
3275,3257,3274
1411,1341,1522
1341,1411,1344
1341,1366,1522
1366,1341,1343
1343,1341,1323
1341,1344,1323
1337,1547,47
1547,1163,47
1547,1337,1351
1273,1171,1164
917,964,61
890,917,979
964,917,890
998,60,56
57,60,61
56,60,57
60,917,61
917,60,998
990,873,1003
842,850,865
871,842,865
980,1010,978
1010,1082,1021
1010,980,1082
862,864,52
864,54,52
863,888,865
863,862,889
964,863,889
888,863,964
784,850,783
765,784,783
784,765,708
784,708,741
849,784,741
1524,1726,1525
1520,1524,1525
1413,1524,1520
1524,1565,1726
1524,1413,1415
1565,1524,1415
1518,1546,1170
1546,1529,1445
1546,1518,1517
1546,1517,1567
1529,1546,1567
1166,1345,1170
1546,1166,1170
1345,1166,1097
1165,1166,1445
1166,1546,1445
86,88,1675
88,1673,1675
1673,88,1636
1636,88,90
90,88,84
88,86,84
1407,1422,1633
1422,1407,1419
1340,1338,1633
1340,1605,1451
1338,1340,1451
1606,1461,1653
1606,1653,1654
1606,1654,1630
1605,1606,1630
1241,997,979
917,1241,979
1241,917,998
1241,1164,999
1241,998,1164
997,996,1167
996,1241,999
1241,996,997
996,999,1044
1345,996,1044
1167,996,1097
996,1345,1097
997,963,979
963,997,980
963,980,962
890,963,962
963,890,979
1237,1136,1058
1058,1136,1137
1136,1240,1137
1240,1136,1239
1136,1237,1239
1408,1444,1419
1420,1444,1408
1099,1232,1440
1440,1232,1406
1232,1420,1406
1232,1165,1445
1420,1232,1445
1098,1080,1043
1098,1099,1080
1097,1098,1043
1232,1098,1165
1098,1232,1099
1166,1098,1097
1098,1166,1165
1014,974,981
974,1014,1016
1103,95,93
95,97,101
885,1023,1217
932,1015,961
87,932,857
932,961,857
932,87,85
933,932,85
1015,932,1016
932,933,1016
157,972,155
972,153,155
960,1107,1108
1107,1139,1108
1139,1107,1375
145,954,973
145,147,954
143,145,973
147,145,143
1398,1397,1391
1398,1586,1584
1564,1457,1624
1564,1625,1404
1457,1564,1404
1450,1385,1577
1397,1594,1624
1594,1593,1624
1593,1594,1584
1594,1398,1584
1398,1594,1397
1466,1379,1311
1396,1379,1466
1379,1215,1311
1303,1198,1199
1198,1303,1302
1303,1089,1302
1089,1303,1127
1115,1257,135
1257,1115,1116
135,1257,133
1319,1257,1116
1257,1258,133
1257,1319,1258
1259,1319,1116
1117,1032,1037
1032,1117,1116
1117,1259,1116
1007,1032,918
1007,918,894
1288,1007,894
1032,1007,1037
822,896,835
1087,887,806
836,887,892
896,887,836
887,822,806
822,887,896
892,887,891
887,1087,891
1750,902,953
1750,960,1481
902,881,1642
1642,881,835
881,1750,1481
1750,881,902
880,881,1481
1330,1034,1033
1096,1330,1033
1034,1330,973
1330,1096,141
1330,143,973
1330,141,143
1381,1206,1159
1381,1153,1206
1381,1161,1152
1161,1381,1159
1158,1381,1152
1153,1381,1158
1460,1465,1434
1433,1460,1434
1460,1433,1459
111,116,113
116,111,118
1583,116,118
116,1585,113
116,1583,1515
1585,116,1515
1390,1412,1586
1390,1398,1391
1398,1390,1586
1390,1391,1253
1412,1390,1396
1542,1543,1532
1543,1542,1664
1541,1542,1532
1542,1649,1664
1649,1542,1541
1543,102,104
102,1664,100
102,1543,1664
1256,1385,1254
1391,1256,1253
1256,1210,1253
1210,1256,1254
1209,1210,1254
1210,1209,1161
869,1304,1183
136,134,700
700,709,710
711,709,700
129,127,702
726,127,125
725,726,125
127,726,702
742,726,725
702,726,743
726,742,743
701,712,711
701,711,700
712,701,702
701,134,132
134,701,700
129,701,132
701,129,702
866,869,1183
866,847,846
869,866,846
825,848,743
847,848,825
731,738,794
738,731,710
811,803,794
738,811,794
811,738,812
803,811,928
1118,818,988
1018,818,1017
1119,1018,1124
1302,1119,1124
818,1119,988
1119,818,1018
1119,1089,988
1089,1119,1302
1296,1200,1535
1296,1535,1199
1198,1296,1199
1296,1198,1149
1201,1148,1073
1148,1149,1073
1148,1296,1149
1296,1148,1200
739,707,144
727,140,138
140,727,142
3014,577,580
3045,3014,580
3014,3018,577
3014,3045,3019
3065,3083,3063
3083,3065,3081
2767,2766,2752
2766,2751,2752
2766,2932,2751
2932,2766,2840
2766,2767,2840
2849,2874,2848
559,561,555
561,553,555
553,561,563
561,2960,563
561,559,2987
2960,561,2987
2985,3024,2987
3024,2985,2946
2850,2936,555
2936,2850,2873
2936,557,555
2847,2767,2776
2875,2847,2776
2767,2847,2840
2847,2841,2840
2847,2850,2841
2847,2875,2850
3042,3021,593
593,3021,595
3021,3039,595
3039,3021,3040
3043,3042,3030
3031,3043,3030
2900,2889,2897
2900,2890,2889
2928,2874,2930
3024,2947,2989
2947,3024,2946
2947,2929,2948
2928,2947,2946
2947,2928,2929
2962,560,562
2994,2962,562
2962,2994,2957
2951,2962,2957
2994,2958,2957
2958,2924,2957
2970,564,566
2970,2994,564
2973,2970,566
2958,2970,2973
2970,2958,2994
2995,2988,3008
2924,2925,2897
2925,2924,2948
2929,2925,2948
2925,2900,2897
2900,2925,2929
2881,2880,2858
2890,2881,2889
2881,2890,2880
2899,2951,2889
2881,2899,2889
572,573,3012
572,2980,570
2980,572,3012
568,572,570
573,572,568
2971,2973,570
2980,2971,570
2971,2980,2981
2973,2971,2969
2971,2981,2969
2980,3003,2981
2981,3003,3005
3003,3010,3005
3025,2995,2996
3025,3024,2989
3025,2986,3024
2981,3006,2969
3004,3006,2981
3141,3077,3061
3141,3066,3064
3077,3141,3064
546,544,2751
544,2743,2751
544,542,2743
2986,2949,2960
2949,2996,565
2949,3025,2996
3025,2949,2986
2949,565,563
2960,2949,563
3009,3000,2983
2984,3009,2983
3010,3009,3005
3009,2984,3005
3002,3001,2998
3001,2997,2998
2997,3001,579
579,3001,581
3001,3002,581
2997,2976,2974
2976,3080,2974
3080,2976,574
2976,576,574
576,578,579
578,2997,579
2976,578,576
578,2976,2997
3028,583,3002
583,3028,585
3028,3031,585
3103,3084,3100
3120,3103,3100
3103,3120,3112
3084,3099,3083
3099,3089,3063
3083,3099,3063
3103,3099,3084
3099,3103,3112
3087,3099,3112
3099,3087,3089
3148,3129,3118
3128,3129,3108
3128,3107,3118
3129,3128,3118
3129,3143,3108
625,623,627
3194,625,627
623,3178,621
625,3178,623
3178,625,3194
3182,3174,3160
3182,3294,3145
3168,3158,3169
3158,3168,3160
3294,3168,3193
3168,3182,3160
3182,3168,3294
3153,3140,3156
3140,3150,3156
3140,3153,3130
3150,3144,3186
3143,3144,3108
3116,3128,3108
3144,3116,3108
3116,3144,3150
3177,3178,3169
3178,3177,621
3201,613,615
3184,3185,3166
617,3185,615
3185,617,3202
3185,3201,615
3201,3185,3184
3175,3155,3156
3153,3155,3154
3155,3153,3156
3159,3175,3166
3159,3155,3175
598,600,3136
598,3101,596
3101,598,3136
600,602,3137
604,602,613
612,604,613
3201,612,613
3142,3148,3126
3137,3142,3126
602,3142,3137
3142,602,604
612,606,604
606,612,610
606,3142,604
3142,606,3148
3046,603,601
3047,3046,601
3046,3047,3048
3053,3046,3048
605,3046,3053
3046,605,603
1369,1399,1371
1370,1349,1477
1509,1370,1477
1349,1370,1347
1781,1674,1782
1849,1674,1781
1674,1509,1782
1509,1674,1644
1674,1849,1801
212,1834,1801
1834,1719,1801
1850,210,212
1850,212,1801
1849,1850,1801
1850,1849,1878
1850,1878,209
210,1850,209
264,2044,2020
1672,1417,1580
1672,1671,1417
1672,1580,1692
1693,1672,1692
1671,1672,1693
380,2252,383
2252,380,2251
2252,2305,383
2252,2253,2305
2252,2251,2250
2253,2252,2250
2352,2340,2360
2352,381,385
2352,2360,381
2340,2352,2400
387,2352,385
2352,387,2400
2359,2332,2336
2332,2325,2336
2353,2330,2335
2331,2330,2353
2330,2331,2326
2302,2286,2285
2286,2300,2282
2283,2286,2282
2285,2286,2283
2323,2331,2321
2331,2323,2326
2337,2328,2351
2351,2350,2357
2328,2350,2351
2328,2327,2310
2337,2327,2328
2324,2327,2338
2327,2337,2338
2370,2324,2366
2308,2323,2321
2323,2308,2302
2275,2259,2433
2274,2259,2275
2259,2245,2433
2245,2259,2221
2259,2256,2221
2272,2290,2273
2272,2274,2290
2256,2272,2273
2259,2272,2256
2272,2259,2274
2227,2244,2264
2244,2227,2243
2077,2040,2076
2040,2078,2076
2078,2040,2075
2009,2035,1968
1967,2009,1968
2165,2009,2003
2009,2165,2035
2035,2036,1968
317,315,1975
315,317,310
317,319,308
310,317,308
315,1900,1975
1900,315,313
2011,2017,1975
2158,2150,2152
332,1982,334
1982,1965,1968
1965,1967,1968
1965,332,329
332,1965,1982
1993,2021,2034
2005,1967,1966
2009,2005,2003
2005,2009,1967
1993,1994,1966
1994,2005,1966
2005,1994,2091
2091,1994,2002
1994,2088,2002
2088,1994,1993
1967,1964,1966
1965,1964,1967
1815,1816,1817
1735,1711,1710
1762,1742,1740
1742,1762,1827
1768,1769,1699
1697,1713,1710
1712,1697,1699
1769,1712,1699
1742,1741,1740
1741,1679,1740
1802,1737,1772
1475,1447,1473
1668,1754,1751
1668,1475,1473
1475,1668,1724
1669,1668,1473
1754,1668,1669
1764,1771,1766
1771,1764,1837
1755,1668,1751
1668,1755,1724
1755,1770,1772
1737,1755,1772
1755,1737,1724
1795,1837,1817
1794,1795,1817
1795,1802,1772
1760,1738,1802
1795,1760,1802
1760,1795,1794
1738,1760,1739
1760,1794,1739
2143,328,330
2143,2142,328
2143,330,331
2142,2148,328
2076,2084,2079
2078,2089,2093
2089,2078,2075
2089,2075,2002
2090,2089,2002
1901,310,308
119,792,121
119,117,884
792,119,884
114,945,115
114,115,110
112,114,110
114,112,1042
945,114,1042
885,1056,886
1054,1056,1131
886,1056,1054
1056,885,1217
1157,1056,1217
1056,1157,1131
103,885,886
105,103,886
103,95,101
95,103,93
829,826,793
826,829,840
826,742,793
742,826,825
825,826,846
826,840,846
1304,1305,1183
1305,1147,1183
1147,1305,1402
1160,1140,1152
1140,1160,1297
1140,1297,1142
1140,1156,1152
1156,1140,1142
1210,1313,1253
1215,1313,1159
1313,1161,1159
1313,1210,1161
1197,1141,1157
1197,1193,1154
1141,1197,1154
698,704,705
704,718,720
705,704,720
718,704,713
704,698,713
724,154,152
154,724,697
827,169,167
169,173,167
169,171,173
169,813,171
813,169,827
787,782,795
787,798,782
1191,1190,1299
1191,1179,1190
773,730,775
162,773,775
730,773,729
773,160,815
773,162,160
703,773,815
773,703,729
698,714,713
714,716,713
806,780,790
780,779,790
747,820,746
747,744,719
1298,1283,1299
1235,1283,1236
1139,1393,1190
1190,1393,1299
1393,1298,1299
1298,1393,1383
1336,1331,1310
1331,1279,1310
1476,1702,1718
1279,1205,1184
1184,1205,1185
1205,1202,1185
1205,1331,1202
1331,1205,1279
1472,1446,1471
1446,1475,1471
1475,1446,1447
1446,1395,1447
1549,1551,235
239,241,243
241,239,1733
241,1607,243
1607,241,1733
245,239,243
821,905,904
905,821,900
810,821,193
821,810,900
1752,1751,1745
1744,1752,1745
1757,1752,1744
1887,1747,1791
1747,1786,1791
1786,1747,1775
1746,1747,1887
1775,1747,1746
1211,1262,1479
1211,1263,1188
1226,1480,1482
1226,1503,1227
1226,1482,1503
1071,1226,1227
1480,1068,1070
1025,1068,1024
1068,1025,1070
1068,1071,1024
1068,1226,1071
1226,1068,1480
950,951,949
949,951,1151
951,1235,1151
854,769,874
768,769,854
938,939,955
955,939,1150
939,949,1150
942,984,995
984,942,941
983,984,875
984,983,995
984,852,875
852,984,941
986,983,875
985,986,875
986,992,983
986,985,992
985,994,992
994,1000,992
994,989,993
994,985,989
1001,994,993
1000,994,1001
1563,1079,1835
1185,1563,1052
1563,1835,1052
1203,1563,1185
1079,1563,1203
2700,498,496
2717,2700,496
2718,2700,2717
2718,2729,2727
2729,2718,2728
2699,2718,2727
2702,2699,2727
2699,2702,500
2699,500,498
2700,2699,498
2699,2700,2718
2725,2702,2737
2702,2725,504
512,510,2695
508,510,512
514,516,506
508,514,506
514,508,512
2941,2693,2695
2941,2649,2694
2649,2725,2694
2649,510,508
2649,2941,2695
510,2649,2695
2703,2887,3026
2703,2941,2694
2703,2693,2941
2887,2884,2758
2884,2748,2758
2884,2703,2694
2703,2884,2887
2748,2884,2737
2884,2725,2737
2725,2884,2694
2833,2896,2739
2896,2787,2739
2833,2895,2896
2878,2853,2902
2812,2887,2803
2812,2813,2935
2812,2803,2801
2813,2812,2801
2808,2740,2806
2740,2808,2886
2805,2808,2806
2808,2802,2886
2802,2808,2805
2731,2732,2741
2733,2731,2741
2800,495,497
2798,495,2800
2804,2798,2806
2742,2740,2732
2614,2689,2612
2584,2614,2604
2586,2614,2584
2614,2586,2689
2617,2614,2612
2604,2614,2617
2701,466,468
2626,2654,2636
2657,2645,2658
2657,2646,2645
2643,2646,2661
2643,2633,2646
2633,2643,2632
2641,2643,2661
2643,2641,2632
2616,2620,2612
2620,2615,2612
2615,2620,2645
2620,2637,2645
2659,478,2658
2637,2659,2658
2659,476,478
476,474,485
478,479,2658
481,479,478
481,483,2691
483,476,485
476,483,478
483,481,478
2516,2526,2524
2526,2516,469
2582,2602,482
2602,2585,2583
2582,2585,2602
2577,477,475
2586,2577,2576
2585,2577,2583
2577,2584,2583
2577,2586,2584
2525,471,2524
2551,2525,2524
2689,2559,2570
2559,2551,2569
2559,2571,2570
2571,2559,2569
2619,2644,2623
2571,2644,2619
2674,2680,2678
2681,2561,2560
446,2681,2560
2681,446,447
2681,447,2673
2536,2537,2592
2536,2613,456
2613,2536,2592
2537,2519,2591
2519,2518,2591
2519,2664,2510
2518,2519,2510
2546,2517,2556
2517,2546,2520
2556,2517,2503
2503,2517,2510
2517,2520,2510
2518,2548,2591
2590,2610,2609
2610,2590,2574
2763,2762,2777
2719,2762,2763
2762,2787,2777
2787,2762,2739
2807,2697,531
2697,2807,2779
2771,2697,2779
531,2697,533
2697,2771,533
2746,2753,2745
2746,2789,2753
538,2746,2745
2789,2788,2820
2788,2781,2794
2820,2788,2794
2788,2789,2773
2917,537,539
537,2917,535
537,541,539
537,535,541
543,2839,541
2911,2869,2893
2893,2869,2885
2869,2867,2885
2869,2836,2867
2921,2922,2908
2922,2921,2993
2908,2922,2910
2910,2922,2933
2922,2993,2933
2866,2871,2865
2871,2921,2865
2904,2903,2906
2903,2904,2905
2903,2905,2902
2906,2903,2856
2903,2902,2856
2904,2945,2905
2945,2860,2905
2945,2904,2938
517,515,518
515,517,2942
517,518,2968
2942,517,2968
2345,2349,2341
2341,2349,401
2349,403,401
403,2349,405
2349,2388,405
2349,2345,2388
2342,2343,2344
2343,2346,2344
2346,2343,2366
2343,2370,2366
2370,2343,2317
2343,2319,2317
2319,2343,2342
2320,2319,395
398,2341,401
398,2342,2341
398,2319,2342
2392,2371,2356
2371,2358,2356
2371,2392,2404
2371,2372,2358
2364,396,2392
396,2394,2392
2394,396,399
396,2364,394
396,400,399
402,396,394
396,402,400
2362,392,394
392,2354,390
392,2362,2354
419,423,418
419,421,423
421,419,2426
425,2439,428
2439,425,423
423,425,418
416,2423,418
425,416,418
2410,414,412
416,414,2423
2418,414,2410
414,2418,2423
2425,2421,2422
2421,2418,2422
2418,2421,2423
2421,2425,2426
2425,2431,2430
2441,2431,2515
2431,2441,2430
2431,2425,2422
2442,2432,2440
2439,2442,2461
2442,2439,423
2432,2442,423
2530,2531,2527
2471,2472,2457
2471,2474,2470
2472,2471,2470
2513,2496,2494
2464,2428,2447
2428,2464,2453
2463,2467,2462
2454,2463,2462
429,2463,427
2463,429,2467
2463,426,427
426,2463,2454
2478,2487,2479
2487,2761,2479
2474,2487,2478
2680,2723,2730
463,2723,461
459,457,461
457,459,2721
2723,459,461
459,2680,2721
459,2723,2680
3287,3286,3288
3287,3288,3290
3289,3287,3290
3262,3287,3289
3286,3287,3277
3287,3262,3277
3268,655,3271
655,3268,653
3265,3266,3256
3274,3259,3295
3257,3259,3274
3259,3250,3295
3250,3259,3226
3098,620,618
620,3098,3094
3095,620,3094
620,3095,622
3294,3176,3145
3176,3294,3193
642,3232,640
3245,3241,3247
1162,1164,53
1162,1273,1164
49,1162,53
1163,1162,49
1547,1272,1163
1272,1162,1163
1162,1272,1273
1415,1272,1351
1272,1547,1351
1171,1368,1169
1273,1368,1171
1169,1368,1414
1368,1413,1414
1272,1368,1273
1413,1368,1415
1368,1272,1415
965,978,1003
873,965,1003
978,965,962
965,873,871
965,888,962
888,965,865
965,871,865
873,843,871
843,873,990
843,990,1002
872,843,1002
850,832,783
842,832,850
783,832,764
1010,1011,978
1011,1045,1003
978,1011,1003
1045,1011,1022
1011,1021,1022
1011,1010,1021
864,757,54
757,864,849
54,757,55
757,741,55
757,849,741
864,851,849
851,864,862
863,851,862
784,851,850
851,784,849
850,851,865
851,863,865
1418,1422,1419
1422,1418,1461
1452,1422,1461
1606,1452,1461
1422,1452,1633
1452,1340,1633
1340,1452,1605
1452,1606,1605
67,1531,1540
69,1531,67
1444,1421,1419
1421,1418,1419
1418,1421,1437
1528,1444,1420
1529,1528,1445
1528,1420,1445
970,915,1367
970,80,915
80,970,82
970,1072,82
1072,975,931
975,933,931
970,975,1072
933,975,1016
975,974,1016
976,982,981
974,976,981
971,976,1367
982,976,971
976,970,1367
975,976,974
976,975,970
97,99,101
791,1023,885
791,103,101
103,791,885
99,791,101
791,99,1023
1095,95,1103
95,1095,97
1113,1095,1103
1750,957,960
153,957,958
972,957,153
958,957,953
957,1750,953
1107,1376,1375
1376,972,157
1375,1376,1492
1376,159,1492
1376,157,159
749,748,802
744,745,723
749,745,748
748,745,746
723,745,750
745,749,750
745,747,746
747,745,744
1593,1650,1624
1650,1564,1624
1650,1593,1554
1564,1650,1625
1650,1554,1534
1625,1650,1534
1403,1457,1404
1200,1403,1404
1457,1403,1577
1403,1450,1577
1148,1403,1200
1403,1148,1201
1403,1201,1402
1450,1403,1402
1385,1384,1254
1450,1384,1385
1384,1450,1402
1384,1209,1254
1255,1379,1396
1255,1390,1253
1390,1255,1396
1379,1255,1215
1313,1255,1253
1255,1313,1215
1128,1125,1127
1036,1125,1037
1007,1036,1037
1036,1007,1288
1089,987,988
987,1089,807
808,987,807
987,1118,988
987,808,1118
1319,1295,1266
1259,1295,1319
1295,1487,1266
1487,1295,1423
822,805,806
805,780,806
780,805,820
820,805,746
819,748,746
805,819,746
819,805,822
748,819,802
1458,1459,1552
1458,1460,1459
1449,1256,1391
1256,1449,1385
1397,1449,1391
1449,1397,1577
1385,1449,1577
1208,1160,1161
1209,1208,1161
1160,1208,1251
1208,1304,1251
870,1183,1075
870,866,1183
866,870,847
743,868,756
848,868,743
709,737,710
737,738,710
737,709,711
816,811,812
816,818,1118
818,816,812
816,1118,928
811,816,928
707,146,144
148,146,706
146,707,706
828,707,739
828,739,732
740,828,732
3018,3015,3011
3014,3015,3018
3015,3014,3019
3035,3036,3019
3056,3065,3063
3064,3056,3063
3066,3056,3064
3056,3066,3037
3034,3056,3037
3028,3029,3031
3034,3029,3032
3029,2999,3032
2999,3029,3002
3029,3028,3002
3054,3023,3032
2999,3054,3032
3054,2999,3000
2874,2883,2930
2883,2874,2849
2882,2883,2849
2985,2872,2946
2872,2985,2873
2872,2928,2946
2928,2872,2874
2872,2873,2848
2874,2872,2848
2867,2824,2864
2955,2985,2987
559,2955,2987
557,2955,559
2936,2955,557
2985,2955,2873
2955,2936,2873
3033,3043,3031
3029,3033,3031
3038,3033,3037
3033,3038,3043
3033,3034,3037
3033,3029,3034
2898,2900,2929
2898,2928,2930
2928,2898,2929
2890,2898,2930
2900,2898,2890
2952,558,560
2962,2952,560
2952,2962,2951
2899,2952,2951
2952,2899,2901
558,2952,556
2952,2901,556
2958,2959,2924
2972,2959,2969
2924,2959,2972
2959,2973,2969
2959,2958,2973
2947,2990,2989
2990,2947,2948
2972,2990,2948
2988,2990,2972
2899,2891,2901
2891,2899,2881
2891,2881,2858
2857,2891,2858
2891,2857,2901
2992,2988,2995
3025,2992,2995
2992,3025,2989
2990,2992,2989
2992,2990,2988
2991,3004,3008
2991,3006,3004
2988,2991,3008
2991,2988,2972
2991,2972,2969
3006,2991,2969
3066,3078,3037
3078,3038,3037
3141,3078,3066
3038,3078,3040
3078,3061,3040
3078,3141,3061
3043,3062,3042
3038,3062,3043
3062,3038,3040
3021,3062,3040
3062,3021,3042
3149,3129,3148
606,3149,3148
3143,3149,3170
3149,3143,3129
3178,3179,3169
3179,3168,3169
3168,3179,3193
3179,3178,3194
3119,3131,3130
3131,3140,3130
3140,3131,3139
3131,3075,3139
3075,3131,3119
3116,3105,3128
3073,3105,3072
3105,3073,3104
3107,3105,3104
3128,3105,3107
3117,3116,3150
3117,3140,3139
3140,3117,3150
3177,619,621
617,619,3202
621,619,629
3185,3180,3166
3180,3185,3202
619,3180,3202
3180,619,3177
3171,3143,3170
3171,3144,3143
3144,3171,3186
3171,3184,3186
3171,3201,3184
3159,3157,3155
3155,3157,3154
3157,3158,3160
3157,3159,3158
3157,3174,3154
3174,3157,3160
3123,3095,3152
3182,3134,3174
226,224,228
224,226,1601
1561,1369,1615
1561,215,219
1369,1561,1399
1399,1561,1562
1616,1615,1644
1616,214,215
1616,1561,1615
1561,1616,215
1510,1509,1644
1510,1370,1509
1615,1510,1644
1369,1510,1615
1370,1510,1347
1347,1510,1371
1510,1369,1371
1719,1643,1801
1643,1674,1801
1643,1719,217
214,1643,217
1674,1643,1644
1643,1616,1644
1616,1643,214
216,1834,212
1834,216,221
210,216,212
216,210,209
221,216,209
220,1834,221
1719,220,217
1834,220,1719
220,224,217
2051,264,2020
1676,1652,228
1652,1676,1683
1763,1767,1749
1767,1765,1749
1767,1777,1765
2332,2339,2326
2339,2330,2326
2330,2339,2335
2360,2339,2361
2339,2360,2335
2339,2359,2361
2339,2332,2359
2303,2302,2289
2303,2323,2302
2303,2289,2292
2325,2303,2292
2368,2346,2347
2382,2381,2406
2358,2374,2351
2374,2337,2351
2337,2374,2338
2386,2363,2357
2350,2386,2357
2327,2311,2310
2311,2327,2324
2315,2313,2300
2315,2333,2313
2315,2318,2333
2309,2301,2307
2286,2301,2300
2301,2315,2300
2315,2301,2309
2314,2320,2318
2315,2314,2318
2314,2315,2309
2319,2314,2317
2314,2319,2320
2312,2308,2321
2311,2312,2310
2312,2311,2307
2262,2260,2266
2260,2262,2247
2269,2260,2247
2207,2213,2215
2213,2207,2209
2213,2236,2215
2236,2213,2238
2248,2236,2238
2236,2239,2215
2239,2227,2215
2239,2240,2243
2227,2239,2243
2004,2091,2075
2040,2004,2075
2005,2004,2003
2004,2005,2091
2008,2165,2003
2165,2008,2111
2004,2008,2003
2008,2004,2040
1983,1982,1968
2036,1983,1968
1983,2036,1987
1983,1987,334
1982,1983,334
2164,2036,2035
349,2061,351
2061,2187,351
335,2141,2136
2141,335,337
2016,2011,2015
2016,2074,2034
2011,2016,2017
2021,2016,2034
2016,2021,2017
2012,2011,1975
2012,1954,2053
2011,2012,2015
2157,2158,2152
2170,2157,359
2157,2152,359
2180,2157,2170
2021,1958,2017
317,1958,319
2017,1958,1975
1958,317,1975
1969,2021,1993
1969,1993,1966
1964,1969,1966
327,1965,329
327,1964,1965
1964,327,325
327,329,319
325,327,319
2092,2090,2172
2092,2124,2093
2089,2092,2093
2092,2089,2090
2124,2131,2093
2128,2131,2160
1865,1815,1817
1815,1865,1841
1841,1865,1765
1837,1865,1817
1865,1764,1765
1764,1865,1837
1829,1815,1841
1823,1829,1840
1829,1823,1798
269,1731,271
1735,1790,1711
1780,1741,1742
1779,1780,1827
1780,1742,1827
1823,1796,1798
1796,1823,1821
1709,1713,1697
1712,1709,1697
1709,1712,1855
1694,1698,1699
1698,1768,1699
1698,1780,1768
1780,1698,1741
1741,1680,1679
1793,1737,1802
1793,1738,1688
1738,1793,1802
1737,1658,1724
1475,1658,1471
1658,1475,1724
1773,1771,1837
1771,1773,1770
1770,1773,1772
1773,1795,1772
1795,1773,1837
1912,1989,2065
1989,1912,1984
2143,2135,2142
2136,2135,331
2135,2143,331
326,2148,324
2148,326,328
335,326,324
326,335,328
2148,2159,324
2159,322,324
2127,2084,2128
2127,2159,2148
2127,2128,2160
2159,2127,2160
2084,2080,2128
2078,2080,2076
2080,2084,2076
1955,1901,1954
2012,1955,1954
1955,1900,313
1900,1955,1975
1955,2012,1975
310,1955,313
1901,1955,310
304,1963,306
1963,1909,306
1909,1901,308
306,1909,308
1901,1909,1954
1064,1297,1251
1057,1065,1042
1629,1065,1055
1065,1057,1055
945,1027,944
1027,945,1042
1065,1027,1042
1027,1065,1026
883,1027,1026
1027,883,944
883,884,944
883,829,884
1401,1305,1304
1208,1401,1304
1401,1208,1209
1384,1401,1209
1305,1401,1402
1401,1384,1402
1216,1218,1157
1218,1197,1157
1193,1218,1243
1197,1218,1193
724,695,697
695,724,694
695,698,697
695,694,698
150,724,152
760,736,814
736,813,814
173,736,715
171,736,173
813,736,171
734,735,715
736,734,715
734,736,760
735,734,759
759,758,770
734,758,759
758,734,760
834,814,855
834,760,814
814,838,855
838,861,855
813,838,814
838,813,827
772,721,750
721,772,795
1179,926,1190
1139,926,1108
926,1139,1190
914,1192,1006
914,1179,1191
1192,914,1191
696,694,706
694,696,698
696,714,698
747,753,820
753,780,820
753,747,719
779,753,752
780,753,779
753,716,752
716,753,719
1301,1283,1235
951,1301,1235
1301,1191,1299
1283,1301,1299
1286,1283,1298
1286,1285,1236
1283,1286,1236
1393,1783,1383
1783,1375,1492
1783,1139,1375
1783,1393,1139
1783,1382,1383
1382,1783,1492
1332,1331,1336
1333,1332,1348
1332,1336,1348
1267,1332,1333
1332,1267,1202
1331,1332,1202
1800,1717,1718
1702,1800,1718
1717,1800,1701
1701,1800,198
1800,196,198
1478,1476,1432
1478,1702,1476
1478,1432,1496
1687,1607,1733
1659,1687,1733
1474,1446,1472
1474,1551,1549
1474,1549,1405
239,1657,1733
1657,1659,1733
1659,1657,1472
1657,1474,1472
1474,1657,1551
245,237,239
237,245,247
1551,237,235
237,1657,239
1657,237,1551
197,904,201
197,821,904
821,197,193
208,197,206
197,201,206
1756,1752,1757
1771,1756,1766
1756,1771,1770
1756,1775,1766
1756,1757,1775
1260,1211,1479
1480,1260,1479
1260,1480,1070
1260,1070,1263
1211,1260,1263
1262,1261,1416
1211,1261,1262
1416,1261,1417
1417,1261,1212
1212,1261,1188
1261,1211,1188
769,909,874
909,938,874
909,939,938
861,797,855
797,860,855
797,861,798
787,797,798
796,797,787
797,796,860
939,937,949
937,950,949
937,909,940
909,937,939
2747,2748,2727
2729,2747,2727
2758,2747,2757
2748,2747,2758
2835,2733,2749
2733,2835,2728
2835,2729,2728
514,2690,516
2690,512,2695
2690,514,512
2649,2629,2725
504,2629,506
2725,2629,504
2629,508,506
2629,2649,508
2738,2703,3026
2703,2738,2693
2833,2738,3026
2693,2738,2739
2738,2833,2739
2786,2793,2791
2786,2792,2793
2784,2786,2791
2809,2787,2896
2786,2809,2792
2878,2876,2853
2961,2876,2844
2853,2876,2961
2876,2878,2818
2819,2876,2818
2876,2815,2844
2876,2819,2815
2877,2813,2818
2813,2877,2935
2878,2877,2818
2877,2913,2935
2814,2819,2818
2813,2814,2818
2814,2813,2801
2802,2814,2801
2819,2814,2816
2814,2802,2816
2887,2894,3026
2812,2894,2887
2894,2812,2935
2894,2833,3026
2894,2895,2833
2913,2894,2935
2894,2913,2895
2706,2712,2661
2712,2706,2732
2756,2731,2733
2731,2756,2732
2756,2712,2732
495,493,491
493,495,2798
493,2804,491
2804,493,2798
2707,483,485
483,2707,2691
487,2707,485
2707,487,2704
2704,2770,2705
2770,2804,2705
2804,2770,491
2646,2682,2661
2682,2706,2661
2742,2708,2705
2706,2708,2732
2708,2742,2732
2804,2769,2705
2769,2742,2705
2769,2804,2806
2740,2769,2806
2742,2769,2740
2720,2701,2636
2654,2720,2636
466,2720,465
2720,466,2701
2685,2678,2730
2685,2720,2654
2627,2626,2623
2627,2654,2626
2620,2624,2637
2624,2622,2625
2639,2638,472
474,2639,472
2684,2657,2658
479,2684,2658
2684,479,481
2684,481,2691
2540,2551,2524
2526,2540,2524
2551,2540,2569
2734,2564,2597
2669,2567,2596
480,2585,2582
477,480,482
480,2582,482
2577,2575,477
2575,2577,2585
2575,480,477
480,2575,2585
471,473,475
2525,473,471
2552,2559,2689
2552,2586,2576
2586,2552,2689
2559,2552,2551
2525,2552,2576
2552,2525,2551
2680,2679,2721
2674,2679,2680
2679,2674,2668
2679,2722,2721
2722,2676,2671
2679,2676,2722
2666,2676,2668
2676,2679,2668
2681,2607,2561
2601,2665,2553
2686,2676,2666
2667,2686,2666
2686,2667,2687
2686,2672,2671
2676,2686,2671
2532,2527,2523
2656,2655,2665
2538,2512,2553
2665,2538,2553
2655,2538,2665
2536,452,2537
458,452,456
458,460,450
452,458,450
2509,2519,2537
2509,452,450
452,2509,2537
2519,2509,2664
448,2509,450
2664,2509,448
2610,2598,2609
2598,2566,2609
2567,2598,2596
2598,2567,2566
2674,2735,2668
2735,2669,2668
2651,2669,2596
2651,2596,2653
2651,2666,2668
2669,2651,2668
2667,2651,2653
2651,2667,2666
2547,2518,2520
2547,2548,2518
2590,2550,2574
2548,2550,2591
2591,2550,2592
2550,2590,2592
2744,538,536
2744,2746,538
2744,536,533
2771,2744,533
2744,2771,2773
2789,2744,2773
2746,2744,2789
2782,2773,2772
2782,2788,2773
2781,2782,2772
2788,2782,2781
2837,2839,543
2919,2837,545
2837,543,545
2868,2911,539
2868,2869,2911
541,2868,539
2839,2868,541
2868,2839,2836
2869,2868,2836
2790,2783,2780
2790,2784,2791
2784,2790,2780
2843,2866,2781
2843,2871,2866
2783,2843,2781
2921,2870,2937
2871,2870,2921
2870,2862,2937
3007,2859,2938
2859,2945,2938
2862,2859,3007
2945,2859,2860
2859,2862,2793
2860,2859,2793
2319,397,395
398,397,2319
397,398,401
397,403,395
403,397,401
406,2395,404
2429,2399,413
2416,2399,2429
2395,2398,2377
2381,2379,2406
2376,2371,2404
2371,2376,2372
2376,2395,2377
2372,2376,2377
2417,2418,2410
2419,2417,2410
2417,2419,2403
2419,2390,2389
2391,2390,2410
2390,2419,2410
2388,2390,408
2389,2390,2388
2431,2438,2515
2438,2431,2422
2424,2421,2426
419,2424,2426
2424,419,418
2423,2424,418
2421,2424,2423
2442,2456,2461
2472,2456,2457
2495,2467,2494
2496,2495,2494
2451,2454,2462
2451,2446,2454
2464,2459,2453
2580,2531,2530
2578,2580,2533
2580,2530,2533
2461,2455,430
430,2455,432
2456,2455,2461
2455,2456,2472
2455,2470,432
2455,2472,2470
2471,2477,2474
2477,2487,2474
435,438,2511
2493,2513,2494
2467,2493,2494
429,2493,2467
415,2427,2429
417,2427,415
2427,2416,2429
2416,2427,2428
420,417,422
424,426,2454
424,2446,422
2446,424,2454
424,417,415
417,424,422
424,415,413
3262,3278,3277
3282,3280,3279
3263,3266,3265
3280,3263,3271
3282,3263,3280
3263,3282,3266
3263,3268,3271
3268,3263,3265
3264,3265,3256
3267,3268,3265
3264,3267,3265
3267,3264,3258
3268,3267,653
665,663,3226
663,3250,3226
667,665,3226
3259,667,3226
667,3257,669
667,3259,3257
3250,3308,3295
3291,3251,3249
3251,3291,3248
3164,636,634
3161,3164,634
3164,3161,3147
3162,3164,3147
3146,3213,3172
3146,3176,3213
3176,3146,3145
3135,3272,3147
3146,3135,3145
3135,3146,3272
3179,3192,3193
3192,3179,3194
3176,3198,3213
3198,3192,3199
3198,3176,3193
3192,3198,3193
3229,3231,3248
3231,3229,3223
3231,3223,3220
3253,3231,3220
3237,3238,3239
3232,3238,3240
3241,3246,3247
3266,3246,3256
3246,3241,3256
3243,3245,3244
3243,3241,3245
3241,3243,3239
3237,3243,3244
3243,3237,3239
3195,3197,3221
3197,3212,3221
3219,3232,3240
3232,3219,640
844,842,871
843,844,871
844,843,872
1418,1462,1461
79,1462,77
1461,1462,79
1530,1566,1540
1531,1530,1540
1421,1435,1437
1437,1435,73
1435,71,73
1528,1436,1444
1436,1530,1531
927,99,97
1095,927,97
99,927,1023
1182,1113,1180
1182,1095,1113
1242,1182,1180
1086,957,972
1376,1086,972
1086,1376,1107
1086,1107,960
957,1086,960
1303,1275,1127
1275,1128,1127
1275,1303,1199
1425,1275,1199
1117,1146,1259
1146,1295,1259
1128,1146,1125
1125,1146,1037
1146,1117,1037
977,1036,1288
977,1288,891
1126,977,891
837,880,802
819,837,802
881,837,835
837,881,880
837,822,835
837,819,822
1590,1523,1552
1523,1458,1552
1523,1590,1572
1539,1523,1572
1465,1523,1539
1460,1523,1465
1458,1523,1460
991,1075,1073
1074,991,1073
991,1074,1282
934,991,1282
845,848,847
870,845,847
845,870,1075
991,845,1075
935,1018,1017
1018,935,1282
935,934,1282
868,936,756
936,711,756
936,737,711
936,935,1017
935,936,868
3045,3067,3019
3067,3035,3019
3067,3045,3082
3067,3051,3081
3067,3082,3051
3065,3067,3081
3035,3067,3065
3055,3035,3065
3056,3055,3065
3035,3055,3036
3055,3056,3034
2931,2883,2882
2890,2931,2880
2931,2890,2930
2883,2931,2930
2836,2831,2867
2831,2824,2867
2755,2767,2752
2775,2882,2849
2775,2849,2776
547,2838,2919
2846,2838,547
608,606,610
608,3149,606
608,610,3170
3149,608,3170
3105,3106,3072
3106,3105,3116
3117,3106,3116
3072,3106,3139
3106,3117,3139
3167,3159,3166
3180,3167,3166
3159,3167,3158
3158,3167,3169
3167,3177,3169
3167,3180,3177
3215,3171,3170
610,3215,3170
612,3215,610
3215,612,3201
3171,3215,3201
3123,3181,3125
3181,3134,3125
3134,3181,3174
3174,3181,3154
3181,3152,3154
3181,3123,3152
3132,3182,3145
3132,3134,3182
3135,3132,3145
3095,3096,622
1617,1561,219
1617,1601,1562
1561,1617,1562
214,222,215
215,222,219
224,222,217
222,214,217
222,1617,219
222,224,1601
1617,222,1601
264,266,2044
266,268,2044
1972,2226,1984
2226,2051,1984
1945,252,254
230,1676,228
224,230,228
1706,1707,1763
1746,1706,1749
1706,1763,1749
1706,1746,1887
1676,1691,1683
1691,1706,1887
1706,1691,1707
1748,1691,1887
1691,1748,1683
236,1708,234
1708,1707,234
1707,1708,1763
1851,1894,1777
1894,1841,1765
1777,1894,1765
1851,1852,2013
2323,2380,2326
2303,2380,2323
2380,2303,2325
2380,2332,2326
2332,2380,2325
2384,2347,2338
2384,2368,2347
2374,2384,2338
2346,2367,2369
2368,2367,2346
2367,2368,2381
2382,2367,2381
2387,2419,2389
2387,2345,2369
2387,2389,2345
2419,2412,2403
2387,2412,2419
2363,2334,2355
2386,2334,2363
2334,2353,2355
2331,2334,2321
2334,2331,2353
2322,2350,2328
2322,2386,2350
2322,2328,2310
2322,2334,2386
2334,2322,2321
2322,2312,2321
2312,2322,2310
2314,2316,2317
2316,2314,2309
2316,2370,2317
2316,2309,2307
2311,2316,2307
2370,2316,2324
2316,2311,2324
2301,2299,2307
2299,2312,2307
2312,2299,2308
2308,2299,2302
2299,2286,2302
2299,2301,2286
2185,2183,2203
354,2224,352
2167,2169,2166
2228,2207,2215
2228,2227,2264
2227,2228,2215
2216,2213,2209
2231,2248,2238
2231,2185,2203
2230,2231,2203
2231,2230,2248
2240,2241,2247
2241,2269,2247
2241,2230,2269
2230,2241,2248
2248,2235,2236
2235,2239,2236
2241,2235,2248
2239,2235,2240
2235,2241,2240
2039,2040,2077
2039,2008,2040
2039,2109,2111
2008,2039,2111
2165,2106,2035
2106,2164,2035
2106,2165,2111
2036,2097,1987
2164,2097,2036
345,347,336
347,2061,349
2061,347,2188
2169,2168,2166
2168,2169,2175
2161,2168,2175
2118,2125,2113
2125,2118,2234
358,361,2266
2163,2141,337
2125,2134,2140
2134,2125,2234
333,2136,331
333,335,2136
330,333,331
328,333,330
335,333,328
2242,2181,2074
2016,2242,2074
2242,2016,2015
2242,2015,2116
2181,2242,2116
1957,1958,2021
1962,304,302
304,1962,1963
1842,1829,1841
1894,1842,1841
1842,1894,1851
1842,1851,2013
1840,1842,2013
1829,1842,1840
1815,1799,1816
1829,1799,1815
1761,1799,1827
1799,1761,1816
1799,1779,1827
1779,1799,1798
1799,1829,1798
1731,1728,271
1728,273,271
260,258,1861
260,1790,262
1790,260,1861
258,260,269
258,257,1861
1734,1735,1710
1734,1866,1735
1729,1731,269
1903,1870,1898
1892,1893,2065
1893,1912,2065
1912,1893,1826
1892,1926,1898
1926,1925,1898
1926,1892,2065
1925,1915,1898
1828,1779,1798
1796,1828,1798
1780,1828,1768
1828,1780,1779
1911,1972,1984
1912,1911,1984
1972,1911,1913
1812,1908,1813
1836,1698,1694
1698,1836,1741
1836,1680,1741
253,1722,255
1722,257,255
1790,1784,1711
245,1581,247
1581,245,243
1619,251,249
1738,1681,1688
1793,1686,1737
1686,1658,1737
1686,1793,1688
277,279,1992
277,275,279
1989,2019,1995
1995,2019,2020
2019,2051,2020
2051,2019,1984
2019,1989,1984
1847,1810,1813
1847,1908,1914
1908,1847,1813
2007,2006,1992
2006,277,1992
277,2006,275
275,2006,272
2006,2007,272
2126,2135,2136
2126,2134,2234
2127,2081,2084
2084,2081,2079
2081,2148,2142
2081,2127,2148
2135,2081,2142
2196,2131,2128
2080,2196,2128
2131,2196,2093
2196,2078,2093
2196,2080,2078
1088,1064,1251
1304,1088,1251
869,1088,1304
1064,1207,1297
1297,1207,1142
1207,1130,1142
724,693,694
150,693,724
694,693,706
693,150,148
693,148,706
838,839,861
861,839,798
839,827,774
839,838,827
839,774,781
798,839,781
833,772,750
772,833,786
749,833,750
833,901,786
897,880,1481
897,960,1108
960,897,1481
751,696,706
707,751,706
828,751,707
1293,951,950
1293,1301,951
1293,1192,1191
1301,1293,1191
1300,1298,1383
1300,1286,1298
1286,1300,1285
1326,1300,1383
1285,1300,1326
196,1655,195
1800,1655,196
1655,1800,1702
1655,194,195
1448,1474,1405
1474,1448,1446
1395,1448,1405
1446,1448,1395
1753,1756,1770
1756,1753,1752
1752,1753,1751
1753,1755,1751
1755,1753,1770
1174,1293,950
1293,1174,1192
785,796,787
785,772,786
785,787,795
772,785,795
901,856,786
856,785,786
785,856,796
2760,2747,2729
2835,2760,2729
2760,2835,2749
2760,2749,2757
2747,2760,2757
2690,2736,516
516,2736,519
2736,2719,519
2736,2762,2719
2762,2736,2739
2693,2832,2695
2832,2690,2695
2832,2693,2739
2736,2832,2739
2832,2736,2690
2809,2950,2792
2895,2950,2896
2950,2809,2896
2785,2809,2786
2785,2784,2777
2785,2786,2784
2787,2785,2777
2809,2785,2787
2913,2944,2954
2877,2944,2913
2944,2877,2878
2954,2944,2902
2944,2878,2902
2640,2715,2714
2715,2726,2714
2715,2756,2733
2726,2715,2728
2715,2733,2728
2756,2817,2712
2817,2641,2661
2712,2817,2661
487,489,2704
489,2770,2704
2770,489,491
489,487,497
495,489,497
489,495,491
2657,2660,2646
2660,2682,2646
2660,2684,2691
2684,2660,2657
2683,2704,2705
2708,2683,2705
2683,2707,2704
2707,2683,2691
2682,2683,2706
2683,2708,2706
2683,2660,2691
2660,2683,2682
2713,2685,2730
2685,2713,2720
2723,2713,2730
2713,2723,463
2713,463,465
2720,2713,465
2685,2662,2678
2662,2685,2654
2627,2662,2654
2644,2662,2623
2662,2627,2623
2628,2659,2637
2624,2628,2637
2628,2624,2625
2638,2628,2625
2639,2628,2638
2621,2620,2616
2621,2624,2620
2688,2621,2616
2621,2688,2622
2624,2621,2622
2709,474,476
2709,2639,474
2659,2709,476
2628,2709,2659
2709,2628,2639
2540,2594,2569
2734,2594,2564
2543,2526,2541
2543,2540,2526
2594,2543,2564
2543,2594,2540
467,2526,469
2526,2563,2541
2724,2644,2571
2724,2662,2644
2567,2562,2566
2562,2565,2566
2564,2562,2597
2562,2567,2597
2562,2543,2541
2543,2562,2564
2599,2590,2609
2599,2613,2592
2590,2599,2592
473,2539,475
2539,473,2525
2539,2525,2576
2577,2539,2576
2539,2577,475
2607,2581,2687
2686,2581,2672
2581,2686,2687
2672,2581,2673
2581,2681,2673
2581,2607,2681
2692,2667,2653
2667,2692,2687
2554,2601,2553
2555,2554,2553
2554,2555,2560
2561,2554,2560
2521,2513,2511
2513,2521,2496
2496,2521,2523
2521,2532,2523
2529,2530,2527
2528,2532,2655
2656,2528,2655
2529,2528,2656
2532,2528,2527
2528,2529,2527
2538,2500,2512
438,2500,2511
2512,2500,440
2500,438,440
454,2536,456
452,454,456
454,452,2536
2613,2544,456
2544,458,456
458,2544,460
2598,2652,2596
2652,2598,2610
2596,2652,2653
2652,2610,2653
2546,2545,2520
2545,2547,2520
2545,2589,2547
2545,2546,2533
2550,2572,2574
2572,2550,2548
2790,2825,2783
2825,2843,2783
2843,2825,2871
2825,2790,2791
2870,2953,2862
2793,2953,2791
2862,2953,2793
2953,2825,2791
2953,2870,2871
2825,2953,2871
2415,2428,2453
2415,2416,2428
2416,2415,2414
2415,2408,2414
2413,2416,2414
2413,2399,2416
406,2397,2395
2397,2398,2395
2397,2413,2398
2405,2378,2377
2396,2413,2414
2413,2396,2398
2398,2396,2377
2396,2405,2377
2376,2393,2395
2393,402,404
2395,2393,404
402,2393,2404
2393,2376,2404
2418,2420,2422
2417,2420,2418
2420,2417,2403
2411,2420,2403
2390,410,408
410,2390,2391
408,410,412
410,2391,412
2438,2436,2515
2396,2409,2405
2408,2409,2414
2409,2396,2414
2467,2466,2462
2495,2466,2467
2549,2496,2523
2549,2495,2496
2449,2442,2440
2456,2449,2457
2449,2456,2442
2507,2580,2578
2534,2507,2578
2761,2507,2534
2580,2507,2531
2499,2493,433
2493,2499,2513
2513,2499,2511
2499,435,2511
435,2499,433
2493,431,433
431,2493,429
2445,2427,417
420,2445,417
2428,2445,2447
2427,2445,2428
2445,2448,2447
2445,2446,2448
2446,2445,422
2445,420,422
3261,3308,3249
3261,3262,3289
3261,3289,3295
3308,3261,3295
3252,3245,3247
3278,3252,3247
3252,3278,3262
3261,3252,3262
3276,3282,3279
3281,3276,3279
3276,3304,3277
3304,3276,3281
3242,3264,3256
3241,3242,3256
3242,3241,3239
3267,651,653
3254,3251,3248
3231,3254,3248
3254,3231,3253
3254,3253,3244
3245,3254,3244
3251,3254,3245
3272,3163,3147
3163,3162,3147
3162,3163,3172
3163,3146,3172
3146,3163,3272
3192,3200,3199
629,3200,627
3200,3194,627
3200,3192,3194
3198,3211,3213
3211,3198,3199
3208,3211,3199
3238,3236,3240
3236,3238,3237
3225,3236,3237
3228,3225,3237
3253,3228,3244
3228,3237,3244
3228,3253,3220
3276,3260,3282
3260,3278,3247
3246,3260,3247
3282,3260,3266
3260,3246,3266
3278,3260,3277
3260,3276,3277
3235,3238,3232
3235,3232,642
643,3235,642
3238,3235,3239
3235,3242,3239
3235,643,645
3222,3195,3221
3217,3222,3221
3222,3217,3225
3228,3222,3225
3195,3222,3220
3222,3228,3220
3212,3214,3172
3214,3212,3197
831,832,842
844,831,842
831,766,764
832,831,764
766,831,830
831,872,830
831,844,872
1648,1418,1437
1648,1462,1418
1648,1437,75
1648,75,77
1462,1648,77
1527,1528,1529
1527,1529,1567
1527,1436,1528
1436,1527,1530
1566,1527,1567
1530,1527,1566
1438,1435,1421
1438,1421,1444
1436,1438,1444
1438,1436,1531
1438,1531,69
71,1438,69
1435,1438,71
1431,1182,1242
1431,1242,1243
1218,1431,1243
1431,1218,1216
911,914,1006
856,911,1006
911,856,901
1295,1274,1423
1146,1274,1295
1274,1146,1128
1274,1425,1423
1274,1275,1425
1275,1274,1128
1089,1611,807
1611,1089,1127
1036,1123,1125
977,1123,1036
1125,1123,1127
1123,1611,1127
845,867,848
867,868,848
867,991,934
867,845,991
935,867,934
867,935,868
817,936,1017
936,817,737
818,817,1017
817,818,812
738,817,812
737,817,738
3054,3027,3023
3027,3016,3023
3027,3009,3010
3009,3027,3000
3027,3054,3000
3017,3016,3015
3036,3017,3019
3017,3015,3019
3023,3017,3036
3016,3017,3023
3003,3013,3010
3013,3027,3010
3027,3013,3016
3013,2980,3011
3013,3003,2980
3015,3013,3011
3016,3013,3015
3055,3041,3036
3023,3041,3032
3041,3023,3036
3041,3034,3032
3041,3055,3034
2824,2821,2864
2828,2831,2836
2839,2828,2836
2837,2828,2839
2828,2837,2919
2838,2828,2919
2831,2827,2824
2828,2827,2831
2767,2768,2776
2768,2775,2776
2755,2768,2767
2768,2755,2774
2775,2768,2774
2845,2838,2846
2845,2846,2858
2880,2845,2858
2851,2845,2880
2810,2775,2774
2775,2810,2882
2810,2852,2882
2810,2796,2826
2796,2810,2774
2879,2852,2851
2879,2851,2880
2931,2879,2880
2879,2931,2882
2852,2879,2882
3096,624,622
624,3096,626
628,624,626
622,624,634
3096,3122,626
3122,3123,3125
3123,3122,3095
3122,3096,3095
632,3161,634
3124,3132,3135
3134,3124,3125
3132,3124,3134
2007,2045,272
2045,270,272
2023,2045,2007
2051,263,264
1973,2226,1972
1973,254,256
1973,1945,254
1973,1972,1913
1945,1973,1913
261,259,256
259,1973,256
1973,259,2226
1867,1851,1777
242,1867,240
230,1690,1676
1690,1691,1676
1691,1690,1707
1707,1690,234
1767,1776,1777
1776,1767,1763
1708,1776,1763
238,1776,236
1776,1708,236
1776,1867,1777
1776,238,240
1867,1776,240
248,246,244
246,1852,244
1852,246,2013
2373,2384,2374
2373,2374,2358
2373,2379,2381
2372,2373,2358
2368,2373,2381
2384,2373,2368
2383,2367,2382
2412,2383,2382
2383,2412,2387
2367,2383,2369
2383,2387,2369
2385,2382,2406
2385,2412,2382
2190,2184,2192
2183,2202,2203
2232,2224,354
2232,2202,2224
2230,2232,2269
2232,2230,2203
2202,2232,2203
2229,2061,2188
2229,2194,2199
2237,2208,2199
2194,2237,2199
2155,2197,2156
2150,2155,2156
2158,2155,2150
2197,2214,2264
2214,2228,2264
2155,2214,2197
2214,2155,2179
2228,2214,2207
2214,2179,2207
2297,2157,2180
2157,2297,2158
2297,2155,2158
2155,2297,2179
2207,2198,2209
2179,2198,2207
2198,2208,2209
2297,2198,2179
2198,2297,2180
2198,2180,2199
2208,2198,2199
2213,2217,2238
2216,2217,2213
2217,2216,2192
2117,2039,2077
2039,2117,2109
2117,2118,2109
1987,338,336
2115,2125,2140
2125,2115,2113
2113,2115,2114
2115,2139,2114
2139,2147,2114
2173,2139,2161
2147,2173,2200
2173,2147,2139
2173,2190,2200
2173,2184,2190
2139,2138,2161
2138,2168,2161
2138,2115,2140
2115,2138,2139
2163,2195,2166
2195,2167,2166
2195,341,344
2167,2195,344
339,2163,337
2195,339,341
339,2195,2163
2141,2137,2136
2137,2126,2136
2126,2137,2134
2163,2137,2141
1969,1956,2021
1956,1957,2021
1956,323,1957
323,1956,325
1956,1964,325
1956,1969,1964
1958,321,319
1957,321,1958
323,321,1957
321,325,319
321,323,325
2131,2130,2160
2130,2178,2160
299,2033,2001
297,299,2001
279,1918,1992
2041,2063,2053
2015,2063,2116
2063,2012,2053
2012,2063,2015
2041,1985,2057
1985,2041,2053
1985,1909,1963
1954,1985,2053
1909,1985,1954
1863,1974,1945
1863,1945,1913
1944,252,1945
1974,1944,1945
252,1944,250
1944,1974,250
246,1876,2013
1876,246,248
1876,1840,2013
1876,1974,1840
1876,248,250
1974,1876,250
1728,274,273
1713,1904,1710
1904,1734,1710
267,1729,269
267,260,262
260,267,269
1869,1892,1898
1870,1869,1898
1833,1709,1855
1709,1833,1713
1869,1833,1855
1833,1869,1870
1833,1870,1903
1825,1769,1826
1893,1825,1826
1712,1825,1855
1825,1712,1769
1825,1869,1855
1825,1893,1892
1869,1825,1892
1936,1989,1995
1936,1995,1996
1989,1936,2065
1936,1926,2065
1925,1936,1996
1926,1936,1925
1988,1903,1898
1915,1988,1898
1988,1915,1914
1908,1988,1914
1915,1860,1914
1824,1796,1826
1824,1828,1796
1769,1824,1826
1824,1769,1768
1828,1824,1768
1822,1912,1826
1822,1911,1912
1822,1796,1821
1796,1822,1826
1911,1822,1913
1822,1863,1913
1863,1822,1821
1856,1833,1903
1856,1904,1713
1833,1856,1713
1832,1856,1903
257,1778,1861
1722,1778,257
1778,1722,1785
1778,1790,1861
1778,1784,1790
1667,1836,1694
1836,1667,1680
1607,1598,243
1598,1581,243
1687,1598,1607
1581,1598,1597
1619,1621,1665
1621,1619,1597
1621,1667,1665
1619,1582,1597
1581,1582,247
1582,1581,1597
1582,249,247
1582,1619,249
1619,1721,251
1785,1721,1665
1721,1619,1665
1721,1722,253
1722,1721,1785
1678,1738,1739
1678,1681,1738
1678,1739,1740
1679,1678,1740
1687,1656,1688
1656,1686,1688
1656,1687,1659
1656,1472,1471
1656,1659,1472
1658,1656,1471
1686,1656,1658
1847,1902,1810
2258,2023,1899
1880,1879,1905
1810,1807,1813
1807,1812,1813
2126,2082,2135
2081,2082,2079
2082,2081,2135
1088,1046,1064
1046,1088,869
840,1046,846
1046,869,846
1063,1064,1026
1063,1207,1064
1065,1063,1026
1063,1065,1629
1130,1063,1629
1207,1063,1130
763,769,768
763,768,770
758,763,770
762,763,758
909,767,940
767,909,769
763,767,769
767,763,762
767,908,940
908,767,762
801,833,749
833,801,901
801,913,901
801,749,802
913,801,802
804,751,828
804,740,799
804,828,740
696,800,714
751,800,696
804,800,751
1478,1504,1702
1504,1655,1702
1504,191,192
194,1504,192
1655,1504,194
191,1504,1496
1504,1478,1496
952,1174,950
1174,952,930
937,952,950
952,937,940
908,952,940
952,908,930
920,929,930
967,856,1006
856,967,796
796,967,860
967,929,860
966,1174,930
929,966,930
967,966,929
966,967,1006
1192,966,1006
1174,966,1192
2950,2861,2792
2860,2861,2920
2861,2860,2793
2792,2861,2793
2914,2954,2920
2914,2913,2954
2861,2914,2920
2914,2861,2950
2913,2914,2895
2914,2950,2895
2715,2716,2756
2716,2817,2756
2716,2715,2640
2641,2716,2640
2817,2716,2641
2563,2557,2541
2557,2562,2541
2562,2557,2565
2542,467,464
2563,2542,464
467,2542,2526
2542,2563,2526
2593,2724,2571
2593,2571,2569
2594,2593,2569
2593,2594,2734
2677,2734,2597
2677,2593,2734
2593,2677,2724
2607,2670,2561
2670,2554,2561
2554,2670,2601
2522,2521,2511
2500,2522,2511
2522,2500,2538
2522,2538,2655
2532,2522,2655
2521,2522,2532
2599,2611,2613
2611,2544,2613
2611,2599,2609
2566,2611,2609
2565,2611,2566
2529,2587,2530
2587,2529,2656
2589,2573,2547
2547,2573,2548
2573,2572,2548
2437,2415,2453
2415,2437,2408
409,2397,406
2413,411,2399
2397,411,2413
409,411,2397
2399,411,413
2402,2378,2405
2409,2402,2405
2402,2409,2408
2378,2402,2406
2402,2385,2406
2375,2373,2372
2373,2375,2379
2375,2372,2377
2378,2375,2377
2379,2375,2406
2375,2378,2406
2434,2420,2411
2434,2436,2438
2434,2438,2422
2420,2434,2422
2434,2411,2435
2531,2497,2527
2497,2531,2498
2527,2497,2523
2497,2549,2523
2485,2497,2498
2497,2485,2549
2484,2466,2495
2549,2484,2495
2485,2484,2549
2466,2484,2482
2484,2486,2482
2484,2485,2486
2486,2506,2482
2446,2452,2448
2451,2452,2446
2508,2507,2761
2508,2477,2489
2487,2508,2761
2477,2508,2487
2531,2505,2498
2507,2505,2531
3270,3251,3245
3252,3270,3245
3251,3270,3249
3270,3261,3249
3270,3252,3261
3264,3255,3258
3242,3255,3264
3258,3255,648
3255,646,648
3235,3255,3242
646,3255,645
3255,3235,645
649,3267,3258
649,651,3267
649,3258,648
3291,3234,3248
3234,3229,3248
654,658,663
658,654,656
3207,654,652
3187,650,647
650,654,663
654,650,652
3229,3204,3223
3207,3204,3229
3204,3207,652
650,3204,652
3204,650,3187
3195,3191,3197
3210,3208,3209
3210,3211,3208
3211,3210,3213
3213,3210,3172
3210,3212,3172
3219,3224,3209
3224,3217,3209
3224,3219,3240
3212,3218,3221
3218,3217,3221
3210,3218,3212
3217,3218,3209
3218,3210,3209
3205,3162,3172
3214,3205,3172
3208,637,3209
635,637,3208
637,3219,3209
633,631,642
1431,1094,1182
927,1094,1023
1094,1431,1216
1094,927,1095
1182,1094,1095
1094,1216,1217
1023,1094,1217
897,882,880
880,882,802
882,913,802
882,925,913
925,882,897
926,925,1108
925,897,1108
913,912,901
912,911,901
925,912,913
914,912,1179
911,912,914
912,926,1179
912,925,926
1091,1123,977
1090,1091,1126
1091,977,1126
1123,1091,1611
1091,1090,807
1611,1091,807
2822,2821,2795
2822,2842,2864
2821,2822,2864
2842,2822,2794
2822,2820,2794
2821,2823,2795
2796,2823,2826
2823,2796,2795
2823,2821,2824
2823,2827,2826
2827,2823,2824
2755,2764,2774
2764,2796,2774
2852,2829,2851
2827,2829,2826
2829,2810,2826
2810,2829,2852
2830,2828,2838
2830,2827,2828
2830,2829,2827
2829,2830,2851
2830,2845,2851
2845,2830,2838
624,630,634
630,624,628
630,632,634
3121,628,626
3122,3121,626
3121,3122,3125
3124,3121,3125
3133,3135,3147
3133,3124,3135
2258,2018,2023
2018,1995,2020
1995,2018,1996
2018,2258,1996
2050,263,2051
263,2050,261
2226,2050,2051
2050,259,261
259,2050,2226
1867,2014,1851
2014,1867,242
2014,1852,1851
2014,242,244
1852,2014,244
1690,232,234
232,1690,230
2411,2401,2435
2401,2402,2435
2402,2401,2385
2401,2411,2403
2412,2401,2403
2385,2401,2412
2193,2237,2194
2193,2190,2192
2174,2161,2175
2184,2174,2185
2174,2173,2161
2173,2174,2184
2183,2174,2175
2185,2174,2183
2224,350,352
350,354,352
2169,2225,2175
2202,2201,2224
2201,350,2224
350,2201,2223
2201,2202,2183
2201,2225,2223
2201,2183,2175
2225,2201,2175
2365,2232,354
2061,2189,2187
2229,2189,2061
2189,2229,2199
2189,2199,2210
2187,2189,2210
2237,2218,2208
2208,2218,2209
2218,2216,2209
2193,2218,2237
2216,2218,2192
2218,2193,2192
2231,2191,2185
2191,2184,2185
2191,2231,2238
2217,2191,2238
2184,2191,2192
2191,2217,2192
2118,2083,2234
2117,2083,2118
2083,2126,2234
2083,2082,2126
2082,2083,2079
2083,2077,2079
2083,2117,2077
347,2060,2188
2060,347,345
2097,2024,1987
2024,338,1987
2233,2229,2188
2229,2233,2194
2060,2233,2188
2233,2060,2066
2147,2110,2114
2162,2137,2163
2162,2163,2166
2134,2162,2140
2137,2162,2134
2162,2138,2140
2168,2162,2166
2138,2162,2168
2154,318,320
318,2154,2178
322,2154,320
2159,2154,322
2154,2159,2160
2178,2154,2160
318,2121,316
2121,318,2178
2121,314,316
2095,2121,2178
314,2095,312
2121,2095,314
2072,2071,2086
2071,307,309
301,2033,299
303,301,305
1918,1888,1884
1986,2007,1992
1986,2023,2007
1886,1918,1884
1918,1886,1992
1886,1986,1992
1986,1886,1872
1864,1863,1821
1863,1864,1974
1823,1864,1821
1864,1823,1840
1974,1864,1840
1729,1730,1731
1730,1787,1731
1787,1730,1830
1734,1730,1866
267,1759,1729
1730,1759,1866
1759,1730,1729
1988,1927,1903
1927,1988,1908
1927,1832,1903
1812,1927,1908
1832,1927,1812
1856,1919,1904
1904,1919,1734
1730,1919,1830
1919,1730,1734
1696,1778,1785
1778,1696,1784
1696,1785,1665
1667,1696,1665
1598,1620,1597
1681,1620,1688
1620,1687,1688
1620,1598,1687
1618,1621,1597
1620,1618,1597
1618,1620,1681
251,1723,253
1723,1721,253
1721,1723,251
1809,1807,1810
1807,1809,1806
1874,1844,1848
1844,1874,1845
1906,1874,1880
1902,1811,1810
1811,1809,1810
1809,1811,1844
1844,1811,1848
1811,1902,1848
2073,1902,1847
2073,1847,1914
1860,2073,1914
1971,1860,1915
1971,1915,1925
1860,1971,1899
1971,2258,1899
1971,1925,1996
2258,1971,1996
1943,293,291
1879,1889,1905
1924,1889,1910
1961,1976,2030
1985,2010,2057
2010,2043,2057
280,282,284
1839,282,280
1882,1839,1820
1883,1882,1978
282,1882,284
1882,282,1839
1819,278,276
278,286,276
278,280,284
286,278,284
274,1789,276
1789,1819,276
1789,274,1728
1934,1935,1917
1807,1808,1812
1808,1832,1812
1064,1028,1026
1046,1028,1064
1028,883,1026
754,804,799
754,800,804
754,788,752
788,754,799
910,908,762
908,910,930
910,920,930
929,859,860
920,859,929
860,859,855
859,834,855
2568,2563,464
2568,2557,2563
2595,2677,2597
2735,2595,2669
2567,2595,2597
2595,2567,2669
2663,2674,2678
2677,2663,2724
2662,2663,2678
2724,2663,2662
2530,2579,2533
2587,2579,2530
2579,2587,2589
2579,2545,2533
2545,2579,2589
2587,2588,2589
2588,2573,2589
2670,2605,2601
2605,2607,2687
2605,2670,2607
2692,2605,2687
2608,2605,2692
2631,2608,2692
2631,2692,2653
2610,2631,2653
2631,2610,2574
2573,2630,2572
2631,2630,2608
2572,2630,2574
2630,2631,2574
2437,2443,2436
2436,2443,2515
2459,2443,2453
2443,2437,2453
2407,2437,2436
2407,2434,2435
2434,2407,2436
2437,2407,2408
2402,2407,2435
2407,2402,2408
2506,2481,2482
2481,2506,2483
2502,2506,2486
2505,2502,2498
2502,2485,2498
2485,2502,2486
2449,2458,2457
2514,2459,2464
2514,2492,2459
2514,2464,2447
2444,2441,2515
2443,2444,2515
2492,2444,2459
2444,2443,2459
2469,2468,2483
2468,2444,2492
2468,2469,2441
2444,2468,2441
2508,2490,2507
2490,2505,2507
2490,2508,2489
2502,2490,2489
2490,2502,2505
3234,3269,3250
3269,3234,3291
3269,3308,3250
3308,3269,3249
3269,3291,3249
3233,3234,3250
663,3233,3250
658,3233,663
3233,658,656
3189,644,641
3191,3188,3203
3188,3189,3203
3189,3188,644
3188,3187,647
644,3188,647
3204,3196,3223
3196,3204,3187
3196,3191,3195
3188,3196,3187
3196,3188,3191
3223,3196,3220
3196,3195,3220
3227,3236,3225
3217,3227,3225
3224,3227,3217
3236,3227,3240
3227,3224,3240
3190,3205,3214
3190,3214,3197
3191,3190,3197
3190,3191,3203
639,637,635
639,642,640
3219,639,640
637,639,3219
639,633,642
633,639,635
633,3206,631
3200,3206,3199
3206,3200,629
631,3206,629
2796,2797,2795
2764,2797,2796
2822,2797,2820
2797,2822,2795
2754,2755,2752
2754,2764,2755
2750,2754,2752
2754,2750,2753
2764,2754,2753
630,3173,632
632,3173,3161
3161,3173,3147
3173,3133,3147
2037,2045,2023
2018,2037,2023
268,2037,2044
2044,2037,2020
2037,2018,2020
270,2037,268
2045,2037,270
348,350,2223
2225,348,2223
356,2365,354
2365,356,358
358,356,361
356,364,361
356,354,364
2232,2267,2269
2365,2267,2232
2267,2260,2269
2260,2267,2266
2267,358,2266
2267,2365,358
343,2060,345
343,345,336
338,343,336
2186,2193,2194
2233,2186,2194
2118,2108,2109
2108,2118,2113
2108,2113,2114
2110,2108,2114
2098,2024,2097
2098,2097,2164
2106,2098,2164
2096,311,312
2095,2096,312
2096,2095,2086
2071,2096,2086
311,2096,309
2096,2071,309
2122,2131,2124
2122,2130,2131
307,2055,305
2071,2055,307
2055,303,305
2074,2129,2172
2181,2129,2074
2123,2122,2124
2122,2123,2094
2092,2123,2124
2033,2026,2001
1998,2026,2025
2026,1990,2001
1990,2026,1998
1990,1998,1991
1980,1990,1991
2102,2129,2181
2129,2102,2133
2102,2181,2116
2085,2072,2086
2094,2085,2086
2123,2085,2094
2085,2123,2133
294,1979,292
294,301,299
301,294,292
1979,1981,1951
1990,1981,2001
1981,1990,1980
281,1918,279
281,1888,1918
281,283,1888
283,281,285
287,281,279
281,287,285
283,1891,1888
1888,1890,1884
1889,1890,1910
1890,1891,1910
1891,1890,1888
1890,1879,1884
1890,1889,1879
2022,1986,1872
2023,2022,1899
1986,2022,2023
1940,1979,1951
265,267,262
265,1759,267
1790,1758,262
1758,265,262
265,1758,1759
1758,1790,1735
1866,1758,1735
1759,1758,1866
1832,1831,1856
1831,1919,1856
1919,1831,1830
1808,1831,1832
1696,1695,1784
1784,1695,1711
1695,1667,1694
1695,1696,1667
1695,1697,1711
1695,1694,1697
1678,1666,1681
1666,1618,1681
1666,1678,1679
1618,1666,1621
1680,1666,1679
1667,1666,1680
1621,1666,1667
1843,1853,1806
1809,1843,1806
1854,1843,1845
1843,1854,1853
1843,1844,1845
1843,1809,1844
1902,1846,1848
2073,1846,1902
1921,1883,1978
1881,289,286
296,1948,298
1943,1896,1942
1970,1930,1959
2043,1970,1959
2010,1970,2043
1868,1874,1848
1874,1868,1880
1868,1879,1880
1868,1885,1879
1886,1871,1872
1871,1886,1884
1879,1871,1884
1885,1871,1879
1952,1953,1951
1952,1976,1950
1953,1952,1950
2270,1880,1905
2270,1906,1880
1906,2270,1917
2270,2052,1917
1962,2028,1963
2028,1985,1963
2028,2010,1985
2028,1970,2010
2043,2042,2057
1895,1882,1820
1882,1895,1978
1853,1895,1820
1895,1854,1978
1854,1895,1853
1882,1838,284
1838,1882,1883
1838,286,284
1838,1881,286
1881,1838,1883
278,1857,280
1857,278,1819
1857,1839,280
1839,1857,1820
1857,1819,1820
1789,1804,1819
2052,1949,1917
1949,1934,1917
1976,1949,1950
1949,2052,1950
1949,1976,1961
1934,1949,1961
1935,1933,1928
1934,1933,1935
1960,1933,1961
1933,1934,1961
1028,841,883
829,841,840
883,841,829
841,1046,840
841,1028,1046
754,1035,800
714,1035,716
800,1035,714
716,1035,752
1035,754,752
910,761,920
859,761,834
761,859,920
761,910,762
761,762,758
761,758,760
834,761,760
462,2568,464
467,462,464
2557,2558,2565
2568,2558,2557
2558,2611,2565
2611,2558,2544
2544,2558,460
2558,462,460
462,2558,2568
2675,2663,2677
2675,2595,2735
2595,2675,2677
2675,2735,2674
2663,2675,2674
2605,2606,2601
2606,2605,2608
2588,2635,2573
2635,2630,2573
2630,2635,2608
2635,2606,2608
2606,2635,2588
2481,2465,2482
2465,2452,2451
2465,2466,2482
2465,2451,2462
2466,2465,2462
2458,2488,2457
2488,2471,2457
2477,2488,2489
2488,2477,2471
2502,2491,2506
2506,2491,2483
2450,2458,2449
2450,2449,2440
2441,2450,2440
2469,2450,2441
2465,2475,2452
2475,2465,2481
3230,3233,656
3233,3230,3234
3234,3230,3229
3230,3207,3229
654,3230,656
3230,654,3207
3190,3183,3205
3183,3190,3203
3183,636,3164
3183,638,636
3162,3183,3164
3205,3183,3162
3189,3183,3203
638,3183,641
3183,3189,641
3216,3206,633
3216,635,3208
3216,633,635
3216,3208,3199
3206,3216,3199
2797,2765,2820
2789,2765,2753
2765,2789,2820
2765,2764,2753
2765,2797,2764
3165,3173,630
3165,630,628
3121,3165,628
3173,3165,3133
3165,3121,3124
3133,3165,3124
346,348,2225
346,2167,344
2167,346,2169
346,2225,2169
2098,2067,2024
2186,2257,2193
2190,2257,2200
2193,2257,2190
2145,2233,2066
2145,2186,2233
2107,2098,2106
2107,2108,2110
2108,2107,2109
2109,2107,2111
2107,2106,2111
2122,2120,2130
2130,2120,2178
2120,2095,2178
2120,2122,2094
2095,2120,2086
2120,2094,2086
2055,2054,303
2026,2054,2025
2048,2071,2072
2048,2055,2071
2054,2048,2025
2048,2054,2055
2132,2129,2133
2123,2132,2133
2132,2123,2092
2132,2092,2172
2129,2132,2172
2027,1998,2025
2048,2027,2025
2099,2100,2069
2100,2085,2133
2102,2100,2133
2100,2102,2069
2064,1981,1979
2064,297,2001
1981,2064,2001
1858,2073,1860
1858,1860,1899
2022,1858,1899
1858,1846,2073
1858,2022,1872
1889,1923,1905
1923,1889,1924
2052,1907,1950
1907,1953,1950
1907,1923,1953
2270,1907,2052
1907,2270,1905
1923,1907,1905
1940,1947,1924
1947,1923,1924
1923,1947,1953
1953,1947,1951
1947,1940,1951
1979,1939,292
1940,1939,1979
1939,290,292
290,1939,288
1871,1859,1872
1859,1871,1885
1859,1858,1872
1858,1859,1846
1846,1859,1848
1859,1868,1848
1868,1859,1885
1921,1946,1935
1854,1946,1978
1946,1921,1978
1922,1896,1943
1896,1922,1928
1930,1941,1942
1941,1948,1942
1970,1941,1930
298,1941,300
1948,1941,298
296,1897,1948
1897,1943,1942
1948,1897,1942
1943,1897,293
1897,296,293
2029,1952,1951
1981,2029,1951
2029,1981,1980
1977,2000,2030
1976,1977,2030
1952,1977,1976
1977,2029,1980
2029,1977,1952
1977,1980,1991
2000,1977,1991
2059,2041,2057
2042,2059,2057
2042,2058,2119
1997,2000,1991
1819,1818,1820
1804,1818,1819
1818,1853,1820
1853,1818,1806
1803,1787,1830
1831,1803,1830
1803,1831,1808
1788,1789,1728
1788,1804,1789
1803,1788,1787
1788,1728,1731
1787,1788,1731
1929,1930,1942
1896,1929,1942
1929,1933,1960
1929,1896,1928
1933,1929,1928
1930,1929,1959
1929,1960,1959
2600,2606,2588
2600,2587,2656
2600,2588,2587
2600,2656,2665
2601,2600,2665
2606,2600,2601
2501,2502,2489
2501,2491,2502
2488,2501,2489
2501,2488,2458
2491,2501,2458
2535,2469,2483
2491,2535,2483
2535,2491,2458
2535,2450,2469
2450,2535,2458
2475,2460,2452
2452,2460,2448
2448,2460,2447
2460,2514,2447
2514,2476,2492
2460,2476,2514
2476,2460,2475
2468,2476,2483
2476,2468,2492
2476,2481,2483
2476,2475,2481
2062,2067,2066
2060,2062,2066
343,2062,2060
2112,2110,2147
2067,2105,2066
2105,2145,2066
2105,2067,2098
2038,2026,2033
2038,2054,2026
301,2038,2033
2038,301,303
2054,2038,303
2049,2048,2072
2049,2027,2048
2099,2070,2046
2047,2099,2046
2047,2100,2099
2027,2047,2046
2049,2047,2027
294,295,1979
295,2064,1979
2064,295,297
297,295,299
295,294,299
1932,287,288
1939,1932,288
1874,1875,1845
1875,1874,1906
1875,1854,1845
1875,1946,1854
1877,1943,291
1877,1922,1943
1922,1877,1881
289,1877,291
1881,1877,289
1920,1881,1883
1920,1922,1881
1921,1920,1883
1922,1920,1928
1920,1935,1928
1920,1921,1935
1937,1941,1970
1937,2028,1962
2028,1937,1970
1941,1937,300
1937,302,300
1937,1962,302
2087,2063,2041
2059,2087,2041
2056,2042,2119
2056,2059,2042
2070,2056,2119
2056,2070,2099
2031,2042,2043
2031,2058,2042
2031,2043,1959
1960,2031,1959
2000,2032,2030
2058,2032,2000
2032,1961,2030
2032,1960,1961
2032,2031,1960
2031,2032,2058
1997,2068,2000
2058,2068,2119
2068,2058,2000
2068,2070,2119
2070,2068,1997
2027,1999,1998
1999,2027,2046
1998,1999,1991
1999,1997,1991
2070,1999,2046
1999,2070,1997
1805,1807,1806
1805,1808,1807
1805,1803,1808
1788,1805,1804
1805,1788,1803
1818,1805,1806
1805,1818,1804
2024,340,338
2067,340,2024
2145,2144,2186
2112,2144,2145
2144,2257,2186
2104,2112,2145
2105,2104,2145
2112,2104,2110
2104,2107,2110
2107,2104,2098
2104,2105,2098
2085,2271,2072
2271,2049,2072
2100,2271,2085
2047,2271,2100
2271,2047,2049
287,1931,285
1932,1931,287
1931,1932,1891
1931,283,285
1931,1891,283
1938,1939,1940
1938,1932,1939
1938,1940,1924
1938,1924,1910
1891,1938,1910
1932,1938,1891
1875,1916,1946
1935,1916,1917
1946,1916,1935
1916,1906,1917
1916,1875,1906
2103,2102,2116
2102,2103,2069
2063,2103,2116
2087,2103,2063
2101,2087,2059
2056,2101,2059
2103,2101,2069
2101,2103,2087
2101,2099,2069
2101,2056,2099
2062,342,2067
342,340,2067
342,2062,343
342,343,338
340,342,338
2146,2144,2112
2146,2147,2200
2146,2112,2147
2257,2146,2200
2144,2146,2257
42,41,39
42,39,44
367,368,365
365,368,370
150,142,144
146,150,144
150,140,142
150,146,148
