266,262,282
266,264,262
264,1250,262
262,256,255
258,256,262
256,258,1233
259,258,262
258,259,1233
266,1254,264
1254,1250,264
138,135,133
836,775,834
398,422,539
568,559,610
559,568,558
541,561,540
561,541,518
1251,266,282
1251,1254,266
292,1251,282
723,724,696
207,198,196
198,1133,196
149,885,146
141,138,133
138,141,893
246,238,240
177,171,169
974,959,958
805,138,893
609,568,610
1134,124,126
503,566,599
100,98,96
845,98,100
422,397,434
398,397,422
559,549,610
541,549,518
734,549,541
548,536,518
549,548,518
548,549,559
548,559,558
500,561,518
536,500,518
10,755,731
15,755,11
489,550,480
514,490,516
490,512,516
488,489,486
423,424,391
380,423,391
423,380,400
413,423,400
423,413,424
424,425,391
641,642,639
642,755,727
642,641,755
60,31,25
251,256,1233
256,253,255
251,253,256
241,239,234
1223,227,229
1210,1223,229
213,197,201
1035,1046,978
616,142,709
142,616,144
722,723,696
725,821,837
662,725,837
840,861,709
840,729,723
729,724,723
729,137,134
607,724,130
724,132,130
132,729,134
729,132,724
137,132,134
105,107,99
491,494,496
493,494,458
494,491,458
547,560,588
352,354,348
1048,159,162
1155,1189,1184
1189,1188,1184
1089,1133,1114
146,145,133
145,141,133
885,145,146
885,855,828
244,246,240
1123,1070,991
1070,1056,1012
1232,974,958
974,1232,991
1232,1123,991
888,974,991
866,888,860
959,964,958
806,786,780
786,855,797
855,786,828
786,806,828
806,808,828
141,808,893
808,805,893
805,810,138
780,778,788
778,780,779
790,776,779
762,776,775
774,762,775
609,608,568
608,602,568
573,603,580
1134,123,124
544,632,631
632,649,631
824,649,652
651,503,599
651,632,503
649,651,652
651,649,632
734,735,781
735,541,540
735,734,541
542,735,540
735,542,741
549,773,610
734,773,549
517,547,543
517,542,540
542,517,543
561,517,540
500,449,561
4,7,731
7,10,731
7,4,11
10,7,11
755,12,11
12,10,11
10,12,755
25,750,21
750,17,21
20,15,19
755,20,727
15,20,755
13,15,11
4,13,11
15,18,19
750,18,17
18,13,17
13,18,15
569,595,596
571,556,562
571,641,639
755,640,731
641,640,755
640,571,562
571,640,641
9,593,14
349,74,428
352,349,428
73,74,70
557,550,552
556,553,562
553,556,552
514,553,552
28,23,516
512,28,516
515,550,489
488,515,489
550,515,552
515,488,490
515,514,552
514,515,490
59,61,53
414,63,61
59,414,61
414,59,58
414,413,400
413,414,58
378,380,391
380,435,400
435,414,400
414,435,63
435,66,63
413,56,53
56,413,58
56,59,53
59,56,58
627,651,599
651,627,652
873,569,596
448,455,458
455,456,457
456,455,448
492,505,493
505,503,493
505,566,503
470,472,469
472,470,513
478,472,513
461,456,438
487,478,513
487,513,486
489,487,486
595,597,596
597,595,570
728,597,570
728,570,639
642,728,639
60,40,31
728,40,47
234,232,229
227,1256,224
1223,1256,227
222,1224,219
1224,217,219
1154,1155,1184
287,301,305
197,199,201
1102,1103,1145
1103,1154,1145
1154,1103,1155
223,939,225
939,223,221
238,228,230
210,213,201
918,210,206
929,930,971
1068,979,1035
1142,1146,1145
1146,1102,1145
1102,1146,1104
1146,1079,1104
901,257,254
999,944,943
1094,1077,1148
1077,1094,1045
150,142,144
148,150,144
150,148,611
148,147,611
147,616,611
147,148,144
616,147,144
752,722,751
752,840,723
722,752,723
534,573,580
724,645,696
607,645,724
524,530,523
821,699,837
699,821,742
695,699,742
821,897,742
722,897,751
897,722,742
748,783,664
510,125,120
616,617,611
617,861,630
617,616,709
861,617,709
770,729,840
770,140,139
137,770,139
770,137,729
770,840,709
142,770,709
140,770,142
644,645,607
128,607,130
128,644,607
614,605,585
527,590,635
717,719,703
172,719,174
93,97,89
97,426,99
384,382,377
382,104,377
382,105,104
105,382,107
564,548,558
548,564,536
498,524,523
403,398,539
449,441,450
441,449,500
441,500,536
409,441,536
448,446,417
446,448,458
491,446,458
504,494,493
503,504,493
494,528,496
560,528,588
528,504,588
504,528,494
401,444,436
444,401,425
425,401,391
401,390,391
81,87,89
84,87,81
356,355,357
93,355,356
347,87,84
354,535,361
535,354,362
535,370,361
370,535,362
354,353,348
353,347,348
347,353,359
105,101,104
101,102,104
101,105,99
371,356,357
396,371,357
371,426,356
371,396,375
397,394,434
395,394,397
396,394,375
394,395,375
360,373,357
355,360,357
360,355,359
374,373,412
374,396,357
373,374,357
208,1188,207
208,209,1188
208,207,196
195,208,196
1038,1089,1114
918,940,925
1031,1038,1082
242,244,240
711,712,764
670,710,667
670,711,710
712,670,700
670,712,711
746,748,664
746,782,749
782,746,664
173,171,177
175,173,177
173,1056,171
173,175,1012
1056,173,1012
1092,1048,162
164,1092,162
1092,1049,1019
1070,993,991
993,1001,992
993,1070,1012
1001,993,1012
974,1043,959
888,1043,974
1043,888,866
1232,1008,1123
1049,1008,1019
1008,1232,958
914,888,991
993,914,991
914,993,992
945,964,959
878,945,959
945,961,964
961,945,934
966,836,834
966,895,836
886,149,151
149,886,885
886,855,885
798,790,797
790,798,796
787,780,788
787,806,780
808,787,805
787,808,806
145,143,141
143,808,141
808,143,828
143,885,828
143,145,885
136,135,138
810,136,138
136,813,135
813,136,810
870,790,779
790,870,797
870,786,797
780,870,779
786,870,780
790,789,776
775,789,834
776,789,775
789,796,834
789,790,796
760,778,779
778,760,761
776,760,779
762,760,776
804,783,748
783,804,847
774,835,847
835,775,836
835,774,775
928,884,894
884,928,895
119,123,122
608,653,602
653,608,667
710,653,667
749,653,710
603,567,602
568,567,558
602,567,568
778,843,788
843,778,761
123,856,122
856,123,1134
600,627,599
624,600,626
600,601,626
544,546,543
546,542,543
542,546,741
546,544,631
545,544,543
545,547,588
547,545,543
606,822,781
735,606,781
606,735,741
395,383,375
702,734,781
702,773,734
501,560,547
501,449,450
560,501,539
501,403,539
403,501,450
31,27,25
27,750,25
20,22,727
22,20,19
595,555,570
570,555,639
555,571,639
571,555,556
16,23,14
593,16,14
4,2,0
5,2,4
6,4,731
6,5,4
349,76,74
70,76,79
74,76,70
519,563,562
553,519,562
519,514,516
519,553,514
390,392,391
392,378,391
392,370,362
370,392,390
363,392,362
392,363,378
66,69,63
63,69,61
378,364,380
363,364,378
439,470,469
445,438,436
444,445,436
445,461,438
445,444,469
625,600,624
600,625,627
646,624,626
697,772,666
697,68,71
77,72,71
72,697,71
772,656,666
646,656,772
814,656,626
656,646,626
656,621,666
621,656,814
418,456,448
418,448,417
456,419,438
419,418,388
418,419,456
454,455,457
454,483,492
484,472,478
445,484,461
472,484,469
484,445,469
487,479,478
479,489,480
479,487,489
483,462,465
462,454,457
454,462,483
462,468,465
468,462,464
716,728,47
728,716,597
730,642,727
730,728,642
40,730,31
730,40,728
688,697,666
649,825,631
825,649,824
871,95,96
95,871,92
862,871,96
98,862,96
862,98,845
90,758,824
758,825,824
758,90,92
871,758,92
758,871,759
627,823,652
823,824,652
88,90,824
88,86,90
823,88,824
88,823,86
259,1245,1233
1250,1245,262
1245,259,262
1241,1245,1250
1245,1241,1237
239,1193,1196
1193,239,241
237,239,1196
239,237,234
237,235,234
1194,237,1196
237,1194,235
235,1194,1210
233,232,234
235,233,234
233,235,1210
233,1210,229
232,233,229
1227,222,224
1256,1227,224
1204,1220,1217
1203,214,215
217,1203,215
1215,1204,1217
1215,1185,1187
209,1186,1188
1185,1186,1187
1188,1186,1184
1186,1185,1184
1149,1142,1145
1249,1156,1216
1149,1156,1249
1154,1156,1145
1156,1149,1145
1062,307,305
301,1062,305
307,1062,306
1021,1023,1022
298,287,1020
287,298,301
298,1062,301
1021,298,1020
1062,298,1021
287,265,1020
257,265,254
833,705,848
705,717,703
1103,1088,1155
899,203,201
203,210,201
210,203,206
967,899,932
940,967,932
967,940,918
967,918,206
203,967,206
967,203,899
210,917,213
918,917,210
917,918,925
926,917,925
930,976,971
976,930,972
976,980,971
902,930,929
238,902,240
236,902,238
902,236,930
930,973,972
236,973,930
1064,980,978
1044,962,1057
1007,979,963
962,1007,963
1007,962,1044
979,1007,1035
933,939,221
933,962,963
962,933,926
1095,1142,1148
1077,1095,1148
1095,1146,1142
1146,1095,1079
901,910,257
910,901,944
910,260,257
999,910,944
246,250,254
250,901,254
901,911,944
944,911,943
250,911,901
911,977,943
977,911,942
1034,1055,1051
1055,1198,1051
1100,1099,1052
1113,1094,1148
937,929,971
989,1033,1067
980,1033,971
1033,937,971
937,1033,989
1064,1033,980
150,152,142
140,152,153
152,140,142
612,150,611
612,152,150
565,612,614
612,565,153
152,612,153
706,861,840
752,706,840
706,752,751
708,706,751
706,708,630
861,706,630
685,695,684
699,685,837
685,699,695
695,694,684
694,695,742
694,722,696
722,694,742
574,534,580
574,782,664
782,574,580
534,522,573
498,522,524
530,582,684
582,530,524
531,508,523
530,531,523
508,531,507
815,821,725
852,928,894
928,852,851
783,578,664
852,754,851
617,615,611
615,612,611
612,615,614
510,598,125
598,510,507
644,598,507
590,633,635
633,590,634
605,604,585
661,604,738
604,661,801
590,591,634
591,801,634
604,591,585
591,604,801
801,636,634
661,636,801
158,160,153
527,583,590
591,583,585
583,591,590
174,176,181
176,178,181
719,176,174
719,525,703
172,525,719
551,719,717
178,551,181
176,551,178
551,176,719
737,802,818
737,661,738
858,829,860
93,94,97
94,93,356
94,426,97
426,94,356
407,408,384
382,408,107
408,382,384
112,408,407
118,509,120
509,510,120
409,442,443
442,409,536
564,442,536
473,451,443
410,409,443
451,410,443
404,403,450
441,404,450
404,441,409
447,416,417
446,447,417
447,446,491
447,491,496
495,447,496
421,560,539
421,528,560
528,421,496
421,495,496
422,421,539
495,421,422
437,370,390
437,401,436
401,437,390
345,82,348
347,345,348
345,347,84
345,84,81
82,345,81
346,352,348
82,346,348
346,82,81
346,81,79
346,349,352
91,93,89
91,355,93
358,347,359
347,358,87
87,358,89
358,91,89
355,358,359
91,358,355
366,354,361
366,353,354
353,366,359
366,360,359
101,372,102
426,372,99
372,101,99
372,371,375
371,372,426
370,367,361
437,367,370
416,411,417
411,416,412
373,411,412
427,374,412
374,427,396
427,394,396
427,412,434
394,427,434
195,1132,1135
1089,1132,1133
1133,1132,196
1132,195,196
1132,1039,956
1039,1132,1089
200,198,207
204,200,207
200,204,202
657,637,658
636,637,634
1039,954,956
906,923,949
923,906,908
906,877,876
1038,1037,1089
1039,1037,1030
1037,1039,1089
1037,1031,1030
1031,1037,1038
951,957,949
1031,1032,1030
1078,1044,1057
1059,1078,1057
1078,1059,1086
1079,1180,1104
1180,1082,1104
712,763,764
763,843,761
843,763,785
1092,1018,1048
1018,1092,1019
1018,920,1048
1069,1070,1123
1070,1069,1056
1008,1069,1123
1069,1008,1049
171,1069,169
1056,1069,171
1069,167,169
1069,1049,167
165,1092,164
165,1049,1092
167,165,164
1049,165,167
1004,884,895
966,1004,895
1004,966,878
1004,878,959
966,879,878
945,879,934
879,945,878
879,796,934
796,879,834
879,966,834
157,919,155
919,920,155
920,919,1048
919,159,1048
919,157,159
881,920,882
920,881,155
855,869,797
869,798,797
135,131,133
813,131,135
807,813,810
807,787,788
807,810,805
787,807,805
711,733,710
733,749,710
733,746,749
895,896,836
928,896,895
896,928,851
896,835,836
835,896,851
670,673,700
653,619,602
619,603,602
782,619,749
619,653,749
603,619,580
619,782,580
589,537,601
566,589,599
589,600,599
600,589,601
483,538,492
538,483,465
537,538,465
505,538,566
538,505,492
538,589,566
589,538,537
632,650,503
650,504,503
544,650,632
545,650,544
504,650,588
650,545,588
822,844,845
844,862,845
871,844,759
862,844,871
827,822,845
385,395,397
385,383,395
690,702,701
502,501,547
501,502,449
517,502,547
502,517,561
449,502,561
27,24,750
18,24,19
24,18,750
24,22,19
554,555,595
554,595,569
557,554,569
554,557,552
556,554,552
555,554,556
3,9,0
8,593,9
8,675,593
3,8,9
8,3,675
593,594,563
675,594,593
2,1,0
1,3,0
3,1,675
76,78,79
78,76,349
78,346,79
346,78,349
520,593,563
519,520,563
520,16,593
520,519,516
23,520,516
16,520,23
351,363,362
351,352,428
354,351,362
352,351,354
379,435,380
364,379,380
435,379,66
365,73,70
365,379,364
69,365,70
350,364,363
350,351,428
351,350,363
350,365,364
365,350,73
74,350,428
73,350,74
439,471,470
513,471,486
470,471,513
444,452,469
452,439,469
452,444,425
452,425,424
511,452,424
439,452,429
452,511,429
413,415,424
415,511,424
61,37,53
771,646,772
622,576,480
550,622,480
557,622,550
622,557,569
873,622,569
623,621,814
623,814,689
576,623,689
453,454,492
454,453,455
455,453,458
453,493,458
453,492,493
484,463,461
462,463,464
463,484,478
655,468,689
655,537,465
468,655,465
466,468,464
466,576,689
468,466,689
576,466,480
466,479,480
55,716,47
688,665,698
597,665,596
716,665,597
62,60,25
687,688,698
688,687,697
697,687,68
620,873,596
621,620,666
620,688,666
665,620,596
620,665,688
546,740,741
740,758,759
758,740,825
740,546,631
825,740,631
854,625,83
823,854,86
625,854,627
854,823,627
1245,1246,1233
1246,1245,1237
249,251,1233
1251,1248,1254
977,1040,943
1061,1040,977
1193,1176,1196
1176,1193,1174
1193,1182,1174
1177,1176,1174
1227,1218,222
1218,1227,1256
1218,1224,222
1224,1218,1204
1218,1220,1204
1158,1202,1159
1203,1219,214
1219,1203,1187
214,1219,212
1186,1219,1187
1224,1206,217
1206,1203,217
1206,1224,1204
1215,1206,1204
1203,1206,1187
1206,1215,1187
1185,1183,1184
1156,1183,1216
1183,1154,1184
1183,1156,1154
1142,1147,1148
1149,1147,1142
1147,1149,1249
1205,1215,1217
1207,1205,1217
1205,1185,1215
1205,1207,1216
1183,1205,1216
1205,1183,1185
1023,1050,1022
1050,1023,1074
1009,1021,1020
1009,1023,1021
265,1009,1020
263,261,990
1009,263,990
263,1009,265
263,260,261
260,263,257
263,265,257
877,849,876
876,849,848
849,833,848
875,199,197
832,875,197
199,875,201
705,718,717
718,705,833
1253,200,202
1133,1253,1114
1253,1133,198
200,1253,198
1085,1038,1114
1038,1085,1082
1087,1103,1102
1087,1088,1103
1087,1085,1088
1087,1102,1104
1082,1087,1104
1085,1087,1082
912,228,226
912,226,225
939,912,225
921,912,939
995,921,939
979,995,963
995,979,1068
921,995,1068
995,933,963
933,995,939
917,216,213
976,975,980
980,975,978
975,976,972
975,1035,978
975,1068,1035
973,231,230
231,973,236
231,238,230
231,236,238
1065,1055,1067
1055,1065,1198
1033,1065,1067
1065,1033,1064
1198,1065,1098
1036,1046,1035
1007,1036,1035
1046,1036,1045
1036,1007,1044
220,933,221
933,220,218
1000,910,999
1000,1010,990
1010,1000,999
910,1000,260
261,1000,990
260,1000,261
247,250,246
242,904,244
244,904,246
1024,1010,1026
1023,1011,1074
1011,1024,1074
1024,1011,1010
1010,1011,990
1011,1009,990
1009,1011,1023
1015,1034,1016
1015,1055,1034
1055,1015,1067
1015,989,1067
1106,1099,1100
1113,1080,1094
1080,1046,1045
1094,1080,1045
936,937,989
575,685,684
521,522,498
529,531,530
531,529,507
529,644,507
644,529,645
817,815,725
809,897,821
815,809,821
897,809,751
809,708,751
663,578,783
754,753,851
835,753,847
753,835,851
753,783,847
753,663,783
663,753,754
726,852,816
726,754,852
817,726,816
663,726,662
726,663,754
662,726,725
726,817,725
628,629,738
604,628,738
628,604,605
618,617,630
618,615,617
629,618,630
628,618,629
618,628,605
618,605,614
615,618,614
128,127,644
127,598,644
598,127,125
125,127,120
127,130,120
127,128,130
704,905,848
705,704,848
637,659,658
659,637,636
565,156,153
156,158,153
163,161,527
161,163,166
158,584,160
584,583,527
584,161,160
161,584,527
525,526,635
526,527,635
163,526,166
526,163,527
526,168,166
168,526,525
185,551,717
718,185,717
185,718,187
660,636,661
737,660,661
660,737,818
660,659,636
660,818,820
659,660,820
819,829,858
818,819,820
802,819,818
829,819,802
819,842,820
842,819,858
884,865,894
880,743,816
880,852,894
852,880,816
743,868,803
868,863,803
880,868,743
868,880,894
865,868,894
868,865,863
898,802,803
863,898,803
898,829,802
842,839,820
659,839,658
839,659,820
408,109,107
109,408,112
109,118,120
107,109,99
109,97,99
509,613,510
613,508,507
510,613,507
474,432,477
432,474,499
451,474,477
473,474,451
406,386,587
406,451,477
406,410,451
432,405,477
405,432,407
405,406,477
406,405,386
405,407,384
386,405,384
404,399,403
403,399,398
402,406,587
406,402,410
399,402,587
402,399,404
410,402,409
402,404,409
447,433,416
412,433,434
416,433,412
433,447,495
433,422,434
433,495,422
420,389,388
389,437,436
367,389,420
389,367,437
389,419,388
438,389,436
419,389,438
360,368,373
366,368,360
368,366,361
372,376,102
376,383,377
383,376,375
376,372,375
104,376,377
102,376,104
393,420,388
411,393,417
418,393,388
393,418,417
954,953,956
953,954,951
1132,1115,1135
1115,191,1135
205,204,207
1188,205,207
1189,205,1188
1088,1258,1155
1258,1189,1155
638,637,657
638,633,634
637,638,634
924,923,908
922,924,908
1005,1039,1030
1005,954,1039
1032,1005,1030
1005,1032,1006
946,940,932
948,946,932
946,948,1093
1093,948,1006
916,906,949
957,916,949
906,916,877
940,941,925
941,1059,1057
941,926,925
962,941,1057
941,962,926
1083,1032,1031
1076,1078,1086
1076,1180,1079
1180,1076,1086
961,960,964
964,960,958
960,1008,958
1008,960,1019
920,965,882
1018,965,920
965,1018,1019
960,965,1019
1014,1001,1012
175,1014,1012
1014,175,177
179,1014,177
1001,1013,992
1013,996,992
914,889,888
889,858,860
888,889,860
994,914,992
994,889,914
889,994,892
892,841,842
841,839,842
924,982,984
982,922,983
982,924,922
900,886,151
900,881,886
154,900,151
900,154,155
881,900,155
881,887,886
886,887,855
887,869,855
887,881,882
869,887,882
869,883,798
796,883,934
798,883,796
883,869,882
129,126,133
131,129,133
129,1134,126
129,131,813
811,856,1134
756,760,762
757,756,762
760,756,761
763,756,764
756,763,761
777,774,847
804,777,847
774,777,762
777,757,762
747,777,804
777,747,757
747,804,748
746,747,748
733,747,746
756,732,764
732,756,757
732,711,764
732,733,711
747,732,757
732,747,733
668,670,667
668,673,670
608,668,667
668,608,609
606,872,822
872,844,822
844,872,759
872,606,741
740,872,741
872,740,759
846,827,867
846,867,701
822,846,781
827,846,822
846,702,781
702,846,701
459,397,398
459,385,397
399,459,398
385,387,383
386,387,587
459,387,385
387,399,587
387,459,399
691,609,610
702,800,773
690,800,702
691,800,690
773,800,610
800,691,610
24,26,22
730,26,31
26,27,31
26,24,27
22,26,727
26,730,727
563,674,562
594,674,563
674,640,562
640,674,731
674,6,731
6,674,5
379,67,66
365,67,379
67,69,66
67,365,69
471,485,486
485,488,486
485,512,490
488,485,490
440,439,429
440,471,439
511,430,429
415,430,511
838,771,772
697,838,772
72,838,697
80,647,77
647,771,77
647,625,624
646,647,624
771,647,646
625,647,83
647,80,83
577,622,873
622,577,576
577,623,576
623,577,621
620,577,873
577,620,621
463,460,461
456,460,457
461,460,456
460,462,457
460,463,462
814,799,689
799,655,689
601,799,626
799,814,626
537,799,601
655,799,537
467,466,464
466,467,479
479,467,478
467,463,478
463,467,464
57,55,47
40,57,47
57,40,60
55,686,716
686,665,716
665,686,698
57,686,55
686,62,698
62,686,60
686,57,60
62,64,698
64,62,65
715,687,698
64,715,698
715,64,65
715,65,68
687,715,68
85,854,83
854,85,86
80,85,83
85,80,92
90,85,92
86,85,90
1243,1246,1237
1246,1243,1226
1234,1243,1237
1243,1208,1226
1208,1243,1234
1234,1236,1199
1241,1236,1237
1236,1234,1237
1238,1200,1199
1236,1238,1199
1238,1236,1229
1017,986,1016
988,1061,977
1017,988,986
1120,1107,1108
1025,1041,1026
1025,1040,1041
1040,1025,943
1025,999,943
1010,1025,1026
1025,1010,999
243,1193,241
243,1182,1193
253,243,241
1228,1229,1239
1054,1100,1052
1054,1034,1051
1034,1054,1052
1191,1249,1216
1207,1191,1216
1191,1207,1221
1158,1157,1221
1157,1158,1151
1157,1191,1221
1160,1113,1148
1177,1195,1176
1195,1194,1196
1176,1195,1196
1150,1158,1159
1158,1150,1151
1139,1177,1174
276,278,277
278,276,285
1244,1158,1221
1244,1202,1158
1244,1207,1217
1207,1244,1221
1220,1244,1217
1202,1244,1220
1222,1202,1220
1222,1218,1256
1218,1222,1220
1222,1256,1223
1202,1190,1159
1195,1190,1194
211,1186,209
211,1219,1186
211,209,212
1219,211,212
1167,1147,1249
1191,1167,1249
1167,1157,1166
1157,1167,1191
297,1050,1074
931,899,201
875,931,201
718,794,187
981,912,921
981,975,972
912,981,228
981,921,1068
975,981,1068
228,981,230
981,973,230
973,981,972
933,927,926
927,917,926
927,216,917
927,933,218
216,927,218
909,911,250
247,909,250
911,909,942
909,938,942
909,904,938
909,247,246
904,909,246
903,904,242
903,902,929
904,903,938
903,242,240
902,903,240
903,936,938
937,903,929
936,903,937
1129,1179,1120
1080,1066,1046
1046,1066,978
1066,1064,978
1065,1066,1098
1066,1065,1064
1192,1080,1113
1066,1192,1098
1192,1066,1080
987,936,989
1015,987,989
986,987,1016
987,1015,1016
952,977,942
938,952,942
936,952,938
952,987,986
987,952,936
952,988,977
988,952,986
582,533,684
533,575,684
575,533,534
533,522,534
522,533,524
533,582,524
574,572,534
572,575,534
572,574,664
522,532,573
521,532,522
532,603,573
532,567,603
567,532,558
497,442,564
497,532,521
497,564,558
532,497,558
473,476,498
476,521,498
476,473,443
476,497,521
643,529,530
643,530,684
694,643,684
529,643,645
645,643,696
643,694,696
817,744,815
743,744,816
744,817,816
156,586,158
586,584,158
586,156,565
584,586,583
583,586,585
586,614,585
586,565,614
170,525,172
170,168,525
168,170,166
170,161,166
170,172,160
161,170,160
551,183,181
185,183,551
183,185,187
183,197,181
708,681,630
681,629,630
629,682,738
682,737,738
681,682,629
682,681,683
745,743,803
859,865,866
865,859,863
859,898,863
898,859,829
859,866,860
829,859,860
1004,864,884
864,865,884
865,864,866
864,1043,866
1043,864,959
864,1004,959
839,831,658
831,657,658
831,841,983
841,831,839
922,831,983
907,922,908
907,876,848
905,907,848
907,906,876
906,907,908
431,432,499
432,431,407
431,112,407
431,114,112
116,509,118
114,116,112
116,431,509
431,116,114
109,116,118
116,109,112
474,475,499
508,475,523
499,475,508
475,474,473
475,498,523
475,473,498
393,369,420
369,393,411
369,367,420
369,411,373
368,369,373
367,369,361
369,368,361
953,1091,956
1091,953,188
1091,1132,956
1091,1115,1132
1090,953,951
1090,951,949
923,1090,949
179,193,180
193,195,1135
191,193,1135
195,193,177
193,179,177
1165,205,1189
205,1165,204
1258,1165,1189
204,1165,202
1165,1258,202
1105,1253,202
1258,1105,202
1105,1258,1088
1253,1105,1114
1105,1085,1114
1085,1105,1088
969,638,657
638,969,704
704,969,905
525,648,703
648,638,704
648,705,703
648,704,705
955,1005,1006
955,957,951
954,955,951
1005,955,954
948,970,1006
970,955,1006
955,970,957
970,916,957
1059,343,1086
311,310,309
310,311,946
1083,1029,1032
1029,1093,1006
1032,1029,1006
1029,946,1093
1029,310,946
1047,1076,1079
1095,1047,1079
1047,1095,1077
1047,1077,1045
1078,1047,1044
1076,1047,1078
1036,1047,1045
1047,1036,1044
889,891,858
891,889,892
891,842,858
891,892,842
994,913,892
996,913,992
913,994,992
913,996,984
982,913,984
965,935,882
935,883,882
883,935,934
935,961,934
935,960,961
935,965,960
874,129,813
807,874,813
811,874,807
129,874,1134
874,811,1134
812,857,856
811,812,856
843,812,788
812,807,788
812,811,807
812,843,785
857,812,785
668,672,673
691,692,676
692,691,690
692,690,701
693,692,701
867,721,701
721,693,701
692,679,676
679,692,693
713,679,693
679,713,680
673,677,700
123,117,124
119,117,123
113,714,766
714,713,766
713,714,680
383,381,377
387,381,383
381,387,386
381,384,377
381,386,384
674,592,5
592,674,594
592,2,5
592,594,675
1,592,675
592,1,2
54,440,429
430,54,429
771,75,77
838,75,771
75,72,77
75,838,72
1209,1129,1138
1129,1209,1179
1235,1234,1199
1235,1208,1234
1200,1235,1199
1179,1235,1200
1209,1235,1179
1236,1242,1229
1242,1236,1241
1099,1053,1052
278,1257,277
1257,276,277
248,252,1226
252,248,249
252,1246,1226
1246,252,1233
252,249,1233
243,245,1182
245,253,251
245,243,253
249,245,251
1121,1163,1136
1238,1163,1200
1163,1179,1200
1179,1163,1120
1163,1121,1120
1162,1228,1136
1163,1162,1136
1162,1163,1238
1162,1238,1229
1228,1162,1229
1054,1112,1100
1153,1157,1151
1157,1153,1166
1170,1153,1151
1131,1153,1170
1160,1116,1113
1116,1192,1113
1112,1116,1117
1131,1111,1117
1112,1111,1100
1111,1112,1117
1130,1131,1170
1139,1152,1177
1152,1195,1177
1152,1150,1159
1190,1152,1159
1152,1190,1195
288,1251,292
288,1248,1251
1222,1201,1202
1201,1190,1202
1201,1223,1210
1201,1222,1223
1194,1201,1210
1190,1201,1194
1167,1168,1147
1147,1168,1148
1168,1160,1148
1160,1168,1166
1168,1167,1166
968,875,832
968,931,875
183,194,197
194,832,197
795,718,833
795,794,718
849,795,833
194,795,832
795,194,794
1141,1097,1096
1041,1097,1026
1096,1097,1041
1024,286,1074
572,579,575
579,663,662
663,579,578
578,579,664
579,572,664
497,654,442
476,654,497
442,654,443
654,476,443
707,809,815
744,707,815
809,707,708
707,681,708
681,707,683
707,739,683
739,707,744
739,744,743
745,739,743
802,736,803
736,745,803
737,736,802
682,736,737
736,682,683
739,736,683
736,739,745
830,907,905
907,830,922
830,831,922
969,830,905
831,830,657
830,969,657
431,506,509
506,431,499
506,613,509
506,499,508
613,506,508
189,1091,188
1091,189,1115
186,189,188
924,950,923
950,1090,923
950,924,984
638,853,633
648,853,638
633,853,635
853,525,635
853,648,525
947,970,948
344,343,1059
337,1180,1086
308,1029,1083
310,308,309
1029,308,310
890,841,892
913,890,892
841,890,983
890,982,983
890,913,982
671,668,609
671,672,668
691,671,609
671,691,676
672,671,676
792,845,100
792,827,845
827,792,867
792,721,867
103,792,100
721,720,693
720,713,693
669,677,673
672,669,673
669,679,680
669,672,676
679,669,676
677,784,700
784,712,700
763,784,785
784,763,712
856,767,122
485,35,512
481,485,471
481,35,485
44,481,471
481,44,42
23,30,14
1182,1181,1174
1178,1209,1138
1178,1235,1209
1178,1197,1208
1235,1178,1208
1252,1242,1241
1242,1252,1248
1248,1252,1254
1254,1252,1250
1252,1241,1250
1229,1240,1239
1242,1240,1229
276,1240,285
1240,1257,1239
1257,1240,276
1127,1096,1041
1127,1040,1061
1040,1127,1041
988,1060,1061
1060,1127,1061
1127,1060,1072
1060,1028,1072
1028,988,1017
1028,1060,988
1101,1053,1099
1107,1101,1108
1101,1106,1108
1106,1101,1099
293,1141,291
304,1021,1022
303,304,1022
304,303,306
1062,304,306
304,1062,1021
1050,300,1022
300,293,303
245,1225,1182
248,1225,249
1225,245,249
1119,1107,1120
1121,1119,1120
1119,1109,1107
1109,1119,1118
1109,1118,1124
1137,1121,1136
1137,1119,1121
1119,1137,1118
1118,1137,1124
1137,1171,1124
1169,1131,1117
1169,1153,1131
1153,1169,1166
1169,1160,1166
1116,1169,1117
1169,1116,1160
1116,1110,1192
1110,1116,1112
1192,1110,1098
1110,1198,1098
1198,1110,1051
1110,1054,1051
1110,1112,1054
1106,1125,1108
1125,1120,1108
1125,1129,1120
1126,1111,1131
1130,1126,1131
1126,1106,1100
1111,1126,1100
1126,1125,1106
1125,1126,1130
1140,1130,1170
1140,1152,1139
1152,1140,1150
1140,1170,1151
1150,1140,1151
289,290,1248
288,289,1248
289,288,292
290,289,285
794,192,187
194,192,794
192,183,187
192,194,183
850,795,849
850,849,877
850,968,832
795,850,832
296,297,1074
286,296,1074
1075,286,1024
1075,1024,1026
1097,1075,1026
1075,1097,1141
293,1075,1141
575,581,685
579,581,575
685,581,837
581,662,837
581,579,662
190,189,186
1115,190,191
189,190,1115
1013,997,996
997,1013,1001
193,182,180
182,193,191
1084,186,188
996,985,984
985,950,984
997,985,996
985,997,1003
950,985,1090
321,324,322
1042,948,932
1042,947,948
899,1042,932
931,1042,899
970,998,916
947,998,970
916,998,877
341,337,1086
1180,1081,1082
337,1081,1180
1081,1031,1082
1081,1083,1031
792,106,721
103,106,792
111,113,766
720,791,713
713,791,766
791,111,766
111,791,110
678,669,680
669,678,677
678,769,677
714,678,680
121,119,122
767,121,122
121,767,119
768,769,767
857,768,856
768,767,856
826,784,677
769,826,677
768,826,769
826,768,857
826,857,785
784,826,785
765,714,113
765,117,119
765,678,714
678,765,769
767,765,119
769,765,767
29,28,512
35,29,512
38,481,42
481,38,35
54,48,440
48,54,39
46,48,41
48,46,440
30,33,14
482,38,42
482,33,30
33,482,41
51,54,430
54,51,39
50,49,415
50,413,53
50,415,413
37,50,53
49,50,37
1181,1212,1197
1212,248,1226
1212,1225,248
1208,1212,1226
1197,1212,1208
1212,1181,1182
1225,1212,1182
1175,1181,1197
1178,1175,1197
1175,1178,1138
1181,1175,1174
1175,1139,1174
1139,1175,1138
283,290,285
284,283,285
1027,1028,1017
1027,1017,1016
1034,1027,1016
1027,1034,1052
1053,1027,1052
269,275,291
280,272,271
280,269,291
269,280,271
270,269,271
1255,1141,1096
297,299,1050
299,300,1050
296,299,297
302,303,1022
300,302,1022
302,300,303
1101,1122,1053
1122,1101,1107
1109,1122,1107
1128,1140,1139
1140,1128,1130
1128,1139,1138
1129,1128,1138
1125,1128,1129
1128,1125,1130
295,296,286
1075,295,286
295,299,296
1014,1002,1001
1002,997,1001
1002,179,180
1002,1014,179
997,1002,1003
1084,184,186
184,190,186
190,184,191
184,182,191
1090,1164,953
985,1164,1090
953,1164,188
1164,1084,188
1084,1164,1003
1164,985,1003
317,321,322
311,317,946
317,311,309
321,317,309
316,321,309
308,316,309
316,308,315
941,1058,1059
1058,329,1059
1058,941,940
1058,324,329
946,1058,940
324,1058,322
317,1058,946
1058,317,322
332,331,1059
329,332,1059
327,324,321
316,327,321
327,316,331
332,327,331
324,327,329
327,332,329
1042,915,947
915,998,947
968,915,931
915,1042,931
850,915,968
915,850,877
998,915,877
343,342,1086
342,341,1086
339,341,344
339,344,1059
334,339,1059
339,334,340
312,314,1083
314,308,1083
308,314,315
108,111,110
108,106,103
111,108,117
108,103,100
115,765,113
765,115,117
111,115,113
115,111,117
29,32,28
32,482,30
482,32,38
32,29,35
38,32,35
28,32,23
32,30,23
43,46,41
43,482,42
482,43,41
46,45,440
440,45,471
45,44,471
43,45,46
44,45,42
45,43,42
36,33,41
36,48,39
48,36,41
52,430,415
52,51,430
49,52,415
52,49,37
52,37,39
51,52,39
1247,283,284
1247,284,285
1240,1247,285
1247,1240,1242
1247,1242,1248
290,1247,1248
283,1247,290
279,1257,278
1137,1161,1171
1228,1161,1136
1161,1137,1136
1141,281,291
281,280,291
1255,281,1141
1211,275,269
1161,1211,1171
1231,270,271
1213,1231,271
270,1231,269
1231,1211,269
1231,1213,1171
1211,1231,1171
1073,1122,1109
1027,1073,1028
1073,1027,1053
1122,1073,1053
294,1075,293
294,295,1075
295,294,299
300,294,293
299,294,300
1002,1063,1003
1063,1084,1003
182,1063,180
1063,1002,180
184,1063,182
1063,184,1084
331,336,1059
336,334,1059
336,316,315
316,336,331
313,314,312
314,313,315
313,336,315
325,323,1081
1081,318,1083
323,318,1081
793,720,721
106,793,721
108,793,106
793,791,720
791,793,110
793,108,110
33,34,37
36,34,33
37,34,39
34,36,39
1211,274,275
1230,1211,1161
1230,1161,1228
1230,274,1211
1230,1228,1239
1257,1230,1239
279,1230,1257
267,1213,271
272,267,271
268,267,272
1173,1172,1072
1127,1172,1096
1172,1127,1072
1172,1255,1096
1214,1173,1213
267,1214,1213
1214,267,268
1172,1214,1255
1214,1172,1173
1213,1144,1171
1173,1144,1213
1171,1144,1124
1144,1173,1072
1071,1109,1124
1071,1073,1109
1144,1071,1124
1071,1144,1072
1028,1071,1072
1073,1071,1028
336,335,334
313,335,336
334,335,340
320,313,312
320,323,340
335,320,340
320,335,313
323,326,340
325,326,323
326,333,340
333,339,340
339,333,341
273,1230,279
1230,273,274
273,279,275
274,273,275
1143,268,272
1143,1214,268
1214,1143,1255
280,1143,272
281,1143,280
1143,281,1255
319,320,312
319,312,1083
318,319,1083
341,338,337
338,333,337
333,338,341
330,1081,337
333,330,337
330,325,1081
328,326,325
328,333,326
330,328,325
328,330,333
341,342,344
344,342,343
320,319,323
319,318,323
