1,4,5,9,6,10,7,2,11,3,8,14
0,2,4,5,6,10,7,9,3,11,8,12
0,3,7,8,6,5,1,12,4,13,15,10
2,1,0,7,8,6,12,5,13,15,4,16
1,0,2,3,5,10,9,6,11,7,14,8
1,4,0,2,3,6,7,10,9,8,11,12
7,5,2,1,3,4,0,8,10,12,13,9
2,3,5,1,4,0,6,8,12,13,10,15
7,3,2,6,5,1,4,0,12,13,15,16
4,1,5,0,6,7,2,8,3,10,11,14
9,4,5,1,6,0,7,2,8,3,11,14
9,10,4,1,5,0,6,7,2,8,3,12
8,7,3,6,2,5,1,10,4,9,0,13
12,8,7,6,3,2,5,10,1,4,9,11
11,9,10,4,5,1,6,0,7,13,8,2
16,13,12,8,7,6,3,2,5,10,1,4
15,13,12,8,7,3,6,2,5,10,1,4
16,15,13,12,8,7,3,6,2,5,10,1
14,11,9,10,4,5,1,6,0,13,7,15
17,16,15,13,12,8,3,7,6,2,5,10
19,17,16,15,13,12,8,3,7,2,6,5
18,14,11,864,9,10,4,5,6,1,0,13
21,18,14,864,11,9,10,4,5,6,1,0
20,19,17,16,15,13,12,8,864,7,3,6
22,21,18,14,864,11,9,10,4,5,6,1
23,20,19,17,16,15,13,12,8,864,7,3
24,22,21,18,14,864,11,9,10,868,4,5
28,26,24,22,21,18,14,864,11,9,10,868
26,24,22,21,18,14,864,11,9,10,868,4
25,23,20,19,17,868,16,15,13,12,8,864
27,28,26,24,22,21,18,14,864,11,9,10
29,25,23,20,19,868,17,16,15,13,12,8
30,27,28,26,24,22,852,21,18,14,864,11
32,30,27,28,26,24,22,852,21,18,14,864
31,29,25,23,20,19,868,17,16,15,13,12
32,33,30,27,28,26,24,22,852,21,18,14
34,31,29,25,23,20,19,868,17,16,15,13
35,32,33,30,27,28,26,24,22,852,21,18
36,34,31,29,871,25,23,20,19,868,17,16
37,35,32,33,30,834,27,28,26,24,22,852
38,36,34,31,871,29,25,23,20,868,19,17
39,37,35,32,33,834,30,27,28,26,24,22
41,39,37,35,32,33,834,30,27,28,26,24
40,38,36,34,31,871,29,25,23,20,868,19
43,40,38,36,34,31,29,871,25,23,20,868
42,41,39,37,35,32,33,30,834,27,28,26
45,42,41,39,37,35,32,33,30,834,27,28
44,43,40,38,36,34,31,29,871,25,23,20
42,41,39,37,35,32,33,834,30,27,28,26
45,46,50,48,42,41,39,37,35,32,33,30
46,45,48,42,41,39,37,35,32,33,30,834
49,45,46,50,48,42,41,39,37,35,32,33
48,42,41,835,39,37,35,32,33,834,30,27
51,49,45,46,50,52,48,42,41,39,835,37
52,48,42,41,835,39,37,35,32,33,834,30
50,53,49,46,51,45,54,52,48,42,41,39
54,52,48,42,41,835,39,37,35,32,33,834
47,44,43,40,872,38,36,34,31,871,29,25
53,51,55,49,50,45,46,61,56,54,52,48
60,61,56,54,52,48,42,41,835,39,50,55
61,56,54,52,48,42,41,835,39,37,50,55
56,54,52,48,42,41,835,39,37,35,32,50
57,47,44,43,872,40,38,36,34,31,871,29
64,58,53,51,65,49,55,45,50,46,66,67
58,53,51,55,49,45,50,46,66,67,59,60
55,58,64,53,51,50,49,46,45,66,67,59
67,59,60,61,56,54,52,48,50,55,42,46
59,60,61,56,54,52,48,42,50,55,41,835
63,64,58,53,51,65,49,55,45,46,50,69
66,67,59,60,61,56,54,52,55,50,65,48
62,57,47,872,44,43,40,38,36,34,871,31
72,69,66,67,59,60,65,55,61,50,56,46
69,66,67,59,60,61,56,55,65,50,54,46
70,62,57,47,44,872,43,40,38,36,34,31
68,63,64,58,53,65,51,75,49,55,45,50
65,55,58,64,53,63,50,51,68,49,71,46
71,72,69,66,75,67,65,59,55,60,50,58
73,70,62,57,47,44,872,43,40,38,36,34
76,71,72,75,69,65,66,55,67,50,59,58
75,65,78,58,64,55,63,76,53,74,68,71
78,76,71,79,75,72,65,69,55,66,58,50
77,73,70,62,57,47,44,872,43,40,38,36
79,75,83,80,65,64,78,74,58,63,68,76
80,78,79,76,75,71,65,72,55,69,58,64
81,77,73,70,873,62,57,47,872,44,43,40
74,82,68,63,79,64,58,75,65,83,53,51
82,87,79,85,83,75,80,74,65,64,63,68
83,82,80,79,78,75,76,65,71,72,85,805
84,81,77,73,70,873,62,57,47,44,872,43
88,84,81,77,73,70,873,62,57,47,44,872
91,89,88,84,81,77,73,70,873,62,57,47
89,88,84,81,77,73,70,873,62,57,47,44
91,90,89,88,84,81,77,73,70,873,62,57
85,86,82,74,94,79,87,68,63,64,83,75
87,86,83,82,80,79,78,75,76,85,71,805
92,91,90,89,88,84,81,77,73,70,873,62
93,85,86,82,94,87,74,79,83,68,75,63
96,86,94,93,82,87,85,83,79,80,75,74
97,96,93,86,94,99,85,82,87,79,83,74
94,87,97,98,83,86,82,80,96,79,78,93
96,93,98,97,85,86,94,82,99,87,101,74
99,94,87,97,83,98,86,82,80,805,78,79
101,99,94,87,97,83,98,86,805,80,82,78
104,100,93,96,105,98,97,85,86,94,82,99
100,96,93,105,98,97,85,86,94,82,99,74
98,100,97,96,93,86,94,99,101,85,82,87
103,104,100,93,96,105,98,97,85,86,82,94
102,101,99,94,87,97,805,83,105,98,80,86
106,103,104,100,93,96,109,105,98,85,97,86
105,98,100,104,97,96,103,93,106,111,99,94
111,99,101,109,105,102,97,107,94,98,100,96
101,102,99,107,94,97,105,98,87,86,100,96
95,92,859,91,90,89,88,84,81,858,77,73
110,111,101,99,102,107,109,94,105,97,98,100
115,111,113,116,110,107,102,101,99,94,109,105
116,107,111,102,113,101,110,99,94,109,97,105
107,102,111,101,113,99,110,94,97,109,87,105
118,859,112,95,92,90,91,89,88,858,84,81
112,859,95,92,90,91,89,88,84,858,81,77
109,105,100,104,103,98,110,106,96,97,108,113
110,113,111,114,109,119,105,115,99,101,98,97
117,118,122,123,859,112,95,92,90,91,858,89
118,117,112,859,95,92,90,91,89,88,84,858
122,112,118,117,121,95,859,92,90,91,89,88
108,808,106,103,104,119,100,109,93,96,105,98
121,117,118,122,123,822,859,112,95,858,92,90
119,808,127,109,120,105,104,124,103,100,106,110
120,110,113,119,109,114,111,105,115,808,116,98
125,121,117,118,122,123,822,112,859,95,92,90
128,125,121,117,118,122,123,822,112,859,95,858
124,808,108,126,106,103,119,104,100,109,105,127
126,808,119,130,127,124,109,120,103,106,108,104
133,129,125,128,822,121,117,118,122,123,859,112
129,128,125,121,822,117,118,122,123,859,112,858
130,124,808,131,108,126,106,103,119,104,100,135
127,126,131,120,119,110,113,109,114,808,111,105
132,133,129,822,125,128,121,117,118,122,123,859
138,134,130,124,808,108,131,106,139,126,103,140
137,134,130,124,808,131,108,139,126,106,140,103
131,126,135,127,119,808,130,120,109,134,124,806
141,139,135,131,126,127,119,808,120,806,109,130
135,139,131,127,126,806,120,119,808,109,110,113
136,132,133,822,129,125,128,121,117,792,118,122
137,138,134,130,124,108,808,131,106,139,126,103
142,136,132,822,133,129,125,128,792,121,117,118
143,137,138,134,130,124,108,808,131,106,139,126
144,142,136,132,822,133,792,129,125,128,121,117
145,143,137,138,134,130,124,108,808,131,139,106
149,146,144,142,792,136,822,132,133,129,125,128
146,144,142,136,132,792,822,133,129,125,128,121
147,145,143,137,138,134,130,855,124,108,808,131
148,149,146,144,792,142,136,822,132,133,129,125
150,147,145,143,137,138,134,130,855,124,108,808
151,148,149,146,144,792,142,136,822,132,133,129
152,150,147,145,143,137,138,134,130,855,124,108
154,152,150,147,145,143,137,138,134,130,855,124
153,151,148,149,786,146,144,792,142,136,132,822
155,154,152,150,147,145,143,137,138,134,855,130
157,155,154,152,150,147,145,143,137,138,134,855
158,157,155,154,152,150,147,145,818,143,137,138
156,153,151,786,148,149,146,144,792,142,136,132
159,158,157,862,155,154,152,150,147,818,145,143
160,156,786,153,151,148,149,146,144,792,142,136
161,159,158,157,862,155,154,152,150,147,818,145
162,160,156,786,153,787,151,148,149,146,144,783
163,161,854,159,158,862,157,155,154,152,150,818
164,785,162,160,156,787,786,153,151,148,149,146
165,163,854,161,159,862,158,157,841,155,154,152
167,165,163,854,161,159,862,841,158,157,155,154
166,164,785,162,781,160,787,156,786,153,151,148
168,167,165,869,163,854,161,159,841,862,158,157
169,790,166,164,785,781,162,160,787,156,786,153
170,168,167,869,165,163,854,161,841,159,862,158
171,169,790,166,164,785,781,162,787,160,156,786
173,171,790,169,166,781,785,164,162,787,160,779
172,170,867,168,167,869,165,163,854,161,841,159
174,173,775,171,790,169,166,774,781,785,164,162
176,174,775,173,171,790,169,774,781,166,785,164
177,176,775,174,173,171,790,774,169,781,166,785
175,172,867,170,168,167,869,165,842,854,163,841
181,182,178,775,177,176,774,174,173,790,171,781
182,178,177,775,176,174,173,774,790,171,781,169
178,177,775,176,174,173,790,171,774,169,781,166
186,774,187,188,180,181,775,182,178,779,177,781
183,186,187,774,188,180,181,775,182,178,177,779
184,186,183,187,188,180,774,181,775,182,178,177
187,188,183,180,181,774,775,182,178,177,176,174
186,188,180,181,183,182,775,178,774,177,176,174
180,181,182,775,178,177,774,176,174,173,790,781
183,184,185,186,187,774,188,773,180,181,775,182
179,175,861,867,172,170,168,869,167,165,842,854
189,184,183,185,186,187,188,774,180,773,181,775
191,185,184,189,186,183,187,188,180,774,181,182
192,191,185,186,184,187,189,183,188,180,181,182
190,179,861,175,867,172,170,168,869,167,842,165
193,192,186,191,187,185,188,184,180,189,183,181
195,193,192,187,188,186,185,191,180,184,181,189
196,195,193,192,187,188,180,186,181,185,191,182
197,196,195,193,188,180,187,192,181,186,182,772
198,197,196,195,193,180,188,181,192,187,182,772
194,860,190,179,861,175,867,172,170,168,869,842
199,198,197,196,195,193,180,181,188,182,192,187
201,199,198,197,196,195,193,181,182,180,188,178
200,860,194,847,190,179,861,851,175,867,172,170
202,201,199,198,756,197,196,195,193,182,181,180
204,202,201,199,756,198,197,196,195,193,182,772
203,200,860,847,194,190,861,179,851,175,867,172
205,204,202,201,199,756,198,197,196,195,193,772
207,205,204,202,201,756,199,198,197,196,195,193
206,848,203,200,847,838,860,194,190,851,861,179
208,207,750,205,204,202,201,756,199,198,757,197
209,206,848,203,838,200,847,860,194,190,851,861
211,209,206,848,203,838,200,847,860,194,190,851
212,211,209,206,848,203,838,200,847,860,194,190
210,208,750,207,205,204,202,201,756,757,199,198
213,212,211,209,849,206,848,203,200,838,847,860
215,213,212,211,209,849,206,848,203,200,838,847
216,215,213,212,211,209,849,206,848,203,200,838
217,216,215,213,212,211,849,209,206,844,848,203
214,210,208,750,751,207,205,204,757,202,756,201
218,217,216,215,213,212,211,849,209,206,844,848
219,749,214,210,751,208,750,207,205,769,757,204
220,218,217,216,839,215,213,212,211,849,209,844
222,220,218,217,839,216,215,213,212,211,849,209
221,219,749,214,210,751,208,750,207,769,205,757
223,222,220,218,839,217,216,215,213,212,211,849
224,747,221,219,749,748,214,751,210,208,750,769
225,223,222,220,218,839,217,216,215,213,212,211
227,225,223,222,220,218,839,217,216,215,213,212
226,224,747,221,219,748,749,214,751,210,758,750
228,227,832,225,223,222,833,220,218,839,217,216
229,226,746,224,747,221,753,748,219,749,214,751
230,228,832,227,225,223,833,222,220,839,218,217
231,229,746,226,224,747,221,753,748,219,749,214
232,230,832,228,227,225,833,223,815,222,220,839
234,232,816,230,832,228,227,225,833,815,223,222
233,732,231,229,746,226,747,224,753,221,745,748
235,234,816,232,230,832,228,815,227,833,225,223
236,732,233,231,733,229,746,226,753,747,224,745
237,235,816,234,232,763,230,832,815,228,227,833
238,236,732,233,231,733,746,229,226,753,747,745
239,237,235,816,234,763,232,230,815,832,228,833
240,238,722,236,732,233,733,231,746,229,753,226
242,240,722,238,236,732,733,233,734,231,746,229
241,239,764,237,235,816,763,234,232,815,230,760
243,242,240,722,238,236,732,733,734,233,231,746
244,241,764,239,237,763,816,235,234,760,232,815
245,243,242,240,722,238,236,732,233,733,734,231
247,245,243,242,240,722,238,236,732,233,733,734
248,247,245,243,242,240,722,238,236,732,233,734
246,244,764,241,239,237,763,816,235,760,234,815
250,246,244,764,735,241,239,237,763,816,760,235
249,248,247,245,721,243,242,240,722,238,236,732
251,250,246,735,244,764,241,239,763,237,760,816
252,249,248,247,721,245,243,242,240,722,238,720
253,251,250,735,246,244,764,241,239,763,760,237
254,252,249,248,247,721,245,243,242,240,722,238
255,253,776,251,250,735,246,764,244,241,239,763
256,254,252,714,249,248,247,721,245,243,242,240
258,256,254,252,714,249,248,247,721,245,243,242
257,255,776,253,251,735,250,729,246,764,244,241
259,258,256,254,252,714,249,248,247,721,245,243
260,257,776,255,253,251,729,735,250,246,730,764
261,259,713,258,256,254,252,714,249,248,247,721
262,260,257,776,255,253,729,251,735,250,730,246
263,261,713,259,258,256,254,252,714,249,248,247
264,262,731,260,257,776,255,729,253,251,735,730
265,263,261,713,259,258,256,254,714,252,249,248
267,265,706,263,261,713,259,258,700,256,254,714
266,264,731,262,260,728,257,776,729,255,253,730
268,267,706,265,263,261,713,259,700,258,256,254
269,266,264,731,262,728,260,257,776,729,255,253
270,268,267,706,265,263,261,713,700,259,258,256
271,269,727,266,264,731,262,728,260,257,776,729
272,270,268,695,267,706,265,263,261,713,700,259
273,271,727,269,266,264,731,728,262,711,260,257
274,272,270,268,695,267,706,265,263,694,261,713
275,273,712,271,727,269,266,264,731,728,711,262
276,274,691,272,270,695,268,267,706,265,263,694
278,276,691,274,272,270,695,268,267,706,265,694
277,275,712,273,271,727,269,266,711,681,728,731
279,278,276,691,274,272,690,270,695,268,267,706
281,279,278,276,691,274,272,690,270,695,268,267
280,277,275,712,684,273,271,727,269,681,711,266
282,281,667,279,278,276,691,274,690,272,270,695
283,682,280,277,684,275,712,273,671,727,271,681
284,282,667,281,279,278,276,691,690,274,272,642
286,284,282,667,281,644,279,278,276,691,690,274
285,283,682,280,684,277,712,275,671,273,681,727
287,286,634,284,282,667,281,644,279,278,691,276
288,698,285,283,682,683,280,684,277,671,712,275
289,287,634,286,284,667,282,644,281,279,278,691
290,288,698,285,283,683,682,280,684,277,671,670
291,289,287,634,286,284,667,644,282,281,279,612
293,291,289,635,287,634,286,284,644,667,282,281
292,696,290,288,698,687,285,683,283,682,280,684
294,293,291,289,635,287,634,286,611,284,644,667
296,603,294,293,291,635,289,287,634,611,286,284
295,696,292,290,687,288,698,285,683,680,682,283
297,296,603,604,294,293,291,635,289,611,287,634
298,697,295,696,292,686,687,290,698,288,680,683
299,297,604,603,296,294,293,635,291,611,289,607
300,697,298,295,696,686,292,687,290,698,288,680
301,299,297,604,603,296,294,293,635,291,611,607
303,301,299,604,297,603,296,294,293,635,607,291
302,300,697,298,295,686,696,292,687,685,290,698
304,303,598,301,299,604,297,599,603,296,294,607
305,302,709,300,697,298,686,295,696,292,685,687
306,304,598,303,301,299,604,599,297,603,296,294
308,306,598,304,303,301,599,299,604,297,603,296
309,308,306,598,304,303,301,599,604,299,297,603
307,305,302,709,300,697,298,686,295,685,696,687
310,309,543,308,598,306,304,303,599,573,301,604
312,310,543,309,308,598,306,304,573,599,303,301
311,707,307,305,709,302,300,693,697,298,686,685
313,312,543,310,309,308,598,306,573,304,599,303
315,313,312,543,310,309,308,573,598,306,599,304
314,707,311,307,710,305,709,302,693,300,697,298
316,315,538,313,543,312,310,309,573,308,598,306
318,316,538,315,313,543,312,310,539,573,309,308
317,314,707,311,710,307,305,709,693,302,300,657
319,318,538,316,315,313,543,312,539,310,573,309
321,319,541,318,538,316,315,313,539,543,312,573
320,702,317,314,707,311,710,678,307,305,709,693
322,321,541,319,318,538,316,315,539,313,543,540
324,322,541,321,319,538,318,316,539,315,540,313
325,324,541,322,321,319,538,318,539,316,540,315
326,325,324,541,537,322,321,319,538,539,540,318
323,675,320,702,317,314,707,678,710,311,307,693
327,326,537,325,324,541,322,321,540,319,539,538
329,327,537,326,325,541,324,322,321,540,539,319
328,675,323,320,676,702,317,314,677,678,707,710
330,329,327,537,326,325,541,324,322,540,321,539
332,330,329,537,327,566,326,325,541,324,540,322
333,332,330,566,329,537,327,326,325,541,540,324
334,333,332,566,330,537,329,327,326,325,540,541
331,663,328,675,323,676,320,702,317,677,678,314
335,334,333,566,332,330,537,329,327,326,540,325
337,335,334,566,333,332,330,537,329,327,540,326
338,337,335,566,334,565,333,332,330,537,329,327
339,338,337,335,566,565,334,333,332,330,537,329
336,331,663,328,675,323,653,676,320,702,677,317
340,339,338,565,337,566,335,334,333,332,330,537
342,340,339,565,338,337,566,335,334,333,332,591
343,342,340,565,339,338,337,566,335,334,591,333
341,651,336,663,331,328,675,653,676,323,320,702
344,343,342,623,340,565,339,338,337,566,335,591
345,341,651,336,663,331,653,328,675,676,323,628
346,344,343,623,342,565,340,339,338,337,566,591
348,346,344,623,343,342,565,340,339,338,591,337
347,345,341,651,336,663,650,331,653,328,675,676
349,348,346,623,344,343,342,565,340,339,338,602
350,347,654,345,651,341,336,650,663,331,653,328
351,349,348,568,346,623,344,343,342,565,340,602
352,350,654,347,345,651,341,650,336,663,653,331
353,351,349,568,348,623,346,344,343,584,342,565
357,355,353,351,349,568,348,346,623,344,343,342
356,355,353,351,349,348,568,346,623,344,343,342
357,356,355,353,351,349,348,568,346,623,344,343
358,357,356,355,353,351,349,348,346,568,344,623
354,352,350,652,654,347,345,651,650,341,336,663
359,358,357,356,355,353,351,349,348,346,568,344
361,359,358,536,357,356,355,353,351,349,348,582
360,354,352,652,350,654,347,345,651,622,650,341
362,361,359,536,358,357,356,355,353,351,349,582
363,655,360,354,652,352,654,350,347,622,345,650
365,363,655,360,354,652,621,352,654,350,347,622
368,364,362,361,536,359,358,357,356,355,353,582
364,362,361,536,359,358,357,356,355,353,351,582
367,368,364,569,362,536,361,359,358,357,356,355
366,365,363,655,360,354,621,652,352,654,350,586
369,367,368,364,362,569,536,361,359,358,357,356
371,369,368,367,364,362,569,361,536,359,358,357
370,366,645,365,363,655,360,621,354,652,352,586
372,371,369,368,367,364,362,569,361,536,359,358
374,372,371,369,368,367,364,362,569,361,536,359
373,370,645,366,365,655,363,621,360,652,354,586
375,374,372,534,371,369,368,367,364,362,569,361
377,375,374,372,534,371,369,368,367,364,362,569
376,373,645,370,366,365,655,363,596,621,360,652
378,377,375,374,372,534,371,369,368,367,364,571
380,378,377,375,374,533,534,372,371,369,368,367
379,592,376,373,645,370,366,596,365,655,363,621
381,380,524,378,377,375,533,374,534,372,371,369
382,379,592,594,376,373,645,370,596,366,365,655
383,381,524,380,378,377,375,533,374,534,372,371
385,383,381,524,380,378,377,533,375,374,534,372
384,382,594,379,592,376,373,645,597,596,370,366
386,385,383,532,524,381,380,378,533,377,375,534
387,384,382,594,379,592,376,597,373,645,596,370
388,386,532,385,383,524,381,380,533,378,377,375
389,574,387,384,593,594,382,379,592,376,597,373
390,388,386,532,385,383,524,381,380,576,533,378
391,389,574,387,384,593,594,382,556,592,379,597
392,390,388,532,386,385,383,524,576,381,380,533
393,391,557,574,389,387,593,384,594,556,382,597
394,392,564,390,388,532,386,385,576,383,524,381
396,394,564,392,390,388,532,577,386,576,385,383
397,396,394,564,392,390,388,532,577,576,386,385
395,393,557,391,574,389,554,387,593,556,384,594
398,397,396,564,394,392,390,577,388,532,576,386
400,398,397,396,394,564,392,390,577,388,532,576
401,400,398,397,396,564,394,392,577,390,388,532
399,395,557,393,391,574,554,389,593,387,556,384
402,401,400,398,397,562,396,564,394,392,577,390
403,399,552,395,557,393,554,391,574,389,593,556
404,402,401,400,562,398,397,396,564,394,600,577
405,403,552,399,395,557,393,554,391,574,389,593
406,404,402,401,562,400,398,397,396,564,394,600
407,405,403,552,399,395,557,544,554,393,391,574
408,406,404,402,562,401,400,398,397,396,600,564
410,408,563,406,404,402,562,401,400,398,397,396
409,407,405,552,403,399,544,395,557,554,393,608
411,410,563,408,406,404,526,402,562,401,400,398
413,411,410,563,408,406,526,404,402,562,401,400
412,550,409,407,405,547,552,403,399,544,395,554
414,413,411,410,563,408,526,406,404,562,402,401
415,412,550,409,407,547,405,552,403,544,399,530
416,414,512,413,411,410,563,408,526,406,404,562
417,415,550,412,409,547,407,405,552,403,544,530
418,416,512,414,413,411,410,563,513,408,526,406
420,418,512,416,414,413,513,411,563,410,526,408
419,553,417,415,550,412,546,547,409,407,405,552
421,420,418,512,416,414,513,413,411,563,410,526
423,421,420,512,418,416,513,414,413,411,563,526
422,419,553,417,415,546,550,412,547,409,407,530
424,423,421,420,512,418,513,416,414,413,526,411
425,422,553,419,417,546,415,550,412,547,409,530
427,425,422,553,419,546,417,415,550,547,531,412
426,424,423,421,420,512,418,513,416,414,413,511
428,427,425,422,553,419,546,417,415,531,550,547
429,426,424,509,423,421,420,512,513,418,510,416
430,428,551,427,425,422,553,546,419,417,531,415
431,429,426,509,424,423,421,420,513,512,510,418
433,431,429,509,426,424,423,421,510,420,513,512
434,433,431,508,429,509,426,424,423,510,421,513
432,430,551,428,427,425,422,553,546,419,531,417
435,434,433,431,508,429,509,426,424,423,510,421
437,435,434,508,433,431,509,429,426,510,424,515
436,432,430,551,428,427,548,425,422,546,553,531
438,437,435,508,434,433,431,509,429,510,515,426
440,438,437,435,508,434,514,433,431,509,429,515
439,436,567,432,430,551,428,548,427,425,422,546
441,440,438,437,435,434,508,433,514,431,429,509
442,439,567,436,432,551,430,548,428,427,425,422
443,441,440,438,437,435,514,508,434,433,431,429
445,443,441,505,440,438,437,514,435,508,434,433
444,442,549,439,567,436,432,548,551,520,430,428
446,445,505,443,441,440,438,514,437,435,508,516
448,446,505,445,443,441,440,514,438,516,437,435
449,448,505,446,445,443,441,440,514,516,438,437
447,444,442,549,439,567,436,520,432,548,551,430
450,449,448,446,505,445,443,441,440,516,514,438
451,555,447,444,549,442,560,439,567,436,520,519
453,451,555,447,444,549,560,442,567,439,520,436
452,450,506,449,448,446,505,445,443,441,516,440
454,453,555,451,447,560,444,549,442,567,439,520
455,452,506,450,449,448,505,446,445,516,443,441
456,454,453,555,451,447,560,549,444,442,519,520
458,456,454,453,555,451,560,447,549,444,519,442
457,455,506,452,450,523,449,448,505,446,445,516
459,458,456,535,454,555,453,451,560,447,549,519
460,457,455,506,452,523,450,449,448,505,446,516
462,460,457,455,506,523,452,450,449,448,505,446
461,459,458,535,456,454,555,453,560,451,447,519
463,462,460,457,523,455,506,452,450,449,448,505
464,461,459,535,458,456,454,555,453,560,522,451
466,464,461,535,459,458,456,454,555,522,453,560
467,466,464,535,461,459,458,522,456,555,454,453
465,463,507,462,460,457,523,455,506,452,522,450
468,467,466,464,535,461,459,522,458,456,555,454
469,507,465,463,462,460,523,457,506,455,522,452
471,469,507,465,463,462,460,523,522,457,506,455
474,472,507,471,469,465,463,522,462,523,460,457
472,471,507,469,465,463,462,523,460,522,457,506
470,468,467,466,464,535,461,522,459,458,456,454
473,474,472,507,471,469,465,522,463,523,462,460
476,473,474,472,471,507,469,465,522,463,462,523
475,470,528,468,467,466,464,535,522,461,459,458
477,476,473,474,472,471,507,469,465,528,522,463
478,475,528,470,468,467,466,527,464,522,535,461
479,527,477,476,473,474,472,471,507,469,528,465
480,478,528,475,470,527,468,467,466,464,522,481
481,479,527,477,476,473,474,472,471,528,507,469
482,529,480,478,528,475,527,470,468,483,467,481
484,482,529,480,561,478,528,527,475,486,483,470
483,481,527,479,529,477,476,473,474,472,484,528
486,483,561,481,527,479,529,477,485,476,473,474
485,484,529,482,561,480,478,487,486,527,528,483
488,485,484,529,482,561,480,487,486,478,527,483
491,489,492,488,485,529,484,561,482,480,487,486
492,490,489,488,485,529,561,484,482,487,486,480
491,490,489,488,561,529,485,484,487,486,482,483
487,486,561,483,481,492,491,479,527,490,529,489
492,491,490,489,561,488,529,485,487,486,493,484
496,497,487,561,494,493,492,486,498,491,490,483
497,487,493,498,561,486,494,492,491,483,490,489
496,493,487,498,486,561,494,483,492,491,490,481
493,487,486,483,561,481,494,492,491,479,527,490
500,494,501,492,495,491,496,490,561,497,489,502
499,501,494,495,496,492,491,497,561,490,502,487
495,496,494,497,561,492,502,487,491,493,486,490
497,493,496,498,487,495,486,561,483,494,492,491
493,502,498,497,487,496,495,486,501,500,561,483
498,503,493,502,497,487,496,486,495,501,500,483
445,514,443,441,440,438,437,508,515,435,434,433
452,450,449,505,448,516,446,445,514,443,441,440
465,523,463,462,522,460,457,506,455,519,452,450
434,509,433,431,510,429,426,424,513,423,421,511
429,426,513,424,423,512,421,511,420,418,416,789
509,511,513,518,429,426,789,424,525,512,423,531
789,525,609,526,512,530,600,545,563,418,416,414
416,414,413,526,563,411,410,408,789,406,562,404
512,511,789,526,418,416,414,563,525,413,411,600
515,508,440,438,437,510,435,434,509,433,431,517
517,510,508,518,548,509,437,435,511,434,531,433
515,505,521,514,520,446,440,445,441,517,443,508
518,531,510,511,551,530,525,546,509,513,789,430
511,525,530,789,513,546,609,545,547,544,526,553
560,520,516,521,506,555,549,515,505,548,450,452
521,549,548,515,517,567,444,514,442,531,439,551
515,517,548,514,510,531,518,567,508,551,440,511
519,523,535,465,560,464,463,461,506,462,459,516
506,519,457,516,455,452,450,449,505,448,520,560
381,380,378,533,377,375,534,374,372,371,369,571
609,789,545,600,526,544,601,608,559,547,563,577
563,600,562,410,411,408,609,406,404,577,402,401
479,477,476,528,473,474,472,507,522,471,478,469
475,522,470,468,476,467,477,473,466,535,507,474
482,480,527,528,478,483,481,475,479,470,476,477
525,547,544,545,608,609,550,789,554,552,415,559
546,518,530,553,525,547,427,511,425,422,544,419
524,386,533,385,383,381,575,380,378,377,534,375
534,571,377,378,380,375,374,372,371,369,569,367
371,372,369,374,375,367,368,569,364,362,536,361
459,560,458,555,456,519,454,453,451,549,520,447
356,357,358,359,355,361,353,582,351,349,568,348
326,541,540,325,324,539,322,321,542,538,319,614
316,315,543,573,313,312,310,613,309,599,598,308
538,613,573,614,318,316,543,315,606,616,313,599
539,614,541,631,613,538,322,573,321,633,319,318
321,538,319,539,318,316,315,573,543,313,613,312
540,631,614,630,539,633,541,636,613,326,325,324
310,309,598,573,599,308,306,304,303,604,301,606
608,554,545,552,558,559,407,557,556,405,403,601
608,559,601,558,600,554,578,579,577,605,552,556
553,547,530,419,550,417,415,544,412,409,525,552
550,544,552,412,409,407,554,608,545,405,403,399
531,517,551,436,432,546,518,430,428,427,510,530
567,444,442,548,439,436,521,551,432,430,531,517
412,409,407,552,405,544,403,399,554,557,395,608
430,428,546,427,531,425,553,422,419,417,547,530
403,554,399,557,395,393,608,556,574,593,391,558
419,417,550,415,547,412,409,530,407,544,552,405
556,558,557,593,559,595,395,574,597,393,605,391
451,560,447,549,444,442,520,567,439,548,436,521
593,595,597,574,594,585,605,391,587,389,387,596
393,574,593,556,391,389,387,594,597,558,384,595
556,595,605,578,597,593,587,585,589,579,580,574
578,558,605,579,595,556,580,589,587,576,597,593
520,549,451,447,521,548,444,567,516,442,439,515
486,483,529,527,481,484,479,482,528,477,480,476
402,400,401,577,398,564,397,396,394,576,579,601
410,408,406,562,404,402,401,600,400,398,397,396
394,392,532,576,390,388,386,579,575,524,385,533
566,338,591,337,542,335,334,333,617,540,537,332
537,332,540,330,542,329,327,326,541,325,539,617
439,436,551,432,548,430,428,427,531,546,425,422
623,351,349,602,348,346,344,591,565,343,619,620
536,367,368,582,364,362,356,361,357,359,358,355
572,571,581,583,569,582,534,590,639,369,584,371
569,572,534,369,371,372,367,374,375,368,582,377
581,569,582,536,584,369,367,355,356,568,368,357
599,606,598,310,309,607,308,616,306,604,615,304
389,387,593,594,384,382,592,597,379,376,596,595
571,533,570,534,524,589,572,569,377,378,371,369
575,532,580,533,390,524,571,388,570,386,589,605
579,576,564,578,580,396,532,394,575,559,392,390
605,580,576,589,595,575,587,570,556,585,571,597
578,576,580,605,575,589,532,570,533,571,595,587
589,575,570,571,587,533,572,583,581,534,585,569
590,584,582,588,619,568,536,355,356,602,626,353
568,355,584,356,353,357,358,359,351,361,349,623
581,590,588,572,586,584,582,626,619,622,569,621
619,602,568,623,353,620,618,351,626,349,591,348
639,596,586,583,588,592,621,645,622,570,590,581
621,588,622,626,652,655,590,650,366,365,363,628
585,639,583,570,596,588,586,581,590,572,571,621
590,622,626,619,584,628,650,652,618,582,602,625
587,570,583,585,639,581,572,571,588,590,569,533
619,584,626,622,602,618,628,568,620,650,625,355
624,617,542,630,566,629,631,540,335,334,640,537
379,376,645,373,596,370,366,621,655,365,363,586
597,594,387,389,595,384,592,585,596,382,379,587
592,382,596,379,376,645,585,373,621,370,586,366
585,597,587,589,639,596,594,580,583,586,570,592
586,621,645,639,376,622,655,373,588,370,366,365
585,594,596,587,639,592,384,586,382,645,379,621
304,303,599,604,301,299,297,603,607,296,611,294
607,604,606,304,303,301,611,299,603,610,297,635
577,601,562,579,564,404,578,402,559,400,576,401
559,578,579,577,605,576,558,580,564,595,575,554
620,591,623,618,624,629,565,617,344,343,630,627
296,294,293,635,291,289,611,634,287,286,644,284
603,297,635,611,607,296,294,293,291,634,289,612
595,589,587,580,585,570,597,583,639,575,571,596
615,607,610,637,612,604,611,638,632,643,303,635
611,610,612,635,603,643,644,297,634,638,293,294
559,554,558,556,601,578,605,595,557,593,579,597
600,545,601,559,577,608,578,579,562,544,558,605
612,643,638,611,662,674,642,644,661,635,648,603
635,612,644,634,293,291,294,289,287,286,643,667
643,644,642,674,662,634,690,667,692,291,286,287
573,616,606,615,599,543,607,632,610,699,637,598
613,633,616,573,699,606,538,615,632,641,543,599
637,610,638,648,607,643,612,662,661,611,674,660
615,632,606,637,610,638,647,648,646,599,607,660
542,631,630,636,540,614,633,640,641,539,723,699
625,620,627,629,624,677,640,653,591,649,630,617
618,602,620,628,625,629,627,624,623,591,650,653
624,629,591,617,630,627,640,625,542,631,636,649
655,622,652,365,363,360,588,650,354,654,626,352
650,626,652,628,654,360,653,354,651,619,352,625
344,565,591,343,342,340,339,338,620,566,337,624
617,630,640,631,542,636,627,723,633,540,614,649
627,677,649,629,676,640,663,678,675,624,723,657
628,619,618,650,625,653,602,627,620,654,651,677
649,677,640,723,630,678,657,676,636,617,689,641
625,653,618,627,677,651,676,663,629,620,649,640
624,640,627,630,617,649,723,636,631,677,542,641
636,640,631,723,633,641,649,614,699,689,540,646
633,614,636,699,616,641,613,539,723,646,632,689
637,615,648,647,638,660,610,658,661,659,679,662
699,616,641,632,613,646,615,647,637,606,689,573
286,287,284,667,644,282,281,279,278,690,691,276
634,293,291,289,287,644,286,612,667,284,282,281
641,633,699,646,689,614,616,657,647,632,656,688
638,648,610,661,662,643,660,658,659,674,612,701
662,643,661,674,612,659,701,666,658,642,692,611
586,588,583,590,621,622,581,626,645,572,655,619
723,649,636,641,657,689,631,678,646,633,699,688
646,689,699,656,647,688,632,679,660,616,693,685
690,692,694,667,701,691,708,695,703,278,279,281
662,674,642,661,692,644,701,690,694,666,703,659
667,690,642,286,284,282,281,691,279,278,674,276
370,366,655,621,365,363,652,360,586,354,622,352
647,656,679,660,632,648,685,658,668,637,680,615
660,648,679,658,637,668,659,664,615,638,661,680
658,659,661,638,662,664,668,666,665,643,701,674
657,723,678,689,693,688,641,636,710,702,646,656
628,653,651,625,663,347,345,341,677,618,676,336
663,341,653,336,331,675,676,328,625,677,323,702
654,354,650,352,350,651,347,345,628,653,626,341
625,663,677,676,675,336,627,331,678,328,649,702
350,651,347,345,650,341,663,336,653,331,628,675
363,652,360,354,352,654,622,350,650,347,651,345
679,647,685,660,668,680,686,658,648,632,670,664
688,689,693,710,656,641,685,646,709,707,679,686
659,664,665,661,670,669,666,673,662,671,672,701
661,665,666,664,673,701,662,669,672,704,674,703
658,668,648,664,659,680,670,661,665,669,638,666
662,666,701,674,665,673,692,703,704,642,669,672
674,701,692,666,642,703,704,708,665,694,673,644
331,675,676,328,323,702,677,320,678,317,710,649
665,669,671,672,666,673,661,681,684,726,705,701
673,666,672,704,705,726,681,701,703,719,684,711
701,673,704,703,672,705,692,716,719,708,726,725
281,282,279,278,691,690,276,274,272,695,270,268
664,658,670,669,659,671,665,683,672,661,684,666
672,665,681,684,726,673,711,705,666,682,712,704
671,669,664,683,684,681,665,698,672,682,659,288
684,669,681,682,672,712,711,726,665,283,280,277
726,673,705,711,704,724,725,719,712,728,738,703
704,705,719,726,703,725,716,724,711,743,739,708
692,642,701,703,694,708,690,666,704,742,716,695
323,702,320,317,678,710,314,707,311,649,693,657
675,678,702,328,323,320,649,710,317,657,707,693
676,649,678,675,657,640,702,723,710,693,328,323
710,657,693,707,688,723,320,317,689,709,314,311
668,660,680,658,670,664,648,687,659,683,669,697
687,670,668,683,696,671,698,664,658,669,295,292
711,726,672,712,728,724,705,727,673,277,275,273
283,684,280,712,277,275,681,273,727,711,271,269
671,684,682,288,285,669,681,283,712,280,664,277
681,712,280,711,277,275,727,726,672,273,728,271
686,679,680,697,687,668,660,302,696,670,300,647
697,687,680,696,298,295,679,683,292,698,290,670
696,698,683,292,290,288,670,285,682,671,684,668
656,685,679,646,709,686,647,680,660,668,697,699
688,646,656,647,679,685,699,660,632,668,686,680
691,695,694,278,276,279,274,272,692,270,706,268
276,274,272,695,270,268,706,267,694,265,700,263
708,703,694,742,716,704,695,700,717,691,715,673
688,685,709,689,686,656,311,307,305,697,679,302
708,695,742,700,706,272,270,716,274,268,715,713
706,270,272,268,267,700,265,713,263,261,742,259
292,290,698,288,683,285,682,283,684,670,671,280
298,696,295,687,292,290,698,680,288,683,285,670
288,683,285,682,283,684,671,280,277,712,681,275
646,632,647,616,637,656,615,648,660,679,638,658
713,715,714,265,263,267,261,259,258,256,254,717
703,692,704,708,673,716,694,742,719,705,672,690
320,317,710,707,678,314,311,693,307,709,657,305
708,704,716,742,694,717,719,743,705,715,700,718
716,719,705,708,743,725,717,742,739,726,694,718
725,719,724,739,738,743,716,737,730,740,728,755
267,265,713,263,700,261,259,258,256,714,254,252
311,307,709,305,693,302,300,697,686,685,298,688
742,716,717,700,715,695,743,719,718,706,714,713
305,302,697,686,300,685,298,687,696,295,680,292
707,693,709,314,311,307,688,305,685,302,686,697
728,724,727,730,731,705,271,273,737,269,725,729
727,275,711,273,271,728,269,731,266,726,264,724
259,261,258,256,254,714,252,249,721,715,248,247
254,256,252,721,249,720,248,247,245,243,722,242
720,714,718,721,254,256,252,734,258,744,259,249
717,743,719,742,715,718,739,725,700,755,720,744
715,718,743,720,755,714,744,739,721,734,713,740
720,744,755,734,752,754,721,740,762,722,745,245
743,725,739,717,755,738,718,724,740,715,737,744
734,721,744,722,245,243,247,752,249,248,252,242
245,247,243,248,249,722,242,240,734,238,733,732
240,732,238,733,236,233,746,231,745,753,229,752
689,641,657,636,646,688,656,699,693,633,647,685
725,737,730,738,739,741,729,736,740,731,846,743
738,739,737,740,743,755,741,730,754,717,718,765
711,724,705,725,728,730,738,719,737,727,739,731
271,269,266,728,731,264,262,260,729,730,776,257
730,731,729,724,266,264,737,262,776,260,736,257
776,736,735,257,737,255,760,253,251,741,250,764
737,729,736,738,741,776,735,846,760,260,257,740
264,262,729,260,776,257,255,730,253,735,251,736
233,746,231,229,753,226,747,224,745,748,221,758
732,753,745,746,236,233,231,229,758,748,747,759
733,722,752,745,242,732,753,240,238,759,762,746
764,760,250,763,246,244,241,239,814,816,761,237
760,846,761,735,763,814,765,804,845,764,250,815
741,736,740,846,765,761,760,776,735,754,755,804
737,740,741,765,755,736,846,754,729,761,770,744
755,740,738,754,718,741,737,744,765,762,846,770
754,741,765,846,770,762,744,804,736,761,752,797
846,765,736,761,754,804,770,760,845,762,814,797
717,715,700,714,718,743,713,720,706,719,256,258
718,739,755,744,715,740,720,738,754,734,752,762
752,734,754,762,745,759,733,770,722,765,778,753
753,759,758,746,768,748,778,747,767,769,233,231
747,229,226,748,224,221,749,758,219,751,769,214
224,221,748,749,219,751,214,769,210,750,208,757
751,749,769,224,221,219,767,757,214,750,788,210
219,751,214,750,210,208,207,757,205,204,756,202
208,207,205,204,756,202,201,199,198,197,196,195
757,750,214,210,208,788,207,756,205,204,771,202
745,762,759,733,753,758,768,778,770,746,732,748
746,758,748,747,229,769,226,768,224,749,751,767
762,765,770,752,759,778,846,804,797,745,734,768
744,754,740,762,752,765,720,741,770,734,759,745
199,201,198,197,202,196,195,772,193,192,191,185
750,771,756,828,772,204,205,207,201,202,208,199
768,748,767,769,766,751,747,788,777,749,757,224
768,758,778,753,766,767,797,748,769,746,798,777
763,761,814,764,815,845,816,804,241,856,239,237
845,814,804,807,815,856,797,770,837,816,827,833
759,770,778,745,768,797,758,804,766,753,733,798
815,814,816,237,761,235,833,856,234,845,232,832
241,763,239,237,816,235,815,234,814,232,832,230
770,804,762,761,797,778,845,807,759,752,814,798
799,777,767,830,825,788,769,803,827,828,812,813
769,777,788,799,803,751,757,830,828,771,749,825
766,767,777,769,799,798,748,788,830,751,803,757
751,788,757,749,777,750,828,771,803,219,214,756
797,778,804,759,798,768,766,807,845,745,799,827
772,756,773,811,189,191,192,193,195,183,196,184
192,191,193,189,195,196,183,184,185,197,186,187
183,184,774,185,779,186,836,187,188,180,775,181
775,779,781,790,174,970,956,954,969,780,968,967
174,790,173,781,171,169,166,785,779,787,164,780
255,253,735,251,250,246,764,736,760,244,763,241
803,830,788,828,813,825,812,757,771,811,826,850
768,766,798,799,767,758,777,807,827,825,753,769
970,969,956,968,967,954,966,965,964,963,951,962
925,922,920,919,917,916,915,914,913,911,910,908
787,780,785,954,956,951,970,945,969,942,968,931
948,949,947,946,944,943,941,977,940,939,973,938
794,791,786,821,796,156,153,820,792,151,800,148
796,794,783,801,800,791,1011,1006,802,821,1004,1002
164,787,162,160,786,156,783,153,780,151,148,149
153,151,791,148,792,149,146,144,142,820,136,822
783,786,162,160,784,791,156,794,153,897,896,894
828,757,803,771,830,811,813,756,772,750,773,191
526,609,600,563,545,601,562,411,577,413,410,408
169,166,785,781,164,787,162,160,780,786,156,783
820,821,792,865,863,800,822,870,858,840,136,132
822,863,858,820,125,128,121,117,859,118,873,122
801,1034,784,796,1033,1032,1031,1011,1029,1026,1030,1006
821,800,791,802,820,840,865,792,116,107,805,115
927,928,930,932,924,933,934,923,935,936,921,937
802,794,800,116,806,115,107,114,821,102,111,113
798,778,807,766,827,799,768,825,837,777,856,767
799,766,827,825,830,777,824,767,837,812,850,803
830,777,825,803,812,813,788,824,850,828,826,811
840,821,805,831,107,102,865,101,56,60,61,59
992,990,988,986,983,980,982,981,985,984,987,989
116,107,115,102,800,114,101,111,805,113,99,110
828,813,811,771,812,826,829,773,772,823,836,756
797,845,807,798,778,827,856,837,766,815,799,759
72,69,71,76,66,67,59,78,60,80,83,831
135,127,114,120,115,113,116,110,111,126,107,131
827,837,798,824,825,844,799,766,833,850,839,838
106,103,108,119,104,100,109,105,96,93,98,120
1034,1032,1033,1030,1031,1027,1028,1029,1025,1026,1024,1023
1007,1012,1005,1014,1003,1000,1018,1016,1001,1019,1035,1021
829,773,836,772,189,191,183,779,192,184,819,193
826,813,823,851,829,857,811,828,842,847,819,861
826,811,829,823,857,771,836,819,773,851,842,772
815,845,856,816,807,833,804,837,832,235,234,827
833,856,832,845,232,230,837,839,225,227,228,223
234,232,815,832,230,833,228,227,225,223,856,222
841,843,809,795,810,854,818,1034,1032,1033,1030,1027
855,150,147,145,152,138,143,137,154,134,155,157
795,817,809,930,928,927,932,933,934,924,935,936
863,865,870,858,853,873,840,866,872,70,859,73
865,820,840,853,870,831,863,835,805,54,56,52
121,858,117,859,118,122,123,112,863,90,88,92
826,857,842,829,861,860,817,819,869,811,194,841
850,838,825,849,812,848,851,847,823,211,209,830
830,812,850,813,838,803,823,826,851,847,848,849
829,857,811,842,819,817,836,861,795,773,841,869
824,825,799,844,850,838,830,812,849,777,839,848
771,811,813,773,772,829,756,189,191,192,183,193
857,819,836,795,817,773,842,930,932,935,933,934
803,812,813,826,828,850,811,823,829,771,857,851
56,54,61,60,52,59,48,67,835,66,42,69
227,225,228,833,223,222,220,839,218,217,216,856
839,225,223,227,222,228,220,218,217,837,216,844
33,30,27,32,35,28,37,26,852,24,22,21
42,41,48,39,37,834,35,32,33,30,27,28
795,779,819,957,782,958,955,952,935,959,949,950
844,824,827,839,849,838,825,850,212,211,213,848
848,847,850,851,206,860,203,200,823,861,812,194
217,218,215,216,220,213,849,212,844,211,209,848
831,835,54,52,56,61,853,48,60,42,59,67
854,843,818,862,165,163,809,161,810,159,157,158
869,817,841,867,854,819,170,168,172,843,175,167
810,809,818,1018,1021,1019,1016,1014,1012,1007,1022,1023
849,824,838,211,848,212,209,213,215,216,206,217
807,856,837,797,827,798,833,824,844,778,839,825
761,765,804,760,845,770,814,797,807,763,762,778
860,851,200,861,194,190,179,823,842,867,175,172
206,203,847,860,200,194,851,190,861,179,823,175
211,212,209,213,848,206,838,203,847,200,860,850
812,823,851,847,826,848,813,860,857,842,861,206
823,861,860,842,200,194,826,857,190,867,869,179
26,24,22,28,21,27,18,864,30,868,14,11
834,835,866,852,33,30,27,28,37,35,32,39
862,163,161,159,158,157,818,155,154,152,150,843
134,130,138,131,139,140,137,126,143,141,124,808
837,833,807,844,839,827,824,849,223,225,222,227
842,817,819,841,836,795,843,869,809,867,930,928
863,873,84,88,81,89,90,77,73,91,92,70
90,92,91,88,89,95,84,858,81,77,873,73
194,861,190,179,867,175,172,842,170,869,168,167
867,179,175,869,842,172,170,168,167,841,854,165
157,155,158,154,159,152,150,818,147,145,143,137
870,873,872,865,70,84,73,81,77,62,88,89
18,14,11,10,9,13,15,6,4,5,12,16
853,840,870,835,866,834,831,52,48,42,54,852
871,852,868,864,29,25,40,31,23,38,834,34
172,170,168,869,167,165,854,163,841,161,862,159
864,23,17,19,15,20,16,13,25,12,8,10
168,854,167,841,165,163,862,817,161,159,843,818
866,872,853,70,62,871,73,57,852,43,77,40
29,31,25,34,23,36,868,20,19,17,16,15
43,40,44,47,38,871,866,36,34,31,29,25
70,73,77,62,81,872,57,47,870,44,43,40
875,876,877,878,879,880,881,882,883,884,885,886
876,874,877,878,879,880,881,882,883,884,885,886
875,877,878,874,879,880,881,882,883,884,885,886
876,878,875,879,874,880,881,882,883,884,885,886
877,879,876,880,875,881,874,882,883,884,885,886
880,878,881,877,876,882,875,883,884,874,885,886
879,881,878,882,877,883,876,884,875,885,874,886
880,882,879,883,878,884,877,885,876,886,875,887
883,881,884,880,885,879,886,878,877,887,876,875
882,884,885,881,880,886,879,887,878,877,876,875
883,885,882,886,881,887,880,879,878,877,876,875
884,886,883,887,882,881,880,879,878,877,876,875
885,887,884,883,882,881,880,879,878,877,876,875
886,885,884,883,882,881,880,879,878,877,876,875
874,875,876,877,878,879,880,881,882,883,884,885
887,886,885,884,883,882,881,880,879,878,877,876
889,887,886,885,884,883,882,881,880,879,878,877
890,889,887,886,885,884,883,882,881,880,879,878
888,874,875,876,877,878,879,880,881,882,883,884
891,890,889,887,886,885,884,883,882,881,880,879
893,891,890,889,887,886,885,884,883,882,881,880
892,888,874,875,974,876,877,878,879,880,881,882
894,893,891,890,889,887,886,885,884,883,882,881
896,894,893,891,890,889,887,886,975,885,884,883
895,892,974,888,875,874,876,877,878,879,880,881
897,896,894,893,891,890,889,887,886,975,885,884
898,895,974,892,888,875,876,874,877,878,879,880
899,897,896,894,893,891,890,889,887,975,886,885
901,899,897,896,894,893,891,890,889,887,975,886
902,901,899,897,896,894,893,891,890,889,887,975
903,902,901,899,897,896,894,893,891,890,889,887
904,903,902,901,899,897,896,894,893,891,890,889
900,898,895,974,892,888,876,877,875,878,874,879
905,904,903,902,901,899,897,896,894,893,891,890
907,905,904,903,902,901,899,897,896,894,893,891
906,900,898,974,895,892,975,877,878,876,879,888
908,907,905,904,903,902,901,899,897,896,894,893
910,908,907,905,904,903,902,901,899,897,896,894
909,906,900,898,895,974,892,888,876,877,875,878
911,910,908,907,905,904,903,902,901,899,897,896
913,911,910,908,907,905,904,903,902,901,899,897
914,913,911,910,908,907,905,904,903,902,901,899
915,914,913,911,910,908,907,905,904,903,902,901
916,915,914,913,911,910,908,907,905,904,903,902
912,909,906,900,898,895,974,892,975,888,876,875
917,916,915,914,913,911,910,908,907,905,904,903
919,917,916,915,914,913,911,910,908,907,905,904
918,912,909,906,900,898,895,974,892,888,975,875
920,919,917,916,915,914,913,911,910,908,907,905
921,918,912,909,906,900,898,895,892,974,888,975
923,921,918,912,909,906,900,898,895,892,974,888
922,920,919,917,916,915,914,913,911,910,908,907
925,922,976,920,919,917,916,915,914,913,911,910
924,923,971,921,918,912,909,906,900,973,898,895
927,924,923,971,921,918,912,909,906,973,900,898
926,925,976,922,920,919,917,916,915,914,913,911
928,927,924,971,923,921,918,912,973,909,906,900
929,926,925,976,922,920,919,917,916,915,914,913
933,930,928,927,971,924,923,921,918,973,912,909
932,930,928,927,971,924,923,921,918,973,912,909
933,932,930,928,927,971,924,923,921,973,918,912
936,934,937,933,938,932,930,939,928,940,971,927
935,937,938,934,933,939,932,940,930,928,971,927
938,936,935,939,934,940,933,932,930,971,928,927
937,936,939,935,940,934,933,932,971,930,973,928
940,938,937,936,935,934,973,933,971,932,930,928
939,938,937,936,973,935,934,933,971,932,930,928
940,939,938,937,973,936,935,934,933,971,932,977
931,929,926,925,976,922,920,919,977,917,916,915
944,941,940,939,938,973,937,936,935,934,977,933
943,941,940,939,973,938,937,936,935,977,934,933
942,931,929,926,925,976,922,920,919,977,917,916
944,943,941,940,939,973,938,937,977,936,935,934
946,944,943,941,940,939,973,977,938,937,936,935
947,946,944,943,941,940,977,939,973,938,937,936
948,947,946,944,943,977,941,940,939,973,938,937
949,782,948,947,946,944,977,943,941,940,973,939
945,942,931,972,929,926,925,976,922,977,920,919
950,949,782,948,947,946,977,944,943,941,940,973
952,950,949,782,948,977,947,946,944,943,941,972
951,945,942,931,972,929,926,925,976,977,922,953
953,952,950,949,782,948,977,947,946,944,943,972
954,951,945,942,972,931,929,926,925,976,955,977
955,953,952,950,949,782,977,948,947,946,972,944
959,957,960,955,961,953,962,952,963,950,964,949
960,958,961,957,962,955,963,953,964,952,965,950
961,959,962,958,963,957,964,955,965,953,966,952
960,962,959,963,958,964,965,957,966,955,967,972
961,963,960,964,959,965,958,966,957,967,972,968
964,962,965,961,960,966,959,967,972,968,958,957
963,965,962,966,967,961,960,968,972,959,969,970
964,966,963,967,962,968,969,961,972,970,960,959
967,965,968,964,969,963,970,962,972,961,956,960
966,968,969,965,970,964,963,956,972,962,954,961
967,969,970,966,965,956,964,954,972,963,951,962
968,970,967,956,966,954,965,951,964,972,945,963
956,954,951,945,972,942,931,929,926,957,955,925
924,923,921,918,912,909,906,979,900,898,975,974
942,945,931,929,977,926,976,925,947,922,919,920
971,979,978,918,924,923,921,901,903,909,912,899
878,879,877,880,876,881,875,882,874,892,883,888
885,884,886,883,887,882,889,881,890,880,891,974
925,917,916,919,915,920,914,913,922,911,978,910
973,976,978,931,929,926,979,925,913,910,915,911
905,907,908,903,904,910,911,902,913,901,914,899
893,896,894,897,899,891,975,901,890,902,889,903
806,135,141,127,114,140,115,116,120,113,139,110
982,983,980,806,135,141,127,140,114,115,120,139
983,981,980,806,135,141,127,140,114,115,120,116
982,980,981,806,135,141,127,140,114,115,116,120
985,981,982,983,980,986,806,135,141,127,140,139
984,981,982,983,980,986,806,135,141,127,140,114
983,982,980,981,985,984,806,135,141,127,140,114
984,985,981,982,983,980,988,986,806,135,141,127
986,983,982,980,981,985,984,987,806,135,141,127
987,984,985,981,982,983,988,980,986,990,806,135
988,986,983,982,980,981,985,984,987,989,806,135
989,987,984,985,981,982,983,988,986,980,992,990
990,988,986,983,982,980,981,985,984,987,989,991
991,989,987,984,985,981,982,983,988,986,994,980
992,990,988,986,983,982,980,981,985,984,987,989
993,991,989,987,984,1038,985,981,982,988,983,996
994,992,990,1038,988,986,983,982,985,981,980,984
998,995,993,991,989,987,984,1038,985,981,982,988
997,995,993,991,989,987,1038,984,985,981,982,999
996,994,992,990,1038,988,986,983,982,985,981,980
1001,997,998,995,993,991,989,987,984,1038,985,981
1000,997,998,995,993,991,989,987,1038,984,985,981
999,996,994,992,1038,990,988,986,983,982,985,981
1000,1001,997,998,995,993,1037,991,989,987,1038,984
1002,999,996,994,992,1038,990,988,1037,986,983,985
1003,1000,1001,997,998,995,993,1037,991,989,987,1038
1004,1002,999,996,994,1038,992,990,1037,988,986,983
1005,1003,1000,1001,997,998,995,993,1037,991,989,987
1009,1010,1011,1006,1004,1002,999,1037,1038,996,994,992
1008,1010,1011,1006,1004,1002,999,996,1038,1037,994,992
1009,1011,1006,1008,1004,1002,999,996,994,1038,992,1037
1006,1010,1004,1009,1002,1008,999,996,994,1038,992,990
1007,1005,1003,1035,1000,1001,997,998,995,1037,993,991
1008,1009,1010,1011,1006,1004,1037,1002,999,1038,996,1035
1012,1007,1035,1005,1003,1001,1000,997,998,995,1037,993
1013,1008,1009,1010,1011,1006,1004,1037,1002,999,1038,1035
1014,1012,1035,1007,1005,1036,1003,1001,1000,997,998,1037
1015,1013,1036,1008,1009,1010,1011,1037,1006,1004,1035,1002
1016,1019,1014,1012,1035,1007,1036,1005,1003,1001,1000,997
1018,1016,1014,1035,1036,1012,1007,1005,1003,1020,1017,1001
1017,1015,1013,1036,1008,1009,1010,1011,1019,1006,1037,1035
1022,1019,1023,1018,1016,1036,1014,1035,1012,1024,1020,1017
1023,1021,1019,1018,1036,1016,1024,1014,1020,1035,1017,1012
1022,1021,1036,1019,1024,1018,1020,1016,1017,1035,1014,1015
1020,1017,1015,1023,1036,1013,1022,1008,1009,1021,1010,1019
1023,1022,1021,1024,1020,1036,1026,1017,1019,1018,1015,1016
1024,1020,1017,1025,1015,1013,1023,1036,1022,1008,1009,1010
1028,1025,1024,1023,1029,1026,1022,1020,1017,1021,1036,1015
1027,1029,1024,1026,1025,1020,1023,1017,1022,1036,1021,1015
1026,1028,1024,1027,1020,1017,1025,1015,1023,1013,1036,1022
1031,1028,1029,1027,1026,1024,1025,1020,1023,1017,1022,1015
1030,1029,1026,1028,1024,1027,1020,1025,1017,1023,1015,1022
1031,1033,1030,1029,1028,1026,1027,1024,1025,1020,1017,1023
1032,1031,1030,1029,1026,1028,1024,1027,1020,1025,1017,1015
1033,1032,1031,1030,1029,1026,1028,1027,1024,1020,1025,1017
1005,1001,1003,998,1007,997,1000,1037,995,993,991,1008
1015,1035,1013,1037,1008,1014,1009,1012,998,1010,1005,995
995,993,998,991,1038,989,997,1001,987,1000,984,1002
994,992,988,990,985,987,989,984,986,991,981,982
