1,2,3,4,11,7,13,8,19,12,14,24
0,3,2,11,4,13,7,12,19,10,8,21
0,4,3,11,1,7,13,8,19,14,24,16
11,1,0,2,4,13,7,19,8,12,24,21
7,2,11,13,3,0,8,19,1,14,24,33
9,6,15,17,10,18,12,23,21,544,30,26
5,10,15,18,9,12,17,21,23,544,30,26
4,8,13,11,2,19,14,3,24,0,16,1
7,14,4,13,16,19,24,11,2,20,3,0
5,17,15,6,18,10,23,12,21,544,30,37
12,6,21,18,5,15,23,544,9,26,30,17
13,3,4,2,7,19,0,1,8,24,33,14
10,21,544,6,18,23,26,30,15,5,32,37
11,19,7,4,24,8,3,2,14,33,0,1
8,16,7,20,24,19,13,4,22,11,33,533
17,18,9,5,6,23,10,12,21,544,30,37
20,14,22,8,533,24,7,25,19,13,33,4
15,9,5,18,6,23,10,12,21,544,30,37
15,23,6,10,17,21,544,5,12,9,30,37
24,13,33,11,7,4,8,38,39,14,3,2
22,16,14,25,533,8,27,24,7,31,19,13
544,12,26,23,30,10,18,32,37,6,15,44
20,25,16,27,533,14,31,8,34,24,7,42
544,30,18,21,37,26,12,15,10,32,44,6
19,33,13,39,14,7,38,8,11,16,4,41
27,22,31,20,533,34,16,42,14,546,46,8
544,30,32,21,23,37,12,45,44,18,10,41
31,25,34,22,42,20,533,46,16,546,52,14
29,35,36,43,40,47,48,57,501,53,49,70
28,36,35,40,43,48,47,53,501,49,57,50
544,37,26,23,21,32,44,18,45,12,10,61
34,27,42,25,46,22,52,20,533,546,55,16
26,45,30,37,544,41,44,54,21,51,38,23
39,24,38,19,41,13,929,930,928,933,931,936
31,42,27,46,25,52,55,22,547,546,62,20
28,43,29,47,36,57,501,40,48,70,53,56
40,29,48,28,35,53,43,49,501,47,50,57
44,30,544,23,32,26,45,61,21,18,54,67
41,39,33,51,32,24,19,45,54,26,13,929
38,33,41,24,51,929,933,19,930,928,936,548
48,36,53,49,29,28,50,35,43,501,58,505
38,51,39,45,54,32,33,26,73,949,950,24
46,34,31,52,27,55,547,25,62,546,63,22
47,35,57,28,501,29,36,70,40,48,85,56
37,61,45,30,32,67,54,544,26,23,73,51
54,32,51,44,61,41,37,67,73,30,26,38
52,42,55,34,547,31,62,27,63,68,25,546
57,43,35,70,501,56,28,77,65,85,64,29
53,40,49,36,50,29,505,501,58,35,28,43
53,50,48,40,58,59,36,505,60,29,501,28
49,58,53,59,48,60,40,505,66,36,504,71
41,54,45,38,73,39,32,949,950,955,67,961
46,55,62,42,547,63,34,68,31,69,27,74
49,48,50,40,58,505,36,59,501,29,60,35
45,51,73,67,61,41,32,949,44,83,950,955
62,52,63,46,547,68,42,69,34,74,31,551
64,65,76,77,57,47,70,88,85,95,43,99
47,70,43,77,85,65,501,56,64,35,500,76
59,50,60,49,53,66,505,48,504,71,40,72
58,60,50,66,49,71,504,53,72,505,48,40
59,66,58,71,50,72,504,49,78,53,505,86
67,44,45,54,73,37,78,86,83,89,32,87
55,63,68,52,69,547,46,74,42,551,75,34
62,68,69,55,74,52,75,547,551,46,79,42
56,65,76,77,88,57,70,85,47,95,99,100
76,64,77,56,88,85,70,57,95,47,99,100
71,60,59,72,504,58,78,50,86,49,61,44
73,61,83,54,87,89,45,44,86,965,975,970
63,69,62,74,55,551,75,52,79,547,46,80
74,68,63,75,551,62,79,55,80,52,81,555
85,57,77,500,47,65,501,95,76,43,101,56
66,72,60,78,504,59,86,58,61,89,44,67
78,71,66,86,60,61,89,67,44,504,59,87
83,67,54,965,960,955,949,970,87,975,950,976
75,69,79,68,551,63,80,62,81,555,55,82
79,74,69,80,551,81,68,555,63,82,62,84
65,64,88,77,56,85,95,99,100,70,57,101
85,65,76,70,88,95,64,57,56,101,500,100
72,86,71,89,61,67,87,66,44,73,83,60
75,80,74,81,555,69,82,551,84,68,90,63
81,79,82,75,555,84,74,90,551,69,91,68
82,80,84,79,90,555,75,91,74,93,551,69
84,81,90,80,91,555,79,93,75,94,593,74
975,970,965,73,87,976,960,978,955,949,980,950
90,82,91,81,93,80,94,555,92,79,593,96
70,77,500,95,101,65,57,88,76,100,102,99
89,78,87,72,67,61,83,73,71,509,975,970
89,83,975,970,976,73,965,67,978,86,980,960
99,76,100,95,77,65,85,101,64,56,70,102
87,86,83,67,78,73,975,970,976,965,61,978
84,91,82,93,81,94,555,80,593,92,79,96
93,90,84,94,82,92,81,96,593,618,555,80
96,94,97,93,98,618,91,103,90,84,104,82
94,91,92,90,84,96,618,82,97,593,81,98
92,93,96,91,618,97,90,84,98,82,103,593
100,101,99,88,85,77,102,76,500,65,70,105
92,97,94,98,618,93,103,91,104,617,90,84
98,96,92,103,94,618,104,93,617,106,91,1161
97,103,96,104,92,106,618,617,94,108,1161,1162
100,88,95,101,76,77,102,85,65,500,70,64
99,95,88,101,102,77,85,76,65,500,105,70
95,102,100,85,99,500,105,88,77,70,1039,1036
105,101,95,107,500,100,1039,1036,1042,1037,1045,502
104,98,97,106,617,96,1161,108,1162,1163,1164,618
103,106,98,108,617,1161,1163,1162,97,1165,1166,1164
102,107,111,101,1039,1042,1045,1047,1053,1066,1036,1060
104,108,109,103,1161,1163,1166,1165,1162,617,1168,1199
111,105,1072,1076,1074,1082,1070,1080,1078,1066,1068,1084
109,106,1166,110,1168,1165,1163,1161,1170,104,1172,1162
108,110,112,106,1166,1168,1165,1170,1163,1172,1161,1174
109,112,108,113,106,115,1166,1168,1170,1165,1172,1174
107,114,1082,1084,1080,1085,1087,1078,1076,1088,1074,1072
113,110,115,109,108,116,752,753,756,106,118,1166
112,115,110,116,109,118,753,752,108,119,756,766
121,111,117,1087,1090,1084,1088,1085,1091,1082,1094,1092
113,116,112,118,110,119,753,752,109,120,766,629
118,115,113,119,112,120,124,629,753,110,126,752
121,122,114,1101,1102,1097,1098,1099,1095,1094,1100,123
116,119,115,120,124,113,629,126,112,753,128,766
120,118,124,116,126,115,629,128,113,129,131,753
124,119,126,118,128,116,629,129,131,115,132,133
117,114,122,111,1097,1094,1090,1098,1095,1091,1101,1092
123,117,121,125,1102,1101,1100,503,1099,1098,1096,1097
122,125,503,117,127,1102,1100,1101,1096,121,1093,1099
120,126,119,128,118,629,129,131,116,132,134,133
127,123,122,503,130,117,135,1102,1100,1096,1101,1093
128,124,120,129,131,119,132,134,629,133,118,136
125,130,123,135,503,508,122,140,117,144,507,1102
126,129,131,132,134,133,124,120,136,629,137,119
132,131,128,133,134,126,136,137,124,138,120,139
127,135,125,140,508,123,144,503,122,149,507,150
134,132,129,133,128,136,126,137,124,138,629,120
133,129,131,134,136,137,128,138,126,139,124,141
132,131,129,134,136,137,128,138,126,139,124,141
131,136,133,132,137,129,128,138,126,679,139,784
140,130,508,127,144,149,125,150,123,152,513,507
137,134,133,132,138,131,129,139,128,679,141,126
136,138,133,134,132,139,131,129,141,679,678,128
137,139,136,141,133,132,678,134,142,131,129,679
141,138,142,137,678,136,145,133,132,134,147,131
135,144,149,130,508,150,127,152,513,125,155,123
139,142,145,138,678,137,147,136,148,133,143,132
145,141,139,678,147,138,148,143,137,151,146,707
146,148,151,147,153,145,154,142,722,156,141,157
149,140,150,135,152,508,130,155,127,513,159,125
142,147,148,141,143,678,151,146,139,138,153,722
143,151,148,153,147,154,145,722,156,142,157,141
148,145,151,143,146,142,153,722,141,678,154,139
147,146,143,151,145,153,722,142,154,141,156,678
150,144,152,140,155,135,508,159,513,130,162,127
152,149,144,155,140,159,513,135,508,162,130,165
146,153,148,143,147,722,154,145,156,142,157,141
150,155,149,159,144,513,162,140,508,165,135,512
154,151,146,156,148,722,143,157,147,158,145,706
156,153,157,151,146,722,158,143,148,147,160,706
152,159,150,162,149,513,165,512,144,167,140,508
157,154,153,158,722,151,160,146,143,148,161,706
156,158,154,160,153,161,722,151,711,163,146,706
157,160,156,161,154,163,711,153,164,166,722,151
155,162,152,165,150,167,512,149,168,513,144,170
158,161,163,157,164,156,711,166,154,169,153,171
163,160,164,158,166,157,711,169,156,171,154,174
165,159,167,155,168,152,512,170,150,149,513,172
164,161,166,160,169,711,158,171,157,174,156,177
163,166,161,169,160,171,711,158,174,157,177,720
167,162,168,159,170,155,512,172,152,511,173,150
164,169,163,171,161,174,711,160,177,158,720,179
165,168,162,170,159,172,512,511,173,155,175,152
167,170,165,172,162,173,511,512,175,159,155,176
171,166,174,164,163,177,711,161,720,179,160,181
168,172,167,173,165,175,511,162,176,512,178,159
174,169,177,166,720,179,164,163,711,181,161,160
173,170,175,168,176,167,511,178,165,517,180,162
175,172,176,170,178,168,511,517,180,167,182,165
171,177,169,179,720,166,181,164,711,163,183,161
173,176,172,178,517,170,180,511,182,168,527,167
175,178,173,180,517,182,172,527,170,184,511,168
179,174,171,181,720,169,183,166,185,164,711,163
176,180,182,175,527,517,173,184,172,186,528,170
181,177,720,174,183,171,185,169,723,187,166,711
182,178,184,176,527,175,186,528,517,173,188,172
183,179,185,177,720,187,174,723,171,189,190,169
180,184,178,186,528,176,527,188,175,173,192,517
185,181,187,179,177,189,723,720,190,174,191,681
186,182,180,188,528,178,192,527,176,195,196,194
183,187,181,189,190,179,191,723,681,193,177,720
188,184,528,192,182,196,195,180,194,198,200,178
185,189,190,183,191,193,181,681,199,179,723,202
186,192,196,184,528,195,198,194,200,182,197,180
190,187,191,185,193,681,199,183,202,181,207,723
189,191,193,187,199,185,202,681,183,207,181,209
190,193,189,199,187,202,185,207,681,183,209,181
196,188,200,195,198,186,194,528,184,197,534,581
191,199,190,202,189,207,187,209,185,681,220,710
195,197,198,201,196,200,192,203,188,581,186,210
194,198,196,197,200,192,201,188,581,186,203,210
200,192,198,195,188,194,186,197,581,201,534,528
194,201,195,203,198,581,210,196,200,192,216,188
200,195,196,194,192,581,197,201,188,203,210,186
193,202,191,207,190,189,209,187,710,220,681,682
198,196,195,192,581,194,188,197,201,535,203,534
203,197,194,210,581,195,198,216,200,196,223,192
207,199,209,193,710,220,191,190,189,224,682,681
201,210,197,581,216,194,198,195,223,200,227,196
205,211,217,206,218,654,208,221,634,228,212,626
204,206,211,217,218,208,221,654,212,228,634,213
205,208,218,204,212,221,217,211,213,228,654,641
209,202,220,710,199,224,193,226,191,682,190,230
212,206,221,213,205,218,217,204,228,214,641,211
207,220,202,224,710,226,199,230,193,233,682,191
216,203,581,201,223,197,227,198,194,195,200,232
217,204,205,218,206,221,626,228,208,634,654,212
213,208,214,206,221,641,218,205,215,228,217,231
212,214,208,215,641,206,219,221,225,229,218,222
213,215,212,219,225,222,229,208,641,235,221,206
219,214,225,222,213,229,212,235,641,208,643,237
223,210,581,227,203,201,232,197,198,236,535,200
211,218,204,221,205,206,228,626,208,231,212,634
221,217,228,211,206,205,208,204,231,212,626,213
222,215,225,214,229,213,235,642,643,212,637,237
224,209,710,207,226,230,202,233,199,238,696,682
218,228,217,208,231,206,212,211,205,204,234,213
219,225,215,229,214,235,642,637,213,237,643,212
227,216,232,210,581,236,203,535,201,241,198,525
226,220,230,233,209,710,207,238,696,240,202,244
229,222,219,215,235,214,237,637,213,242,642,212
230,224,233,220,238,209,240,710,207,244,696,202
223,232,216,236,581,210,241,535,525,203,245,201
221,231,218,234,217,208,211,206,212,239,205,204
225,235,237,222,219,215,214,637,242,213,246,212
233,226,224,238,240,220,244,209,247,705,710,696
234,228,221,239,218,217,243,627,208,212,206,213
236,227,223,241,216,525,245,210,581,535,252,203
230,238,226,240,224,244,220,705,696,247,209,710
231,239,228,243,627,221,248,218,249,235,217,212
229,237,225,242,637,222,246,219,215,214,239,254
232,241,245,227,525,223,252,216,256,210,535,537
242,235,229,246,637,225,250,254,222,253,257,249
240,233,244,230,705,247,226,224,251,696,220,255
234,243,231,248,249,627,228,253,221,235,237,258
238,244,247,233,705,230,251,226,255,224,260,696
236,245,252,232,256,227,525,262,223,537,216,268
237,246,235,250,254,637,257,229,253,249,259,225
239,248,249,234,253,627,231,258,246,242,235,237
247,240,251,238,705,255,233,230,260,261,226,267
252,241,256,236,262,232,537,525,268,227,223,526
254,242,250,257,237,253,259,249,235,258,263,637
251,244,240,255,705,260,238,261,267,233,230,270
249,243,253,239,258,264,234,627,246,254,630,242
253,248,258,243,264,239,254,246,242,250,234,271
257,254,246,259,242,263,265,253,237,266,258,249
247,255,244,260,261,705,240,267,270,238,700,275
256,245,241,262,236,268,537,273,232,526,525,277
249,258,248,254,264,246,243,250,257,242,271,239
250,246,257,259,253,242,258,263,249,265,237,264
260,261,251,267,247,270,244,705,275,240,700,238
262,252,245,268,241,273,526,537,236,277,232,283
259,250,254,263,265,246,266,242,269,258,253,264
253,264,249,271,248,254,246,257,250,243,276,630
257,263,265,250,266,254,269,246,272,242,661,258
255,267,261,270,251,247,275,705,244,278,700,240
255,260,267,270,251,275,247,244,278,705,240,282
256,268,252,273,245,526,277,241,537,283,236,291
259,265,266,257,269,250,272,254,661,274,246,279
258,271,253,276,249,630,254,248,280,257,259,265
266,263,259,269,257,272,250,254,274,279,281,284
265,269,263,272,259,257,274,279,281,250,284,661
270,260,261,255,275,251,278,247,282,705,700,716
262,273,256,277,526,252,283,245,291,545,537,241
272,266,274,265,263,279,259,281,257,284,661,289
267,275,260,261,278,255,282,251,715,292,247,716
276,264,280,258,630,285,253,249,265,254,257,297
269,274,266,279,263,265,281,645,289,259,661,288
277,268,283,262,526,256,291,545,252,298,245,305
272,279,269,281,289,266,290,288,645,284,265,287
270,278,267,282,261,260,292,715,255,293,294,716
280,271,285,264,297,258,630,286,657,295,301,265
273,283,291,268,545,526,298,262,256,305,304,252
282,275,292,270,293,294,715,267,261,299,260,303
281,274,289,288,284,272,290,287,269,266,286,296
276,285,271,297,301,264,657,286,295,630,284,287
279,288,284,289,287,274,286,290,295,272,269,266
278,292,293,294,275,715,299,270,303,308,302,267
291,277,545,273,298,305,268,526,304,262,554,315
287,286,281,288,295,279,289,274,290,269,272,266
280,297,276,301,657,271,286,295,316,287,284,264
295,287,284,288,281,279,289,285,280,297,290,276
284,286,288,295,281,289,279,290,274,296,269,272
281,289,287,284,279,290,286,295,274,296,300,272
288,290,281,279,296,284,287,274,300,286,295,272
289,296,288,279,300,281,274,306,287,284,272,322
283,298,545,305,277,304,273,315,268,526,554,321
293,282,294,278,299,303,715,308,313,302,275,325
294,292,299,282,308,278,303,313,319,715,275,302
293,299,292,282,308,278,303,319,313,275,715,302
286,287,284,288,281,289,279,285,297,280,290,301
290,300,289,306,288,279,663,281,317,322,274,309
285,301,280,316,657,276,326,295,286,330,271,287
305,291,304,283,545,315,277,321,273,314,554,573
308,294,293,292,319,313,303,282,334,328,325,278
306,296,290,317,322,327,309,289,663,331,335,288
297,316,326,285,330,657,280,339,295,286,276,346
303,307,312,313,325,332,715,328,311,292,1233,1231
302,313,325,307,328,332,292,312,715,308,293,299
305,315,298,321,314,291,320,573,283,545,578,329
304,298,315,291,321,545,283,573,314,277,320,554
322,300,327,317,331,296,335,340,309,290,343,289
312,302,311,303,325,324,1233,1231,1229,1227,1237,313
319,299,313,334,293,294,328,303,333,292,325,338
317,310,318,327,663,300,306,323,335,336,322,296
318,309,323,317,663,336,327,300,347,306,721,335
312,1233,1237,1231,324,1229,1236,1227,1235,1240,1225,1239
307,311,302,324,1233,1231,1229,1237,1227,1236,1225,1235
325,328,303,332,302,333,308,307,319,299,345,341
320,321,315,329,304,342,578,305,352,298,357,291
321,304,314,305,320,298,578,329,291,573,342,283
326,301,330,297,339,285,657,346,280,295,286,353
309,327,306,310,300,335,322,318,663,331,340,296
323,310,336,309,663,317,721,347,709,327,354,300
308,334,338,299,333,341,313,328,350,349,351,345
314,329,321,342,315,352,578,304,357,305,362,298
315,314,320,304,329,305,578,342,298,352,291,573
306,331,335,327,340,300,343,317,296,309,290,289
318,336,310,347,709,309,721,354,663,317,355,327
311,337,1237,1236,1246,1240,1233,1247,1235,1242,1244,1239
332,328,313,333,303,302,345,307,312,341,308,319
316,330,301,339,346,297,657,353,285,624,360,280
317,335,322,306,340,331,309,300,343,310,296,318
325,332,333,313,345,303,341,302,308,319,334,307
342,320,314,352,321,578,357,315,362,304,369,365
326,339,316,346,301,353,297,624,657,360,285,359
340,322,343,335,327,306,317,300,309,296,290,288
325,328,333,313,345,303,302,341,307,312,348,344
328,345,341,332,325,313,349,334,319,350,308,303
338,319,350,341,349,351,308,333,345,328,313,299
340,327,331,322,343,317,306,309,300,310,296,318
347,323,318,709,354,310,355,309,358,317,721,327
344,324,348,311,312,1247,1246,1245,1244,1237,1240,1242
334,350,351,349,319,341,333,308,345,328,313,299
330,346,326,353,316,360,624,301,359,363,657,297
331,343,335,322,327,306,317,300,309,296,310,290
349,345,333,350,334,338,328,351,332,319,325,313
329,352,320,357,578,314,362,321,369,365,315,368
340,331,335,322,327,306,317,300,309,296,310,295
348,337,356,324,312,361,311,332,307,714,325,1247
333,341,349,332,328,325,350,334,313,351,338,319
353,339,360,330,359,326,624,363,316,366,301,657
354,336,355,709,323,358,318,310,364,309,317,327
344,356,337,361,332,324,371,714,345,325,312,307
350,341,351,345,338,334,333,319,328,332,325,308
351,349,338,341,334,345,333,319,328,308,332,325
350,338,349,334,341,345,319,333,328,308,332,325
357,342,329,362,369,578,365,320,314,368,321,571
360,346,359,339,363,330,624,366,326,373,316,631
355,347,358,336,709,364,323,370,318,688,310,718
358,354,364,347,709,336,370,688,374,323,718,318
348,361,344,371,714,337,381,345,332,333,324,325
352,362,369,342,365,368,329,578,377,571,320,372
364,355,354,370,688,709,347,374,336,379,718,323
360,363,353,366,346,373,339,378,624,631,383,330
359,353,363,346,366,339,373,624,330,378,631,326
356,371,348,381,714,344,385,337,345,389,332,333
369,357,365,352,368,377,342,571,372,329,578,376
359,366,360,373,353,378,631,346,383,624,622,339
358,370,355,374,688,354,379,709,347,380,718,336
368,369,362,377,357,372,352,376,367,342,557,571
363,373,359,378,631,360,383,353,393,622,346,403
376,375,372,382,377,558,386,368,365,397,557,369
377,365,372,369,376,362,357,367,557,375,352,558
362,365,368,357,377,352,372,571,376,342,557,367
374,364,379,688,358,380,355,354,384,713,709,347
361,381,714,385,356,389,348,344,396,337,395,388
377,376,368,367,365,375,369,557,558,382,362,386
366,378,383,631,363,393,359,360,403,622,353,408
379,370,380,364,688,358,384,355,713,388,354,395
382,367,376,558,386,372,397,377,368,405,557,566
372,367,375,377,368,558,382,365,557,386,369,397
368,372,376,365,369,367,557,362,375,558,357,382
383,373,393,631,366,403,363,359,408,673,622,360
374,380,370,384,688,364,388,713,358,395,355,714
379,384,374,388,370,688,395,713,364,396,714,389
385,371,389,361,714,396,356,395,348,388,344,384
375,386,558,397,367,376,405,372,566,411,377,557
378,393,373,403,631,366,408,363,673,412,359,416
388,380,379,395,396,374,389,713,714,370,688,385
381,389,396,371,714,395,361,388,356,384,348,380
382,397,558,375,405,367,411,566,376,417,372,557
390,391,392,401,394,577,402,400,406,574,582,399
384,395,396,380,389,379,385,714,374,381,713,371
396,385,395,381,388,371,714,384,361,380,356,713
387,401,394,391,392,400,574,577,402,399,406,398
392,387,390,402,401,577,406,394,582,410,400,574
391,402,387,406,390,582,577,410,401,415,614,394
403,383,378,408,373,412,631,366,416,673,684,363
401,400,390,399,574,387,398,391,404,392,407,577
396,388,389,384,385,380,381,714,379,371,374,713
389,395,388,385,384,381,714,371,380,379,361,713
405,386,382,411,558,566,375,417,367,421,376,572
399,404,400,407,394,409,414,574,571,401,413,390
400,398,404,394,407,401,574,409,390,414,571,387
399,394,398,401,574,404,390,407,387,409,391,414
394,390,400,387,391,399,574,392,398,402,577,404
406,392,391,410,582,387,415,614,390,577,420,401
393,408,412,383,378,416,684,373,419,673,631,366
398,407,399,409,414,400,413,571,394,418,574,401
411,397,417,386,566,558,421,382,572,427,375,431
402,410,415,392,614,582,391,420,387,423,390,428
409,404,414,398,413,399,418,571,400,422,565,394
403,412,416,393,419,383,684,378,424,426,373,673
414,407,413,404,418,398,422,571,565,399,425,400
415,406,614,420,402,423,392,582,428,583,391,387
417,405,421,397,566,572,427,386,431,558,382,433
416,408,419,403,684,424,393,426,383,432,378,673
414,418,409,422,407,565,425,404,398,430,571,399
409,413,407,418,404,422,398,565,399,425,571,400
410,420,423,406,614,428,402,583,436,392,582,391
412,419,408,424,684,426,403,432,393,440,383,675
411,421,405,427,572,397,431,566,433,386,437,558
413,422,414,425,409,565,407,430,435,404,429,398
416,424,426,412,684,432,408,440,403,675,676,393
423,415,428,410,583,436,406,614,441,402,446,392
427,417,411,431,572,433,405,437,566,397,438,386
418,425,413,430,565,435,414,429,409,407,434,567
420,428,415,436,583,410,441,614,406,446,402,448
426,419,416,432,412,440,684,675,408,444,676,403
430,422,435,418,429,413,434,565,414,439,567,409
424,432,419,440,675,416,444,412,684,447,676,408
431,421,433,572,417,437,411,438,405,566,442,397
436,423,420,441,415,583,446,410,448,614,406,450
435,434,430,439,425,567,443,422,445,418,565,442
435,425,429,422,434,418,439,567,565,413,443,414
433,427,437,572,421,438,417,442,411,445,566,405
426,440,424,444,675,419,447,416,449,412,686,684
431,437,427,438,572,421,442,445,417,443,411,567
439,429,435,443,430,567,445,425,442,438,422,437
430,429,434,425,439,422,443,567,418,445,565,413
428,441,423,446,420,448,583,415,450,612,410,452
433,438,431,442,572,427,445,443,421,439,567,417
437,442,445,433,443,431,572,439,427,567,434,421
443,434,445,429,435,442,567,438,430,437,425,572
444,432,426,447,675,424,449,419,686,685,451,416
446,436,428,448,450,423,420,583,452,612,619,415
445,438,443,437,439,433,434,431,572,567,429,427
445,439,442,434,438,429,437,435,567,430,433,572
440,447,432,449,426,451,675,685,686,424,453,419
442,443,438,439,437,434,433,429,567,431,435,572
441,448,436,450,428,452,619,423,454,612,420,455
449,444,451,440,685,453,432,686,675,456,426,458
450,446,452,441,619,436,454,455,428,612,457,423
451,447,685,453,444,456,440,686,458,432,698,675
452,448,446,454,619,455,441,457,436,428,459,668
449,453,685,456,447,458,444,698,686,460,440,462
450,454,455,448,619,457,446,459,441,668,461,436
456,451,458,449,685,460,447,698,462,444,686,464
455,452,457,450,459,448,619,461,668,446,463,465
454,457,452,459,461,450,668,448,463,619,465,446
458,453,460,451,698,685,449,462,447,464,703,444
455,459,461,454,463,452,668,465,450,467,619,448
456,460,453,462,698,451,464,685,703,449,466,447
461,457,463,455,465,668,454,467,452,469,450,695
458,462,456,464,453,466,703,698,451,468,685,449
459,463,457,465,668,455,467,454,469,452,695,471
464,460,466,458,703,468,456,470,453,698,472,451
465,461,459,467,457,469,668,695,471,455,454,473
466,462,468,460,703,470,458,472,456,474,697,698
463,467,461,469,459,471,457,668,695,473,455,475
468,464,470,462,703,472,460,474,697,458,476,456
465,469,463,471,461,473,459,695,475,457,668,632
466,470,464,472,474,462,703,697,476,460,477,458
471,467,465,473,463,475,695,461,632,478,459,482
472,468,474,466,697,476,464,703,477,462,479,460
469,473,475,467,465,478,632,463,695,482,461,459
474,470,476,468,697,477,466,479,464,481,703,462
475,471,469,478,632,467,482,465,486,695,463,633
472,476,477,470,697,479,468,481,466,480,702,464
473,478,471,482,632,469,486,467,489,633,465,492
474,477,479,472,697,481,470,480,702,468,485,466
479,476,481,474,480,472,697,702,485,470,484,468
475,482,473,486,632,471,489,633,469,492,494,499
481,477,480,476,702,485,474,697,484,472,483,470
485,481,479,702,484,483,477,487,476,488,697,474
479,480,485,477,702,484,476,483,474,697,487,472
486,478,489,475,633,492,632,473,494,499,495,471
484,487,485,488,480,702,490,666,481,491,687,479
483,485,487,480,702,488,481,490,479,666,687,491
480,484,483,481,702,487,479,488,477,490,687,476
489,482,492,478,633,499,494,475,495,632,496,473
488,483,484,490,485,491,666,480,702,493,665,481
490,487,491,483,484,493,666,665,485,498,480,497
486,492,499,633,494,482,495,478,496,497,475,632
488,491,487,493,665,483,498,666,484,497,485,496
493,490,498,488,665,497,487,666,496,483,484,495
499,489,494,495,486,633,496,482,497,478,498,665
498,491,497,490,665,496,488,495,487,633,666,494
495,499,492,496,489,633,497,486,498,482,665,493
494,496,499,497,492,633,489,498,486,665,493,482
497,495,494,498,633,499,493,492,665,489,491,486
496,498,493,495,665,494,633,491,499,492,490,489
493,497,496,491,665,495,490,633,494,488,499,492
494,492,495,489,496,633,486,497,482,498,665,478
85,70,1036,502,1039,101,1037,1033,1042,1034,102,1035
43,70,57,47,500,48,35,85,502,1033,1034,1035
1033,1037,1036,1034,1039,1035,1105,1042,1038,1045,1040,1047
123,125,1086,1083,1089,1081,1093,1079,1096,1100,122,1102
66,71,60,59,58,510,72,505,506,1071,78,1069
53,48,1049,1052,1044,1046,1051,1059,1048,1054,1041,1043
1071,1073,1069,1075,1067,1077,1065,1079,1081,1064,1083,1063
508,510,513,516,509,130,127,135,125,140,503,123
135,140,130,127,507,513,144,149,150,125,152,155
89,86,87,78,975,982,510,83,980,507,978,976
504,503,507,1079,509,1081,1077,1083,1075,506,1086,1073
170,172,173,168,175,517,167,176,512,518,165,178
162,159,165,167,155,168,513,511,152,170,516,515
152,508,155,150,159,149,512,507,516,140,144,135
515,516,519,523,512,1020,1018,1021,1022,1023,1016,882
514,518,521,511,512,523,516,517,914,910,907,915
514,507,513,519,509,512,508,996,992,993,1001,1002
176,175,178,527,511,173,532,180,518,172,182,170
515,517,522,532,511,521,175,176,527,173,178,543
520,1002,1003,1001,1004,999,1005,997,1006,1018,1016,1015
1003,1004,1002,1005,1001,1006,999,1007,997,1008,994,1010
523,529,522,920,919,918,917,916,915,914,911,912
518,532,575,529,543,521,517,515,-1,-1,-1,-1
914,910,907,915,905,916,903,917,900,918,898,919
525,584,561,559,537,536,245,236,535,241,232,-1
236,232,227,241,245,535,524,223,537,252,216,536
273,268,277,262,545,283,256,537,553,252,291,554
180,178,182,532,517,528,176,539,184,175,186,188
186,188,184,182,192,180,539,527,196,178,195,534
575,521,522,530,740,747,531,750,757,738,737,763
740,738,747,737,750,732,830,728,733,736,831,734
767,763,757,770,774,750,754,829,758,778,744,747
527,543,517,522,518,539,178,180,176,182,528,175
934,940,935,20,938,937,932,941,22,931,943,25
192,196,200,535,540,188,198,528,539,536,195,186
581,200,227,223,198,525,216,196,232,534,210,195
561,524,541,535,534,615,525,559,540,-1,-1,-1
252,245,256,526,262,241,525,524,584,268,553,236
867,863,861,870,855,874,856,876,857,1019,1017,878
528,527,550,540,532,543,534,184,188,180,186,182
550,541,539,534,549,528,543,536,-1,-1,-1,-1
540,615,580,536,549,534,561,550,-1,-1,-1,-1
550,543,575,576,562,549,-1,-1,-1,-1,-1,-1
532,550,542,522,575,539,527,518,517,540,-1,-1
21,30,26,23,37,12,32,18,10,44,15,45
291,283,298,554,277,305,526,273,304,268,315,573
964,959,974,954,977,948,979,981,945,985,986,943
52,55,46,62,42,63,552,68,34,840,839,842
936,933,939,958,952,951,953,929,942,957,946,947
550,596,540,580,542,541,576,-1,-1,-1,-1,-1
540,543,539,542,549,532,541,527,528,-1,-1,-1
74,69,75,68,79,556,555,63,80,729,730,731
725,726,873,875,872,877,871,879,869,881,884,868
526,584,592,554,568,537,545,273,277,585,268,-1
545,585,298,573,291,592,553,305,526,283,277,304
80,81,79,82,90,75,84,593,551,91,731,74
730,731,729,735,734,739,831,733,744,551,829,728
377,558,372,565,376,368,566,367,375,369,567,365
382,386,375,397,566,376,367,557,405,372,377,411
561,569,680,584,524,560,615,570,536,650,-1,-1
680,615,599,603,561,559,590,570,569,-1,-1,-1
559,615,536,524,560,680,541,584,569,-1,-1,-1
620,575,531,542,576,778,770,774,781,563,767,782
782,781,785,779,828,775,778,791,771,769,768,774
759,758,754,744,768,739,755,774,769,770,735,748
418,422,413,557,425,409,414,430,429,407,567,435
405,558,411,397,572,386,417,567,557,382,421,427
429,434,439,572,566,435,443,430,438,437,445,557
650,591,569,592,584,553,587,-1,-1,-1,-1,-1
650,559,680,584,568,570,589,587,560,561,-1,-1
589,680,650,590,569,602,587,560,559,635,600,-1
404,407,409,398,362,369,357,578,414,399,413,352
427,433,431,437,421,417,566,411,438,567,405,442
305,304,315,574,578,298,554,321,585,545,291,577
400,394,399,401,398,390,387,573,404,577,571,391
529,522,562,542,543,531,757,532,763,-1,-1,-1
621,542,596,620,562,549,579,-1,-1,-1,-1,-1
391,387,392,585,390,582,402,401,574,394,586,406
342,329,321,352,320,314,315,357,571,304,362,573
596,621,595,597,594,598,576,-1,-1,-1,-1,-1
596,615,603,598,541,549,-1,-1,-1,-1,-1,-1
210,216,198,203,201,223,200,197,195,194,227,535
402,406,614,392,410,586,391,577,415,387,588,420
423,420,428,415,614,436,410,441,613,588,612,406
553,569,524,559,568,537,650,561,526,-1,-1,-1
577,592,554,586,573,582,391,387,392,574,545,390
582,591,592,585,577,588,614,648,392,402,406,391
650,591,589,648,635,568,570,569,649,-1,-1,-1
614,648,582,583,667,613,586,410,415,406,420,423
650,570,635,587,602,569,590,680,648,-1,-1,-1
570,599,680,600,601,560,602,589,-1,-1,-1,-1
587,586,592,568,648,650,585,588,-1,-1,-1,-1
585,591,553,568,554,586,577,-1,-1,-1,-1,-1
90,91,555,93,618,745,84,94,748,82,749,731
598,609,610,597,579,605,-1,-1,-1,-1,-1,-1
597,621,808,664,813,806,810,579,803,814,689,815
580,579,549,598,576,621,-1,-1,-1,-1,-1,-1
609,595,594,579,689,647,813,815,814,818,810,819
594,603,596,580,579,605,-1,-1,-1,-1,-1,-1
603,590,601,605,560,680,600,-1,-1,-1,-1,-1
601,625,602,604,590,628,570,599,-1,-1,-1,-1
628,600,599,590,605,604,616,-1,-1,-1,-1,-1
589,600,625,570,635,590,636,650,-1,-1,-1,-1
599,598,580,560,615,605,-1,-1,-1,-1,-1,-1
628,600,606,625,608,601,607,-1,-1,-1,-1,-1
599,610,601,628,594,603,616,598,-1,-1,-1,-1
627,628,607,616,604,630,248,243,626,-1,-1,-1
608,657,606,630,604,624,-1,-1,-1,-1,-1,-1
607,622,623,625,604,624,631,-1,-1,-1,-1,-1
597,634,594,610,647,1146,1149,1143,1150,1140,1151,1154
609,634,616,626,594,605,211,217,204,628,-1,-1
741,742,746,743,745,751,1177,1175,1173,1181,1179,1171
441,446,619,436,583,613,639,448,428,450,638,423
677,667,583,612,588,640,614,423,-1,-1,-1,-1
410,415,406,582,420,583,402,588,423,392,428,391
561,541,580,560,603,536,559,-1,-1,-1,-1,-1
628,626,610,606,627,605,217,211,601,228,634,-1
1162,1164,1161,1167,1169,1171,1163,1199,1198,1173,1200,1165
96,94,97,92,93,98,103,617,611,91,593,104
450,452,448,454,446,639,455,668,612,441,457,674
621,562,791,792,785,563,664,576,782,796,781,797
620,595,576,579,664,803,806,797,796,792,791,808
631,623,608,366,373,624,363,378,673,359,383,360
622,625,608,636,673,631,-1,-1,-1,-1,-1,-1
346,353,339,330,360,359,363,622,657,326,366,608
623,600,602,608,604,636,-1,-1,-1,-1,-1,-1
217,211,218,228,204,616,221,634,231,205,627,610
239,234,243,231,248,228,626,606,249,221,218,616
616,601,604,606,605,600,610,-1,-1,-1,-1,-1
124,126,119,118,128,766,120,784,131,753,116,773
264,271,258,276,248,280,249,253,657,607,285,243
373,378,366,622,383,363,393,673,359,403,360,623
475,478,473,482,471,633,486,665,469,666,695,489
489,495,492,494,486,496,497,665,482,499,498,632
204,211,609,205,654,217,626,610,206,218,647,1149
589,649,587,602,636,648,650,570,667,-1,-1,-1
623,649,635,625,669,602,673,-1,-1,-1,-1,-1
237,242,235,229,225,222,246,250,219,642,644,254
639,640,686,699,698,685,612,-1,-1,-1,-1,-1
638,619,674,699,612,668,450,448,-1,-1,-1,-1
677,638,686,676,613,675,612,-1,-1,-1,-1,-1
212,213,208,214,206,215,654,205,643,219,655,204
222,219,643,637,225,652,660,644,215,229,235,214
219,642,215,222,641,651,214,652,653,225,213,212
683,661,660,637,642,658,222,237,242,250,645,225
272,274,694,269,661,279,290,289,266,296,281,263
777,783,773,766,788,753,793,823,789,752,786,794
1146,1143,1140,1149,1150,1137,1134,1151,1132,1154,1158,1130
587,591,667,588,649,635,586,589,-1,-1,-1,-1
635,667,669,636,648,677,587,-1,-1,-1,-1,-1
569,589,587,570,568,680,591,635,584,559,602,-1
656,643,653,655,641,670,1121,1119,1125,1123,1127,1118
660,653,642,672,712,643,671,651,222,659,219,-1
652,671,651,672,670,643,656,-1,-1,-1,-1,-1
205,204,206,1154,1153,211,1152,1148,1147,208,1145,1151
1125,1131,1127,1129,1133,1121,1123,1136,1119,1135,1118,1117
651,662,811,809,807,708,812,655,816,670,805,1119
297,301,285,280,316,276,326,330,630,624,607,271
690,683,645,644,694,691,661,692,693,-1,-1,-1
712,682,683,691,660,681,710,652,-1,-1,-1,-1
683,652,644,659,642,712,691,672,-1,-1,-1,-1
263,272,269,645,266,259,257,250,265,644,274,637
812,816,811,817,809,820,1119,1115,1118,1114,1117,1121
310,309,318,317,300,296,694,323,721,306,290,327
803,797,806,796,808,792,826,791,810,595,621,620
493,491,498,497,490,633,666,496,488,495,632,487
665,483,488,487,490,687,491,484,632,493,485,702
677,649,613,648,588,669,635,-1,-1,-1,-1,-1
461,459,463,457,674,454,455,465,619,695,452,467
649,676,677,636,684,667,673,-1,-1,-1,-1,-1
671,707,656,653,651,706,708,805,722,807,801,-1
717,672,706,670,653,722,707,711,652,-1,-1,-1
671,712,717,653,652,723,720,660,-1,-1,-1,-1
631,684,383,378,393,403,623,622,373,408,412,669
668,639,704,699,619,695,461,463,459,454,457,-1
432,426,440,424,686,444,676,447,419,685,449,640
675,677,669,424,684,426,640,419,432,416,440,686
667,676,640,613,669,649,675,-1,-1,-1,-1,-1
142,141,139,138,145,137,707,147,136,679,148,133
787,784,790,801,136,137,134,786,800,138,795,678
560,570,569,559,590,650,561,599,589,-1,-1,-1
189,187,190,723,185,199,682,191,202,193,183,659
710,659,202,207,691,681,220,209,696,199,224,189
660,691,644,659,658,682,692,712,642,-1,-1,-1
416,419,412,408,424,403,673,426,393,676,383,669
451,449,453,447,686,698,456,444,458,440,675,460
685,675,447,449,444,451,638,440,698,640,453,432
702,666,704,483,484,485,697,480,487,481,695,488
370,374,364,379,358,713,380,718,355,709,384,354
815,814,818,813,819,810,821,808,825,822,647,1132
693,692,658,701,694,691,645,721,719,663,-1,-1
692,683,682,659,696,658,710,690,660,-1,-1,-1
690,691,701,696,700,658,693,705,683,682,-1,-1
690,721,719,701,694,663,318,692,323,1212,1203,310
645,663,693,690,296,290,721,274,310,658,300,309
467,465,469,463,471,632,668,461,473,674,687,666
238,233,710,224,705,230,220,240,226,692,682,691
474,476,472,470,477,702,479,468,481,703,466,480
458,685,456,453,460,451,699,703,686,462,449,638
698,639,704,674,703,638,458,460,462,-1,-1,-1
705,701,260,267,716,255,251,247,240,244,692,696
693,700,719,690,692,716,1203,1202,1204,1207,1212,1205
480,485,481,484,479,483,687,477,697,487,476,488
464,462,466,468,460,470,458,697,698,699,472,704
687,674,699,697,703,702,695,-1,-1,-1,-1,-1
247,240,244,238,251,700,255,260,233,261,267,696
722,156,671,157,154,711,717,153,151,158,707,160
678,147,145,722,142,670,148,151,141,706,139,138
805,801,807,800,809,799,811,790,795,679,787,812
336,347,354,355,323,358,718,318,364,721,688,310
220,207,209,224,202,682,226,696,199,230,233,193
163,166,160,161,164,169,158,171,157,720,717,174
659,672,660,652,723,681,683,682,717,-1,-1,-1
714,688,380,379,384,374,337,718,724,344,388,370
371,361,381,385,356,713,348,389,344,396,388,337
302,303,292,307,282,278,716,312,1206,1219,1211,1221
1206,1211,1210,1209,1202,1217,715,1205,1216,1219,1215,1208
720,671,711,672,723,706,179,171,177,181,174,169
709,688,724,358,713,719,355,721,364,1234,1230,1226
1212,1218,1203,1220,1207,1222,1224,1204,1226,1202,1248,1250
179,177,174,171,181,169,717,183,711,723,166,185
323,318,693,663,310,709,336,719,718,309,694,347
151,153,154,148,156,146,147,706,143,157,145,707
183,181,720,681,185,179,717,187,712,672,189,177
1243,1247,1238,1241,1245,1234,1232,1246,1244,1230,1228,1242
726,727,830,552,875,884,873,881,879,877,872,886
725,732,830,728,552,727,737,736,738,875,733,873
890,725,897,894,888,892,736,884,886,896,881,830
733,732,726,734,830,738,725,740,737,530,729,552
730,734,556,831,733,735,731,739,728,829,744,747
556,729,731,735,739,734,831,733,744,829,728,564
735,556,730,729,739,831,744,734,564,829,733,555
728,726,830,738,737,725,733,727,740,736,530,552
728,734,732,729,831,726,740,738,747,530,730,830
733,729,831,728,730,556,739,747,735,732,740,731
731,730,739,556,729,744,831,829,734,564,754,733
737,727,830,897,894,896,899,902,892,890,901,904
738,736,830,732,727,530,740,726,725,728,897,894
530,737,740,732,830,736,747,728,726,733,727,725
744,735,829,831,730,731,729,754,556,564,734,758
530,747,738,737,750,732,728,733,830,734,831,736
611,746,742,745,743,751,749,1177,1175,1181,1173,1179
743,741,611,751,746,1177,1181,1175,1179,1183,1173,1185
742,751,1181,1183,1179,1177,1185,1187,1175,1189,1173,1197
739,754,829,564,758,735,763,767,831,759,757,770
746,749,741,748,611,764,755,742,771,769,751,743
745,741,611,749,742,748,743,751,764,755,771,760
740,750,530,738,757,831,733,829,734,728,732,737
755,749,764,769,745,771,768,759,775,746,564,828
745,748,764,755,746,771,769,741,775,611,779,768
747,757,829,831,740,763,530,734,738,767,739,733
760,743,742,761,741,1187,1185,1189,1183,1191,1181,1193
753,756,766,762,773,765,777,646,113,823,112,115
752,766,773,756,646,777,762,113,115,629,116,112
758,744,767,564,770,759,829,763,774,739,768,757
748,764,769,749,768,775,771,759,828,745,779,564
752,762,753,765,766,773,823,776,777,1193,646,1192
763,750,829,767,747,531,831,754,744,739,770,740
754,759,564,770,774,768,744,767,778,763,829,769
758,768,564,754,769,774,755,770,778,828,744,748
761,751,772,743,1193,1191,1189,1192,1187,742,1190,1185
760,772,751,765,1193,776,1191,1192,780,1189,1190,743
756,765,752,776,823,761,772,1193,753,1192,1190,1191
757,767,829,754,531,770,750,744,758,739,831,774
771,755,769,749,748,775,779,828,745,768,782,746
762,776,772,761,756,780,823,760,1193,1192,1191,752
773,753,752,646,777,756,783,629,762,823,788,115
763,770,754,758,774,531,757,829,744,759,564,778
769,759,828,778,774,775,758,755,781,564,764,770
775,768,755,828,764,771,779,759,748,781,778,782
774,767,758,754,778,763,759,768,531,744,564,829
764,779,775,769,755,828,782,749,563,748,785,781
780,761,776,760,765,751,762,1193,1191,1192,1189,1190
646,766,777,783,753,752,756,788,823,762,629,793
770,778,768,758,759,767,781,828,754,769,564,775
779,828,769,771,782,764,781,563,768,755,778,785
780,765,772,762,761,823,760,756,1193,1192,751,1191
646,773,783,766,788,823,793,753,752,756,789,794
781,774,828,768,563,782,770,775,769,759,758,779
775,782,771,563,828,785,781,769,764,768,778,791
772,776,765,761,760,823,762,826,751,756,827,1193
563,828,782,778,775,779,785,768,774,769,771,791
563,779,781,785,828,775,778,771,791,769,768,764
646,777,788,773,793,789,766,786,794,795,823,784
787,786,790,789,679,795,799,800,794,783,801,629
782,791,563,779,792,781,775,828,771,796,778,769
789,784,787,790,795,794,799,788,783,800,679,801
784,790,786,679,795,789,800,799,801,794,805,788
793,783,794,789,646,777,798,802,786,795,773,799
795,786,794,790,799,788,787,784,802,793,783,800
795,787,786,789,800,799,784,801,794,679,805,802
792,785,796,782,563,779,781,797,775,828,771,664
791,796,785,797,664,782,563,779,803,827,771,781
788,798,794,802,783,804,789,777,646,795,799,786
802,789,795,793,788,799,798,804,786,790,800,783
799,789,790,794,786,800,787,802,784,801,788,805
792,797,791,803,664,785,826,806,827,782,779,563
796,803,664,792,806,826,791,808,827,785,810,782
802,804,793,794,788,789,799,795,783,825,809,786
795,800,790,794,789,802,805,801,807,786,809,787
801,799,805,790,795,807,708,789,787,809,794,786
800,805,708,790,799,807,795,787,679,809,786,789
798,804,794,793,799,795,789,788,809,800,807,790
806,797,664,808,826,796,810,792,791,813,595,827
802,798,794,793,809,799,811,812,825,795,788,789
708,807,801,800,799,809,795,790,811,802,787,789
808,803,664,810,797,826,813,796,814,595,792,824
809,805,708,811,800,799,801,812,795,802,662,790
810,806,813,803,664,814,826,797,689,815,595,824
811,807,812,805,662,799,708,800,804,802,816,801
808,813,814,806,689,815,803,824,818,826,664,595
809,812,662,807,816,805,804,817,708,802,799,800
662,811,816,809,817,807,804,820,825,1115,1119,1114
814,810,689,815,808,818,806,819,595,824,803,821
689,815,813,818,810,819,808,821,825,806,824,822
689,814,818,819,813,821,810,825,822,808,820,1130
662,817,812,811,820,1115,1114,1119,1118,1113,1117,1112
816,820,1113,1112,1114,1111,1115,1110,662,1109,1108,1107
819,815,689,821,814,822,813,825,1130,1128,1132,1126
818,821,815,822,689,814,820,825,1124,1122,1120,1126
1107,1108,1106,1109,1110,1111,1116,822,1112,817,1113,1157
819,822,818,1124,1122,1126,1128,1120,1116,1130,820,1106
1120,1116,1122,1106,1124,1107,1126,821,820,1108,1128,1157
776,777,765,762,773,780,756,646,783,752,772,766
810,826,825,823,808,798,813,814,793,780,806,815
819,817,804,818,821,820,816,815,812,798,822,662
803,797,806,796,808,780,664,824,827,810,792,772
771,751,760,792,796,779,764,785,772,826,746,791
775,781,769,782,778,779,563,768,771,774,764,785
763,757,744,739,831,750,754,767,747,735,758,770
737,732,726,727,736,725,738,728,890,897,894,888
734,729,829,739,730,750,733,735,747,556,744,757
833,841,834,843,835,836,845,847,837,923,838,849
832,834,835,841,836,843,837,923,845,838,847,839
833,835,832,836,837,841,838,923,843,839,845,840
834,836,833,837,832,838,839,923,841,840,842,843
837,835,834,838,833,839,840,832,842,923,844,841
838,836,839,835,840,834,842,844,833,923,846,832
837,839,840,836,842,844,835,834,846,848,833,923
840,838,842,837,844,836,846,835,848,834,850,923
839,842,838,844,837,846,836,848,835,850,834,852
843,832,833,845,834,847,835,849,923,836,837,851
840,844,839,838,846,837,848,850,836,835,852,923
845,841,847,832,849,833,834,851,835,923,836,853
842,846,840,839,848,838,850,837,852,836,854,835
847,843,849,841,851,832,853,833,834,923,925,859
848,844,850,842,852,840,839,854,838,837,860,836
845,849,843,851,841,853,832,925,859,833,923,858
846,850,852,844,854,842,840,860,839,838,837,862
851,847,845,853,843,859,925,858,841,857,832,856
848,852,846,854,844,860,842,862,840,839,838,923
853,849,859,847,858,845,925,857,843,856,855,841
854,850,848,860,846,862,844,864,842,865,840,866
851,859,858,849,857,856,847,925,845,855,861,843
852,860,850,862,848,846,864,865,844,866,842,922
856,861,857,863,858,538,867,859,870,853,1017,851
857,855,858,861,863,859,538,853,867,851,870,849
856,858,855,859,853,861,863,851,538,867,849,870
857,859,856,853,855,851,861,863,849,867,538,925
858,853,857,851,856,855,849,925,861,863,847,845
854,862,852,864,850,865,848,866,846,868,844,869
863,855,538,856,867,857,870,858,874,859,1017,1019
864,860,865,854,866,852,868,850,869,848,871,846
861,867,538,855,870,856,857,874,858,859,876,1017
865,862,866,860,868,869,854,852,871,921,872,850
866,864,868,862,869,860,871,854,872,921,852,873
865,868,864,869,862,871,860,872,873,921,877,854
538,863,870,861,874,855,876,856,878,857,880,858
869,866,865,871,872,864,873,877,875,862,921,879
868,871,872,866,873,865,877,875,864,879,921,881
874,867,538,863,876,878,861,880,882,855,883,856
872,869,873,875,868,877,879,866,881,865,921,884
871,873,875,877,869,879,868,881,866,884,865,921
872,875,871,877,879,869,881,868,884,866,865,886
870,876,878,867,880,538,882,863,883,861,885,855
873,872,877,879,871,881,869,884,868,886,866,921
878,874,880,870,882,867,883,538,863,885,861,1026
879,875,872,881,871,873,884,869,886,868,921,888
876,880,874,882,870,883,867,885,538,863,887,889
877,881,884,875,872,871,873,886,888,869,921,868
882,878,876,883,874,885,870,887,867,889,538,863
884,879,877,886,875,888,872,871,873,890,921,869
883,880,885,878,887,876,874,889,870,891,867,538
882,885,880,887,878,889,876,874,891,870,867,893
881,886,879,888,877,890,875,892,872,921,871,873
883,887,882,889,891,880,878,893,876,874,926,870
888,884,890,881,892,879,877,894,921,897,875,896
889,885,891,883,882,893,880,895,926,878,898,876
886,890,892,884,881,894,879,897,896,877,921,899
887,891,885,893,883,895,882,880,898,926,900,878
888,892,886,894,897,884,896,881,899,879,921,877
889,893,887,895,885,898,883,882,900,926,880,903
894,890,897,888,896,886,899,884,902,881,901,921
895,891,898,889,887,900,885,903,883,926,905,882
897,892,896,890,899,888,886,902,901,884,881,904
893,898,900,891,889,903,887,905,885,907,926,927
897,894,899,892,902,890,901,888,904,886,906,924
894,896,892,899,890,902,888,901,886,904,884,906
900,895,903,893,905,891,889,907,887,927,910,885
902,896,901,897,894,904,892,906,890,888,924,909
898,903,905,895,893,907,910,891,927,889,914,887
902,904,899,906,896,909,897,924,908,894,892,913
901,899,904,896,897,906,894,892,909,924,908,890
905,900,898,907,910,895,927,893,914,915,891,916
901,906,902,909,899,908,924,896,913,912,897,894
903,907,900,910,898,914,915,927,895,916,917,893
904,909,908,901,913,902,912,899,911,924,896,920
910,905,914,903,915,900,916,927,917,898,918,895
909,913,906,912,911,904,920,901,919,902,924,918
908,906,913,904,912,911,901,902,920,924,919,899
907,914,915,905,916,917,903,918,900,927,919,898
912,920,913,919,908,918,909,917,916,906,915,904
913,911,908,920,909,919,918,906,917,904,916,915
912,908,911,909,920,906,919,904,918,917,901,916
915,910,916,907,917,918,905,919,903,920,927,900
916,914,917,910,918,907,919,905,920,911,903,927
915,917,918,914,919,910,920,907,911,905,912,927
916,918,915,919,914,920,910,911,912,907,913,905
917,919,916,920,915,911,914,912,910,913,907,908
920,918,917,911,916,912,915,913,914,908,910,909
919,911,918,912,917,913,916,908,915,909,914,906
886,868,879,881,877,884,871,869,888,865,866,864
860,854,862,864,852,850,925,865,923,921,848,866
835,834,836,833,837,841,832,838,843,844,839,842
901,904,906,902,899,908,909,896,913,894,892,897
851,853,849,859,847,858,845,857,843,923,926,856
887,885,889,883,891,893,859,858,882,863,867,857
905,907,903,910,900,915,914,916,898,917,918,919
930,931,929,932,933,936,934,939,942,935,944,937
933,930,936,928,939,931,942,932,548,934,944,946
929,928,933,931,936,939,932,942,934,944,935,548
932,928,930,934,929,935,933,936,939,942,937,944
931,934,928,935,930,937,939,942,929,936,933,938
929,936,930,939,928,931,942,548,932,944,946,934
932,935,931,937,928,938,930,942,940,939,944,936
934,937,938,932,940,931,941,928,942,944,939,930
933,939,929,930,942,928,548,931,944,946,932,947
938,935,940,934,941,932,943,931,945,942,944,928
940,937,941,935,943,934,945,932,948,931,1029,944
942,936,933,944,929,930,946,928,931,548,932,947
938,941,943,937,945,935,948,934,954,932,1029,931
943,940,945,938,948,937,935,954,1029,934,959,932
944,939,946,936,947,933,953,930,931,932,929,928
941,945,940,948,938,954,937,959,935,1029,964,934
946,942,947,939,953,936,952,933,932,934,931,935
943,948,941,954,940,959,938,1029,964,937,935,974
944,947,942,953,939,952,936,951,548,958,933,932
953,946,944,952,942,951,939,958,936,548,957,933
954,945,959,943,941,964,1029,940,974,938,937,977
950,955,961,960,966,965,971,970,972,976,973,978
949,961,955,966,960,971,965,972,973,970,976,967
958,952,957,953,956,947,946,548,963,944,962,942
953,951,958,947,946,957,944,548,956,942,939,963
952,947,946,951,944,958,942,957,939,548,936,956
948,959,964,945,943,974,1029,941,977,940,938,979
949,960,950,961,965,966,970,971,976,972,978,975
957,963,958,962,951,969,952,968,548,953,967,947
956,958,963,951,962,952,969,953,548,968,947,946
951,957,956,952,953,963,548,962,947,946,969,944
964,954,948,974,977,945,1029,943,979,941,981,940
965,955,970,949,961,950,966,976,975,978,971,980
966,950,955,949,971,960,972,965,973,970,967,976
963,969,956,968,957,967,958,973,951,972,971,1028
962,956,969,957,968,958,967,951,973,952,1028,548
959,974,954,977,948,979,981,1029,945,985,943,941
970,960,976,975,955,978,961,949,966,950,980,83
961,971,972,950,955,949,960,973,965,967,970,978
968,973,972,969,971,962,966,963,961,956,950,949
969,967,973,962,963,972,971,956,966,957,961,950
968,962,963,967,973,956,957,972,971,958,966,1028
976,965,975,978,960,980,955,83,982,966,961,949
972,966,973,961,967,950,955,960,949,968,984,965
973,971,967,966,961,968,950,969,955,984,949,960
972,967,971,968,966,969,961,962,950,963,955,984
977,964,979,959,981,954,985,948,1029,986,945,991
976,970,978,965,980,960,83,982,955,983,966,961
970,975,978,965,980,960,982,983,955,966,83,984
979,974,981,964,985,959,986,954,991,948,1029,995
976,980,970,975,982,965,983,960,984,966,971,955
981,977,985,974,986,964,991,959,995,954,998,948
978,982,983,976,984,975,970,987,965,960,971,988
979,985,986,977,991,974,995,964,998,959,1031,1000
983,980,984,978,987,976,975,988,970,992,965,971
982,984,980,987,978,988,976,992,975,970,996,971
983,987,982,988,980,992,978,996,993,971,989,976
981,986,979,991,977,995,998,974,1000,1031,964,1009
991,985,995,981,998,979,977,1000,1031,974,1009,1011
984,988,983,992,982,996,993,989,980,990,978,971
987,992,996,993,984,989,983,990,982,980,994,997
990,993,994,996,988,992,997,987,999,984,1001,983
989,994,993,997,996,999,988,992,1001,987,1028,984
986,995,998,985,981,1000,979,1009,1031,1011,1014,977
996,988,993,987,989,984,990,983,994,982,997,980
996,989,992,990,988,994,987,997,984,999,983,1001
990,997,989,999,993,1001,996,1002,992,988,1028,1003
998,991,986,1000,1009,985,1011,1014,981,1031,1013,979
992,993,988,989,987,990,994,984,997,983,982,999
994,999,990,1001,989,1002,993,1003,520,996,1028,1004
995,1000,991,1009,1011,1014,986,1013,985,1031,1017,981
997,1001,1002,994,1003,990,520,1004,989,993,1005,1028
1009,998,1011,995,1014,991,1013,986,1017,1031,985,1019
1002,999,1003,520,997,1004,994,1005,990,1006,989,1028
1001,1003,520,1004,999,1005,997,1006,994,1007,990,1028
520,1004,1002,1001,1005,1006,999,1007,997,1008,994,1010
1005,1003,520,1006,1002,1007,1001,1008,999,1010,997,1012
1006,1004,1003,1007,520,1002,1008,1001,1010,999,1012,997
1005,1007,1004,1008,1010,1003,520,1012,1002,1001,1015,999
1008,1006,1010,1005,1004,1012,1003,520,1015,1002,1016,1001
1007,1010,1006,1012,1005,1015,1004,1016,1003,520,1032,1018
1011,1000,1014,998,995,1013,991,1017,845,855,856,849
1012,1008,1007,1015,1006,1016,1005,1018,1032,1004,1020,520
1009,1014,1000,1013,998,1017,995,855,1019,856,991,857
1015,1010,1016,1008,1007,1018,1032,1006,1020,1021,1005,1022
1017,1014,1019,1011,1027,1009,1000,855,861,538,1031,856
1013,1011,1017,1009,1000,998,1019,855,856,861,995,1031
1012,1016,1018,1010,1020,1008,1032,1021,1007,1022,1006,1023
1018,1015,1020,1012,1021,1032,1010,1022,1008,1023,1007,1024
1013,1019,1014,1027,538,861,855,1011,1026,863,867,856
1020,1016,1021,1015,1022,1012,1032,1023,1010,1024,1008,1025
1027,1017,1013,1026,538,1025,1014,861,867,863,870,855
1018,1021,1016,1022,1015,1023,1032,1024,1012,1025,1010,1026
1022,1020,1018,1023,1016,1024,1032,1015,1025,1012,1026,1010
1023,1021,1020,1024,1018,1025,1016,1032,1026,1015,1027,1012
1022,1024,1021,1025,1020,1026,1018,1027,1032,1016,1019,1015
1025,1023,1022,1026,1027,1021,1019,1020,1018,1032,1017,876
1026,1024,1027,1023,1022,1019,1021,1017,876,874,878,870
1025,1027,1024,1019,1023,1017,876,874,538,870,1022,878
1026,1019,1025,1017,1024,538,1013,870,874,867,876,861
997,994,999,990,1001,963,1002,1003,962,969,989,1005
948,954,959,945,964,943,941,940,938,974,946,937
1008,1007,1010,1029,1006,1012,1032,979,1005,977,974,1015
1013,1014,1017,998,991,995,1019,1032,1011,1000,1027,986
1016,1015,1018,1021,1012,1020,1022,1023,1010,1031,1024,1008
502,1034,1037,1035,1036,1105,1039,1042,1038,1045,1040,1047
1035,1033,502,1105,1038,1037,1036,1042,1040,1039,1045,1041
1034,1038,1033,1105,1040,502,1037,1041,1036,1042,1045,1039
1039,1037,502,1042,1033,1034,1105,1045,1035,1047,1038,1040
1036,502,1033,1039,1042,1034,1105,1045,1035,1038,1047,1040
1040,1035,1105,1034,1041,1033,1043,1037,502,1045,1047,1042
1036,1042,1037,502,1045,1033,1105,1034,1047,1035,1038,1050
1041,1038,1043,1105,1035,1044,1034,1047,1050,1045,1033,1046
1040,1043,1044,1038,1046,1035,1105,1034,1048,1050,1047,1045
1039,1045,1037,1036,1105,1047,1033,502,1034,1035,1050,1038
1044,1041,1046,1040,1048,1038,1049,1105,1035,1050,1047,1053
1043,1046,1041,1048,1040,1049,1038,1051,1052,1035,1050,1105
1042,1047,1105,1039,1050,1037,1036,1053,1033,1034,1038,502
1044,1048,1049,1043,1041,1051,1052,1040,1054,1038,1050,1055
1045,1050,1053,1042,1105,1055,1040,1039,1038,1037,1060,1034
1049,1046,1051,1044,1052,1043,1054,1041,1056,1040,1057,1055
1048,1051,1046,1052,1044,1054,1043,1056,1041,1057,1058,1040
1053,1047,1055,1045,1060,1105,1066,1042,1040,1041,1043,1038
1052,1049,1054,1048,1046,1056,1057,1044,1058,1043,1104,1059
1051,1054,1049,1056,1048,1057,1058,1046,1059,1044,1104,1061
1050,1055,1047,1060,1066,1045,1068,1105,1042,1040,1070,1043
1052,1056,1051,1057,1058,1049,1059,1048,1061,1046,1104,1062
1060,1053,1066,1050,1068,1047,1070,1045,1072,1043,1040,1105
1057,1054,1058,1052,1059,1051,1061,1049,1062,1048,1104,1063
1058,1056,1059,1054,1061,1052,1062,1051,1063,1049,1064,1104
1057,1059,1056,1061,1062,1054,1063,1052,1064,1051,1065,1049
1058,1061,1057,1062,1056,1063,1064,1054,1065,1052,1067,1051
1066,1055,1068,1053,1070,1050,1072,1047,1074,1045,1076,1043
1062,1059,1063,1058,1064,1057,1065,1056,1067,1054,1103,1069
1061,1063,1064,1059,1065,1058,1057,1067,1056,1069,1103,1054
1064,1062,1061,1065,1059,1067,1058,1069,1057,1071,1056,1103
1063,1065,1062,1067,1061,1069,1059,1071,1058,506,1073,1057
1064,1067,1063,1069,1062,1061,1071,506,1073,1059,1058,1075
1060,1068,1055,1070,1072,1053,1050,1074,1047,1076,1045,1078
1069,1065,1064,1071,1063,506,1073,1062,1075,1061,1059,1077
1070,1066,1072,1060,1055,1074,1076,1053,1050,1078,1104,1080
1067,1071,506,1073,1065,1064,1075,1063,1077,1062,1061,1079
1068,1072,1066,1074,1060,1076,1055,1078,1053,1080,1104,1050
506,1073,1069,1075,1067,1077,1065,1064,1079,1081,1063,1083
1070,1074,1068,1076,1066,1078,1060,1080,1055,1082,1104,1053
1071,506,1075,1069,1077,1067,1079,1081,1065,1083,1064,1086
1076,1072,1078,1070,1080,1068,1082,1066,1104,1084,1060,1085
1077,1073,506,1071,1079,1081,1069,1083,1067,1086,1089,1065
1074,1078,1080,1072,1082,1070,1068,1084,1085,1066,1104,1060
1075,1079,1081,1073,1083,506,1071,1086,1069,1089,1067,1093
1080,1076,1082,1074,1084,1085,1072,1070,1087,1068,1104,1088
1077,1081,1083,1075,1086,1073,506,1071,1089,1069,1093,1067
1082,1078,1084,1076,1085,1074,1087,1072,1088,1070,1104,1068
1083,1079,1077,1086,1075,1089,1073,506,1071,1093,1069,1096
1080,1084,1078,1085,1076,1087,1074,1088,1072,1090,1070,1091
1086,1081,1089,1079,1077,1075,1093,1073,1096,506,1071,1100
1085,1082,1080,1087,1078,1088,1076,1090,1074,1091,1092,1072
1084,1087,1082,1088,1080,1078,1090,1091,1076,1092,1074,1094
1083,1089,1081,1093,1079,1096,1077,1075,1100,1073,506,1071
1088,1085,1090,1084,1091,1082,1092,1080,1078,1094,1095,1076
1087,1090,1091,1085,1092,1084,1082,1094,1080,1095,1078,1097
1093,1086,1096,1083,1100,1081,1102,1079,1077,1075,1101,1099
1091,1088,1092,1087,1094,1085,1095,1084,1097,1082,1098,1080
1092,1090,1094,1088,1095,1087,1097,1085,1098,1084,1099,1082
1091,1094,1090,1095,1088,1097,1087,1098,1085,1099,1084,1101
1089,1096,1100,1086,1083,1102,1101,1099,1081,1098,1079,1077
1095,1092,1091,1097,1098,1090,1099,1088,1101,1087,1102,1085
1094,1097,1092,1098,1091,1099,1090,1101,1088,1102,1100,1087
1093,1100,1089,1102,1101,1099,1086,1098,1083,1097,1095,1081
1098,1095,1099,1094,1101,1092,1102,1091,1100,1090,1096,1088
1099,1097,1101,1095,1102,1094,1100,1092,1096,1091,1093,1090
1098,1101,1097,1102,1100,1095,1094,1096,1093,1092,1091,1089
1096,1102,1101,1093,1099,1098,1089,1097,1086,1095,1083,1094
1102,1099,1098,1100,1097,1096,1095,1093,1094,1089,1092,1091
1101,1100,1099,1096,1098,1097,1093,1095,1089,1094,1086,1092
1061,1062,1063,1064,1067,1069,1073,1065,1059,1058,1071,1089
1074,1078,1076,1070,1072,1068,1056,1054,1051,1080,1052,1057
1038,1034,1035,1045,1042,1033,1037,1040,1047,502,1039,1036
1107,1116,1108,1157,1120,1109,1110,1122,1111,1124,1112,1155
1108,1106,1109,1116,1157,1110,1120,1111,1112,1122,1160,1113
1107,1109,1110,1106,1157,1111,1116,1112,1120,1113,1160,1122
1108,1110,1107,1111,1157,1106,1112,1113,1116,1160,1114,1120
1109,1111,1108,1112,1107,1113,1157,1106,1114,1160,1159,1115
1112,1110,1113,1109,1114,1108,1159,1107,1115,1157,1160,1106
1111,1113,1110,1114,1109,1115,1159,1108,1117,1160,1107,1157
1112,1114,1111,1115,1159,1110,1117,1109,1118,1160,1108,1123
1115,1113,1112,1117,1159,1111,1118,1110,1119,1123,1121,1125
1114,1117,1113,1118,1159,1112,1119,1123,1121,1111,1125,1110
1120,1106,1107,1122,1157,1108,1109,1124,1110,1126,1155,1111
1118,1115,1119,1114,1123,1121,1159,1113,1125,1127,1112,1111
1117,1119,1121,1123,1115,1125,1114,1159,1113,1127,1112,1129
1121,1118,1117,1123,1115,1125,1114,1159,1127,1113,1129,1112
1116,1122,1106,1124,1157,1107,1126,1108,1155,1109,1128,1156
1119,1118,1123,1125,1117,1115,1127,1159,1114,1129,1113,1131
1124,1120,1116,1126,1106,1128,1157,1107,1155,1156,1130,1108
1125,1121,1118,1127,1117,1119,1159,1129,1115,1114,1131,1113
1122,1126,1120,1128,1116,1130,1156,1155,1106,1132,1157,1107
1123,1127,1121,1129,1118,1117,1119,1159,1131,1115,1114,1133
1128,1124,1130,1122,1156,1120,1132,1134,1116,1137,1155,1158
1129,1125,1131,1123,1159,1133,1121,1117,1118,1119,1160,1136
1130,1126,1132,1124,1156,1134,1122,1137,1158,1120,1140,1155
1131,1127,1133,1125,1123,1136,1159,1135,1160,1121,1117,1118
1128,1132,1134,1126,1137,1156,1158,1124,1140,1143,1122,1146
1129,1133,1127,1136,1125,1135,1123,1159,1160,1139,1121,1138
1134,1130,1137,1128,1140,1158,1143,1126,1156,1146,1124,1149
1136,1131,1129,1135,1127,1139,1138,1160,1125,1159,1123,1142
1132,1137,1140,1130,1158,1143,1128,1146,1156,1126,1149,1150
1136,1139,1138,1133,1142,1131,1129,1141,1160,1127,1145,1155
1135,1133,1139,1131,1138,1129,1142,1127,1160,1141,1125,1159
1134,1140,1132,1143,1158,1146,1130,1149,1150,1151,1128,1156
1139,1142,1141,1135,1136,1145,1144,1133,1155,1148,1131,1160
1138,1135,1136,1142,1141,1133,1145,1131,1144,1155,1129,1160
1143,1137,1146,1134,1132,1149,1158,1150,1151,1130,1154,1128
1142,1145,1138,1144,1139,1148,1147,1135,1155,1136,1153,1156
1141,1138,1145,1139,1144,1135,1136,1148,1155,1147,1133,1153
1146,1140,1137,1149,1150,1134,1158,1151,1132,1154,1152,1130
1145,1148,1147,1141,1142,1153,1152,1138,1156,1139,1155,1158
1144,1141,1142,1148,1147,1138,1153,1139,1152,1155,1156,1135
1143,1149,1140,1150,1137,1151,1158,1134,1154,1132,1152,1153
1148,1153,1144,1152,1145,1154,1151,1158,1141,1156,1150,1142
1147,1144,1153,1145,1152,1141,1154,1142,1151,1158,1156,1138
1150,1146,1151,1143,1140,1154,1158,1137,1152,1134,1153,1132
1151,1149,1154,1146,1143,1152,1158,1140,1153,1137,1147,1134
1150,1154,1149,1152,1153,1158,1146,1143,1147,1140,1137,1148
1153,1154,1151,1147,1150,1148,1158,1149,1144,1146,1145,1143
1152,1147,1148,1154,1151,1144,1150,1158,1145,1149,1156,1141
1152,1151,1150,1153,1149,1147,1158,1148,1146,1143,1140,1144
1156,1157,1141,1138,1160,1122,1142,1120,1124,1145,1144,1139
1128,1126,1158,1130,1155,1124,1132,1134,1147,1144,1137,1122
1108,1107,1109,1106,1116,1110,1120,1160,1111,1155,1122,1112
1137,1134,1151,1140,1150,1143,1152,1156,1132,1149,1146,1130
1114,1117,1113,1115,1123,1112,1127,1160,1118,1125,1129,1111
1159,1157,1111,1112,1110,1129,1113,1109,1133,1131,1135,1127
1162,1163,1199,1164,1165,1166,1198,1167,1168,1196,1170,1169
1161,1164,1199,1163,1198,1167,1165,1166,1169,1196,1168,1200
1165,1161,1199,1162,1166,1168,1164,1198,1170,1196,1167,1172
1167,1162,1198,1199,1169,1161,1163,1200,1165,1196,1171,1166
1166,1163,1168,1199,1170,1161,1196,1162,1172,1198,1164,1174
1168,1165,1170,1163,1199,1172,1196,1161,1174,1162,1198,1164
1164,1169,1198,1200,1162,1171,1199,1197,1161,1173,1196,1163
1166,1170,1165,1172,1196,1163,1199,1174,1176,1161,1198,1162
1171,1167,1200,1198,1164,1173,1197,1175,1162,1199,1177,1201
1172,1168,1174,1166,1196,1165,1176,1199,1163,1178,1198,1195
1169,1173,1197,1175,1200,1167,1177,1198,1179,1164,1201,1181
1170,1174,1168,1196,1176,1166,1165,1178,1199,1180,1195,1198
1175,1171,1197,1177,1169,1179,1200,1181,1201,1167,1198,1183
1172,1176,1170,1178,1196,1168,1180,1195,1166,1165,1182,1199
1177,1173,1197,1179,1171,1181,1169,1201,1200,1183,1167,1198
1178,1174,1180,1195,1172,1196,1182,1170,1184,1168,1200,1198
1175,1179,1197,1173,1181,1171,1201,1183,1200,1169,1185,1194
1176,1180,1195,1182,1174,1184,1172,1196,1194,1186,1170,1201
1181,1177,1197,1183,1175,1201,1173,1185,1171,1200,1194,1187
1182,1178,1176,1184,1195,1186,1174,1194,1188,1172,1196,1201
1179,1183,1177,1201,1185,1197,1175,1173,1194,1187,1171,1200
1180,1184,1178,1186,1195,1194,1176,1188,1190,1174,1201,1189
1181,1185,1179,1201,1187,1194,1177,1197,1189,1175,1195,1188
1186,1182,1180,1188,1194,1178,1190,1195,1176,1192,1189,1187
1187,1183,1194,1189,1181,1201,1179,1188,1191,1190,1186,1192
1184,1188,1182,1190,1180,1192,1194,1189,1191,1178,1193,1187
1185,1189,1194,1183,1191,1188,1190,1192,1186,1181,1193,1201
1190,1186,1192,1184,1189,1191,1193,1187,1194,1182,1180,1185
1191,1187,1190,1188,1192,1193,1185,1194,1186,1184,1183,1182
1188,1192,1191,1193,1189,1186,1184,1187,1194,1182,1185,1180
1192,1189,1193,1190,1188,1187,1186,1185,1194,1184,1182,1183
1193,1190,1191,1188,1189,1186,1187,1184,1194,1185,1182,1180
1192,1191,1190,1189,1188,1186,1187,1184,1185,1194,1182,1180
1185,1187,1201,1195,1184,1182,1188,1183,1186,1180,1189,1190
1178,1176,1180,1194,1182,1201,1200,1196,1174,1184,1172,1198
1172,1170,1198,1199,1174,1176,1168,1165,1195,1200,1178,1166
1175,1173,1177,1171,1179,1201,1200,1169,1181,1183,1167,1198
1199,1167,1164,1200,1196,1169,1162,1163,1165,1171,1161,1170
1198,1163,1162,1165,1164,1196,1161,1168,1166,1167,1170,1172
1198,1169,1197,1167,1171,1201,1195,1196,1164,1173,1199,1175
1179,1197,1181,1183,1194,1195,1200,1177,1185,1175,1173,1171
1204,1205,1203,1208,1248,1207,1213,1212,1214,1250,1218,1215
1207,1204,1212,1202,1248,1205,1218,1208,1220,1250,1213,1222
1203,1207,1202,1248,1205,1208,1212,1218,1213,1250,1220,1214
1208,1202,1248,1204,1213,1214,1203,1207,1215,1250,1216,1212
1211,1210,1217,1209,1219,1216,1221,1215,1251,1223,1214,1225
1203,1212,1204,1248,1218,1202,1208,1220,1205,1250,1222,1213
1205,1248,1213,1214,1204,1202,1207,1215,1203,1250,1216,1212
1210,1216,1211,1215,1206,1217,1214,1219,1251,1213,1221,1249
1209,1211,1217,1206,1216,1219,1215,1251,1221,1214,1223,1249
1217,1206,1210,1209,1219,1221,1216,1251,1223,1215,1225,1214
1218,1207,1220,1203,1204,1248,1222,1250,1224,1208,1202,1205
1214,1208,1215,1248,1205,1249,1250,1216,1204,1202,1207,1209
1213,1215,1216,1208,1249,1205,1209,1248,1250,1210,1202,1204
1216,1214,1213,1209,1249,1210,1208,1205,1251,1217,1211,1248
1215,1209,1214,1210,1249,1213,1217,1211,1251,1206,1208,1219
1211,1219,1210,1206,1221,1209,1251,1216,1223,1215,1225,1214
1212,1220,1222,1207,1250,1224,1203,1248,1204,1255,1226,1208
1221,1217,1223,1211,1251,1210,1225,1206,1209,1216,1227,1215
1222,1218,1224,1212,1250,1255,1226,1207,1248,1228,1203,1204
1223,1219,1225,1251,1217,1211,1227,1210,1206,1229,1209,1216
1224,1220,1218,1226,1255,1250,1212,1228,1207,1230,1248,1203
1225,1221,1219,1251,1227,1217,1229,1211,1231,1252,1210,1209
1222,1226,1255,1220,1228,1218,1230,1250,1212,1232,1253,1207
1223,1227,1221,1229,1251,1219,1231,1252,1217,1233,1237,1211
1224,1228,1222,1255,1230,1220,1232,1218,1250,1234,1253,1212
1229,1225,1231,1223,1233,1221,1251,1252,1237,1219,1236,1235
1230,1226,1255,1232,1224,1222,1234,1253,1220,1250,1238,1218
1227,1231,1233,1225,1237,1223,1236,1252,1221,1235,1251,1219
1228,1232,1226,1234,1255,1224,1238,1253,1222,1254,1241,1220
1233,1229,1227,1237,1236,1225,1235,1252,1223,1240,1221,1251
1234,1230,1228,1238,1254,1253,1226,1241,1255,1243,1224,1222
1231,1237,1229,1236,1227,1235,1225,1252,1240,1223,1239,1221
1232,1238,1230,1241,1228,1254,1243,1253,1226,1255,1245,1244
1236,1240,1237,1239,1252,1233,1242,1231,1229,1254,1227,1244
1237,1235,1233,1240,1231,1239,1252,1229,1227,1242,1225,1254
1236,1233,1235,1231,1240,1229,1252,1227,1239,1225,1242,1223
1234,1241,1232,1243,1254,1245,1230,1244,1242,1246,1228,1247
1240,1242,1235,1244,1254,1236,1246,1252,1241,1237,1245,1243
1239,1235,1242,1236,1237,1244,1252,1254,1246,1233,1231,1245
1243,1238,1244,1245,1246,1234,1254,1242,1247,1232,1239,1230
1239,1244,1240,1246,1245,1254,1241,1243,1235,1247,1238,1236
1241,1245,1244,1246,1238,1247,1242,1234,1254,1239,1232,1240
1246,1245,1242,1243,1241,1247,1239,1254,1240,1238,1235,1234
1246,1247,1243,1244,1241,1242,1238,1239,1254,1234,1240,1232
1244,1245,1247,1243,1242,1241,1239,1240,1238,1254,1235,1234
1245,1246,1243,1244,1241,1242,1238,1239,1254,1240,1234,724
1208,1204,1207,1205,1213,1203,1250,1202,1212,1218,1214,1220
1215,1214,1216,1213,1251,1253,1250,1209,1208,1252,1248,1255
1248,1255,1220,1218,1222,1213,1208,1212,1207,1224,1214,1249
1223,1221,1225,1219,1217,1216,1249,1210,1209,1211,1252,1215
1235,1236,1225,1240,1251,1229,1239,1231,1237,1227,1233,1254
1255,1254,1249,1228,1232,1230,1250,1234,1226,1252,1224,1238
1242,1241,1239,1238,1253,1244,1234,1232,1243,1240,1252,1246
1224,1228,1226,1222,1250,1220,1253,1230,1218,1232,1212,1248
